date,Open,High,Low,Close,Volume,Ticker
2015-01-02,157.0,157.71,155.79,156.179,53212.0,SXR8
2015-01-05,156.48,157.53,155.27,155.449,37010.0,SXR8
2015-01-06,155.13,155.879,153.71,153.71,10329.0,SXR8
2015-01-07,155.21,156.7,154.34,156.05,50206.0,SXR8
2015-01-08,157.68,159.66,157.68,159.41,18226.0,SXR8
2015-01-09,159.5,160.299,157.54,157.929,46788.0,SXR8
2015-01-12,157.78,159.27,156.39,157.529,17238.0,SXR8
2015-01-13,156.66,159.87,156.66,159.02,16348.0,SXR8
2015-01-14,156.04,157.47,154.1,154.889,47170.0,SXR8
2015-01-15,157.51,158.96,155.88,158.07,21731.0,SXR8
2015-01-16,156.54,159.62,155.86,158.949,52447.0,SXR8
2015-01-19,159.51,159.51,158.09,158.57,48381.0,SXR8
2015-01-20,160.0,160.41,158.57,159.1,33048.0,SXR8
2015-01-21,160.23,160.76,158.25,160.61,17544.0,SXR8
2015-01-22,161.01,164.29,160.04,163.949,29797.0,SXR8
2015-01-23,166.15,169.53,166.1,167.16,29688.0,SXR8
2015-01-26,166.6,166.78,165.85,166.16,55275.0,SXR8
2015-01-27,167.39,167.39,161.89,163.229,80842.0,SXR8
2015-01-28,164.98,165.13,163.17,163.71,148344.0,SXR8
2015-01-29,163.18,163.18,160.29,161.58,184063.0,SXR8
2015-01-30,162.87,163.34,161.91,162.46,101737.0,SXR8
2015-02-02,161.7,161.93,159.6,161.929,113902.0,SXR8
2015-02-03,163.19,163.92,161.839,161.839,69358.0,SXR8
2015-02-04,163.22,164.33,162.88,164.33,42766.0,SXR8
2015-02-05,163.93,164.97,163.47,164.97,48758.0,SXR8
2015-02-06,164.81,167.17,164.53,166.91,124616.0,SXR8
2015-02-09,165.47,166.38,164.91,166.029,10721.0,SXR8
2015-02-10,165.64,166.95,165.49,166.399,38447.0,SXR8
2015-02-11,166.66,167.72,166.66,167.449,10647.0,SXR8
2015-02-12,167.28,168.23,166.93,167.149,10160.0,SXR8
2015-02-13,167.23,168.21,167.23,167.91,19498.0,SXR8
2015-02-16,167.87,168.56,167.74,168.559,4138.0,SXR8
2015-02-17,168.45,168.56,167.74,168.389,6730.0,SXR8
2015-02-18,168.91,169.12,168.49,169.08,8517.0,SXR8
2015-02-19,167.99,169.05,167.51,168.889,23338.0,SXR8
2015-02-20,169.07,170.0,168.85,169.0,28678.0,SXR8
2015-02-23,170.41,170.77,169.97,170.46,24674.0,SXR8
2015-02-24,170.81,171.11,170.5,171.059,37252.0,SXR8
2015-02-25,170.48,170.85,170.19,170.669,18263.0,SXR8
2015-02-26,170.51,172.74,170.38,172.74,18880.0,SXR8
2015-02-27,172.65,173.06,171.8,172.41,8464.0,SXR8
2015-03-02,172.83,173.32,171.67,173.32,24431.0,SXR8
2015-03-03,173.11,173.61,172.009,172.009,15815.0,SXR8
2015-03-04,173.47,173.63,172.38,173.63,35562.0,SXR8
2015-03-05,173.9,175.0,173.16,174.779,42458.0,SXR8
2015-03-06,174.75,177.22,174.75,175.71,43581.0,SXR8
2015-03-09,174.51,175.539,173.85,175.44,82404.0,SXR8
2015-03-10,176.15,176.63,174.9,175.559,13620.0,SXR8
2015-03-11,175.86,178.0,175.86,177.21,33240.0,SXR8
2015-03-12,176.5,178.09,176.299,178.089,44605.0,SXR8
2015-03-13,178.83,179.5,178.0,178.61,65263.0,SXR8
2015-03-16,178.71,179.96,178.61,179.529,60624.0,SXR8
2015-03-17,179.65,179.98,178.33,179.179,14240.0,SXR8
2015-03-18,179.38,179.58,178.02,178.199,32333.0,SXR8
2015-03-19,180.36,180.85,179.5,179.979,21410.0,SXR8
2015-03-20,180.06,180.18,178.4,180.179,80652.0,SXR8
2015-03-23,179.33,179.33,176.6,177.19,45223.0,SXR8
2015-03-24,176.01,177.3,175.73,176.589,27339.0,SXR8
2015-03-25,175.36,175.43,173.16,173.169,41605.0,SXR8
2015-03-26,170.7,173.17,169.78,173.0,79482.0,SXR8
2015-03-27,174.76,174.89,172.68,173.279,250579.0,SXR8
2015-03-30,175.48,176.6,175.06,176.6,82707.0,SXR8
2015-03-31,176.91,177.99,176.49,177.559,49809.0,SXR8
2015-04-01,175.27,176.73,175.12,175.3,67067.0,SXR8
2015-04-02,174.45,174.9,173.72,174.71,9156.0,SXR8
2015-04-07,175.0,176.56,174.72,176.559,9987.0,SXR8
2015-04-08,176.69,176.78,175.21,176.61,10295.0,SXR8
2015-04-09,177.29,178.78,177.15,178.619,33888.0,SXR8
2015-04-10,180.45,181.88,180.45,181.88,20694.0,SXR8
2015-04-13,181.73,183.08,181.68,182.529,9359.0,SXR8
2015-04-14,182.74,182.79,178.93,180.05,9093.0,SXR8
2015-04-15,181.62,182.5,180.21,182.009,11984.0,SXR8
2015-04-16,182.08,182.08,179.19,180.119,42576.0,SXR8
2015-04-17,179.53,179.53,177.0,177.279,29178.0,SXR8
2015-04-20,178.09,179.56,178.09,179.559,15535.0,SXR8
2015-04-21,181.18,181.73,179.279,179.279,18933.0,SXR8
2015-04-22,179.49,180.13,177.71,179.88,26327.0,SXR8
2015-04-23,181.14,181.14,179.01,179.229,14625.0,SXR8
2015-04-24,178.75,179.68,178.15,179.089,11658.0,SXR8
2015-04-27,179.66,180.03,178.789,178.789,21187.0,SXR8
2015-04-28,178.25,178.25,175.5,176.77,23507.0,SXR8
2015-04-29,177.04,177.08,173.33,173.479,103960.0,SXR8
2015-04-30,173.89,173.89,171.26,172.33,18786.0,SXR8
2015-05-04,173.89,174.48,173.25,174.24,3748.0,SXR8
2015-05-05,174.96,175.59,172.059,172.059,23252.0,SXR8
2015-05-06,170.91,171.84,167.93,168.929,12589.0,SXR8
2015-05-07,168.0,170.05,166.45,170.05,13126.0,SXR8
2015-05-08,171.95,173.25,170.89,173.179,6938.0,SXR8
2015-05-11,173.38,174.42,173.38,174.21,5067.0,SXR8
2015-05-12,172.69,172.69,170.0,171.69,4069.0,SXR8
2015-05-13,172.2,172.67,169.78,170.139,10146.0,SXR8
2015-05-14,169.33,171.13,169.13,171.13,981.0,SXR8
2015-05-15,171.22,172.38,170.49,170.49,5280.0,SXR8
2015-05-18,170.4,172.37,170.4,172.369,21764.0,SXR8
2015-05-19,175.11,175.91,174.72,175.809,12599.0,SXR8
2015-05-20,176.9,176.9,175.5,176.279,23466.0,SXR8
2015-05-21,175.62,176.32,174.63,176.32,8596.0,SXR8
2015-05-22,175.97,177.82,174.96,177.289,16855.0,SXR8
2015-05-26,179.66,179.71,177.65,178.11,32396.0,SXR8
2015-05-27,177.79,179.36,177.2,178.949,28403.0,SXR8
2015-05-28,178.96,179.52,178.13,178.69,9473.0,SXR8
2015-05-29,178.34,178.34,174.82,176.72,44225.0,SXR8
2015-06-01,177.64,178.4,176.75,177.759,21003.0,SXR8
2015-06-02,177.43,177.43,173.19,174.399,16007.0,SXR8
2015-06-03,174.58,175.48,172.88,173.139,56689.0,SXR8
2015-06-04,172.99,173.14,170.46,171.55,20493.0,SXR8
2015-06-05,171.53,174.36,171.4,173.449,24200.0,SXR8
2015-06-08,172.53,173.1,171.229,171.229,8121.0,SXR8
2015-06-09,169.83,170.44,169.17,170.1,37126.0,SXR8
2015-06-10,169.53,171.38,168.82,171.38,36039.0,SXR8
2015-06-11,171.64,173.49,171.64,172.839,24936.0,SXR8
2015-06-12,172.8,173.77,170.92,171.24,15321.0,SXR8
2015-06-15,171.37,171.38,169.84,170.309,6227.0,SXR8
2015-06-16,169.08,171.35,168.85,171.35,7687.0,SXR8
2015-06-17,171.13,172.19,171.13,171.74,7623.0,SXR8
2015-06-18,170.41,171.33,169.38,171.33,5699.0,SXR8
2015-06-19,173.14,173.19,171.94,172.149,21290.0,SXR8
2015-06-22,171.73,172.87,171.64,172.179,19550.0,SXR8
2015-06-23,173.9,175.77,173.73,174.669,26157.0,SXR8
2015-06-24,174.75,175.04,174.09,174.559,25102.0,SXR8
2015-06-25,173.66,174.61,173.34,173.85,12275.0,SXR8
2015-06-26,172.82,173.86,172.61,173.86,17417.0,SXR8
2015-06-29,172.88,173.48,171.21,171.21,26529.0,SXR8
2015-06-30,170.31,171.37,169.63,170.66,19223.0,SXR8
2015-07-01,171.73,173.33,171.7,172.649,24162.0,SXR8
2015-07-02,173.22,173.71,172.46,172.46,18306.0,SXR8
2015-07-03,172.46,172.79,172.07,172.32,6004.0,SXR8
2015-07-06,171.95,172.87,171.54,172.539,46715.0,SXR8
2015-07-07,174.1,175.37,172.02,172.02,15958.0,SXR8
2015-07-08,173.18,173.23,170.95,171.47,50360.0,SXR8
2015-07-09,171.36,172.81,171.36,172.389,10070.0,SXR8
2015-07-10,172.09,172.09,170.71,171.66,39674.0,SXR8
2015-07-13,171.81,175.28,171.81,175.279,26294.0,SXR8
2015-07-14,176.25,176.59,175.0,176.47,14746.0,SXR8
2015-07-15,176.9,177.73,176.25,177.729,4348.0,SXR8
2015-07-16,178.25,180.05,178.25,179.58,2923.0,SXR8
2015-07-17,179.99,180.42,179.58,180.27,8717.0,SXR8
2015-07-20,180.88,181.19,180.36,180.83,6093.0,SXR8
2015-07-21,181.53,181.53,178.66,178.779,12144.0,SXR8
2015-07-22,177.8,179.33,177.8,178.61,33600.0,SXR8
2015-07-23,178.88,178.88,177.21,177.25,7671.0,SXR8
2015-07-24,176.94,177.77,175.85,175.9,20757.0,SXR8
2015-07-27,174.53,174.53,171.4,171.52,16273.0,SXR8
2015-07-28,173.57,174.21,172.75,173.74,12670.0,SXR8
2015-07-29,175.24,176.03,174.69,176.03,8659.0,SXR8
2015-07-30,177.4,177.64,176.78,177.64,20297.0,SXR8
2015-07-31,177.79,178.08,175.35,176.42,13866.0,SXR8
2015-08-03,176.71,177.34,176.09,177.07,60434.0,SXR8
2015-08-04,176.52,176.84,175.85,176.38,7930.0,SXR8
2015-08-05,177.5,179.4,177.5,179.08,7305.0,SXR8
2015-08-06,177.41,178.19,176.01,176.01,10853.0,SXR8
2015-08-07,175.92,176.82,174.43,174.43,16605.0,SXR8
2015-08-10,175.56,176.77,174.93,176.41,9096.0,SXR8
2015-08-11,176.32,176.32,173.69,173.76,5431.0,SXR8
2015-08-12,172.4,172.4,169.37,169.79,12059.0,SXR8
2015-08-13,173.78,174.04,172.5,172.57,22466.0,SXR8
2015-08-14,172.74,173.0,171.67,173.0,5642.0,SXR8
2015-08-17,174.55,175.0,172.9,174.72,7066.0,SXR8
2015-08-18,175.11,175.82,174.68,175.79,6231.0,SXR8
2015-08-19,174.7,175.19,172.86,172.96,5821.0,SXR8
2015-08-20,172.2,172.24,169.0,169.41,11377.0,SXR8
2015-08-21,166.11,166.69,162.5,162.5,35566.0,SXR8
2015-08-24,155.5,156.55,136.0,152.24,101237.0,SXR8
2015-08-25,152.61,157.52,152.24,157.25,41197.0,SXR8
2015-08-26,151.87,156.47,151.45,153.16,94059.0,SXR8
2015-08-27,158.99,162.26,158.75,162.26,32701.0,SXR8
2015-08-28,162.8,164.27,160.35,164.27,22750.0,SXR8
2015-08-31,162.91,163.09,162.0,163.05,9846.0,SXR8
2015-09-01,159.53,159.53,156.87,158.77,10015.0,SXR8
2015-09-02,158.67,159.96,157.47,158.46,7509.0,SXR8
2015-09-03,160.21,164.5,160.21,163.68,28837.0,SXR8
2015-09-04,161.22,161.22,159.0,159.76,11500.0,SXR8
2015-09-07,161.5,161.5,160.0,160.3,13573.0,SXR8
2015-09-08,161.09,162.54,160.79,161.27,18092.0,SXR8
2015-09-09,164.91,165.14,163.12,163.48,8186.0,SXR8
2015-09-10,161.08,162.41,159.34,159.87,8864.0,SXR8
2015-09-11,160.01,160.01,158.62,158.73,9125.0,SXR8
2015-09-14,159.74,161.19,159.41,159.41,4209.0,SXR8
2015-09-15,160.0,161.64,159.4,161.64,17027.0,SXR8
2015-09-16,162.31,163.22,162.16,162.74,1774.0,SXR8
2015-09-17,163.36,163.39,162.48,163.39,2427.0,SXR8
2015-09-18,161.48,161.48,158.58,160.17,13125.0,SXR8
2015-09-21,160.58,163.54,159.88,162.93,2345.0,SXR8
2015-09-22,162.8,162.8,160.45,160.5,7267.0,SXR8
2015-09-23,160.74,162.25,160.6,160.7,14469.0,SXR8
2015-09-24,159.69,160.67,156.47,156.89,20067.0,SXR8
2015-09-25,161.0,162.77,160.39,160.96,14560.0,SXR8
2015-09-28,160.64,160.64,156.33,156.33,5687.0,SXR8
2015-09-29,153.85,156.52,153.85,154.91,24054.0,SXR8
2015-09-30,156.91,158.85,156.25,158.57,2909.0,SXR8
2015-10-01,160.91,161.0,157.68,158.02,8050.0,SXR8
2015-10-02,160.08,160.47,155.08,157.55,20919.0,SXR8
2015-10-05,161.03,163.3,160.62,163.01,8865.0,SXR8
2015-10-06,163.76,164.28,162.71,162.78,9288.0,SXR8
2015-10-07,163.52,164.92,162.5,162.93,9867.0,SXR8
2015-10-08,163.59,164.08,162.47,163.71,8295.0,SXR8
2015-10-09,165.41,165.41,164.0,164.18,4355.0,SXR8
2015-10-12,164.52,164.57,163.66,164.57,10093.0,SXR8
2015-10-13,164.25,164.57,163.01,164.2,36930.0,SXR8
2015-10-14,162.45,162.96,161.3,161.46,27358.0,SXR8
2015-10-15,161.79,163.34,161.7,162.76,3475.0,SXR8
2015-10-16,164.76,165.57,164.68,165.4,14040.0,SXR8
2015-10-19,165.62,166.37,165.33,166.17,9163.0,SXR8
2015-10-20,166.32,166.32,165.0,165.8,10737.0,SXR8
2015-10-21,165.8,166.43,165.54,166.2,2934.0,SXR8
2015-10-22,165.3,169.68,165.0,169.68,3995.0,SXR8
2015-10-23,171.33,174.5,171.33,173.67,25026.0,SXR8
2015-10-26,173.64,174.51,172.99,173.54,48781.0,SXR8
2015-10-27,172.89,173.73,172.66,172.85,11473.0,SXR8
2015-10-28,173.68,174.32,172.9,174.01,6021.0,SXR8
2015-10-29,177.47,177.47,175.61,176.47,13860.0,SXR8
2015-10-30,176.86,176.86,174.5,175.49,39466.0,SXR8
2015-11-02,173.97,176.03,173.6,176.03,10170.0,SXR8
2015-11-03,176.55,178.09,176.41,178.06,7168.0,SXR8
2015-11-04,178.84,180.09,178.75,179.18,9006.0,SXR8
2015-11-05,179.5,179.83,178.3,178.59,10874.0,SXR8
2015-11-06,178.95,181.5,178.59,180.33,6832.0,SXR8
2015-11-09,180.62,180.8,178.02,178.53,16883.0,SXR8
2015-11-10,178.64,180.55,178.64,179.82,14079.0,SXR8
2015-11-11,179.77,180.9,179.4,179.42,7136.0,SXR8
2015-11-12,179.4,180.4,177.23,177.34,4633.0,SXR8
2015-11-13,176.3,176.65,174.92,175.68,14393.0,SXR8
2015-11-16,174.38,176.0,173.96,175.66,4833.0,SXR8
2015-11-17,178.73,179.9,178.08,179.9,4208.0,SXR8
2015-11-18,178.68,180.43,177.82,180.43,4148.0,SXR8
2015-11-19,181.7,181.8,179.79,179.79,30150.0,SXR8
2015-11-20,181.24,182.4,180.69,182.4,5281.0,SXR8
2015-11-23,182.34,183.16,181.93,183.12,5232.0,SXR8
2015-11-24,181.95,181.95,179.39,181.65,24540.0,SXR8
2015-11-25,181.63,183.6,181.12,182.83,9709.0,SXR8
2015-11-26,183.1,183.69,183.07,183.53,9249.0,SXR8
2015-11-27,182.62,183.58,182.47,183.54,3218.0,SXR8
2015-11-30,182.8,184.1,182.68,182.97,7908.0,SXR8
2015-12-01,183.73,183.73,182.48,182.83,26988.0,SXR8
2015-12-02,183.94,184.82,183.54,184.03,10857.0,SXR8
2015-12-03,183.29,185.25,176.43,176.43,23727.0,SXR8
2015-12-04,176.13,177.12,173.93,176.98,6834.0,SXR8
2015-12-07,178.57,180.18,176.98,177.21,25866.0,SXR8
2015-12-08,177.21,177.56,175.02,175.91,24696.0,SXR8
2015-12-09,175.73,176.1,173.46,174.59,6740.0,SXR8
2015-12-10,173.31,176.02,173.31,174.48,16525.0,SXR8
2015-12-11,174.11,174.11,170.38,170.81,39266.0,SXR8
2015-12-14,172.34,172.34,167.63,167.87,24283.0,SXR8
2015-12-15,170.29,174.16,170.29,173.87,6558.0,SXR8
2015-12-16,174.68,175.16,173.69,174.02,40870.0,SXR8
2015-12-17,177.13,178.25,175.98,176.21,25386.0,SXR8
2015-12-18,173.5,174.78,172.74,173.35,18298.0,SXR8
2015-12-21,171.83,173.23,170.61,170.61,13901.0,SXR8
2015-12-22,172.8,172.97,171.2,171.76,13038.0,SXR8
2015-12-23,173.98,175.94,173.93,175.94,7949.0,SXR8
2015-12-28,173.94,174.39,173.13,173.13,17457.0,SXR8
2015-12-29,174.67,176.94,174.64,176.94,15227.0,SXR8
2015-12-30,176.73,176.89,176.33,176.56,8438.0,SXR8
2016-01-04,171.89,172.35,170.76,172.05,26066.0,SXR8
2016-01-05,173.64,175.13,172.61,174.65,20437.0,SXR8
2016-01-06,173.53,173.53,171.39,172.91,34685.0,SXR8
2016-01-07,169.38,169.48,166.14,168.57,42556.0,SXR8
2016-01-08,167.92,168.93,164.92,164.92,31352.0,SXR8
2016-01-11,164.17,165.67,163.74,163.87,66214.0,SXR8
2016-01-12,163.49,166.86,163.49,164.92,4484.0,SXR8
2016-01-13,167.61,167.94,165.44,166.27,9271.0,SXR8
2016-01-14,162.99,164.17,160.28,163.07,29278.0,SXR8
2016-01-15,163.31,163.35,158.82,159.5,64789.0,SXR8
2016-01-18,161.31,161.31,160.03,160.64,25306.0,SXR8
2016-01-19,163.77,163.85,160.64,161.85,41623.0,SXR8
2016-01-20,157.55,158.19,155.79,156.71,31518.0,SXR8
2016-01-21,158.0,163.29,157.6,161.22,13160.0,SXR8
2016-01-22,161.81,164.03,161.51,163.1,19540.0,SXR8
2016-01-25,163.8,163.9,162.32,162.76,18573.0,SXR8
2016-01-26,159.54,162.93,159.34,162.93,4492.0,SXR8
2016-01-27,162.14,163.02,161.47,163.02,5045.0,SXR8
2016-01-28,162.28,162.73,159.6,160.08,42310.0,SXR8
2016-01-29,162.62,165.0,161.98,165.0,6621.0,SXR8
2016-02-01,165.8,165.8,163.7,165.72,18629.0,SXR8
2016-02-02,165.01,165.01,163.01,163.62,17191.0,SXR8
2016-02-03,162.59,163.27,157.8,158.76,27996.0,SXR8
2016-02-04,160.94,161.32,157.62,159.13,19662.0,SXR8
2016-02-05,158.47,160.4,157.0,157.5,29548.0,SXR8
2016-02-08,157.49,157.8,152.89,153.1,22947.0,SXR8
2016-02-09,154.22,155.23,151.1,152.09,62156.0,SXR8
2016-02-10,153.14,156.96,152.9,154.48,30510.0,SXR8
2016-02-11,152.19,152.19,148.5,148.67,43177.0,SXR8
2016-02-12,151.7,154.27,151.66,154.27,35523.0,SXR8
2016-02-15,156.36,158.0,156.3,157.76,39218.0,SXR8
2016-02-16,158.21,158.21,156.8,157.42,25376.0,SXR8
2016-02-17,157.4,161.11,157.4,160.95,19220.0,SXR8
2016-02-18,161.6,162.56,160.84,161.28,16970.0,SXR8
2016-02-19,160.93,161.6,159.9,160.63,35294.0,SXR8
2016-02-22,162.74,164.63,162.74,164.25,25347.0,SXR8
2016-02-23,163.21,164.36,162.74,162.74,11191.0,SXR8
2016-02-24,163.38,163.38,159.89,160.28,40421.0,SXR8
2016-02-25,163.25,164.3,162.79,163.34,16805.0,SXR8
2016-02-26,165.52,167.39,165.52,166.59,60176.0,SXR8
2016-02-29,164.34,168.0,164.3,168.0,16132.0,SXR8
2016-03-01,166.21,168.67,166.0,168.67,9091.0,SXR8
2016-03-02,169.89,170.52,169.48,170.27,53965.0,SXR8
2016-03-03,170.29,170.55,168.55,168.66,43668.0,SXR8
2016-03-04,169.75,170.98,168.65,169.66,24433.0,SXR8
2016-03-07,169.46,169.96,169.2,169.7,8880.0,SXR8
2016-03-08,168.09,168.92,167.02,167.84,46412.0,SXR8
2016-03-09,168.8,169.64,167.75,168.52,88966.0,SXR8
2016-03-10,169.41,173.2,164.92,164.92,21765.0,SXR8
2016-03-11,168.1,169.35,167.95,168.45,22133.0,SXR8
2016-03-14,169.19,169.69,169.0,169.69,18016.0,SXR8
2016-03-15,169.0,169.33,168.59,168.93,26328.0,SXR8
2016-03-16,169.93,170.37,169.08,169.9,22891.0,SXR8
2016-03-17,168.62,168.62,165.94,168.18,20966.0,SXR8
2016-03-18,168.77,169.61,168.56,169.61,41546.0,SXR8
2016-03-21,169.46,170.25,169.31,170.01,22135.0,SXR8
2016-03-22,169.82,170.87,169.73,170.87,12398.0,SXR8
2016-03-23,171.26,171.43,170.29,170.92,16048.0,SXR8
2016-03-24,169.95,170.0,169.21,169.29,7298.0,SXR8
2016-03-29,170.57,170.57,168.98,169.78,61766.0,SXR8
2016-03-30,170.13,170.95,170.03,170.28,22933.0,SXR8
2016-03-31,169.77,169.77,168.95,169.32,46066.0,SXR8
2016-04-01,168.46,169.53,167.59,169.51,14715.0,SXR8
2016-04-04,170.24,170.82,169.45,169.79,9350.0,SXR8
2016-04-05,168.97,169.0,168.01,168.01,24721.0,SXR8
2016-04-06,168.75,169.13,167.63,168.73,63546.0,SXR8
2016-04-07,168.64,169.73,167.73,168.06,29653.0,SXR8
2016-04-08,168.89,169.28,167.86,167.86,109389.0,SXR8
2016-04-11,167.41,168.87,167.2,167.66,62408.0,SXR8
2016-04-12,167.48,168.79,166.69,168.76,15016.0,SXR8
2016-04-13,170.09,172.33,169.95,172.33,52609.0,SXR8
2016-04-14,172.55,173.2,172.25,173.2,14199.0,SXR8
2016-04-15,172.91,172.95,171.59,172.26,39176.0,SXR8
2016-04-18,171.01,172.57,171.01,172.36,13414.0,SXR8
2016-04-19,172.99,173.59,172.36,172.6,15661.0,SXR8
2016-04-20,172.59,173.74,172.2,173.74,6212.0,SXR8
2016-04-21,174.38,174.44,172.64,173.66,16679.0,SXR8
2016-04-22,173.32,174.0,172.92,173.45,35333.0,SXR8
2016-04-25,173.97,173.97,172.28,172.55,8125.0,SXR8
2016-04-26,173.56,173.79,172.4,172.63,11712.0,SXR8
2016-04-27,172.65,172.87,171.91,172.65,10354.0,SXR8
2016-04-28,171.33,173.32,170.92,173.32,32002.0,SXR8
2016-04-29,170.39,170.9,167.73,167.73,34065.0,SXR8
2016-05-02,168.88,168.88,167.61,168.32,23153.0,SXR8
2016-05-03,167.19,167.4,166.57,166.99,52592.0,SXR8
2016-05-04,167.23,167.91,166.22,166.73,57897.0,SXR8
2016-05-05,167.77,168.7,167.77,168.63,11604.0,SXR8
2016-05-06,167.42,167.91,166.2,167.45,21424.0,SXR8
2016-05-09,168.85,169.52,168.49,168.64,18415.0,SXR8
2016-05-10,169.93,170.54,169.75,170.54,22790.0,SXR8
2016-05-11,170.58,170.7,169.85,169.95,20381.0,SXR8
2016-05-12,169.2,170.6,168.77,169.02,44248.0,SXR8
2016-05-13,169.27,171.27,169.22,171.1,15953.0,SXR8
2016-05-17,171.08,171.22,169.74,170.12,10681.0,SXR8
2016-05-18,169.89,170.46,169.19,170.46,16594.0,SXR8
2016-05-19,170.32,170.89,169.35,169.35,4779.0,SXR8
2016-05-20,170.91,171.96,170.5,171.96,22773.0,SXR8
2016-05-23,170.96,171.95,170.96,171.36,26831.0,SXR8
2016-05-24,170.88,174.07,170.82,174.07,7728.0,SXR8
2016-05-25,174.76,176.1,174.76,175.45,15536.0,SXR8
2016-05-26,175.32,175.46,174.57,175.12,20489.0,SXR8
2016-05-27,175.16,176.48,175.16,176.48,5025.0,SXR8
2016-05-30,177.3,177.3,176.72,176.98,2994.0,SXR8
2016-05-31,177.0,177.0,176.27,176.45,3625.0,SXR8
2016-06-01,176.41,176.41,174.91,175.54,11236.0,SXR8
2016-06-02,175.44,175.95,175.07,175.93,9463.0,SXR8
2016-06-03,176.81,177.16,172.3,172.91,47557.0,SXR8
2016-06-06,173.52,174.06,173.3,173.93,34443.0,SXR8
2016-06-07,174.14,174.8,174.02,174.8,13847.0,SXR8
2016-06-08,173.95,174.26,173.68,173.99,4961.0,SXR8
2016-06-09,173.91,174.83,173.74,174.49,43236.0,SXR8
2016-06-10,174.92,174.92,174.11,174.64,18982.0,SXR8
2016-06-13,174.07,174.25,173.54,173.54,22588.0,SXR8
2016-06-14,172.92,174.0,172.66,173.0,33057.0,SXR8
2016-06-15,173.33,173.87,173.33,173.47,21027.0,SXR8
2016-06-16,171.35,173.41,171.35,173.41,29487.0,SXR8
2016-06-17,173.2,173.41,171.91,171.91,8486.0,SXR8
2016-06-20,173.03,173.78,172.83,173.78,26243.0,SXR8
2016-06-21,172.64,174.0,172.64,173.73,5850.0,SXR8
2016-06-22,174.05,174.38,173.13,174.14,10322.0,SXR8
2016-06-23,173.38,173.98,173.03,173.65,23115.0,SXR8
2016-06-24,171.95,175.4,171.16,173.33,52778.0,SXR8
2016-06-27,172.0,172.5,170.11,170.25,44954.0,SXR8
2016-06-28,170.63,171.94,170.25,171.39,5189.0,SXR8
2016-06-29,173.18,174.62,172.62,174.31,33701.0,SXR8
2016-06-30,174.83,176.15,174.64,176.12,27975.0,SXR8
2016-07-01,177.27,177.73,176.21,177.07,14523.0,SXR8
2016-07-04,177.94,178.26,177.14,177.14,4113.0,SXR8
2016-07-05,176.9,176.9,175.65,176.52,12335.0,SXR8
2016-07-06,176.65,177.27,175.89,176.88,28180.0,SXR8
2016-07-07,177.96,178.68,177.67,178.23,26194.0,SXR8
2016-07-08,177.95,180.58,177.91,180.45,8531.0,SXR8
2016-07-11,181.6,182.0,181.0,181.93,11951.0,SXR8
2016-07-12,181.08,182.63,180.84,182.63,7722.0,SXR8
2016-07-13,182.74,182.97,181.5,181.5,35048.0,SXR8
2016-07-14,182.82,183.4,182.48,182.96,7110.0,SXR8
2016-07-15,182.12,183.61,181.92,183.34,5555.0,SXR8
2016-07-18,183.88,184.17,183.34,183.47,8638.0,SXR8
2016-07-19,183.47,184.53,183.09,184.36,4242.0,SXR8
2016-07-20,185.26,185.59,184.8,185.59,6535.0,SXR8
2016-07-21,185.15,185.59,184.24,185.27,8581.0,SXR8
2016-07-22,184.42,185.6,184.27,185.6,18855.0,SXR8
2016-07-25,185.93,186.27,185.07,185.17,35810.0,SXR8
2016-07-26,185.1,185.55,184.58,185.01,5004.0,SXR8
2016-07-27,185.72,185.75,184.81,185.02,9009.0,SXR8
2016-07-28,183.72,183.72,182.86,183.01,10412.0,SXR8
2016-07-29,183.36,183.5,181.86,182.84,13439.0,SXR8
2016-08-01,183.43,183.55,182.56,182.82,5732.0,SXR8
2016-08-02,182.5,182.5,180.02,180.14,34311.0,SXR8
2016-08-03,180.66,181.69,180.22,181.37,7446.0,SXR8
2016-08-04,182.45,183.12,181.99,182.72,6245.0,SXR8
2016-08-05,182.83,185.28,182.49,185.08,17625.0,SXR8
2016-08-08,184.94,185.32,184.87,185.1,19791.0,SXR8
2016-08-09,184.96,185.19,184.59,184.89,10602.0,SXR8
2016-08-10,183.89,184.14,183.0,183.0,47531.0,SXR8
2016-08-11,183.52,184.11,183.4,184.11,6645.0,SXR8
2016-08-12,184.41,184.43,182.86,183.81,10654.0,SXR8
2016-08-15,184.01,184.17,183.93,184.12,12695.0,SXR8
2016-08-16,182.88,182.89,181.5,181.9,9117.0,SXR8
2016-08-17,182.23,182.23,181.05,181.05,8335.0,SXR8
2016-08-18,181.38,181.51,180.91,181.35,14792.0,SXR8
2016-08-19,181.21,181.38,180.76,181.24,3947.0,SXR8
2016-08-22,181.8,182.05,181.0,181.02,4419.0,SXR8
2016-08-23,181.28,182.08,180.99,181.97,2276.0,SXR8
2016-08-24,181.94,182.88,181.94,182.48,9618.0,SXR8
2016-08-25,181.6,181.66,180.95,181.66,4787.0,SXR8
2016-08-26,181.33,182.57,180.99,182.57,6302.0,SXR8
2016-08-29,182.37,183.6,182.3,183.58,9458.0,SXR8
2016-08-30,183.58,183.96,183.42,183.52,8911.0,SXR8
2016-08-31,183.79,183.96,182.95,182.95,20419.0,SXR8
2016-09-01,183.79,184.1,181.44,181.76,15937.0,SXR8
2016-09-02,182.47,184.07,181.76,183.81,12565.0,SXR8
2016-09-05,183.89,184.08,183.71,183.88,10029.0,SXR8
2016-09-06,184.15,184.15,182.11,182.66,8142.0,SXR8
2016-09-07,182.96,183.08,182.66,182.76,8194.0,SXR8
2016-09-08,182.76,183.07,181.29,182.36,7165.0,SXR8
2016-09-09,181.77,181.81,180.86,180.96,5672.0,SXR8
2016-09-12,176.32,179.24,176.32,179.24,17839.0,SXR8
2016-09-13,180.29,180.29,178.03,178.03,29433.0,SXR8
2016-09-14,179.02,179.15,178.21,178.21,13861.0,SXR8
2016-09-15,177.87,179.67,177.64,179.67,10015.0,SXR8
2016-09-16,179.5,180.58,179.08,180.24,17338.0,SXR8
2016-09-19,181.32,181.63,180.8,181.27,6558.0,SXR8
2016-09-20,180.41,181.16,180.24,180.84,11542.0,SXR8
2016-09-21,181.74,181.84,181.23,181.27,7097.0,SXR8
2016-09-22,181.31,182.48,181.2,182.37,19192.0,SXR8
2016-09-23,182.86,182.86,182.12,182.3,12115.0,SXR8
2016-09-26,181.37,181.37,179.66,179.66,7154.0,SXR8
2016-09-27,180.95,181.26,179.94,181.26,10232.0,SXR8
2016-09-28,182.28,182.28,181.24,181.32,38527.0,SXR8
2016-09-29,182.3,182.55,181.45,181.63,13281.0,SXR8
2016-09-30,180.53,182.13,180.53,181.97,27244.0,SXR8
2016-10-04,182.4,182.93,181.97,182.6,31201.0,SXR8
2016-10-05,180.48,182.09,180.38,181.73,19399.0,SXR8
2016-10-06,181.98,182.11,181.48,181.78,13795.0,SXR8
2016-10-07,182.99,183.26,181.53,181.85,35085.0,SXR8
2016-10-10,182.08,183.36,181.9,183.25,11702.0,SXR8
2016-10-11,183.22,184.08,182.48,182.48,11380.0,SXR8
2016-10-12,182.65,183.29,182.39,183.29,16427.0,SXR8
2016-10-13,181.88,182.34,180.7,181.55,17073.0,SXR8
2016-10-14,182.6,183.9,182.6,183.41,19076.0,SXR8
2016-10-17,182.58,183.08,182.26,182.62,10654.0,SXR8
2016-10-18,182.98,184.05,182.98,183.74,5428.0,SXR8
2016-10-19,183.67,184.77,183.04,184.51,16604.0,SXR8
2016-10-20,184.55,185.01,183.0,184.5,20979.0,SXR8
2016-10-21,185.07,185.47,184.72,185.47,7211.0,SXR8
2016-10-24,186.11,186.57,186.02,186.41,9492.0,SXR8
2016-10-25,186.67,186.81,185.66,185.85,12398.0,SXR8
2016-10-26,185.05,185.36,183.79,185.26,12055.0,SXR8
2016-10-27,185.01,185.68,184.11,184.59,20747.0,SXR8
2016-10-28,183.43,184.65,183.37,184.48,10020.0,SXR8
2016-10-31,183.62,183.9,183.26,183.46,12247.0,SXR8
2016-11-01,183.19,183.19,180.34,180.42,13581.0,SXR8
2016-11-02,179.15,179.63,178.51,178.53,20596.0,SXR8
2016-11-03,177.67,179.34,177.59,178.05,12464.0,SXR8
2016-11-04,177.67,178.1,177.23,177.97,11361.0,SXR8
2016-11-07,180.35,181.75,180.05,181.74,25042.0,SXR8
2016-11-08,182.04,182.78,181.5,182.78,9477.0,SXR8
2016-11-09,177.08,186.01,176.82,186.01,107591.0,SXR8
2016-11-10,187.84,189.46,186.44,187.45,71158.0,SXR8
2016-11-11,188.23,188.3,187.06,187.92,12521.0,SXR8
2016-11-14,190.57,191.32,189.48,190.51,33038.0,SXR8
2016-11-15,190.11,191.19,189.44,191.09,46425.0,SXR8
2016-11-16,192.39,192.57,191.58,192.56,36683.0,SXR8
2016-11-17,191.9,193.56,191.61,193.56,38139.0,SXR8
2016-11-18,194.85,195.03,194.0,194.66,29762.0,SXR8
2016-11-21,194.41,195.36,193.89,195.36,13146.0,SXR8
2016-11-22,196.18,196.34,195.28,195.28,12430.0,SXR8
2016-11-23,195.97,197.41,195.64,196.6,13775.0,SXR8
2016-11-24,197.7,197.91,196.85,197.44,9962.0,SXR8
2016-11-25,196.97,197.1,196.32,197.06,21056.0,SXR8
2016-11-28,195.68,197.47,195.27,196.84,252612.0,SXR8
2016-11-29,196.27,197.05,195.96,196.71,22832.0,SXR8
2016-11-30,196.33,197.88,195.78,197.57,49972.0,SXR8
2016-12-01,195.61,196.38,195.38,195.46,26941.0,SXR8
2016-12-02,194.01,194.94,193.76,194.58,241044.0,SXR8
2016-12-05,195.88,195.98,194.04,194.62,39831.0,SXR8
2016-12-06,193.62,194.62,193.07,194.17,16693.0,SXR8
2016-12-07,195.29,195.29,194.31,194.79,19724.0,SXR8
2016-12-08,196.63,200.0,194.79,199.76,37977.0,SXR8
2016-12-09,200.16,202.25,199.95,202.0,33799.0,SXR8
2016-12-12,202.42,202.45,201.09,201.69,37556.0,SXR8
2016-12-13,200.83,202.22,200.82,201.61,47385.0,SXR8
2016-12-14,201.83,202.47,201.21,201.21,33025.0,SXR8
2016-12-15,203.78,206.65,203.26,206.39,119227.0,SXR8
2016-12-16,205.03,206.04,204.29,204.91,70752.0,SXR8
2016-12-19,204.64,205.42,204.53,204.99,17446.0,SXR8
2016-12-20,206.41,207.48,206.41,206.66,37715.0,SXR8
2016-12-21,206.47,206.66,205.42,205.86,19133.0,SXR8
2016-12-22,204.94,205.32,203.77,204.53,36430.0,SXR8
2016-12-23,205.32,205.32,204.43,204.73,21676.0,SXR8
2016-12-27,205.04,205.9,204.79,205.47,15633.0,SXR8
2016-12-28,205.34,206.95,205.31,206.0,83654.0,SXR8
2016-12-29,203.81,204.14,202.99,203.06,39586.0,SXR8
2016-12-30,203.06,203.06,201.72,202.74,10025.0,SXR8
2017-01-02,201.0,204.47,201.0,204.1,47844.0,SXR8
2017-01-03,203.94,207.0,203.9,204.55,50818.0,SXR8
2017-01-04,205.39,205.47,204.55,204.92,201758.0,SXR8
2017-01-05,203.23,204.8,201.91,202.22,98741.0,SXR8
2017-01-06,202.85,204.01,202.22,204.01,14821.0,SXR8
2017-01-09,204.88,205.01,203.67,203.67,46229.0,SXR8
2017-01-10,202.98,203.74,202.38,203.74,23103.0,SXR8
2017-01-11,203.55,205.8,203.22,203.87,31413.0,SXR8
2017-01-12,201.99,202.31,200.26,200.7,32039.0,SXR8
2017-01-13,202.21,203.41,201.59,203.16,18705.0,SXR8
2017-01-16,202.71,203.37,202.71,202.97,13249.0,SXR8
2017-01-17,201.71,201.71,200.0,200.65,15829.0,SXR8
2017-01-18,201.45,201.85,200.7,201.17,39461.0,SXR8
2017-01-19,202.24,203.08,201.38,202.06,26635.0,SXR8
2017-01-20,201.22,202.46,201.21,201.73,21499.0,SXR8
2017-01-23,199.61,200.92,199.35,199.5,43122.0,SXR8
2017-01-24,199.79,200.27,199.41,200.27,25340.0,SXR8
2017-01-25,201.7,202.64,201.15,202.22,55864.0,SXR8
2017-01-26,203.27,204.21,202.9,204.13,38368.0,SXR8
2017-01-27,204.06,204.19,202.78,203.21,50264.0,SXR8
2017-01-30,202.76,203.82,201.07,201.28,52474.0,SXR8
2017-01-31,201.16,201.79,199.01,199.01,41612.0,SXR8
2017-02-01,200.65,201.69,200.26,200.58,30989.0,SXR8
2017-02-02,199.28,200.2,198.88,200.09,17205.0,SXR8
2017-02-03,200.92,202.0,200.92,201.69,22111.0,SXR8
2017-02-06,202.29,202.91,202.19,202.61,22693.0,SXR8
2017-02-07,203.31,204.19,203.31,203.46,13272.0,SXR8
2017-02-08,204.21,204.4,202.52,203.1,10519.0,SXR8
2017-02-09,203.74,205.27,203.16,205.25,21337.0,SXR8
2017-02-10,205.97,206.62,205.52,205.99,23112.0,SXR8
2017-02-13,206.59,208.22,206.33,208.07,19346.0,SXR8
2017-02-14,208.05,208.74,207.63,208.71,31282.0,SXR8
2017-02-15,209.89,210.49,209.61,209.85,21339.0,SXR8
2017-02-16,210.02,210.02,207.84,208.3,8208.0,SXR8
2017-02-17,208.88,209.19,208.17,209.11,16084.0,SXR8
2017-02-20,210.56,210.56,210.03,210.36,10000.0,SXR8
2017-02-21,211.1,213.01,210.93,212.23,24658.0,SXR8
2017-02-22,213.51,213.58,212.5,212.58,8559.0,SXR8
2017-02-23,212.28,212.97,211.35,211.79,12511.0,SXR8
2017-02-24,211.5,211.92,210.22,211.49,22871.0,SXR8
2017-02-27,212.44,212.79,211.47,211.47,17068.0,SXR8
2017-02-28,212.33,212.56,211.43,211.63,10893.0,SXR8
2017-03-01,213.7,215.31,213.52,215.13,31183.0,SXR8
2017-03-02,215.5,216.5,215.23,215.23,37122.0,SXR8
2017-03-03,214.53,214.59,213.69,213.92,24704.0,SXR8
2017-03-06,212.49,213.24,211.72,212.55,15697.0,SXR8
2017-03-07,212.72,213.37,212.54,212.68,16213.0,SXR8
2017-03-08,212.53,213.53,212.5,213.32,28968.0,SXR8
2017-03-09,213.01,213.07,211.67,212.51,44487.0,SXR8
2017-03-10,212.63,212.77,210.96,211.1,18900.0,SXR8
2017-03-13,210.73,211.46,210.73,211.17,12819.0,SXR8
2017-03-14,211.88,211.96,210.65,210.91,19689.0,SXR8
2017-03-15,211.74,212.29,211.74,212.28,17286.0,SXR8
2017-03-16,211.86,212.06,210.44,210.81,20450.0,SXR8
2017-03-17,210.15,210.98,209.94,210.58,17643.0,SXR8
2017-03-20,209.61,210.23,209.59,210.15,15533.0,SXR8
2017-03-21,209.53,209.57,206.81,206.9,39614.0,SXR8
2017-03-22,205.79,206.59,205.1,206.46,52711.0,SXR8
2017-03-23,206.72,207.87,206.46,207.87,8878.0,SXR8
2017-03-24,206.96,207.38,206.17,206.71,24216.0,SXR8
2017-03-27,203.54,204.2,202.63,204.2,26103.0,SXR8
2017-03-28,205.33,205.74,204.48,205.74,71793.0,SXR8
2017-03-29,207.55,208.62,207.36,208.42,18082.0,SXR8
2017-03-30,208.79,209.95,208.5,209.95,29123.0,SXR8
2017-03-31,210.24,210.89,209.81,210.51,10099.0,SXR8
2017-04-03,210.72,210.89,209.6,209.65,33639.0,SXR8
2017-04-04,210.05,210.5,209.61,210.19,7950.0,SXR8
2017-04-05,209.81,212.08,209.62,211.52,32659.0,SXR8
2017-04-06,209.31,210.76,209.2,210.76,18387.0,SXR8
2017-04-07,209.94,211.1,209.94,211.1,17872.0,SXR8
2017-04-10,211.88,212.33,211.31,211.31,19873.0,SXR8
2017-04-11,211.41,211.64,209.41,209.71,31389.0,SXR8
2017-04-12,210.77,211.25,209.95,209.95,33276.0,SXR8
2017-04-13,209.36,210.39,208.85,210.08,11891.0,SXR8
2017-04-18,209.69,209.75,207.85,207.85,5894.0,SXR8
2017-04-19,208.03,208.95,207.75,208.73,10195.0,SXR8
2017-04-20,207.26,207.56,206.9,207.38,52136.0,SXR8
2017-04-21,209.13,209.79,208.84,209.13,14310.0,SXR8
2017-04-24,208.44,208.58,207.54,207.62,26047.0,SXR8
2017-04-25,207.77,208.38,207.48,207.61,23587.0,SXR8
2017-04-26,207.9,209.81,207.84,209.81,10470.0,SXR8
2017-04-27,208.1,209.5,207.97,208.88,82310.0,SXR8
2017-04-28,208.74,208.88,207.89,208.12,11516.0,SXR8
2017-05-02,208.58,208.7,208.1,208.37,8344.0,SXR8
2017-05-03,207.99,208.13,207.75,207.83,16598.0,SXR8
2017-05-04,208.92,208.92,207.63,207.85,39742.0,SXR8
2017-05-05,206.85,207.85,206.78,207.01,25872.0,SXR8
2017-05-08,207.88,208.75,207.88,208.71,23391.0,SXR8
2017-05-09,209.2,210.09,208.99,209.75,5003.0,SXR8
2017-05-10,209.17,210.0,208.91,210.0,15149.0,SXR8
2017-05-11,209.72,210.05,208.65,209.2,14981.0,SXR8
2017-05-12,209.43,209.43,208.14,208.46,9949.0,SXR8
2017-05-15,208.54,208.54,207.69,208.35,13595.0,SXR8
2017-05-16,207.54,207.54,205.96,206.33,8644.0,SXR8
2017-05-17,204.4,205.03,202.5,202.82,34492.0,SXR8
2017-05-18,202.38,202.82,200.85,202.58,38228.0,SXR8
2017-05-19,202.45,202.84,201.76,202.81,19165.0,SXR8
2017-05-22,203.15,203.37,201.95,202.8,34491.0,SXR8
2017-05-23,202.8,203.6,202.65,203.31,25986.0,SXR8
2017-05-24,204.36,204.71,204.2,204.71,15756.0,SXR8
2017-05-25,204.6,205.36,204.02,205.03,1495.0,SXR8
2017-05-26,205.14,206.0,204.86,205.9,27398.0,SXR8
2017-05-29,206.16,206.25,205.85,206.05,9108.0,SXR8
2017-05-30,206.41,206.5,205.21,205.55,27633.0,SXR8
2017-05-31,205.69,205.82,204.05,204.12,7725.0,SXR8
2017-06-01,204.63,205.55,204.63,205.55,39247.0,SXR8
2017-06-02,206.92,207.23,205.35,205.83,6812.0,SXR8
2017-06-06,205.69,206.23,205.44,205.85,21064.0,SXR8
2017-06-07,205.71,207.0,205.35,206.06,12292.0,SXR8
2017-06-08,206.35,207.2,206.07,206.88,18848.0,SXR8
2017-06-09,207.56,208.53,207.4,208.33,5637.0,SXR8
2017-06-12,206.55,206.7,205.93,206.63,15481.0,SXR8
2017-06-13,207.3,207.54,206.78,207.27,20237.0,SXR8
2017-06-14,207.39,208.05,206.1,206.1,11367.0,SXR8
2017-06-15,206.93,207.77,206.82,207.77,8492.0,SXR8
2017-06-16,208.53,208.59,206.85,206.92,21253.0,SXR8
2017-06-19,207.97,209.31,207.79,209.23,9147.0,SXR8
2017-06-20,209.79,209.89,209.34,209.6,9371.0,SXR8
2017-06-21,208.76,209.02,208.19,208.61,37814.0,SXR8
2017-06-22,207.92,208.8,207.57,208.7,48029.0,SXR8
2017-06-23,208.04,208.41,207.58,207.8,28526.0,SXR8
2017-06-26,208.13,208.73,207.71,207.71,21340.0,SXR8
2017-06-27,207.71,207.78,205.67,206.05,30484.0,SXR8
2017-06-28,203.51,205.17,202.77,204.87,34554.0,SXR8
2017-06-29,204.45,204.87,202.4,202.4,22995.0,SXR8
2017-06-30,202.38,203.33,202.29,202.82,33983.0,SXR8
2017-07-03,203.39,204.78,203.36,204.71,8903.0,SXR8
2017-07-04,203.79,204.81,203.79,204.36,4089.0,SXR8
2017-07-05,204.1,204.93,203.99,204.75,12136.0,SXR8
2017-07-06,204.43,204.43,202.35,202.48,17820.0,SXR8
2017-07-07,201.89,203.1,201.55,203.1,10801.0,SXR8
2017-07-10,203.4,203.69,203.1,203.5,8399.0,SXR8
2017-07-11,203.61,203.75,202.0,202.13,4779.0,SXR8
2017-07-12,202.26,204.64,202.18,204.32,5412.0,SXR8
2017-07-13,203.9,205.2,203.9,205.2,8157.0,SXR8
2017-07-14,204.48,204.85,204.0,204.38,9290.0,SXR8
2017-07-17,205.1,205.41,204.59,204.96,6141.0,SXR8
2017-07-18,203.87,204.02,202.3,202.79,5073.0,SXR8
2017-07-19,204.0,204.67,203.78,204.67,4633.0,SXR8
2017-07-20,205.18,206.06,202.68,202.68,4579.0,SXR8
2017-07-21,202.68,203.17,201.96,202.49,15079.0,SXR8
2017-07-24,202.52,202.82,202.25,202.44,8447.0,SXR8
2017-07-25,202.44,203.31,202.27,203.28,34685.0,SXR8
2017-07-26,203.37,203.82,203.28,203.55,23157.0,SXR8
2017-07-27,202.19,203.35,201.99,203.35,11558.0,SXR8
2017-07-28,201.51,201.78,200.61,200.65,29850.0,SXR8
2017-07-31,201.43,201.8,200.11,200.36,34967.0,SXR8
2017-08-01,200.38,200.55,199.71,200.29,12800.0,SXR8
2017-08-02,200.02,200.25,198.79,199.06,18005.0,SXR8
2017-08-03,199.4,199.89,198.88,198.88,10919.0,SXR8
2017-08-04,198.93,201.4,198.88,201.4,2856.0,SXR8
2017-08-07,201.18,201.18,200.5,200.79,11559.0,SXR8
2017-08-08,200.67,202.45,200.3,202.44,3851.0,SXR8
2017-08-09,200.82,201.58,200.5,200.94,14509.0,SXR8
2017-08-10,201.31,201.5,199.7,199.77,21962.0,SXR8
2017-08-11,198.27,198.48,197.25,198.03,26760.0,SXR8
2017-08-14,198.02,200.2,197.97,200.2,13891.0,SXR8
2017-08-15,201.28,202.08,200.76,201.18,5940.0,SXR8
2017-08-16,201.32,202.24,201.0,202.06,30157.0,SXR8
2017-08-17,200.61,202.01,199.93,200.03,16261.0,SXR8
2017-08-18,197.68,198.35,197.2,198.23,10730.0,SXR8
2017-08-21,197.55,197.7,195.97,196.46,17669.0,SXR8
2017-08-22,197.84,199.0,197.62,199.0,6351.0,SXR8
2017-08-23,198.79,198.95,197.93,198.34,50692.0,SXR8
2017-08-24,198.27,198.72,197.52,197.52,8873.0,SXR8
2017-08-25,198.37,198.94,196.96,196.96,20868.0,SXR8
2017-08-28,195.59,196.5,195.34,195.34,13715.0,SXR8
2017-08-29,193.44,194.41,192.28,194.02,16518.0,SXR8
2017-08-30,196.16,197.12,195.97,196.96,8028.0,SXR8
2017-08-31,198.02,199.35,197.83,198.78,43069.0,SXR8
2017-09-01,199.26,199.81,198.77,199.6,10623.0,SXR8
2017-09-04,198.3,198.58,197.87,198.29,8390.0,SXR8
2017-09-05,198.58,199.2,197.81,198.0,11450.0,SXR8
2017-09-06,197.56,198.03,197.02,197.35,34088.0,SXR8
2017-09-07,197.62,197.62,195.91,196.07,8046.0,SXR8
2017-09-08,195.31,196.5,195.0,196.15,3536.0,SXR8
2017-09-11,197.39,198.65,197.22,198.65,4939.0,SXR8
2017-09-12,199.21,200.18,199.02,199.55,26995.0,SXR8
2017-09-13,199.44,200.95,199.08,200.95,4119.0,SXR8
2017-09-14,201.01,201.52,200.48,201.31,19756.0,SXR8
2017-09-15,200.39,200.51,199.53,200.09,10889.0,SXR8
2017-09-18,201.06,201.37,200.48,200.97,9081.0,SXR8
2017-09-19,199.86,200.79,199.85,200.53,29147.0,SXR8
2017-09-20,200.11,200.35,199.88,200.26,9796.0,SXR8
2017-09-21,201.92,202.0,200.96,200.97,6015.0,SXR8
2017-09-22,200.01,200.17,199.44,200.02,4496.0,SXR8
2017-09-25,201.11,201.96,200.88,201.51,7212.0,SXR8
2017-09-26,202.0,203.54,202.0,203.22,14058.0,SXR8
2017-09-27,203.78,204.89,203.72,203.89,4158.0,SXR8
2017-09-28,204.49,204.63,203.33,203.89,6214.0,SXR8
2017-09-29,203.84,204.01,203.2,204.01,8186.0,SXR8
2017-10-02,205.34,206.25,205.34,206.14,17879.0,SXR8
2017-10-04,206.73,206.84,206.0,206.84,60211.0,SXR8
2017-10-05,206.79,208.35,206.67,208.35,12399.0,SXR8
2017-10-06,209.16,209.36,207.85,208.15,49243.0,SXR8
2017-10-09,208.61,208.63,208.04,208.16,19927.0,SXR8
2017-10-10,207.55,207.73,206.84,206.93,25103.0,SXR8
2017-10-11,206.92,206.92,206.16,206.57,7643.0,SXR8
2017-10-12,206.44,206.89,206.16,206.8,48286.0,SXR8
2017-10-13,206.81,207.52,206.18,207.01,22961.0,SXR8
2017-10-16,207.91,207.93,207.45,207.57,32374.0,SXR8
2017-10-17,208.65,208.98,208.27,208.49,12882.0,SXR8
2017-10-18,208.95,209.22,208.54,208.69,7781.0,SXR8
2017-10-19,207.77,207.77,206.3,206.96,19127.0,SXR8
2017-10-20,208.49,209.36,208.38,209.36,8484.0,SXR8
2017-10-23,210.13,210.79,209.97,210.28,9584.0,SXR8
2017-10-24,209.57,209.74,209.17,209.52,23082.0,SXR8
2017-10-25,209.18,209.45,207.02,207.43,9492.0,SXR8
2017-10-26,207.61,210.27,207.52,210.27,14193.0,SXR8
2017-10-27,211.82,213.6,211.69,213.6,12919.0,SXR8
2017-10-30,212.67,213.18,212.01,212.01,16833.0,SXR8
2017-11-01,212.62,213.76,212.59,213.02,40889.0,SXR8
2017-11-02,212.26,212.51,210.71,212.12,16883.0,SXR8
2017-11-03,212.58,213.71,212.12,213.71,23763.0,SXR8
2017-11-06,213.47,214.52,213.4,214.39,8173.0,SXR8
2017-11-07,214.77,215.2,214.43,214.86,24498.0,SXR8
2017-11-08,214.27,214.48,213.82,214.2,20887.0,SXR8
2017-11-09,214.31,214.35,212.79,212.79,11366.0,SXR8
2017-11-10,213.24,213.24,211.89,212.34,23973.0,SXR8
2017-11-13,213.09,213.09,211.79,212.62,13040.0,SXR8
2017-11-14,212.02,212.18,209.67,210.18,28257.0,SXR8
2017-11-15,208.82,209.29,207.83,209.29,20359.0,SXR8
2017-11-16,209.77,210.84,209.57,210.83,22886.0,SXR8
2017-11-17,210.56,210.76,209.99,210.16,16627.0,SXR8
2017-11-20,210.13,211.24,209.39,211.24,14921.0,SXR8
2017-11-21,211.22,212.95,211.05,212.66,28457.0,SXR8
2017-11-22,212.29,212.8,211.54,211.55,29617.0,SXR8
2017-11-23,210.24,210.8,210.24,210.69,7711.0,SXR8
2017-11-24,210.85,210.92,209.41,209.41,23071.0,SXR8
2017-11-27,209.44,210.04,209.14,209.61,6866.0,SXR8
2017-11-28,210.31,211.35,209.92,211.35,15827.0,SXR8
2017-11-29,212.62,213.9,212.53,212.89,5345.0,SXR8
2017-11-30,212.9,213.94,212.53,213.15,19954.0,SXR8
2017-12-01,213.21,214.84,210.72,210.86,59525.0,SXR8
2017-12-04,215.8,216.38,215.12,215.25,11421.0,SXR8
2017-12-05,214.25,215.26,213.54,215.24,19273.0,SXR8
2017-12-06,213.18,214.79,213.13,214.61,8621.0,SXR8
2017-12-07,214.62,215.055,214.1,215.055,11794.0,SXR8
2017-12-08,216.21,216.9,216.14,216.38,15690.0,SXR8
2017-12-11,216.78,216.78,216.14,216.395,12837.0,SXR8
2017-12-12,217.4,218.97,217.09,218.97,9114.0,SXR8
2017-12-13,217.9,218.61,217.9,218.265,7754.0,SXR8
2017-12-14,217.19,217.96,216.29,217.595,9324.0,SXR8
2017-12-15,216.81,218.68,216.43,218.68,26797.0,SXR8
2017-12-18,219.52,219.52,218.86,219.38,15095.0,SXR8
2017-12-19,219.54,219.83,218.44,218.79,22225.0,SXR8
2017-12-20,218.52,218.62,216.83,217.21,23710.0,SXR8
2017-12-21,217.16,218.14,216.96,217.9,42447.0,SXR8
2017-12-22,218.27,218.27,217.72,217.72,20989.0,SXR8
2017-12-27,217.55,217.57,216.64,217.17,9488.0,SXR8
2017-12-28,216.45,216.79,216.13,216.17,17606.0,SXR8
2017-12-29,216.34,216.52,215.91,216.27,2248.0,SXR8
2018-01-02,214.3,215.36,213.31,214.79,77381.0,SXR8
2018-01-03,215.67,217.0,215.63,216.64,14242.0,SXR8
2018-01-04,217.14,217.43,216.57,217.17,27247.0,SXR8
2018-01-05,217.68,218.7,217.58,218.7,37313.0,SXR8
2018-01-08,220.32,220.59,219.89,220.48,53510.0,SXR8
2018-01-09,221.37,222.59,221.31,222.56,28439.0,SXR8
2018-01-10,221.38,221.53,219.47,220.94,24732.0,SXR8
2018-01-11,222.16,222.16,220.12,220.44,17771.0,SXR8
2018-01-12,221.34,221.34,219.68,220.72,18491.0,SXR8
2018-01-15,220.2,220.2,218.9,219.38,21085.0,SXR8
2018-01-16,219.87,221.34,219.87,220.23,14322.0,SXR8
2018-01-17,219.4,220.23,218.87,219.71,12253.0,SXR8
2018-01-18,221.0,221.1,219.71,220.07,8707.0,SXR8
2018-01-19,219.42,220.75,219.27,220.73,12042.0,SXR8
2018-01-22,220.77,221.77,220.2,221.41,30534.0,SXR8
2018-01-23,223.14,223.53,221.9,222.66,42335.0,SXR8
2018-01-24,222.11,222.2,220.59,220.59,26169.0,SXR8
2018-02-22,211.57,213.26,211.2,213.26,15145.0,SXR8
2018-02-23,213.61,213.78,212.67,213.78,17592.0,SXR8
2018-02-26,215.47,216.96,215.47,216.5,23650.0,SXR8
2018-02-27,217.65,219.36,217.2,218.2,25154.0,SXR8
2018-02-28,217.17,218.52,216.64,216.77,63430.0,SXR8
2018-03-01,215.2,215.96,213.86,214.38,60754.0,SXR8
2018-03-02,210.8,211.14,207.6,208.54,60376.0,SXR8
2018-03-05,209.6,211.72,209.32,211.72,45348.0,SXR8
2018-03-06,213.29,213.3,211.17,211.21,20146.0,SXR8
2018-03-07,210.28,211.85,209.27,211.56,44246.0,SXR8
2018-03-08,211.94,213.99,211.84,213.79,21310.0,SXR8
2018-03-09,214.49,216.93,214.49,216.86,39165.0,SXR8
2018-03-12,218.9,219.34,217.83,218.12,23653.0,SXR8
2018-03-13,218.42,219.12,215.89,216.38,34166.0,SXR8
2018-03-14,216.09,216.87,214.72,214.97,72944.0,SXR8
2018-03-15,215.25,216.04,214.77,215.94,15363.0,SXR8
2018-03-16,215.71,217.39,215.46,216.61,19584.0,SXR8
2018-03-19,216.19,216.19,212.26,212.26,49551.0,SXR8
2018-03-20,212.65,214.3,212.45,214.1,15575.0,SXR8
2018-03-21,214.06,215.0,213.14,214.83,40492.0,SXR8
2018-03-22,210.8,211.67,209.0,210.5,77247.0,SXR8
2018-03-23,207.07,207.95,205.16,205.79,89223.0,SXR8
2018-03-26,204.73,205.17,202.05,202.86,37858.0,SXR8
2018-03-27,207.38,208.5,206.6,207.39,58322.0,SXR8
2018-03-28,203.75,205.05,202.58,203.99,53692.0,SXR8
2018-03-29,204.98,207.51,204.6,206.64,19434.0,SXR8
2018-04-03,202.94,205.0,202.65,204.28,46928.0,SXR8
2018-04-04,205.1,205.1,201.37,204.76,110504.0,SXR8
2018-04-05,209.66,211.18,208.72,211.18,32598.0,SXR8
2018-04-06,208.64,209.31,206.97,207.37,32902.0,SXR8
2018-04-09,206.68,207.36,205.26,207.36,19692.0,SXR8
2018-04-10,208.15,208.36,206.45,208.36,28595.0,SXR8
2018-04-11,206.4,207.16,204.91,206.71,29743.0,SXR8
2018-04-12,206.7,209.68,206.62,209.16,12587.0,SXR8
2018-04-13,209.1,210.29,208.04,208.87,9939.0,SXR8
2018-04-16,208.94,209.17,208.17,208.85,9958.0,SXR8
2018-04-17,209.83,212.0,209.59,211.88,11182.0,SXR8
2018-04-18,212.0,212.36,211.22,212.08,8192.0,SXR8
2018-04-19,211.44,211.71,210.41,210.9,10369.0,SXR8
2018-04-20,210.72,212.05,210.25,210.71,13465.0,SXR8
2018-04-23,210.48,212.08,210.2,212.08,13962.0,SXR8
2018-04-24,212.1,212.91,210.9,211.1,11817.0,SXR8
2018-04-25,208.34,209.01,207.18,208.66,15203.0,SXR8
2018-04-26,209.63,212.68,209.63,212.21,23535.0,SXR8
2018-04-27,213.66,214.25,212.52,213.28,17401.0,SXR8
2018-04-30,213.62,214.77,213.56,214.21,15799.0,SXR8
2018-05-02,213.75,214.36,213.42,213.94,23843.0,SXR8
2018-05-03,212.53,213.03,209.95,210.38,36448.0,SXR8
2018-05-04,212.54,215.19,211.94,215.19,17229.0,SXR8
2018-05-07,216.49,217.75,216.39,217.18,28406.0,SXR8
2018-05-08,216.84,218.01,216.6,217.75,42416.0,SXR8
2018-05-09,218.6,219.24,218.03,218.48,10685.0,SXR8
2018-05-10,220.4,221.02,219.26,220.95,2331.0,SXR8
2018-05-11,221.18,221.32,219.78,221.09,12199.0,SXR8
2018-05-14,221.6,221.64,220.61,221.23,19447.0,SXR8
2018-05-15,220.96,222.11,220.95,221.08,40610.0,SXR8
2018-05-16,221.76,223.24,221.57,223.0,30187.0,SXR8
2018-05-17,222.92,224.2,222.52,223.79,34573.0,SXR8
2018-05-18,223.2,224.0,222.97,223.53,33318.0,SXR8
2018-05-22,225.15,225.33,224.08,224.91,28404.0,SXR8
2018-05-23,224.28,224.91,223.4,224.7,94597.0,SXR8
2018-05-24,225.62,225.76,223.72,224.37,66944.0,SXR8
2018-05-25,226.02,226.54,225.49,226.21,109322.0,SXR8
2018-05-28,225.97,227.03,225.9,226.75,26553.0,SXR8
2018-05-29,226.62,226.87,225.83,226.27,63099.0,SXR8
2018-05-30,225.95,226.53,225.0,225.99,52541.0,SXR8
2018-05-31,225.88,226.23,224.66,225.54,45369.0,SXR8
2018-06-01,225.18,227.06,224.86,226.75,44687.0,SXR8
2018-06-04,227.27,227.47,226.24,227.47,40763.0,SXR8
2018-06-05,227.08,228.81,226.91,227.63,39511.0,SXR8
2018-06-06,227.77,227.77,226.0,227.36,65717.0,SXR8
2018-06-07,227.77,228.05,226.95,227.1,17369.0,SXR8
2018-06-08,227.81,228.27,226.8,228.03,49856.0,SXR8
2018-06-11,228.12,228.73,228.03,228.56,21368.0,SXR8
2018-06-12,229.33,229.34,228.04,228.97,41892.0,SXR8
2018-06-13,230.0,230.11,229.38,229.7,82171.0,SXR8
2018-06-14,227.3,232.16,227.18,231.75,50719.0,SXR8
2018-06-15,233.33,233.51,230.55,230.78,45359.0,SXR8
2018-06-18,231.82,232.19,230.34,231.325,41911.0,SXR8
2018-06-19,229.48,231.13,228.91,230.67,52168.0,SXR8
2018-06-20,232.15,232.57,231.57,231.61,48858.0,SXR8
2018-06-21,233.0,233.02,228.93,230.34,28517.0,SXR8
2018-06-22,229.41,230.27,229.41,230.11,53729.0,SXR8
2018-06-25,228.52,228.52,224.65,224.65,35060.0,SXR8
2018-06-26,225.99,226.82,225.2,225.99,24776.0,SXR8
2018-06-27,226.0,229.29,225.16,228.59,73924.0,SXR8
2018-06-28,227.66,227.88,225.51,226.86,69196.0,SXR8
2018-06-29,227.41,228.15,226.66,227.62,33983.0,SXR8
2018-07-02,225.07,227.0,224.88,226.34,35522.0,SXR8
2018-07-03,227.17,227.93,226.83,227.3,45223.0,SXR8
2018-07-04,225.87,226.8,225.87,226.69,17637.0,SXR8
2018-07-05,225.28,226.5,225.23,226.01,29548.0,SXR8
2018-07-06,226.94,227.65,225.6,227.65,33339.0,SXR8
2018-07-09,228.57,229.61,228.14,229.55,18414.0,SXR8
2018-07-10,230.22,231.54,230.16,230.91,21187.0,SXR8
2018-07-11,229.27,230.48,229.04,230.04,38532.0,SXR8
2018-07-12,231.09,232.2,230.81,231.6,7627.0,SXR8
2018-07-13,233.55,233.95,232.87,233.21,18878.0,SXR8
2018-07-16,232.57,232.97,231.49,231.92,12360.0,SXR8
2018-07-17,231.05,232.81,230.79,232.72,63916.0,SXR8
2018-07-18,234.45,234.87,233.95,234.55,35670.0,SXR8
2018-07-19,234.63,235.18,234.28,234.92,17855.0,SXR8
2018-07-20,233.54,233.7,231.7,232.86,16453.0,SXR8
2018-07-23,231.67,232.47,231.18,232.47,14515.0,SXR8
2018-07-24,234.03,234.74,233.38,234.35,24367.0,SXR8
2018-07-25,233.92,234.99,233.54,234.99,35799.0,SXR8
2018-07-26,234.65,236.76,234.48,236.5,44469.0,SXR8
2018-07-27,236.95,237.59,235.86,235.99,13551.0,SXR8
2018-07-30,234.15,234.2,232.71,232.72,10087.0,SXR8
2018-07-31,232.49,233.77,232.26,233.68,18062.0,SXR8
2018-08-01,234.34,234.82,233.71,234.39,53304.0,SXR8
2018-08-02,233.86,235.31,233.35,235.31,17283.0,SXR8
2018-08-03,236.82,237.68,236.66,237.06,18986.0,SXR8
2018-08-06,238.82,239.35,238.2,238.98,15082.0,SXR8
2018-08-07,239.54,239.81,238.98,239.53,20743.0,SXR8
2018-08-08,239.0,239.72,238.75,239.36,31841.0,SXR8
2018-08-09,239.16,240.2,239.15,240.13,16540.0,SXR8
2018-08-10,240.71,241.81,240.39,241.79,18768.0,SXR8
2018-08-13,241.03,241.79,240.85,241.16,31485.0,SXR8
2018-08-14,241.15,242.84,241.15,242.84,52566.0,SXR8
2018-08-15,243.11,243.43,240.79,241.6,22354.0,SXR8
2018-08-16,241.7,242.79,241.21,242.79,48857.0,SXR8
2018-08-17,242.87,242.97,241.36,242.1,25182.0,SXR8
2018-08-20,243.2,243.5,242.31,242.54,27356.0,SXR8
2018-08-21,241.32,242.0,241.04,241.88,30140.0,SXR8
2018-08-22,239.93,240.32,238.78,240.23,30691.0,SXR8
2018-08-23,240.32,241.13,239.8,239.92,25202.0,SXR8
2018-08-24,240.32,240.88,239.53,240.43,24872.0,SXR8
2018-08-27,241.56,241.59,240.87,241.05,32876.0,SXR8
2018-08-28,241.21,241.23,240.36,240.36,30641.0,SXR8
2018-08-29,241.78,242.1,241.05,242.1,21479.0,SXR8
2018-08-30,241.76,242.89,241.53,242.51,38391.0,SXR8
2018-08-31,241.6,242.91,241.14,242.8,21709.0,SXR8
2018-09-03,243.46,243.94,243.01,243.47,23177.0,SXR8
2018-09-04,244.52,244.7,243.06,243.6,44299.0,SXR8
2018-09-05,242.99,243.15,241.1,241.11,34965.0,SXR8
2018-09-06,241.37,242.0,239.95,240.6,39822.0,SXR8
2018-09-07,240.5,242.18,240.1,242.18,38272.0,SXR8
2018-09-10,242.59,242.67,241.29,241.58,45839.0,SXR8
2018-09-11,241.3,242.2,240.7,242.15,24730.0,SXR8
2018-09-12,242.76,243.16,241.27,241.82,16694.0,SXR8
2018-09-13,241.66,242.59,241.28,241.63,33651.0,SXR8
2018-09-14,241.97,242.74,241.59,242.56,20724.0,SXR8
2018-09-17,242.72,242.78,241.0,241.28,50621.0,SXR8
2018-09-18,240.8,242.1,240.22,242.1,19746.0,SXR8
2018-09-19,242.26,242.8,241.34,242.45,18675.0,SXR8
2018-09-20,242.37,242.65,241.41,242.65,16785.0,SXR8
2018-09-21,242.49,243.95,242.46,243.35,14558.0,SXR8
2018-09-24,242.34,242.34,240.58,241.22,24780.0,SXR8
2018-09-25,242.01,242.37,240.98,241.71,22471.0,SXR8
2018-09-26,241.75,242.39,241.5,242.19,17921.0,SXR8
2018-09-27,241.94,243.85,241.45,243.82,22640.0,SXR8
2018-09-28,244.0,244.91,243.82,244.57,15658.0,SXR8
2018-10-01,246.11,246.84,245.35,246.84,20524.0,SXR8
2018-10-02,246.27,246.99,246.21,246.47,22945.0,SXR8
2018-10-04,247.16,247.28,245.01,245.52,25943.0,SXR8
2018-10-05,245.81,246.02,244.27,244.27,27009.0,SXR8
2018-10-08,244.32,245.29,243.94,243.94,62511.0,SXR8
2018-10-09,244.82,245.5,244.34,245.07,26131.0,SXR8
2018-10-10,244.18,244.4,239.68,239.68,28588.0,SXR8
2018-10-11,234.1,235.09,231.5,232.26,59084.0,SXR8
2018-10-12,233.05,234.12,232.26,232.61,26376.0,SXR8
2018-10-15,232.02,232.92,231.04,232.88,59663.0,SXR8
2018-10-16,231.85,234.66,231.66,234.59,28250.0,SXR8
2018-10-17,237.57,237.61,235.02,236.05,23437.0,SXR8
2018-10-18,237.66,237.83,235.22,235.22,28146.0,SXR8
2018-10-19,236.32,237.22,235.7,235.87,35218.0,SXR8
2018-10-22,234.39,235.75,233.62,234.73,32487.0,SXR8
2018-10-23,231.25,231.86,228.93,229.93,41631.0,SXR8
2018-10-24,231.67,234.83,231.15,231.15,45774.0,SXR8
2018-10-25,227.92,231.83,227.71,231.5,24746.0,SXR8
2018-10-26,228.87,229.08,225.15,227.78,34169.0,SXR8
2018-10-29,227.76,231.9,227.76,228.94,24477.0,SXR8
2018-10-30,227.85,229.07,225.7,228.01,65471.0,SXR8
2018-10-31,231.68,235.1,231.5,233.99,42438.0,SXR8
2018-11-01,232.68,233.69,231.73,233.5,25599.0,SXR8
2018-11-02,235.43,235.5,232.2,232.44,62289.0,SXR8
2018-11-05,232.66,233.96,232.42,233.13,151434.0,SXR8
2018-11-06,233.95,234.88,233.1,234.38,25175.0,SXR8
2018-11-07,235.38,237.43,235.35,237.33,82157.0,SXR8
2018-11-08,239.88,240.13,239.1,239.98,24397.0,SXR8
2018-11-09,240.75,240.75,238.63,239.37,21955.0,SXR8
2018-11-12,241.35,241.35,237.42,237.42,29397.0,SXR8
2018-11-13,238.09,238.57,235.59,237.23,11613.0,SXR8
2018-11-14,235.09,237.11,233.83,233.83,21466.0,SXR8
2018-11-15,233.33,233.71,230.5,232.97,45276.0,SXR8
2018-11-16,234.52,234.6,232.19,233.2,29919.0,SXR8
2018-11-19,234.32,234.67,230.44,230.44,18899.0,SXR8
2018-11-20,228.48,228.99,225.66,227.44,18713.0,SXR8
2018-11-21,227.22,228.52,226.81,228.31,45986.0,SXR8
2018-11-22,226.88,226.88,224.92,225.2,36034.0,SXR8
2018-11-23,225.92,227.62,225.64,227.62,31440.0,SXR8
2018-11-26,227.87,229.81,227.82,228.8,26551.0,SXR8
2018-11-27,230.31,231.26,228.8,231.02,24706.0,SXR8
2018-11-28,232.53,233.33,232.23,232.92,10083.0,SXR8
2018-11-29,234.69,235.0,233.58,234.54,59724.0,SXR8
2018-11-30,234.96,236.76,234.3,236.15,33079.0,SXR8
2018-12-03,241.54,241.93,238.98,239.18,111423.0,SXR8
2018-12-04,238.53,238.91,237.23,237.95,28530.0,SXR8
2018-12-05,233.36,234.4,233.23,233.23,36813.0,SXR8
2018-12-06,230.85,230.88,225.17,226.32,24062.0,SXR8
2018-12-07,229.43,232.0,227.62,227.74,23330.0,SXR8
2018-12-10,224.88,226.19,221.8,222.81,45500.0,SXR8
2018-12-11,226.57,230.45,225.95,228.68,49078.0,SXR8
2018-12-12,228.33,230.07,228.29,229.77,41445.0,SXR8
2018-12-13,229.14,229.55,227.48,228.4,35648.0,SXR8
2018-12-14,226.03,228.0,225.84,226.78,44113.0,SXR8
2018-12-17,224.83,224.95,221.26,223.3,44708.0,SXR8
2018-12-18,219.97,221.08,219.54,220.26,24640.0,SXR8
2018-12-19,218.65,219.84,217.91,219.2,45694.0,SXR8
2018-12-20,213.13,214.78,211.96,212.43,99819.0,SXR8
2018-12-21,211.49,214.75,210.67,212.2,61965.0,SXR8
2018-12-27,210.95,211.26,206.59,208.71,24033.0,SXR8
2018-12-28,212.15,214.88,212.15,214.0,19830.0,SXR8
2019-01-02,211.46,216.18,209.6,215.53,36754.0,SXR8
2019-01-03,213.11,214.34,210.0,212.16,47441.0,SXR8
2019-01-04,212.31,216.25,211.7,215.64,45262.0,SXR8
2019-01-07,216.99,217.81,215.2,217.81,42329.0,SXR8
2019-01-08,218.49,220.61,217.8,218.12,25952.0,SXR8
2019-01-09,219.75,220.69,218.13,219.32,29605.0,SXR8
2019-01-10,217.31,219.96,216.94,219.96,28690.0,SXR8
2019-01-11,220.01,220.7,219.18,220.7,15920.0,SXR8
2019-01-14,219.39,220.58,219.27,220.2,41327.0,SXR8
2019-01-15,221.34,223.26,220.84,223.25,29873.0,SXR8
2019-01-16,224.25,225.2,223.78,225.01,19152.0,SXR8
2019-01-17,223.4,225.26,223.19,225.23,12106.0,SXR8
2019-01-18,226.94,229.9,226.52,229.74,36284.0,SXR8
2019-01-21,229.1,229.42,228.77,229.16,27571.0,SXR8
2019-01-22,228.61,229.06,227.72,228.05,18148.0,SXR8
2019-01-23,226.56,228.42,225.72,226.06,11470.0,SXR8
2019-01-24,226.88,228.3,226.68,227.55,19606.0,SXR8
2019-01-25,228.79,229.36,228.57,228.73,15632.0,SXR8
2019-01-28,227.77,227.82,224.93,225.32,25541.0,SXR8
2019-01-29,225.34,227.07,225.26,225.83,16069.0,SXR8
2019-01-30,226.29,227.91,226.06,227.91,19318.0,SXR8
2019-01-31,228.79,230.71,228.22,230.63,28915.0,SXR8
2019-02-01,231.59,232.08,230.25,231.19,31504.0,SXR8
2019-02-04,231.48,232.35,231.05,232.35,23448.0,SXR8
2019-02-05,233.05,234.96,233.05,234.54,17798.0,SXR8
2019-02-06,234.66,235.35,234.25,234.91,12555.0,SXR8
2019-02-07,234.97,235.39,231.87,231.87,14559.0,SXR8
2019-02-08,232.76,233.48,231.99,232.16,10533.0,SXR8
2019-02-11,234.08,235.72,234.08,235.1,10414.0,SXR8
2019-02-12,236.55,237.42,236.48,237.29,20838.0,SXR8
2019-02-13,238.31,239.64,237.76,238.7,21524.0,SXR8
2019-02-14,239.81,240.21,236.81,237.94,16483.0,SXR8
2019-02-15,237.37,241.22,237.24,240.6,15028.0,SXR8
2019-02-18,240.75,241.0,240.0,240.56,7468.0,SXR8
2019-02-19,240.68,240.82,239.78,240.04,13603.0,SXR8
2019-02-20,240.06,240.57,239.56,240.02,12077.0,SXR8
2019-02-21,241.28,241.47,239.36,240.0,28721.0,SXR8
2019-02-22,239.97,241.44,239.88,241.44,14957.0,SXR8
2019-02-25,241.98,243.17,241.67,242.69,22781.0,SXR8
2019-02-26,241.06,241.77,240.4,241.45,34374.0,SXR8
2019-02-27,239.91,240.31,239.28,240.28,14342.0,SXR8
2019-02-28,239.74,240.67,239.41,240.4,14835.0,SXR8
2019-03-01,241.25,241.9,240.63,240.63,32214.0,SXR8
2019-03-04,243.22,244.0,242.0,242.07,47065.0,SXR8
2019-03-05,241.84,242.51,241.0,242.51,24172.0,SXR8
2019-03-06,241.94,242.15,240.63,240.9,8109.0,SXR8
2019-03-07,239.7,241.66,239.5,240.98,16557.0,SXR8
2019-03-08,239.66,240.11,237.75,238.45,43088.0,SXR8
2019-03-11,240.0,242.68,239.65,242.42,6924.0,SXR8
2019-03-12,243.05,243.6,242.31,242.8,10680.0,SXR8
2019-03-13,242.76,244.55,242.61,244.2,14946.0,SXR8
2019-03-14,243.93,244.61,243.46,244.26,19694.0,SXR8
2019-03-15,243.82,245.22,243.47,245.22,24225.0,SXR8
2019-03-18,244.64,245.3,244.2,244.8,11623.0,SXR8
2019-03-19,245.45,246.69,245.3,246.18,25085.0,SXR8
2019-03-20,245.08,245.55,243.39,243.39,45793.0,SXR8
2019-03-21,242.39,246.37,242.16,245.91,35782.0,SXR8
2019-03-22,246.19,247.34,243.99,244.35,105537.0,SXR8
2019-03-25,242.77,243.61,241.78,242.52,59848.0,SXR8
2019-03-26,243.7,246.12,243.53,244.91,46327.0,SXR8
2019-03-27,246.31,246.31,243.26,244.18,26552.0,SXR8
2019-03-28,244.71,246.51,244.7,245.37,22723.0,SXR8
2019-03-29,246.92,247.59,244.21,247.39,72626.0,SXR8
2019-04-01,249.27,250.3,249.09,250.26,22287.0,SXR8
2019-04-02,250.99,251.68,250.88,251.32,19761.0,SXR8
2019-04-03,251.75,252.22,250.82,252.02,46489.0,SXR8
2019-04-04,251.15,252.26,250.99,251.62,10486.0,SXR8
2019-04-05,252.31,253.28,251.8,253.0,20976.0,SXR8
2019-04-08,252.73,252.81,251.04,252.05,32815.0,SXR8
2019-04-09,252.21,252.24,250.49,251.14,12067.0,SXR8
2019-04-10,251.3,252.16,251.0,251.66,40443.0,SXR8
2019-04-11,251.81,252.54,251.33,252.1,35696.0,SXR8
2019-04-12,251.68,252.79,251.57,252.04,19656.0,SXR8
2019-04-15,252.45,252.8,251.89,252.26,18280.0,SXR8
2019-04-16,252.84,253.85,252.78,253.23,22873.0,SXR8
2019-04-17,252.96,253.92,252.32,252.32,22585.0,SXR8
2019-04-18,251.58,254.14,251.56,253.51,12924.0,SXR8
2019-04-23,254.23,256.85,253.73,256.85,14039.0,SXR8
2019-04-24,257.19,257.8,256.75,257.74,20497.0,SXR8
2019-04-25,258.11,259.12,256.78,258.58,13678.0,SXR8
2019-04-26,257.69,258.7,257.09,258.16,33191.0,SXR8
2019-04-29,258.96,259.55,258.74,259.14,14712.0,SXR8
2019-04-30,258.23,258.27,256.57,257.25,34659.0,SXR8
2019-05-02,257.03,257.7,255.83,256.07,89486.0,SXR8
2019-05-03,257.25,258.41,257.19,258.06,15023.0,SXR8
2019-05-06,253.86,256.63,253.82,256.38,45917.0,SXR8
2019-05-07,256.65,256.79,253.42,254.07,72907.0,SXR8
2019-05-08,253.7,254.21,251.8,253.11,90293.0,SXR8
2019-05-09,251.64,252.14,247.97,248.94,47982.0,SXR8
2019-05-10,251.41,251.61,247.25,247.79,44166.0,SXR8
2019-05-13,249.96,249.97,245.8,246.29,64141.0,SXR8
2019-05-14,246.8,249.92,246.44,249.92,43254.0,SXR8
2019-05-15,249.72,250.59,246.73,250.34,46167.0,SXR8
2019-05-16,250.01,254.33,249.44,254.33,45679.0,SXR8
2019-05-17,252.57,254.47,251.11,253.85,47804.0,SXR8
2019-05-20,252.84,252.98,249.78,250.46,76988.0,SXR8
2019-05-21,251.87,253.0,251.17,252.52,32418.0,SXR8
2019-05-22,252.44,252.58,250.9,252.11,45574.0,SXR8
2019-05-23,250.89,250.91,248.5,248.55,67273.0,SXR8
2019-05-24,249.11,249.96,247.82,248.33,16943.0,SXR8
2019-05-27,249.15,249.4,248.67,248.8,75576.0,SXR8
2019-05-28,249.58,249.83,248.3,248.94,34966.0,SXR8
2019-05-29,246.12,246.59,245.5,245.7,37149.0,SXR8
2019-05-30,246.72,247.69,246.31,246.35,7351.0,SXR8
2019-05-31,244.39,244.5,242.78,244.44,37226.0,SXR8
2019-06-03,241.55,242.95,240.85,242.16,63894.0,SXR8
2019-06-04,240.24,244.37,240.07,244.37,28283.0,SXR8
2019-06-05,245.56,246.93,245.0,246.39,36243.0,SXR8
2019-06-06,248.0,248.8,246.4,247.31,37119.0,SXR8
2019-06-07,249.26,250.71,247.79,249.93,25910.0,SXR8
2019-06-11,252.08,253.37,251.71,251.71,26284.0,SXR8
2019-06-12,250.26,251.43,250.1,250.77,32656.0,SXR8
2019-06-13,251.09,252.84,250.9,252.25,20150.0,SXR8
2019-06-14,252.2,253.55,252.0,253.55,16150.0,SXR8
2019-06-17,254.44,254.59,253.2,253.83,12105.0,SXR8
2019-06-18,253.51,258.26,253.12,257.46,25893.0,SXR8
2019-06-19,257.3,257.46,256.27,256.45,19241.0,SXR8
2019-06-20,257.61,258.21,257.0,257.23,24872.0,SXR8
2019-06-21,257.68,258.11,256.54,257.73,22614.0,SXR8
2019-06-24,255.99,256.14,255.16,255.39,30198.0,SXR8
2019-06-25,254.4,255.1,253.77,254.1,21095.0,SXR8
2019-06-26,253.42,254.61,252.98,253.04,7763.0,SXR8
2019-06-27,254.08,254.11,252.51,253.2,26201.0,SXR8
2019-06-28,253.84,254.43,253.61,254.15,15393.0,SXR8
2019-07-01,259.23,259.24,258.04,258.47,33236.0,SXR8
2019-07-02,258.86,259.28,258.05,258.51,15170.0,SXR8
2019-07-03,259.99,261.4,259.98,261.4,21707.0,SXR8
2019-07-04,261.79,262.39,261.68,262.2,11318.0,SXR8
2019-07-05,262.28,262.48,261.28,261.96,38019.0,SXR8
2019-07-08,261.94,262.26,261.41,261.64,12586.0,SXR8
2019-07-09,260.68,261.88,260.5,261.59,9558.0,SXR8
2019-07-10,261.46,263.55,261.0,262.1,16914.0,SXR8
2019-07-11,262.51,263.17,262.37,262.9,17679.0,SXR8
2019-07-12,262.98,264.0,262.95,263.58,8158.0,SXR8
2019-07-15,263.94,264.42,263.62,263.95,27343.0,SXR8
2019-07-16,264.21,265.33,264.17,264.91,26196.0,SXR8
2019-07-17,264.77,264.84,262.96,263.19,9748.0,SXR8
2019-07-18,261.11,262.5,261.07,261.51,9552.0,SXR8
2019-07-19,263.05,264.1,263.05,263.58,30481.0,SXR8
2019-07-22,261.88,262.75,261.81,262.18,21302.0,SXR8
2019-07-23,263.74,265.0,263.65,264.64,17691.0,SXR8
2019-07-24,265.76,266.46,265.29,266.19,10921.0,SXR8
2019-07-25,267.81,268.65,265.0,265.93,35321.0,SXR8
2019-07-26,266.63,268.16,266.63,268.16,17052.0,SXR8
2019-07-29,267.95,268.66,267.34,267.64,11424.0,SXR8
2019-07-30,267.74,267.95,265.86,266.79,33889.0,SXR8
2019-07-31,266.64,267.44,266.64,267.23,17628.0,SXR8
2019-08-01,266.12,268.77,266.03,268.69,41675.0,SXR8
2019-08-02,262.25,262.85,259.13,259.48,68551.0,SXR8
2019-08-05,257.76,257.99,252.3,253.06,73696.0,SXR8
2019-08-06,250.29,253.9,249.68,251.24,74341.0,SXR8
2019-08-07,253.1,255.01,248.24,251.32,59479.0,SXR8
2019-08-08,254.86,257.35,253.71,257.35,42869.0,SXR8
2019-08-09,258.46,258.86,255.63,255.89,35382.0,SXR8
2019-08-12,258.38,259.1,254.38,254.53,49210.0,SXR8
2019-08-13,253.82,259.6,252.65,257.74,33484.0,SXR8
2019-08-14,258.56,258.56,253.28,254.09,70288.0,SXR8
2019-08-15,253.74,254.2,249.86,253.45,53614.0,SXR8
2019-08-16,254.73,257.38,254.7,257.16,30061.0,SXR8
2019-08-19,259.92,260.69,259.05,260.69,24056.0,SXR8
2019-08-20,261.01,261.43,259.26,260.05,25472.0,SXR8
2019-08-21,259.5,260.72,259.39,260.72,31368.0,SXR8
2019-08-22,260.78,262.06,259.44,260.14,38729.0,SXR8
2019-08-23,261.99,262.16,255.19,255.19,76374.0,SXR8
2019-08-26,254.26,256.82,253.45,255.48,39266.0,SXR8
2019-08-27,255.81,258.68,255.44,256.65,24323.0,SXR8
2019-08-28,255.89,257.37,254.55,257.37,52829.0,SXR8
2019-08-29,257.17,261.39,257.12,261.39,23869.0,SXR8
2019-08-30,262.0,263.83,262.0,262.92,43493.0,SXR8
2019-09-02,262.52,263.82,262.35,262.86,17181.0,SXR8
2019-09-03,262.52,263.61,260.62,262.08,31900.0,SXR8
2019-09-04,263.68,264.38,262.08,262.95,15752.0,SXR8
2019-09-05,265.35,266.95,264.49,266.91,45848.0,SXR8
2019-09-06,266.89,267.88,266.16,267.13,16050.0,SXR8
2019-09-09,268.12,268.19,266.67,266.99,17671.0,SXR8
2019-09-10,266.36,266.83,265.0,265.13,20210.0,SXR8
2019-09-11,266.91,269.11,266.75,269.11,35194.0,SXR8
2019-09-12,270.15,272.48,267.98,269.77,35732.0,SXR8
2019-09-13,268.93,269.68,268.64,269.24,31101.0,SXR8
2019-09-16,267.66,270.0,267.11,269.71,33370.0,SXR8
2019-09-17,269.23,269.54,268.34,268.5,17807.0,SXR8
2019-09-18,268.63,269.15,268.06,268.06,8607.0,SXR8
2019-09-19,268.18,270.67,268.06,270.67,35299.0,SXR8
2019-09-20,269.34,271.0,269.02,270.76,21750.0,SXR8
2019-09-23,269.71,269.97,268.8,269.56,14733.0,SXR8
2019-09-24,270.26,270.77,268.88,268.88,10588.0,SXR8
2019-09-25,267.43,268.88,265.97,268.66,31881.0,SXR8
2019-09-26,269.44,271.02,268.36,268.8,27120.0,SXR8
2019-09-27,270.45,271.2,269.01,269.83,28456.0,SXR8
2019-10-01,272.16,272.16,268.0,268.23,29125.0,SXR8
2019-10-02,266.47,267.48,260.53,260.53,43641.0,SXR8
2019-10-04,262.47,264.97,261.39,264.97,48695.0,SXR8
2019-10-07,265.1,266.07,264.65,266.07,28929.0,SXR8
2019-10-08,265.59,265.69,261.74,262.19,49732.0,SXR8
2019-10-09,261.46,264.52,261.39,262.88,70299.0,SXR8
2019-10-10,262.48,265.27,261.56,264.91,38179.0,SXR8
2019-10-11,265.55,268.46,265.55,268.46,24153.0,SXR8
2019-10-14,267.23,267.28,265.24,267.01,24591.0,SXR8
2019-10-15,267.72,269.42,267.36,268.89,12685.0,SXR8
2019-10-16,268.54,269.0,267.68,267.89,31935.0,SXR8
2019-10-17,267.48,268.0,266.89,266.89,15170.0,SXR8
2019-10-18,266.95,267.03,265.76,265.92,7147.0,SXR8
2019-10-21,265.71,267.06,265.53,266.97,12873.0,SXR8
2019-10-22,267.51,268.34,267.11,267.76,8258.0,SXR8
2019-10-23,266.62,267.52,266.11,267.52,12292.0,SXR8
2019-10-24,267.78,268.97,267.33,268.97,9945.0,SXR8
2019-10-25,268.44,270.37,267.86,270.37,7337.0,SXR8
2019-10-28,270.53,271.86,270.3,271.32,17088.0,SXR8
2019-10-29,271.69,271.83,270.9,271.64,20949.0,SXR8
2019-10-30,270.71,271.38,270.0,270.57,11799.0,SXR8
2019-10-31,270.85,271.1,268.97,269.17,33509.0,SXR8
2019-11-01,270.33,272.24,270.04,271.6,9936.0,SXR8
2019-11-04,272.86,274.26,272.63,274.14,17238.0,SXR8
2019-11-05,274.32,276.0,274.32,275.65,98371.0,SXR8
2019-11-06,275.03,275.46,274.45,275.35,80431.0,SXR8
2019-11-07,276.71,278.0,276.31,277.86,41447.0,SXR8
2019-11-08,276.66,277.65,276.6,277.49,50051.0,SXR8
2019-11-11,276.97,277.4,276.5,276.84,110811.0,SXR8
2019-11-12,278.02,279.6,277.6,279.19,241728.0,SXR8
2019-11-13,278.39,278.96,277.02,278.63,25945.0,SXR8
2019-11-14,278.63,279.34,278.13,278.45,6221.0,SXR8
2019-11-15,279.78,279.85,278.87,279.81,13246.0,SXR8
2019-11-18,280.4,280.44,278.94,279.39,54992.0,SXR8
2019-11-19,280.15,280.86,278.87,279.41,46215.0,SXR8
2019-11-20,278.8,279.62,278.5,279.41,15099.0,SXR8
2019-11-21,278.05,281.65,277.56,277.86,49026.0,SXR8
2019-11-22,278.88,279.57,278.82,279.26,18648.0,SXR8
2019-11-25,280.71,282.17,280.62,282.16,13137.0,SXR8
2019-11-26,282.36,282.86,281.94,282.79,24626.0,SXR8
2019-11-27,283.9,284.19,283.6,284.05,11276.0,SXR8
2019-11-28,283.58,284.21,283.34,284.19,20742.0,SXR8
2019-11-29,283.59,284.61,283.43,283.45,9497.0,SXR8
2019-12-02,284.07,284.66,278.43,278.68,23202.0,SXR8
2019-12-03,279.48,279.67,275.02,275.64,33159.0,SXR8
2019-12-04,276.59,279.26,276.37,279.15,17931.0,SXR8
2019-12-05,279.48,279.74,277.8,278.04,14523.0,SXR8
2019-12-06,279.22,283.14,279.22,283.14,15296.0,SXR8
2019-12-09,282.36,282.54,281.75,282.18,16265.0,SXR8
2019-12-10,281.24,281.78,279.45,280.91,14246.0,SXR8
2019-12-11,281.18,281.59,280.68,280.81,12260.0,SXR8
2019-12-12,280.65,283.59,279.78,282.57,27906.0,SXR8
2019-12-13,282.87,283.68,281.26,282.4,28397.0,SXR8
2019-12-16,283.73,285.25,283.61,285.04,17439.0,SXR8
2019-12-17,284.88,285.01,283.96,284.58,25747.0,SXR8
2019-12-18,284.89,285.71,284.69,285.71,10931.0,SXR8
2019-12-19,285.3,286.1,285.02,286.05,14879.0,SXR8
2019-12-20,286.62,289.41,286.39,289.41,11694.0,SXR8
2019-12-23,289.11,290.0,288.83,289.12,9767.0,SXR8
2019-12-27,289.91,290.39,288.19,288.69,16551.0,SXR8
2019-12-30,287.78,288.51,287.2,287.81,26710.0,SXR8
2020-01-02,287.52,289.19,287.01,287.68,25891.0,SXR8
2020-01-03,287.59,288.73,286.43,288.06,16339.0,SXR8
2020-01-06,287.06,287.57,285.3,287.44,14761.0,SXR8
2020-01-07,288.76,289.72,288.1,289.39,40033.0,SXR8
2020-01-08,288.43,290.76,288.09,290.76,20675.0,SXR8
2020-01-09,292.6,293.4,292.3,293.13,27426.0,SXR8
2020-01-10,295.0,295.0,293.09,293.09,15576.0,SXR8
2020-01-13,292.64,293.33,292.25,292.63,14725.0,SXR8
2020-01-14,293.19,294.44,292.56,293.74,12647.0,SXR8
2020-01-15,293.76,294.15,292.47,293.99,16800.0,SXR8
2020-01-16,294.49,295.44,294.2,295.26,24023.0,SXR8
2020-01-17,296.69,298.26,296.65,297.91,17296.0,SXR8
2020-01-20,297.79,298.37,297.69,298.29,119569.0,SXR8
2020-01-21,297.11,298.27,296.5,298.27,149403.0,SXR8
2020-01-22,299.18,299.69,298.42,298.8,19509.0,SXR8
2020-01-23,297.81,298.62,296.84,298.17,17746.0,SXR8
2020-01-24,299.96,300.76,298.84,299.11,9699.0,SXR8
2020-01-27,294.11,294.69,291.98,293.21,29871.0,SXR8
2020-01-28,294.47,296.36,293.0,296.15,123227.0,SXR8
2020-01-29,296.83,297.92,295.85,297.19,26711.0,SXR8
2020-01-30,293.28,294.87,292.5,293.75,26095.0,SXR8
2020-01-31,296.32,296.38,290.69,290.95,27788.0,SXR8
2020-02-03,291.7,294.3,290.7,292.55,21303.0,SXR8
2020-02-04,294.56,297.9,294.56,297.9,20511.0,SXR8
2020-02-05,300.32,301.11,299.61,300.45,90611.0,SXR8
2020-02-06,303.28,303.56,301.79,303.07,64781.0,SXR8
2020-02-07,303.14,303.79,301.84,303.42,65463.0,SXR8
2020-02-10,302.68,304.7,301.89,304.7,18411.0,SXR8
2020-02-11,306.69,307.8,306.22,306.81,16827.0,SXR8
2020-02-12,307.21,308.55,306.87,308.55,52859.0,SXR8
2020-02-13,307.86,310.3,306.55,310.3,12865.0,SXR8
2020-02-14,310.85,311.15,309.45,310.41,42449.0,SXR8
2020-02-17,311.4,311.66,311.0,311.56,15175.0,SXR8
2020-02-18,309.56,311.34,309.01,309.54,63299.0,SXR8
2020-02-19,311.58,312.96,311.1,312.96,17734.0,SXR8
2020-02-20,312.71,312.77,309.28,309.28,25214.0,SXR8
2020-02-21,309.0,310.04,305.65,307.08,34831.0,SXR8
2020-02-24,301.72,301.72,297.09,297.56,66304.0,SXR8
2020-02-25,298.78,298.97,290.91,292.12,48983.0,SXR8
2020-02-26,288.61,291.72,282.76,289.75,136356.0,SXR8
2020-02-27,281.58,283.0,272.4,277.18,65847.0,SXR8
2020-02-28,264.59,267.93,259.46,264.5,134844.0,SXR8
2020-03-02,271.25,272.78,260.56,269.56,99661.0,SXR8
2020-03-03,275.49,281.0,270.21,271.98,173500.0,SXR8
2020-03-04,271.5,275.88,270.65,274.24,66717.0,SXR8
2020-03-05,276.54,276.54,270.28,273.33,135906.0,SXR8
2020-03-06,265.61,265.95,255.68,260.2,85890.0,SXR8
2020-03-09,240.27,248.66,233.84,242.96,104770.0,SXR8
2020-03-10,246.61,253.37,239.52,243.01,76189.0,SXR8
2020-03-11,246.95,250.21,243.48,245.35,71867.0,SXR8
2020-03-12,232.52,233.93,220.35,225.64,127557.0,SXR8
2020-03-13,230.66,239.3,224.1,228.61,117019.0,SXR8
2020-03-16,228.45,229.76,211.74,225.7,58328.0,SXR8
2020-03-17,224.0,232.26,213.67,227.44,232098.0,SXR8
2020-03-18,218.64,224.26,212.51,218.34,36596.0,SXR8
2020-03-19,219.1,228.0,214.0,223.35,90291.0,SXR8
2020-03-20,230.27,233.8,219.35,221.45,40822.0,SXR8
2020-03-23,207.37,221.45,203.44,207.23,75087.0,SXR8
2020-03-24,215.5,225.26,213.46,224.95,79119.0,SXR8
2020-03-25,228.24,231.42,221.43,230.84,80387.0,SXR8
2020-03-26,223.1,235.74,220.4,235.1,63092.0,SXR8
2020-03-27,233.49,234.5,228.3,229.87,76047.0,SXR8
2020-03-30,229.78,235.93,226.07,235.51,25990.0,SXR8
2020-03-31,238.83,240.62,235.56,239.62,70519.0,SXR8
2020-04-01,228.1,230.25,226.5,228.79,135281.0,SXR8
2020-04-02,228.4,232.26,224.1,230.83,25452.0,SXR8
2020-04-03,230.8,235.0,230.1,230.6,36208.0,SXR8
2020-04-06,238.86,241.8,238.14,240.76,52056.0,SXR8
2020-04-07,248.64,252.52,246.39,249.91,119845.0,SXR8
2020-04-08,244.91,249.78,242.7,249.78,34602.0,SXR8
2020-04-09,253.99,256.86,249.1,255.18,46479.0,SXR8
2020-04-14,256.87,258.92,255.0,257.14,45720.0,SXR8
2020-04-15,258.5,258.57,253.0,253.86,47244.0,SXR8
2020-04-16,257.64,258.33,253.73,257.56,35517.0,SXR8
2020-04-17,264.53,266.4,259.87,260.67,64568.0,SXR8
2020-04-20,263.38,263.46,259.3,263.3,48470.0,SXR8
2020-04-21,259.56,260.25,251.22,251.31,48901.0,SXR8
2020-04-22,254.44,257.56,253.78,257.44,25148.0,SXR8
2020-04-23,259.07,262.55,257.93,261.33,16203.0,SXR8
2020-04-24,258.61,260.95,258.08,258.8,24402.0,SXR8
2020-04-27,262.84,265.08,262.69,265.08,30020.0,SXR8
2020-04-28,265.39,268.6,264.0,265.74,31123.0,SXR8
2020-04-29,266.89,270.42,265.92,269.97,36373.0,SXR8
2020-04-30,271.36,272.12,265.87,265.96,32236.0,SXR8
2020-05-04,257.11,258.56,255.32,258.11,65386.0,SXR8
2020-05-05,262.16,266.61,261.86,266.61,57556.0,SXR8
2020-05-06,266.54,268.21,264.39,265.34,16978.0,SXR8
2020-05-07,265.38,268.2,265.34,268.0,55729.0,SXR8
2020-05-08,269.2,269.6,267.69,268.84,13508.0,SXR8
2020-05-11,271.1,272.1,267.79,270.18,28042.0,SXR8
2020-05-12,269.1,271.25,268.63,269.38,371923.0,SXR8
2020-05-13,264.43,265.54,261.5,261.83,58317.0,SXR8
2020-05-14,260.39,261.46,256.4,260.13,37502.0,SXR8
2020-05-15,265.13,265.48,259.89,261.77,27602.0,SXR8
2020-05-18,267.44,271.97,267.15,271.71,48450.0,SXR8
2020-05-19,271.54,271.69,268.2,270.85,26361.0,SXR8
2020-05-20,268.62,272.0,268.17,271.16,61415.0,SXR8
2020-05-21,269.03,271.12,268.79,269.37,18354.0,SXR8
2020-05-22,267.55,270.82,266.83,269.91,20629.0,SXR8
2020-05-25,273.12,275.0,272.73,275.0,20245.0,SXR8
2020-05-26,276.12,276.57,273.92,274.16,30008.0,SXR8
2020-05-27,275.38,277.14,270.46,272.71,50759.0,SXR8
2020-05-28,276.57,277.55,275.5,276.37,37813.0,SXR8
2020-05-29,273.08,273.25,270.62,271.24,41786.0,SXR8
2020-06-02,274.65,275.97,273.24,274.2,75758.0,SXR8
2020-06-03,275.98,278.12,275.76,277.92,36401.0,SXR8
2020-06-04,277.87,278.39,275.0,275.53,29011.0,SXR8
2020-06-05,276.16,284.11,276.01,284.11,43208.0,SXR8
2020-06-08,282.59,285.05,282.35,284.57,107522.0,SXR8
2020-06-09,286.46,286.57,281.9,282.91,21786.0,SXR8
2020-06-10,284.16,284.63,280.79,281.43,27425.0,SXR8
2020-06-11,276.72,276.93,271.15,271.15,41884.0,SXR8
2020-06-12,268.76,273.4,267.81,270.57,64497.0,SXR8
2020-06-15,262.92,268.84,262.2,268.18,50888.0,SXR8
2020-06-16,273.92,280.7,273.52,277.95,117440.0,SXR8
2020-06-17,278.27,281.0,277.91,279.24,67669.0,SXR8
2020-06-18,277.15,278.6,275.58,278.0,24326.0,SXR8
2020-06-19,279.26,281.48,279.04,280.46,20863.0,SXR8
2020-06-22,276.12,277.43,274.83,276.06,26526.0,SXR8
2020-06-23,277.68,279.47,277.05,278.57,59871.0,SXR8
2020-06-24,277.05,277.75,271.53,271.53,47884.0,SXR8
2020-06-25,270.61,273.28,269.33,271.75,77338.0,SXR8
2020-06-26,275.05,275.75,269.9,270.76,68006.0,SXR8
2020-06-29,268.99,271.05,267.0,270.95,30725.0,SXR8
2020-06-30,273.27,274.61,271.85,274.05,27833.0,SXR8
2020-07-01,276.55,278.41,275.32,276.5,39873.0,SXR8
2020-07-02,277.88,281.61,277.5,280.27,20454.0,SXR8
2020-07-03,280.5,280.53,278.0,278.55,17300.0,SXR8
2020-07-06,281.57,282.41,280.21,282.01,22673.0,SXR8
2020-07-07,281.04,282.54,279.87,281.87,58690.0,SXR8
2020-07-08,279.77,280.59,277.92,278.47,22110.0,SXR8
2020-07-09,279.75,281.08,276.5,277.61,17994.0,SXR8
2020-07-10,278.2,280.37,277.9,280.23,54168.0,SXR8
2020-07-13,283.5,285.24,282.89,285.07,16784.0,SXR8
2020-07-14,280.42,280.53,275.8,278.7,37864.0,SXR8
2020-07-15,282.62,284.35,281.57,282.95,30814.0,SXR8
2020-07-16,282.2,282.58,280.79,281.27,18879.0,SXR8
2020-07-17,282.76,283.25,281.15,282.53,8684.0,SXR8
2020-07-20,280.59,283.98,280.22,283.68,18865.0,SXR8
2020-07-21,286.21,287.45,285.0,285.74,50093.0,SXR8
2020-07-22,283.51,283.87,281.28,282.45,22143.0,SXR8
2020-07-23,284.22,284.97,282.66,283.03,14861.0,SXR8
2020-07-24,277.75,279.71,276.85,277.56,16308.0,SXR8
2020-07-27,276.28,277.07,274.74,274.74,15685.0,SXR8
2020-07-28,277.06,277.69,275.25,276.92,13594.0,SXR8
2020-07-29,275.55,276.54,275.11,276.49,13001.0,SXR8
2020-07-30,276.87,276.87,272.64,275.17,21825.0,SXR8
2020-07-31,275.18,277.28,273.69,275.22,11955.0,SXR8
2020-08-03,279.1,282.29,278.0,281.77,41519.0,SXR8
2020-08-04,281.44,282.11,279.29,281.47,18557.0,SXR8
2020-08-05,281.82,282.35,280.23,280.66,22802.0,SXR8
2020-08-06,281.02,282.85,280.24,281.61,10958.0,SXR8
2020-08-07,283.14,285.54,282.66,284.95,15127.0,SXR8
2020-08-10,285.99,286.78,284.57,285.94,15323.0,SXR8
2020-08-11,288.04,288.64,286.59,287.67,20016.0,SXR8
2020-08-12,286.88,287.6,285.92,287.57,27081.0,SXR8
2020-08-13,286.45,287.3,285.7,287.02,11907.0,SXR8
2020-08-14,287.05,287.37,285.16,286.54,14963.0,SXR8
2020-08-17,286.04,286.67,285.5,286.29,14293.0,SXR8
2020-08-18,285.38,286.29,283.84,285.2,15722.0,SXR8
2020-08-19,285.33,286.8,285.12,286.8,6992.0,SXR8
2020-08-20,284.85,286.37,284.54,286.23,10318.0,SXR8
2020-08-21,286.72,289.58,286.61,288.71,18872.0,SXR8
2020-08-24,290.45,291.14,290.0,291.06,11102.0,SXR8
2020-08-25,293.38,293.52,290.96,291.76,9957.0,SXR8
2020-08-26,292.74,294.1,292.71,293.78,14153.0,SXR8
2020-08-27,295.39,298.13,294.09,297.51,18061.0,SXR8
2020-08-28,296.32,296.32,294.22,294.91,8730.0,SXR8
2020-08-31,297.27,297.99,293.78,294.28,17253.0,SXR8
2020-09-01,294.52,295.63,293.0,295.23,17318.0,SXR8
2020-09-02,298.99,301.59,298.9,301.01,18337.0,SXR8
2020-09-03,304.87,305.98,293.84,294.85,23320.0,SXR8
2020-09-04,291.91,295.93,285.59,287.63,33942.0,SXR8
2020-09-07,289.2,292.26,288.79,292.08,28585.0,SXR8
2020-09-08,292.65,293.01,285.0,286.1,73712.0,SXR8
2020-09-09,285.08,289.6,285.08,289.43,55344.0,SXR8
2020-09-10,289.09,289.4,286.52,288.04,19112.0,SXR8
2020-09-11,285.79,286.32,283.44,284.54,22699.0,SXR8
2020-09-14,287.0,287.9,285.21,287.9,18892.0,SXR8
2020-09-15,286.89,289.99,286.63,289.99,21125.0,SXR8
2020-09-16,289.48,290.51,289.14,290.42,19154.0,SXR8
2020-09-17,284.98,287.11,283.56,285.96,25482.0,SXR8
2020-09-18,284.91,286.26,282.68,282.68,53827.0,SXR8
2020-09-21,280.77,280.78,276.81,276.9,31361.0,SXR8
2020-09-22,280.57,282.8,280.0,281.35,18756.0,SXR8
2020-09-23,284.95,286.09,283.76,283.76,17668.0,SXR8
2020-09-24,278.62,280.9,277.57,280.28,26954.0,SXR8
2020-09-25,280.55,282.84,278.39,282.72,20871.0,SXR8
2020-09-28,287.17,289.26,286.95,289.04,15514.0,SXR8
2020-09-29,289.06,289.06,286.06,286.24,11535.0,SXR8
2020-09-30,284.32,289.75,284.18,289.26,30745.0,SXR8
2020-10-01,290.02,290.87,288.59,289.68,40698.0,SXR8
2020-10-02,286.3,288.68,284.64,287.83,30034.0,SXR8
2020-10-05,289.33,290.05,288.0,289.65,25802.0,SXR8
2020-10-06,290.57,291.4,289.65,290.61,29471.0,SXR8
2020-10-07,289.07,291.3,288.8,291.11,15862.0,SXR8
2020-10-08,294.14,295.15,292.91,293.72,16953.0,SXR8
2020-10-09,295.56,295.78,294.48,295.14,19703.0,SXR8
2020-10-12,296.46,300.69,296.46,300.69,39033.0,SXR8
2020-10-13,301.09,302.35,300.51,302.21,19920.0,SXR8
2020-10-14,301.81,302.78,300.12,300.4,45407.0,SXR8
2020-10-15,297.52,298.36,296.0,297.88,23952.0,SXR8
2020-10-16,299.75,301.81,299.0,300.7,16840.0,SXR8
2020-10-19,300.72,301.04,296.0,296.87,24717.0,SXR8
2020-10-20,294.58,295.1,289.73,292.95,69180.0,SXR8
2020-10-21,293.45,293.86,291.16,292.25,25360.0,SXR8
2020-10-22,290.65,293.1,290.08,292.22,12622.0,SXR8
2020-10-23,294.24,295.0,293.34,293.46,18162.0,SXR8
2020-10-26,291.25,292.77,288.36,288.36,27634.0,SXR8
2020-10-27,290.23,291.19,288.41,288.95,23505.0,SXR8
2020-10-28,287.68,287.82,281.64,282.55,43655.0,SXR8
2020-10-29,283.6,285.22,280.5,285.08,43480.0,SXR8
2020-10-30,280.82,284.59,279.5,281.99,42942.0,SXR8
2020-11-02,283.81,288.01,283.58,286.53,41157.0,SXR8
2020-11-03,287.13,291.02,286.83,290.76,33200.0,SXR8
2020-11-04,289.74,298.48,288.86,298.16,51099.0,SXR8
2020-11-05,298.51,300.53,297.23,299.73,48641.0,SXR8
2020-11-06,297.61,298.56,294.47,297.25,43352.0,SXR8
2020-11-09,301.02,311.25,300.82,307.96,50256.0,SXR8
2020-11-10,303.14,304.06,299.58,301.46,48635.0,SXR8
2020-11-11,303.11,306.49,302.95,305.91,23601.0,SXR8
2020-11-12,303.75,304.5,303.0,303.47,27910.0,SXR8
2020-11-13,302.9,304.31,302.43,303.44,25604.0,SXR8
2020-11-16,307.1,309.75,306.54,308.39,40941.0,SXR8
2020-11-17,307.56,307.68,304.7,306.71,28777.0,SXR8
2020-11-18,305.28,307.95,305.14,307.08,34213.0,SXR8
2020-11-19,303.61,303.86,302.19,302.91,21603.0,SXR8
2020-11-20,302.87,304.53,302.67,304.19,20709.0,SXR8
2020-11-23,303.32,304.84,302.15,303.26,23226.0,SXR8
2020-11-24,306.34,307.74,305.49,307.73,30388.0,SXR8
2020-11-25,308.32,308.5,306.2,306.97,22855.0,SXR8
2020-11-26,307.25,307.79,307.0,307.18,12067.0,SXR8
2020-11-27,306.76,307.76,306.73,306.73,19969.0,SXR8
2020-11-30,304.41,305.72,302.62,303.94,23334.0,SXR8
2020-12-01,307.68,308.93,306.93,307.3,36189.0,SXR8
2020-12-02,305.03,306.11,304.29,305.4,19611.0,SXR8
2020-12-03,304.88,305.4,304.05,305.15,18501.0,SXR8
2020-12-04,305.02,306.72,304.49,306.72,17766.0,SXR8
2020-12-07,307.03,307.33,306.15,307.03,34550.0,SXR8
2020-12-08,306.7,308.04,305.3,308.04,25490.0,SXR8
2020-12-09,308.37,309.15,308.2,308.48,34458.0,SXR8
2020-12-10,306.42,306.99,303.5,305.93,21920.0,SXR8
2020-12-11,304.76,304.8,302.09,303.4,21798.0,SXR8
2020-12-14,305.72,307.4,305.4,305.43,20999.0,SXR8
2020-12-15,304.12,305.3,303.65,304.33,30178.0,SXR8
2020-12-16,307.04,307.04,304.91,306.84,22247.0,SXR8
2020-12-17,306.97,307.22,305.7,305.99,17324.0,SXR8
2020-12-18,306.0,307.0,304.8,305.08,15293.0,SXR8
2020-12-21,305.96,306.23,299.5,302.43,34834.0,SXR8
2020-12-22,304.25,306.11,304.24,305.2,16700.0,SXR8
2020-12-23,305.66,306.62,305.52,306.33,11023.0,SXR8
2020-12-28,307.54,308.87,307.08,308.33,13492.0,SXR8
2020-12-29,309.44,309.82,307.38,308.13,15224.0,SXR8
2020-12-30,307.93,308.64,307.19,307.39,12602.0,SXR8
2021-01-04,310.36,310.72,303.51,304.35,37667.0,SXR8
2021-01-05,304.39,306.4,303.29,305.07,37432.0,SXR8
2021-01-06,304.34,310.32,302.75,309.77,15946.0,SXR8
2021-01-07,309.63,313.67,309.0,312.8,30247.0,SXR8
2021-01-08,315.47,315.48,313.82,314.01,20672.0,SXR8
2021-01-11,315.53,316.84,314.7,316.31,18669.0,SXR8
2021-01-12,316.22,316.84,315.15,315.75,19301.0,SXR8
2021-01-13,315.11,316.45,313.82,316.2,27716.0,SXR8
2021-01-14,317.24,318.68,316.56,317.25,17690.0,SXR8
2021-01-15,315.23,315.74,313.26,315.2,24370.0,SXR8
2021-01-18,314.69,315.75,314.4,315.55,11965.0,SXR8
2021-01-19,316.59,317.0,314.75,315.2,17212.0,SXR8
2021-01-20,316.06,320.47,315.94,320.2,24552.0,SXR8
2021-01-21,321.8,321.89,319.69,320.25,13300.0,SXR8
2021-01-22,318.63,318.76,316.73,318.36,19346.0,SXR8
2021-01-25,319.98,321.5,316.34,318.31,24043.0,SXR8
2021-01-26,319.8,321.28,319.49,319.94,30006.0,SXR8
2021-01-27,319.28,320.56,315.39,316.07,22301.0,SXR8
2021-01-28,312.03,318.21,309.71,317.6,24895.0,SXR8
2021-01-29,311.94,314.3,310.56,310.56,26691.0,SXR8
2021-02-01,311.47,314.3,311.1,314.3,36508.0,SXR8
2021-02-02,317.3,322.21,317.24,322.17,40567.0,SXR8
2021-02-03,322.93,323.2,320.9,321.74,42949.0,SXR8
2021-02-04,322.19,325.33,322.12,325.22,34417.0,SXR8
2021-02-05,327.29,328.42,325.64,326.45,28152.0,SXR8
2021-02-08,327.16,327.91,326.87,327.02,41862.0,SXR8
2021-02-09,327.29,327.67,325.99,326.69,22903.0,SXR8
2021-02-10,326.99,327.53,323.7,325.23,36298.0,SXR8
2021-02-11,326.36,326.96,325.91,326.38,11977.0,SXR8
2021-02-12,325.96,327.5,325.36,327.02,13463.0,SXR8
2021-02-15,329.07,329.73,328.54,329.58,18858.0,SXR8
2021-02-16,329.66,329.87,328.19,328.68,26119.0,SXR8
2021-02-17,328.9,329.79,327.59,327.95,26124.0,SXR8
2021-02-18,328.96,329.04,325.25,326.3,36498.0,SXR8
2021-02-19,326.39,327.88,325.77,327.26,16468.0,SXR8
2021-02-22,323.44,323.89,322.43,323.53,30129.0,SXR8
2021-02-23,323.57,323.58,317.43,320.97,46318.0,SXR8
2021-02-24,322.18,325.14,321.78,325.14,28588.0,SXR8
2021-02-25,325.95,325.97,321.32,321.61,22123.0,SXR8
2021-02-26,318.33,321.28,316.39,321.12,46343.0,SXR8
2021-03-01,322.93,327.03,322.84,326.97,44400.0,SXR8
2021-03-02,326.99,327.9,324.75,324.75,28341.0,SXR8
2021-03-03,325.87,326.65,322.0,323.69,33141.0,SXR8
2021-03-04,320.48,322.3,318.47,321.52,32811.0,SXR8
2021-03-05,317.94,323.13,317.0,318.12,57029.0,SXR8
2021-03-08,324.34,330.61,323.75,329.77,33069.0,SXR8
2021-03-09,327.76,331.3,327.49,331.01,36297.0,SXR8
2021-03-10,329.33,332.18,329.09,331.73,42748.0,SXR8
2021-03-11,332.57,334.38,331.7,334.36,21128.0,SXR8
2021-03-12,332.41,333.46,331.8,332.36,14820.0,SXR8
2021-03-15,334.52,335.83,333.24,334.2,22130.0,SXR8
2021-03-16,336.99,338.53,336.1,337.52,24923.0,SXR8
2021-03-17,337.34,337.46,334.64,335.35,13571.0,SXR8
2021-03-18,335.58,336.57,334.16,335.93,24562.0,SXR8
2021-03-19,333.15,334.37,331.25,333.4,34732.0,SXR8
2021-03-22,332.25,334.49,332.0,334.36,32088.0,SXR8
2021-03-23,334.3,336.63,333.76,336.18,17377.0,SXR8
2021-03-24,334.86,337.1,334.72,336.46,20866.0,SXR8
2021-03-25,333.75,334.75,330.77,334.52,30049.0,SXR8
2021-03-26,337.38,338.19,336.32,338.06,17003.0,SXR8
2021-03-29,339.81,341.09,339.08,340.21,26392.0,SXR8
2021-03-30,342.43,342.63,340.56,341.95,30715.0,SXR8
2021-03-31,341.69,343.51,340.8,343.51,20662.0,SXR8
2021-04-01,344.01,345.41,343.6,344.69,30889.0,SXR8
2021-04-06,348.98,349.49,348.08,348.84,44086.0,SXR8
2021-04-07,347.44,348.11,346.46,347.01,35540.0,SXR8
2021-04-08,349.2,349.52,347.25,348.17,25389.0,SXR8
2021-04-09,349.0,349.78,348.87,349.58,23092.0,SXR8
2021-04-12,350.83,351.35,349.95,350.31,28684.0,SXR8
2021-04-13,351.6,352.07,349.74,350.76,28157.0,SXR8
2021-04-14,350.71,351.55,350.3,350.52,18632.0,SXR8
2021-04-15,350.03,352.42,350.01,352.33,23507.0,SXR8
2021-04-16,352.44,353.81,352.07,353.19,22689.0,SXR8
2021-04-19,353.1,353.41,350.0,350.68,23088.0,SXR8
2021-04-20,349.96,350.31,346.87,346.87,33114.0,SXR8
2021-04-21,348.29,349.98,347.83,349.74,20298.0,SXR8
2021-04-22,350.58,352.09,349.95,352.09,20772.0,SXR8
2021-04-23,348.52,350.78,347.13,350.65,17860.0,SXR8
2021-04-26,350.02,351.97,349.35,351.44,18877.0,SXR8
2021-04-27,351.98,352.24,349.92,350.91,23928.0,SXR8
2021-04-28,352.27,352.29,350.79,350.95,18206.0,SXR8
2021-04-29,351.89,352.57,350.29,350.58,20566.0,SXR8
2021-04-30,351.48,352.5,350.6,352.3,27017.0,SXR8
2021-05-03,353.34,353.97,352.0,352.69,30537.0,SXR8
2021-05-04,352.78,353.75,348.27,349.46,29505.0,SXR8
2021-05-05,352.34,353.7,351.45,353.06,25365.0,SXR8
2021-05-06,352.13,352.4,348.6,350.95,21520.0,SXR8
2021-05-07,353.18,354.42,351.82,353.24,22705.0,SXR8
2021-05-10,352.99,353.4,351.68,352.55,26298.0,SXR8
2021-05-11,348.53,348.53,342.78,345.55,38137.0,SXR8
2021-05-12,346.35,346.69,343.8,343.8,37912.0,SXR8
2021-05-13,340.37,346.5,338.95,345.12,22516.0,SXR8
2021-05-14,346.26,347.88,345.2,347.88,17693.0,SXR8
2021-05-17,348.26,348.66,346.21,346.32,23622.0,SXR8
2021-05-18,347.84,347.84,344.9,345.55,20044.0,SXR8
2021-05-19,340.14,340.7,336.9,338.86,44482.0,SXR8
2021-05-20,342.2,345.29,340.29,345.29,32992.0,SXR8
2021-05-21,345.51,348.59,345.21,347.1,36064.0,SXR8
2021-05-25,348.74,348.99,347.19,347.19,33143.0,SXR8
2021-05-26,348.18,348.69,347.0,348.52,13892.0,SXR8
2021-05-27,348.09,350.52,347.72,349.89,28364.0,SXR8
2021-05-28,350.71,352.11,350.33,350.5,12094.0,SXR8
2021-05-31,350.13,350.3,348.0,348.16,22457.0,SXR8
2021-06-01,349.3,351.05,348.0,349.06,38047.0,SXR8
2021-06-02,349.11,350.48,348.45,350.18,16807.0,SXR8
2021-06-03,350.13,351.47,347.03,351.2,20038.0,SXR8
2021-06-04,351.19,352.32,350.68,351.91,23688.0,SXR8
2021-06-07,352.65,353.11,350.89,350.89,26765.0,SXR8
2021-06-08,352.16,352.97,350.57,351.16,24253.0,SXR8
2021-06-09,352.08,352.65,351.42,352.26,14045.0,SXR8
2021-06-10,352.06,354.34,351.1,353.31,11675.0,SXR8
2021-06-11,352.92,355.75,352.81,355.54,16221.0,SXR8
2021-06-14,356.65,356.98,354.47,354.74,20713.0,SXR8
2021-06-15,356.69,357.13,354.96,354.96,23084.0,SXR8
2021-06-16,355.64,356.18,355.0,355.65,19957.0,SXR8
2021-06-17,356.49,360.1,356.34,359.91,25211.0,SXR8
2021-06-18,360.45,360.6,357.21,357.68,21730.0,SXR8
2021-06-21,355.52,359.47,355.45,359.32,70523.0,SXR8
2021-06-22,360.51,361.68,359.67,361.47,30483.0,SXR8
2021-06-23,362.27,362.36,360.34,360.79,24728.0,SXR8
2021-06-24,361.66,363.48,361.5,363.0,23847.0,SXR8
2021-06-25,362.77,363.68,362.21,363.68,10468.0,SXR8
2021-06-28,364.29,365.32,363.8,364.0,19744.0,SXR8
2021-06-29,365.23,367.15,365.04,366.19,16752.0,SXR8
2021-06-30,366.54,368.18,365.32,368.0,28113.0,SXR8
2021-07-01,368.85,369.87,367.55,369.08,40010.0,SXR8
2021-07-02,370.75,371.97,370.69,371.6,20108.0,SXR8
2021-07-05,372.0,372.83,371.43,372.69,31535.0,SXR8
2021-07-06,371.42,373.61,370.9,371.65,22491.0,SXR8
2021-07-07,373.2,374.77,372.93,374.44,42164.0,SXR8
2021-07-08,373.14,373.73,367.38,369.86,30283.0,SXR8
2021-07-09,371.64,373.67,370.83,373.67,17707.0,SXR8
2021-07-12,373.79,375.0,371.97,374.77,18447.0,SXR8
2021-07-13,375.02,377.49,374.9,377.45,17967.0,SXR8
2021-07-14,375.8,377.57,375.5,375.61,14357.0,SXR8
2021-07-15,375.1,375.48,374.25,375.38,17999.0,SXR8
2021-07-16,374.99,376.51,373.61,374.0,16183.0,SXR8
2021-07-19,371.42,371.92,364.44,367.23,38236.0,SXR8
2021-07-20,369.23,372.92,367.79,372.38,630589.0,SXR8
2021-07-21,373.82,375.27,373.2,374.43,647914.0,SXR8
2021-07-22,375.98,376.41,374.0,376.11,17115.0,SXR8
2021-07-23,378.12,380.5,377.85,380.5,14594.0,SXR8
2021-07-26,379.57,380.09,378.0,380.09,12840.0,SXR8
2021-07-27,380.18,380.67,376.44,376.44,17206.0,SXR8
2021-07-28,378.37,379.81,378.07,378.81,11635.0,SXR8
2021-07-29,377.67,378.51,376.8,378.15,15192.0,SXR8
2021-07-30,374.45,377.26,373.96,376.59,21945.0,SXR8
2021-08-02,378.24,378.92,376.71,377.39,26389.0,SXR8
2021-08-03,376.3,377.11,374.3,376.56,16277.0,SXR8
2021-08-04,378.15,379.07,376.32,378.18,16863.0,SXR8
2021-08-05,378.14,379.7,377.94,379.33,22348.0,SXR8
2021-08-06,380.45,383.3,380.16,382.94,13927.0,SXR8
2021-08-09,382.71,383.54,382.21,383.34,17252.0,SXR8
2021-08-10,383.67,385.62,383.6,384.72,33963.0,SXR8
2021-08-11,384.92,385.38,384.15,384.52,26469.0,SXR8
2021-08-12,384.84,385.43,384.37,385.37,14565.0,SXR8
2021-08-13,386.56,386.63,384.6,384.8,12729.0,SXR8
2021-08-16,384.09,385.0,382.81,384.13,20025.0,SXR8
2021-08-17,385.39,386.69,384.66,386.18,15360.0,SXR8
2021-08-18,386.23,386.59,385.01,385.92,11441.0,SXR8
2021-08-19,379.89,383.27,378.63,382.6,25639.0,SXR8
2021-08-20,382.66,386.43,380.92,386.09,22339.0,SXR8
2021-08-23,386.9,388.68,385.87,388.58,20970.0,SXR8
2021-08-24,389.02,389.34,387.83,388.48,17595.0,SXR8
2021-08-25,388.98,389.18,388.2,388.97,14121.0,SXR8
2021-08-26,388.12,388.98,386.79,387.28,16002.0,SXR8
2021-08-27,387.25,388.75,387.0,388.54,20577.0,SXR8
2021-08-30,388.79,391.14,388.69,391.14,21187.0,SXR8
2021-08-31,390.61,390.74,388.35,390.51,18608.0,SXR8
2021-09-01,391.09,391.57,388.6,388.95,32936.0,SXR8
2021-09-02,388.76,389.8,388.65,389.66,23453.0,SXR8
2021-09-03,389.08,389.61,386.89,388.46,27403.0,SXR8
2021-09-06,389.2,390.2,389.08,390.0,20758.0,SXR8
2021-09-07,389.26,389.51,387.63,388.17,24623.0,SXR8
2021-09-08,388.35,389.31,386.79,387.83,22732.0,SXR8
2021-09-09,387.07,390.27,386.03,388.59,15839.0,SXR8
2021-09-10,387.47,388.9,385.1,385.68,22532.0,SXR8
2021-09-13,386.88,387.75,383.75,384.35,19985.0,SXR8
2021-09-14,384.99,386.4,383.0,383.83,21882.0,SXR8
2021-09-15,383.74,384.0,382.08,383.7,21554.0,SXR8
2021-09-16,386.51,388.0,384.48,385.2,12539.0,SXR8
2021-09-17,387.41,387.45,384.5,384.92,14613.0,SXR8
2021-09-20,381.33,381.76,377.78,377.94,47792.0,SXR8
2021-09-21,380.67,382.31,377.46,380.11,33708.0,SXR8
2021-09-22,380.1,381.86,378.9,381.86,20180.0,SXR8
2021-09-23,383.34,386.1,382.66,386.02,24226.0,SXR8
2021-09-24,384.91,387.19,383.98,385.94,15574.0,SXR8
2021-09-27,389.13,389.53,386.2,386.96,41354.0,SXR8
2021-09-28,385.98,386.44,379.77,380.28,26010.0,SXR8
2021-09-29,381.51,384.13,381.26,383.14,22541.0,SXR8
2021-09-30,385.6,385.78,382.13,382.94,26322.0,SXR8
2021-10-01,375.45,380.16,375.27,379.93,35910.0,SXR8
2021-10-04,380.32,381.11,375.3,375.38,35716.0,SXR8
2021-10-05,378.03,383.27,377.47,382.74,28061.0,SXR8
2021-10-06,379.95,381.69,377.86,380.24,33961.0,SXR8
2021-10-07,386.43,390.15,385.88,389.58,23282.0,SXR8
2021-10-08,388.58,388.94,386.78,387.1,19437.0,SXR8
2021-10-11,384.93,388.4,384.56,388.08,26023.0,SXR8
2021-10-12,381.46,385.8,381.35,384.75,32399.0,SXR8
2021-10-13,382.75,384.51,381.35,381.94,25695.0,SXR8
2021-10-14,385.11,389.07,384.45,388.94,19079.0,SXR8
2021-10-15,390.4,392.85,390.06,392.3,26586.0,SXR8
2021-10-18,392.32,393.55,390.19,393.1,33130.0,SXR8
2021-10-19,392.92,395.24,392.69,395.02,32698.0,SXR8
2021-10-20,395.16,397.09,395.13,396.56,19573.0,SXR8
2021-10-21,395.62,397.21,395.5,396.22,17319.0,SXR8
2021-10-22,397.77,399.13,397.0,397.01,21672.0,SXR8
2021-10-25,397.96,400.0,397.27,399.93,27016.0,SXR8
2021-10-26,402.38,404.0,401.75,403.21,24083.0,SXR8
2021-10-27,402.05,402.33,400.61,401.8,22499.0,SXR8
2021-10-28,400.29,401.8,399.15,400.23,20052.0,SXR8
2021-10-29,399.2,405.41,398.81,405.04,28159.0,SXR8
2021-11-01,406.44,407.49,404.32,405.19,30157.0,SXR8
2021-11-02,404.84,407.52,404.72,407.52,25411.0,SXR8
2021-11-03,407.27,407.5,406.6,406.95,16824.0,SXR8
2021-11-04,411.32,413.25,410.74,412.22,1059469.0,SXR8
2021-11-05,412.53,417.27,412.47,414.97,30311.0,SXR8
2021-11-08,413.61,415.0,413.14,413.6,31045.0,SXR8
2021-11-09,412.43,414.35,410.65,411.97,27512.0,SXR8
2021-11-10,412.67,414.41,411.0,413.96,22448.0,SXR8
2021-11-11,413.92,414.97,413.36,414.19,16803.0,SXR8
2021-11-12,414.34,416.9,414.11,416.77,24692.0,SXR8
2021-11-15,417.15,418.99,417.07,418.38,26614.0,SXR8
2021-11-16,419.74,423.4,419.18,423.4,25012.0,SXR8
2021-11-17,424.02,424.12,422.0,422.92,22271.0,SXR8
2021-11-18,422.77,423.71,419.77,421.77,1301007.0,SXR8
2021-11-19,424.41,425.81,423.23,424.32,25480.0,SXR8
2021-11-22,426.37,430.08,425.54,428.32,33767.0,SXR8
2021-11-23,423.55,425.83,421.0,422.5,59500.0,SXR8
2021-11-24,425.21,427.56,423.92,427.05,53922.0,SXR8
2021-11-25,428.76,429.26,427.5,428.18,17242.0,SXR8
2021-11-26,418.49,419.92,413.59,414.24,56278.0,SXR8
2021-11-29,419.8,421.31,417.8,420.32,49261.0,SXR8
2021-11-30,414.94,417.82,412.17,415.02,50584.0,SXR8
2021-12-01,414.26,419.0,414.13,418.41,42375.0,SXR8
2021-12-02,408.45,412.24,405.35,410.65,41405.0,SXR8
2021-12-03,413.75,416.08,408.32,409.72,58365.0,SXR8
2021-12-06,412.9,415.38,409.31,414.53,42758.0,SXR8
2021-12-07,418.44,425.83,418.08,425.56,53021.0,SXR8
2021-12-08,424.61,426.23,420.69,421.4,41319.0,SXR8
2021-12-09,423.15,424.21,421.85,424.2,71715.0,SXR8
2021-12-10,422.43,425.53,421.5,422.18,28030.0,SXR8
2021-12-13,426.63,428.49,422.18,422.63,23550.0,SXR8
2021-12-14,424.19,424.68,417.64,418.09,37774.0,SXR8
2021-12-15,420.59,420.87,418.23,418.23,19057.0,SXR8
2021-12-16,426.99,429.32,423.58,424.74,29012.0,SXR8
2021-12-17,421.06,422.6,415.39,420.35,35504.0,SXR8
2021-12-20,413.27,414.34,409.5,409.69,34525.0,SXR8
2021-12-21,415.52,417.77,414.47,417.15,32383.0,SXR8
2021-12-22,420.58,422.15,418.37,422.15,18636.0,SXR8
2021-12-23,423.57,427.02,423.31,426.82,24856.0,SXR8
2021-12-27,425.94,430.23,425.72,429.75,19477.0,SXR8
2021-12-28,431.72,434.29,431.5,432.4,33991.0,SXR8
2021-12-29,433.17,434.41,429.34,430.59,25553.0,SXR8
2021-12-30,432.57,433.67,431.93,432.63,14043.0,SXR8
2022-01-03,430.79,432.59,429.32,431.08,48778.0,SXR8
2022-01-04,434.47,436.0,431.95,433.35,49340.0,SXR8
2022-01-05,432.74,433.22,430.67,431.42,31424.0,SXR8
2022-01-06,425.4,426.32,421.68,424.68,36182.0,SXR8
2022-01-07,424.2,425.44,419.8,421.35,26523.0,SXR8
2022-01-10,422.46,423.05,413.28,415.51,40928.0,SXR8
2022-01-11,421.04,423.26,417.8,420.89,56711.0,SXR8
2022-01-12,424.2,425.64,420.81,422.37,40122.0,SXR8
2022-01-13,419.94,422.58,419.66,420.82,24750.0,SXR8
2022-01-14,415.42,416.67,412.0,414.62,31983.0,SXR8
2022-01-17,416.44,418.8,416.12,417.99,27629.0,SXR8
2022-01-18,415.39,415.46,412.13,413.16,267197.0,SXR8
2022-01-19,409.56,415.46,409.43,410.72,43797.0,SXR8
2022-01-20,409.19,414.1,407.96,414.08,33345.0,SXR8
2022-01-21,403.57,404.61,397.79,403.74,89788.0,SXR8
2022-01-24,398.88,400.0,386.1,387.01,130458.0,SXR8
2022-01-25,393.03,397.3,388.63,391.2,60933.0,SXR8
2022-01-26,395.87,402.44,395.79,400.31,57550.0,SXR8
2022-01-27,393.17,405.83,392.75,403.89,56958.0,SXR8
2022-01-28,399.09,399.72,392.37,399.21,33660.0,SXR8
2022-01-31,405.02,408.0,402.79,407.0,45831.0,SXR8
2022-02-01,409.21,410.79,406.85,410.04,59748.0,SXR8
2022-02-02,413.51,414.92,411.1,411.7,47556.0,SXR8
2022-02-03,411.47,412.0,404.0,404.3,21610.0,SXR8
2022-02-04,403.91,404.48,397.03,400.02,27268.0,SXR8
2022-02-07,402.4,403.79,400.0,401.73,30230.0,SXR8
2022-02-08,401.96,403.69,399.9,403.69,32045.0,SXR8
2022-02-09,406.07,409.69,405.38,408.71,34908.0,SXR8
2022-02-10,409.96,410.46,405.45,405.5,30518.0,SXR8
2022-02-11,402.9,406.0,401.18,402.08,48416.0,SXR8
2022-02-14,398.1,399.54,394.29,398.54,58911.0,SXR8
2022-02-15,397.9,403.18,397.8,401.92,44696.0,SXR8
2022-02-16,400.83,402.89,398.78,399.47,17065.0,SXR8
2022-02-17,401.46,401.87,396.61,397.82,26147.0,SXR8
2022-02-18,396.02,396.74,392.0,392.98,30671.0,SXR8
2022-02-21,393.83,394.3,388.37,388.59,34158.0,SXR8
2022-02-22,386.75,393.36,385.6,389.72,39318.0,SXR8
2022-02-23,390.66,392.18,386.42,387.21,32157.0,SXR8
2022-02-24,376.46,385.59,375.37,383.76,95831.0,SXR8
2022-02-25,388.53,396.35,387.22,396.35,63558.0,SXR8
2022-02-28,395.5,399.22,393.5,399.22,37838.0,SXR8
2022-03-01,400.25,401.76,396.0,397.46,68254.0,SXR8
2022-03-02,396.47,404.25,395.8,402.9,24646.0,SXR8
2022-03-03,404.56,408.09,402.59,403.85,29826.0,SXR8
2022-03-04,403.94,406.53,400.67,401.86,24045.0,SXR8
2022-03-07,401.25,405.9,399.28,401.12,53196.0,SXR8
2022-03-08,393.37,397.12,390.92,391.83,42320.0,SXR8
2022-03-09,394.12,396.56,392.33,394.3,50836.0,SXR8
2022-03-10,395.34,397.15,389.36,391.36,38335.0,SXR8
2022-03-11,396.95,402.24,395.98,397.36,32238.0,SXR8
2022-03-14,395.84,396.75,390.39,390.76,36042.0,SXR8
2022-03-15,386.64,396.77,385.1,396.77,43319.0,SXR8
2022-03-16,401.43,403.87,400.18,402.7,45816.0,SXR8
2022-03-17,404.19,404.65,401.22,403.34,40905.0,SXR8
2022-03-18,406.13,410.36,405.29,409.99,25743.0,SXR8
2022-03-21,412.42,415.99,412.0,412.74,31145.0,SXR8
2022-03-22,416.21,418.93,414.71,418.35,47785.0,SXR8
2022-03-23,419.06,419.43,417.0,417.38,29909.0,SXR8
2022-03-24,417.42,419.12,416.26,417.65,28573.0,SXR8
2022-03-25,420.25,422.71,418.66,420.95,30232.0,SXR8
2022-03-28,423.7,425.38,422.75,422.95,70214.0,SXR8
2022-03-29,426.45,428.24,422.59,425.13,42929.0,SXR8
2022-03-30,425.66,425.99,422.36,423.02,21854.0,SXR8
2022-03-31,422.84,425.49,422.5,423.48,31120.0,SXR8
2022-04-01,421.22,422.97,419.82,419.92,45019.0,SXR8
2022-04-04,422.26,425.54,420.85,425.22,34735.0,SXR8
2022-04-05,427.41,428.64,426.0,427.61,47009.0,SXR8
2022-04-06,425.87,426.35,418.57,419.25,61212.0,SXR8
2022-04-07,420.23,423.1,418.5,418.8,25496.0,SXR8
2022-04-08,425.46,426.4,422.54,424.32,24090.0,SXR8
2022-04-11,420.94,421.27,416.7,417.7,37293.0,SXR8
2022-04-12,414.91,421.25,413.64,420.0,32929.0,SXR8
2022-04-13,418.45,418.83,415.54,417.82,44719.0,SXR8
2022-04-14,417.83,422.37,416.94,420.45,16619.0,SXR8
2022-04-19,418.42,422.71,415.09,422.3,43990.0,SXR8
2022-04-20,420.93,424.35,420.42,422.35,27913.0,SXR8
2022-04-21,421.07,424.86,420.22,422.42,45506.0,SXR8
2022-04-22,416.39,417.16,411.29,411.7,41725.0,SXR8
2022-04-25,405.18,406.76,402.45,404.49,48020.0,SXR8
2022-04-26,410.21,411.69,404.88,404.88,79044.0,SXR8
2022-04-27,404.89,410.68,403.34,409.63,48781.0,SXR8
2022-04-28,411.79,415.26,408.99,411.12,23643.0,SXR8
2022-04-29,414.92,415.3,408.84,410.92,45645.0,SXR8
2022-05-02,403.81,405.32,399.85,402.1,53949.0,SXR8
2022-05-03,405.56,407.87,402.58,407.68,30824.0,SXR8
2022-05-04,407.44,408.32,402.8,402.94,26727.0,SXR8
2022-05-05,414.65,415.2,404.49,405.64,36981.0,SXR8
2022-05-06,404.27,404.3,394.0,399.55,47731.0,SXR8
2022-05-09,399.11,399.79,389.64,390.56,38232.0,SXR8
2022-05-10,391.36,395.05,386.14,386.86,51808.0,SXR8
2022-05-11,390.02,393.93,385.31,391.19,41185.0,SXR8
2022-05-12,382.61,390.33,382.01,386.59,84786.0,SXR8
2022-05-13,390.35,397.97,390.0,396.16,19725.0,SXR8
2022-05-16,394.09,396.0,392.4,393.54,28172.0,SXR8
2022-05-17,395.49,399.88,392.87,395.49,29753.0,SXR8
2022-05-18,397.3,397.86,387.94,388.62,21347.0,SXR8
2022-05-19,383.45,384.06,376.77,379.07,69800.0,SXR8
2022-05-20,380.38,383.31,375.42,376.69,23303.0,SXR8
2022-05-23,381.8,382.33,376.32,381.26,25211.0,SXR8
2022-05-24,375.92,377.46,370.52,371.43,57393.0,SXR8
2022-05-25,380.74,381.94,377.08,379.68,28766.0,SXR8
2022-05-26,381.53,387.76,381.22,386.89,14692.0,SXR8
2022-05-27,387.63,395.27,386.7,395.23,60701.0,SXR8
2022-05-30,400.18,401.39,397.15,398.23,30971.0,SXR8
2022-05-31,396.33,398.08,393.24,394.52,29876.0,SXR8
2022-06-01,396.38,398.86,393.4,394.05,38932.0,SXR8
2022-06-02,394.99,395.9,390.72,393.69,23221.0,SXR8
2022-06-03,398.52,398.52,392.48,393.4,19065.0,SXR8
2022-06-06,395.49,399.62,395.33,397.51,12213.0,SXR8
2022-06-07,393.52,396.83,392.39,395.47,32943.0,SXR8
2022-06-08,397.84,398.69,394.84,397.36,16471.0,SXR8
2022-06-09,394.06,397.4,391.16,394.18,16617.0,SXR8
2022-06-10,388.55,390.54,380.86,381.03,52538.0,SXR8
2022-06-13,375.58,376.12,369.3,371.99,58033.0,SXR8
2022-06-14,373.51,373.81,367.87,369.26,38377.0,SXR8
2022-06-15,368.23,373.68,366.76,371.85,67509.0,SXR8
2022-06-16,370.41,370.8,357.74,359.23,61881.0,SXR8
2022-06-17,360.48,363.17,357.17,360.26,90312.0,SXR8
2022-06-20,360.28,361.9,359.18,361.9,20390.0,SXR8
2022-06-21,362.94,367.4,362.1,366.32,72189.0,SXR8
2022-06-22,363.39,368.37,360.58,367.07,58688.0,SXR8
2022-06-23,364.43,370.92,363.97,368.31,28931.0,SXR8
2022-06-24,372.04,378.26,371.94,377.91,32476.0,SXR8
2022-06-27,380.48,382.83,377.42,379.25,25284.0,SXR8
2022-06-28,380.47,384.54,377.84,377.84,25797.0,SXR8
2022-06-29,372.74,376.43,371.65,374.95,27885.0,SXR8
2022-06-30,370.93,373.4,368.63,371.19,28050.0,SXR8
2022-07-01,368.1,376.02,367.82,373.7,28202.0,SXR8
2022-07-04,375.1,375.78,373.52,375.67,9863.0,SXR8
2022-07-05,377.82,380.29,374.8,376.31,41214.0,SXR8
2022-07-06,383.49,388.4,382.44,385.55,29985.0,SXR8
2022-07-07,388.39,393.21,387.27,393.12,33810.0,SXR8
2022-07-08,393.28,396.75,392.03,395.0,40021.0,SXR8
2022-07-11,392.16,396.0,392.05,393.66,30942.0,SXR8
2022-07-12,392.96,395.94,391.63,394.08,13552.0,SXR8
2022-07-13,392.06,394.0,384.57,387.13,28361.0,SXR8
2022-07-14,388.66,388.69,383.0,384.62,36120.0,SXR8
2022-07-15,388.05,393.47,387.0,393.0,37103.0,SXR8
2022-07-18,394.66,396.47,391.63,393.44,29745.0,SXR8
2022-07-19,388.4,392.5,384.87,392.5,64898.0,SXR8
2022-07-20,395.84,399.62,394.84,399.55,32290.0,SXR8
2022-07-21,398.9,400.19,394.9,400.19,21922.0,SXR8
2022-07-22,401.29,404.51,399.4,399.4,24086.0,SXR8
2022-07-25,399.44,400.47,396.61,399.48,24250.0,SXR8
2022-07-26,398.3,401.51,397.23,398.64,18214.0,SXR8
2022-07-27,400.75,404.0,399.33,403.19,9934.0,SXR8
2022-07-28,404.24,409.63,403.14,409.28,31234.0,SXR8
2022-07-29,411.23,416.6,411.23,413.1,46608.0,SXR8
2022-08-01,413.79,415.07,410.92,413.76,99493.0,SXR8
2022-08-02,411.45,415.36,409.84,414.23,68986.0,SXR8
2022-08-03,414.13,419.74,413.32,419.67,36779.0,SXR8
2022-08-04,419.44,421.01,416.46,417.22,28757.0,SXR8
2022-08-05,417.7,419.47,415.41,416.79,43730.0,SXR8
2022-08-08,420.29,422.07,418.56,419.35,30363.0,SXR8
2022-08-09,418.06,418.38,413.6,415.24,42829.0,SXR8
2022-08-10,414.45,418.78,414.25,417.8,30539.0,SXR8
2022-08-11,421.19,423.16,419.46,421.08,25990.0,SXR8
2022-08-12,420.78,426.12,420.47,426.0,16995.0,SXR8
2022-08-15,428.91,431.88,427.71,431.48,24980.0,SXR8
2022-08-16,434.56,436.29,432.13,435.07,23666.0,SXR8
2022-08-17,435.55,435.92,431.2,431.64,19290.0,SXR8
2022-08-18,431.6,435.18,431.09,435.18,19606.0,SXR8
2022-08-19,435.1,435.88,433.05,433.23,22510.0,SXR8
2022-08-22,432.26,432.6,428.42,430.84,29859.0,SXR8
2022-08-23,428.75,430.49,425.27,426.53,30207.0,SXR8
2022-08-24,426.63,429.08,424.78,428.25,22482.0,SXR8
2022-08-25,430.0,431.25,428.19,429.76,16686.0,SXR8
2022-08-26,433.38,433.68,422.2,424.0,22672.0,SXR8
2022-08-29,417.99,418.32,413.33,415.3,40114.0,SXR8
2022-08-30,416.59,418.18,408.62,410.06,24672.0,SXR8
2022-08-31,412.02,413.0,406.82,407.73,30007.0,SXR8
2022-09-01,404.49,406.67,402.31,406.6,41816.0,SXR8
2022-09-02,409.37,413.2,407.85,412.16,34405.0,SXR8
2022-09-05,409.82,410.0,406.79,408.46,28419.0,SXR8
2022-09-06,407.91,410.94,404.98,408.64,26257.0,SXR8
2022-09-07,405.87,408.64,405.34,408.05,30234.0,SXR8
2022-09-08,410.92,414.52,407.5,414.46,23261.0,SXR8
2022-09-09,411.19,417.0,410.47,416.49,24393.0,SXR8
2022-09-12,413.4,418.99,412.17,418.17,25289.0,SXR8
2022-09-13,418.89,422.0,409.65,410.29,32507.0,SXR8
2022-09-14,407.92,408.2,404.67,406.61,25532.0,SXR8
2022-09-15,408.79,408.99,402.7,404.06,27390.0,SXR8
2022-09-16,399.22,400.62,395.49,396.22,22777.0,SXR8
2022-09-19,397.91,400.41,395.61,397.87,16366.0,SXR8
2022-09-20,401.62,402.59,396.97,398.26,37092.0,SXR8
2022-09-21,399.97,404.66,399.56,404.22,15996.0,SXR8
2022-09-22,395.28,397.91,393.5,394.4,27116.0,SXR8
2022-09-23,393.95,395.0,390.69,391.44,35905.0,SXR8
2022-09-26,392.07,396.35,390.01,393.96,35958.0,SXR8
2022-09-27,394.67,397.44,393.0,393.0,51277.0,SXR8
2022-09-28,391.74,394.89,388.85,394.11,46576.0,SXR8
2022-09-29,393.36,393.36,383.31,383.84,46951.0,SXR8
2022-09-30,384.37,387.89,382.0,385.46,38088.0,SXR8
2022-10-03,378.12,384.66,376.0,383.7,100974.0,SXR8
2022-10-04,388.18,392.29,387.24,391.27,83802.0,SXR8
2022-10-05,389.55,392.68,389.5,391.23,36059.0,SXR8
2022-10-06,393.86,398.0,391.3,395.96,32653.0,SXR8
2022-10-07,393.24,395.14,386.54,387.17,70495.0,SXR8
2022-10-10,384.66,388.27,383.3,384.56,36267.0,SXR8
2022-10-11,380.74,383.22,379.49,382.58,31885.0,SXR8
2022-10-12,382.58,384.82,380.17,381.93,29483.0,SXR8
2022-10-13,380.28,384.21,372.9,382.09,51417.0,SXR8
2022-10-14,389.54,392.49,382.9,383.56,107522.0,SXR8
2022-10-17,383.62,388.7,382.08,386.39,38674.0,SXR8
2022-10-18,390.47,394.51,387.72,387.72,50855.0,SXR8
2022-10-19,391.17,393.17,389.5,390.08,30354.0,SXR8
2022-10-20,388.73,392.0,387.07,390.49,29826.0,SXR8
2022-10-21,386.28,390.55,384.3,389.05,39161.0,SXR8
2022-10-24,394.07,397.64,391.14,394.19,37515.0,SXR8
2022-10-25,397.52,398.2,394.65,397.85,23509.0,SXR8
2022-10-26,395.57,398.23,393.66,397.66,37825.0,SXR8
2022-10-27,393.94,397.91,392.8,395.96,22113.0,SXR8
2022-10-28,390.9,401.61,390.73,400.75,29377.0,SXR8
2022-10-31,404.08,406.52,402.55,404.46,41383.0,SXR8
2022-11-01,405.14,406.75,401.29,403.12,45975.0,SXR8
2022-11-02,403.49,403.5,399.86,400.29,70661.0,SXR8
2022-11-03,396.74,397.54,391.73,395.31,66477.0,SXR8
2022-11-04,393.71,395.53,387.09,388.38,34399.0,SXR8
2022-11-07,390.2,392.67,389.0,390.94,43993.0,SXR8
2022-11-08,391.81,394.86,391.68,394.86,49078.0,SXR8
2022-11-09,392.54,393.2,389.56,390.1,52958.0,SXR8
2022-11-10,387.44,400.0,387.28,398.0,55758.0,SXR8
2022-11-11,401.24,401.75,395.31,395.77,83356.0,SXR8
2022-11-14,398.21,399.99,396.9,398.11,26478.0,SXR8
2022-11-15,395.49,400.01,394.26,399.72,37814.0,SXR8
2022-11-16,397.65,397.87,393.13,394.25,33015.0,SXR8
2022-11-17,395.34,395.53,390.5,392.26,19656.0,SXR8
2022-11-18,392.76,397.25,392.66,395.26,16626.0,SXR8
2022-11-21,397.43,399.27,396.95,397.53,17965.0,SXR8
2022-11-22,397.37,400.1,396.43,399.69,26698.0,SXR8
2022-11-23,400.49,402.31,399.78,400.98,16223.0,SXR8
2022-11-24,400.38,402.11,399.95,400.68,15609.0,SXR8
2022-11-25,400.6,401.74,399.8,400.2,18982.0,SXR8
2022-11-28,398.7,398.76,393.37,397.11,23710.0,SXR8
2022-11-29,396.45,397.25,393.62,393.87,17838.0,SXR8
2022-11-30,395.65,396.44,392.98,396.38,27695.0,SXR8
2022-12-01,404.94,405.06,399.25,401.0,36804.0,SXR8
2022-12-02,399.95,400.94,395.7,398.72,22889.0,SXR8
2022-12-05,397.69,398.23,394.85,395.52,42304.0,SXR8
2022-12-06,394.24,395.22,387.82,389.1,28505.0,SXR8
2022-12-07,390.02,390.04,384.3,387.21,32242.0,SXR8
2022-12-08,387.19,389.5,386.75,387.86,33061.0,SXR8
2022-12-09,388.94,391.0,386.45,389.25,26115.0,SXR8
2022-12-12,386.27,388.6,385.17,387.8,22416.0,SXR8
2022-12-13,391.46,403.78,390.91,393.84,32314.0,SXR8
2022-12-14,391.53,393.29,389.39,392.72,15881.0,SXR8
2022-12-15,386.41,386.77,377.59,378.58,61332.0,SXR8
2022-12-16,378.15,378.17,373.76,375.33,38790.0,SXR8
2022-12-19,375.55,376.98,373.04,373.04,35181.0,SXR8
2022-12-20,369.32,372.87,368.69,371.2,32046.0,SXR8
2022-12-21,373.49,379.0,372.81,378.62,16688.0,SXR8
2022-12-22,377.75,378.49,371.0,372.24,15963.0,SXR8
2022-12-23,372.71,374.18,370.2,373.06,24359.0,SXR8
2022-12-27,376.47,376.8,371.2,372.58,14831.0,SXR8
2022-12-28,373.53,373.65,370.31,370.51,27537.0,SXR8
2022-12-29,369.28,373.39,368.4,373.22,24101.0,SXR8
2022-12-30,372.34,372.34,370.56,370.73,14713.0,SXR8
2023-01-02,375.8,379.98,374.97,379.36,22416.0,SXR8
2023-01-03,376.41,381.11,373.63,373.63,31736.0,SXR8
2023-01-04,374.75,377.11,372.99,377.11,23408.0,SXR8
2023-01-05,374.66,376.82,373.24,374.61,32516.0,SXR8
2023-01-06,374.88,378.63,374.5,377.57,31513.0,SXR8
2023-01-09,377.47,380.48,377.15,380.01,35514.0,SXR8
2023-01-10,374.89,376.86,373.6,375.29,28113.0,SXR8
2023-01-11,377.68,379.3,377.3,379.07,48203.0,SXR8
2023-01-12,381.87,383.47,378.47,379.64,35412.0,SXR8
2023-01-13,379.71,380.7,377.34,380.16,22689.0,SXR8
2023-01-16,382.09,382.88,380.59,382.26,28209.0,SXR8
2023-01-17,380.97,384.36,380.16,382.84,24088.0,SXR8
2023-01-18,382.02,383.06,379.01,379.01,29862.0,SXR8
2023-01-19,375.75,375.84,372.63,372.97,19673.0,SXR8
2023-01-20,373.65,376.11,372.15,375.79,25578.0,SXR8
2023-01-23,377.09,383.97,376.36,383.34,26540.0,SXR8
2023-01-24,382.24,382.85,380.5,381.99,18008.0,SXR8
2023-01-25,380.96,381.27,375.17,377.91,27654.0,SXR8
2023-01-26,382.03,384.8,382.0,383.77,39285.0,SXR8
2023-01-27,385.28,388.26,384.6,387.76,17689.0,SXR8
2023-01-30,385.31,386.13,382.64,385.49,39169.0,SXR8
2023-01-31,384.64,386.0,382.08,385.49,44822.0,SXR8
2023-02-01,387.23,387.46,384.24,385.56,33804.0,SXR8
2023-02-02,389.12,396.67,388.79,396.67,50861.0,SXR8
2023-02-03,394.01,399.53,392.4,399.53,55982.0,SXR8
2023-02-06,395.58,397.87,394.05,397.87,45399.0,SXR8
2023-02-07,397.66,398.67,396.87,398.67,28801.0,SXR8
2023-02-08,400.8,401.3,397.62,397.76,21148.0,SXR8
2023-02-09,399.87,400.23,397.27,397.58,16030.0,SXR8
2023-02-10,393.32,396.33,392.46,395.84,20008.0,SXR8
2023-02-13,396.0,399.16,395.91,398.7,14206.0,SXR8
2023-02-14,399.34,400.89,396.41,396.58,27607.0,SXR8
2023-02-15,397.92,401.0,397.64,400.67,17072.0,SXR8
2023-02-16,402.31,402.44,397.57,399.8,17568.0,SXR8
2023-02-17,396.3,397.3,393.8,393.93,18583.0,SXR8
2023-02-20,394.96,395.85,394.34,394.63,10088.0,SXR8
2023-02-21,394.16,394.58,389.89,390.27,21515.0,SXR8
2023-02-22,389.78,390.74,388.1,390.17,20642.0,SXR8
2023-02-23,391.61,393.67,389.93,390.16,18888.0,SXR8
2023-02-24,392.2,392.31,387.45,388.87,20033.0,SXR8
2023-02-27,391.37,393.06,390.4,390.4,25804.0,SXR8
2023-02-28,388.65,390.69,387.48,389.13,25337.0,SXR8
2023-03-01,387.88,388.1,383.0,384.13,42910.0,SXR8
2023-03-02,382.7,386.17,382.6,385.68,12891.0,SXR8
2023-03-03,388.85,393.07,388.38,392.95,17534.0,SXR8
2023-03-06,394.6,395.98,393.77,395.47,36931.0,SXR8
2023-03-07,393.64,395.0,392.5,393.07,17709.0,SXR8
2023-03-08,392.58,393.57,391.3,391.48,24811.0,SXR8
2023-03-09,392.01,393.82,390.82,391.91,17208.0,SXR8
2023-03-10,382.21,384.8,377.12,382.76,65116.0,SXR8
2023-03-13,378.83,379.12,369.23,374.48,74448.0,SXR8
2023-03-14,375.46,380.91,374.0,380.03,50412.0,SXR8
2023-03-15,378.7,381.68,374.93,379.28,50344.0,SXR8
2023-03-16,381.72,385.88,378.34,384.43,28044.0,SXR8
2023-03-17,386.1,387.19,380.76,381.82,19673.0,SXR8
2023-03-20,379.38,383.11,377.44,380.86,35368.0,SXR8
2023-03-21,383.26,385.04,382.81,383.82,49970.0,SXR8
2023-03-22,384.86,386.42,384.4,384.55,12392.0,SXR8
2023-03-23,377.85,381.81,376.86,380.18,39811.0,SXR8
2023-03-24,379.61,381.36,377.68,380.35,21722.0,SXR8
2023-03-27,385.11,385.7,382.8,383.35,28516.0,SXR8
2023-03-28,383.35,383.65,379.61,380.5,20793.0,SXR8
2023-03-29,383.85,384.76,382.6,383.99,14708.0,SXR8
2023-03-30,386.52,387.06,384.53,385.5,29059.0,SXR8
2023-03-31,386.34,390.37,386.17,390.24,14847.0,SXR8
2023-04-03,393.75,393.75,391.14,391.64,88177.0,SXR8
2023-04-04,392.85,394.3,388.15,388.89,15763.0,SXR8
2023-04-05,389.13,389.42,387.6,388.56,24711.0,SXR8
2023-04-06,389.14,389.9,387.5,388.69,14398.0,SXR8
2023-04-11,392.66,392.76,390.5,391.14,12921.0,SXR8
2023-04-12,390.61,392.5,387.72,388.69,18045.0,SXR8
2023-04-13,387.97,388.07,384.99,387.09,68396.0,SXR8
2023-04-14,389.05,392.4,388.46,390.66,21671.0,SXR8
2023-04-17,392.06,394.08,391.57,393.26,18723.0,SXR8
2023-04-18,394.22,395.67,392.5,393.34,26669.0,SXR8
2023-04-19,392.73,393.72,391.6,392.86,27908.0,SXR8
2023-04-20,392.44,392.81,390.38,391.35,21574.0,SXR8
2023-04-21,391.64,392.04,389.8,390.49,10444.0,SXR8
2023-04-24,389.78,390.5,388.54,388.88,17742.0,SXR8
2023-04-25,388.11,389.46,387.13,388.38,39436.0,SXR8
2023-04-26,386.24,386.34,381.5,383.77,16743.0,SXR8
2023-04-27,383.29,386.52,382.83,386.51,26493.0,SXR8
2023-04-28,389.31,392.5,389.02,390.89,23538.0,SXR8
2023-05-02,394.13,395.0,387.23,387.53,34702.0,SXR8
2023-05-03,389.01,389.43,386.83,387.54,19286.0,SXR8
2023-05-04,384.58,385.77,381.49,383.57,23495.0,SXR8
2023-05-05,383.94,389.69,383.48,388.88,30511.0,SXR8
2023-05-08,388.89,390.5,388.87,389.79,20722.0,SXR8
2023-05-09,390.61,391.63,390.06,391.63,9163.0,SXR8
2023-05-10,390.97,393.14,389.7,391.29,30359.0,SXR8
2023-05-11,394.73,395.31,391.48,393.2,18911.0,SXR8
2023-05-12,393.91,396.0,393.5,394.03,14990.0,SXR8
2023-05-15,395.83,396.55,392.91,394.78,23536.0,SXR8
2023-05-16,394.52,395.14,393.87,394.81,15944.0,SXR8
2023-05-17,394.18,397.0,394.18,396.47,17451.0,SXR8
2023-05-18,399.36,404.22,399.35,403.56,10540.0,SXR8
2023-05-19,405.15,406.21,402.82,402.82,34111.0,SXR8
2023-05-22,403.0,404.76,401.88,404.37,15285.0,SXR8
2023-05-23,403.63,404.87,402.69,403.76,18694.0,SXR8
2023-05-24,399.81,400.32,396.99,397.93,17370.0,SXR8
2023-05-25,401.36,403.63,400.59,401.59,20701.0,SXR8
2023-05-26,402.65,408.52,401.17,407.5,20156.0,SXR8
2023-05-29,409.34,409.89,409.06,409.82,10973.0,SXR8
2023-05-30,410.38,411.46,407.8,408.38,22101.0,SXR8
2023-05-31,408.24,410.0,406.08,406.91,23126.0,SXR8
2023-06-01,408.11,409.23,404.72,407.62,30794.0,SXR8
2023-06-02,409.07,415.56,408.86,414.99,24447.0,SXR8
2023-06-05,416.55,418.38,415.52,417.21,151345.0,SXR8
2023-06-06,414.92,417.65,414.71,416.62,19863.0,SXR8
2023-06-07,417.36,417.83,415.67,416.36,16852.0,SXR8
2023-06-08,414.63,415.19,412.2,413.92,17312.0,SXR8
2023-06-09,414.42,418.13,413.77,416.47,22000.0,SXR8
2023-06-12,417.82,417.92,415.94,417.59,18622.0,SXR8
2023-06-13,419.66,421.7,418.39,421.53,28886.0,SXR8
2023-06-14,421.73,422.62,419.76,421.18,27198.0,SXR8
2023-06-15,420.71,420.91,416.61,419.96,29368.0,SXR8
2023-06-16,420.67,422.9,420.44,421.86,33215.0,SXR8
2023-06-19,420.12,421.14,419.41,419.71,11708.0,SXR8
2023-06-20,419.23,420.2,417.3,418.17,23454.0,SXR8
2023-06-21,418.17,418.99,414.63,415.69,18657.0,SXR8
2023-06-22,413.19,415.28,411.62,415.27,31254.0,SXR8
2023-06-23,416.16,418.86,415.21,416.14,25972.0,SXR8
2023-06-26,415.77,416.43,414.3,414.68,13600.0,SXR8
2023-06-27,413.85,414.16,411.92,414.14,25767.0,SXR8
2023-06-28,416.12,418.6,415.12,418.2,17324.0,SXR8
2023-06-29,418.4,420.44,417.65,420.26,32633.0,SXR8
2023-06-30,421.8,424.49,421.76,423.88,32104.0,SXR8
2023-07-04,425.35,426.12,425.25,425.94,17107.0,SXR8
2023-07-05,425.21,426.93,423.61,426.5,22897.0,SXR8
2023-07-06,425.01,425.55,420.4,420.98,17102.0,SXR8
2023-07-07,421.56,422.7,419.44,420.15,14841.0,SXR8
2023-07-10,417.07,419.25,416.55,417.92,13685.0,SXR8
2023-07-11,417.81,419.8,417.16,418.96,11373.0,SXR8
2023-07-12,419.93,421.69,419.72,419.72,16854.0,SXR8
2023-07-13,419.19,419.9,418.45,418.5,11787.0,SXR8
2023-07-14,418.84,420.29,417.9,419.12,19892.0,SXR8
2023-07-17,417.6,419.42,416.95,419.1,16091.0,SXR8
2023-07-18,418.51,421.34,417.8,421.34,19634.0,SXR8
2023-07-19,423.51,426.5,422.7,425.75,26310.0,SXR8
2023-07-20,423.51,426.01,423.36,426.01,12959.0,SXR8
2023-07-21,425.06,427.09,425.06,426.72,10011.0,SXR8
2023-07-24,424.69,429.22,424.5,428.54,19833.0,SXR8
2023-07-25,429.3,431.4,428.5,430.83,16718.0,SXR8
2023-07-26,430.8,430.92,428.79,429.09,14541.0,SXR8
2023-07-27,430.56,436.76,429.74,435.25,26982.0,SXR8
2023-07-28,432.53,434.09,431.65,433.54,24336.0,SXR8
2023-07-31,433.34,434.38,432.42,433.51,21255.0,SXR8
2023-08-01,435.62,435.9,434.2,434.95,41345.0,SXR8
2023-08-02,431.9,433.1,429.89,431.41,24728.0,SXR8
2023-08-03,430.11,430.69,427.48,429.0,29023.0,SXR8
2023-08-04,430.13,431.1,426.3,427.66,29338.0,SXR8
2023-08-07,426.76,427.53,425.87,426.29,39318.0,SXR8
2023-08-08,427.29,428.49,425.32,425.77,23995.0,SXR8
2023-08-09,428.87,429.12,424.5,424.94,16638.0,SXR8
2023-08-10,425.49,427.96,423.9,426.38,16895.0,SXR8
2023-08-11,424.63,425.39,422.74,424.25,23275.0,SXR8
2023-08-14,425.58,429.01,425.25,427.94,27642.0,SXR8
2023-08-15,428.97,429.0,423.86,425.74,30520.0,SXR8
2023-08-16,424.35,425.5,423.7,425.1,16869.0,SXR8
2023-08-17,423.38,423.98,421.79,422.2,17799.0,SXR8
2023-08-18,419.71,419.99,416.85,418.7,63295.0,SXR8
2023-08-21,419.31,421.32,418.5,418.88,18297.0,SXR8
2023-08-22,420.9,424.78,420.54,423.42,21578.0,SXR8
2023-08-23,423.26,426.11,423.25,425.75,25552.0,SXR8
2023-08-24,429.82,430.27,424.71,424.77,16054.0,SXR8
2023-08-25,423.75,425.47,422.1,424.87,27156.0,SXR8
2023-08-28,425.73,428.92,425.5,427.27,14849.0,SXR8
2023-08-29,428.81,431.21,427.58,431.06,19881.0,SXR8
2023-08-30,432.08,432.68,429.0,431.17,16466.0,SXR8
2023-08-31,432.83,436.41,432.74,435.42,17748.0,SXR8
2023-09-01,434.39,437.45,434.29,436.64,30762.0,SXR8
2023-09-04,437.47,437.79,436.63,436.75,16998.0,SXR8
2023-09-05,436.88,440.12,436.52,439.24,24986.0,SXR8
2023-09-06,437.01,437.09,434.63,434.95,17755.0,SXR8
2023-09-07,434.22,434.9,432.7,434.36,17338.0,SXR8
2023-09-08,434.86,435.88,433.19,435.88,23685.0,SXR8
2023-09-11,435.47,436.92,434.4,434.89,17906.0,SXR8
2023-09-12,436.44,436.82,434.87,435.6,20413.0,SXR8
2023-09-13,434.08,435.54,433.21,435.54,22131.0,SXR8
2023-09-14,435.61,440.91,435.34,440.38,12228.0,SXR8
2023-09-15,442.73,442.98,436.87,437.14,21801.0,SXR8
2023-09-18,436.87,437.0,435.01,436.05,20623.0,SXR8
2023-09-19,435.57,436.41,432.16,432.89,19176.0,SXR8
2023-09-20,434.87,435.67,433.85,434.07,11298.0,SXR8
2023-09-21,431.49,431.59,426.7,427.31,33394.0,SXR8
2023-09-22,425.31,427.21,424.83,426.97,22032.0,SXR8
2023-09-25,425.14,427.43,423.15,427.13,38421.0,SXR8
2023-09-26,426.38,426.5,423.0,423.49,33086.0,SXR8
2023-09-27,423.89,426.32,423.89,424.54,22833.0,SXR8
2023-09-28,425.82,425.93,422.8,425.47,33327.0,SXR8
2023-09-29,425.39,428.29,425.1,426.27,18634.0,SXR8
2023-10-02,425.82,427.73,424.28,427.33,39036.0,SXR8
2023-10-03,428.08,428.54,422.2,422.38,24835.0,SXR8
2023-10-04,420.38,422.34,419.47,421.47,30801.0,SXR8
2023-10-05,423.27,423.92,419.87,420.45,30192.0,SXR8
2023-10-06,421.99,423.03,419.5,422.71,34189.0,SXR8
2023-10-09,424.26,426.53,423.56,426.53,35067.0,SXR8
2023-10-10,429.56,431.91,428.0,431.68,34537.0,SXR8
2023-10-11,429.98,431.52,428.93,429.15,29382.0,SXR8
2023-10-12,432.01,434.13,431.91,433.47,19561.0,SXR8
2023-10-13,432.41,434.8,430.69,431.86,21834.0,SXR8
2023-10-16,431.11,434.52,429.57,433.97,29628.0,SXR8
2023-10-17,433.38,433.66,429.94,432.68,18239.0,SXR8
2023-10-18,431.14,432.28,430.17,431.01,12060.0,SXR8
2023-10-19,427.59,428.4,425.12,426.13,19066.0,SXR8
2023-10-20,421.62,422.59,417.9,418.19,22815.0,SXR8
2023-10-23,418.07,418.52,413.63,416.58,44602.0,SXR8
2023-10-24,414.56,420.39,414.29,418.92,22553.0,SXR8
2023-10-25,417.82,419.48,415.61,416.09,19480.0,SXR8
2023-10-26,412.39,414.67,411.95,412.99,27872.0,SXR8
2023-10-27,411.66,412.5,408.83,409.31,29531.0,SXR8
2023-10-30,410.51,410.96,407.19,409.2,26150.0,SXR8
2023-10-31,409.54,413.18,409.2,413.18,35243.0,SXR8
2023-11-01,414.56,418.88,413.86,418.17,23252.0,SXR8
2023-11-02,419.59,423.98,418.96,423.98,38882.0,SXR8
2023-11-03,424.51,425.84,423.38,425.58,20042.0,SXR8
2023-11-06,425.16,425.74,424.46,425.04,23430.0,SXR8
2023-11-07,425.86,429.22,425.72,429.12,21310.0,SXR8
2023-11-08,428.58,430.08,427.34,427.67,20591.0,SXR8
2023-11-09,428.47,430.28,426.89,428.49,15886.0,SXR8
2023-11-10,427.57,429.46,425.43,429.13,24705.0,SXR8
2023-11-13,430.77,433.3,430.61,431.89,23409.0,SXR8
2023-11-14,431.81,435.1,430.5,434.07,26674.0,SXR8
2023-11-15,433.94,436.36,433.8,435.17,30151.0,SXR8
2023-11-16,434.89,434.95,432.42,433.26,18284.0,SXR8
2023-11-17,436.27,437.45,433.0,433.55,20757.0,SXR8
2023-11-20,432.58,434.07,432.19,434.04,17489.0,SXR8
2023-11-21,434.54,435.09,433.25,434.28,16224.0,SXR8
2023-11-22,435.36,439.66,435.36,438.83,22186.0,SXR8
2023-11-23,437.56,438.55,437.0,438.09,11403.0,SXR8
2023-11-24,437.6,438.26,435.5,436.51,25675.0,SXR8
2023-11-27,435.32,436.57,434.8,436.28,16524.0,SXR8
2023-11-28,435.19,435.35,433.05,435.05,20416.0,SXR8
2023-11-29,434.92,437.6,434.54,435.5,31088.0,SXR8
2023-11-30,436.02,438.29,435.78,436.81,24946.0,SXR8
2023-12-01,439.2,441.7,438.62,441.24,49774.0,SXR8
2023-12-04,441.8,442.41,440.51,440.87,28679.0,SXR8
2023-12-05,441.57,443.93,440.28,443.59,28429.0,SXR8
2023-12-06,444.91,445.79,443.74,443.74,28593.0,SXR8
2023-12-07,442.5,445.34,441.92,444.78,18859.0,SXR8
2023-12-08,445.03,448.1,444.43,447.37,25763.0,SXR8
2023-12-11,448.35,450.08,447.3,448.94,33143.0,SXR8
2023-12-12,449.78,450.1,448.34,449.75,25617.0,SXR8
2023-12-13,451.88,452.4,450.97,451.97,22368.0,SXR8
2023-12-14,454.85,454.97,449.56,449.86,47394.0,SXR8
2023-12-15,451.36,454.06,450.97,453.45,46049.0,SXR8
2023-12-18,453.46,455.26,453.09,454.84,26105.0,SXR8
2023-12-19,454.9,455.19,453.67,454.66,28560.0,SXR8
2023-12-20,455.75,456.9,454.78,456.34,23666.0,SXR8
2023-12-21,452.85,453.37,450.8,451.66,30201.0,SXR8
2023-12-22,452.27,453.99,451.19,453.23,17804.0,SXR8
2023-12-27,453.58,453.91,449.48,450.57,20040.0,SXR8
2023-12-28,452.12,453.33,450.9,452.95,21136.0,SXR8
2023-12-29,454.03,454.99,453.06,454.04,17269.0,SXR8
2024-01-02,454.88,455.04,453.0,454.19,65691.0,SXR8
2024-01-03,453.95,454.75,452.46,453.03,39616.0,SXR8
2024-01-04,452.22,452.47,450.44,452.04,20749.0,SXR8
2024-01-05,450.01,451.19,448.94,450.54,64245.0,SXR8
2024-01-08,450.24,451.72,449.04,451.37,48065.0,SXR8
2024-01-09,455.27,456.16,453.48,456.15,33174.0,SXR8
2024-01-10,456.46,457.54,455.48,456.16,36246.0,SXR8
2024-01-11,458.5,459.17,454.37,454.67,27444.0,SXR8
2024-01-12,456.28,458.89,456.0,457.29,27452.0,SXR8
2024-01-15,458.04,458.58,457.3,458.06,39147.0,SXR8
2024-01-16,457.29,460.93,456.99,460.46,19100.0,SXR8
2024-01-17,457.69,458.58,456.78,458.51,38310.0,SXR8
2024-01-18,457.05,460.37,456.78,460.09,22278.0,SXR8
2024-01-19,462.1,463.72,461.79,462.87,21492.0,SXR8
2024-01-22,467.22,469.71,466.98,468.03,38767.0,SXR8
2024-01-23,467.06,470.18,466.63,469.3,30032.0,SXR8
2024-01-24,471.02,471.9,469.39,471.06,29892.0,SXR8
2024-01-25,469.67,473.92,469.1,473.83,23014.0,SXR8
2024-01-26,472.78,473.92,471.67,473.31,22353.0,SXR8
2024-01-29,473.66,475.87,473.41,475.15,25427.0,SXR8
2024-01-30,477.2,478.03,475.73,476.97,29137.0,SXR8
2024-01-31,476.46,476.73,471.43,472.53,27809.0,SXR8
2024-02-01,472.84,473.36,469.86,470.58,40941.0,SXR8
2024-02-02,475.62,481.21,474.39,481.21,43635.0,SXR8
2024-02-05,481.7,483.84,481.23,482.5,32642.0,SXR8
2024-02-06,483.09,484.5,482.19,483.03,23236.0,SXR8
2024-02-07,482.67,486.9,482.54,486.01,21226.0,SXR8
2024-02-08,486.41,487.77,485.96,486.68,18819.0,SXR8
2024-02-09,487.12,488.72,486.87,487.58,22228.0,SXR8
2024-02-12,488.56,491.7,488.5,491.7,50424.0,SXR8
2024-02-13,489.28,489.49,484.62,486.66,22902.0,SXR8
2024-02-14,486.98,488.8,486.1,486.94,25147.0,SXR8
2024-02-15,490.38,490.73,487.76,488.82,22191.0,SXR8
2024-02-16,491.2,492.12,488.42,490.18,20458.0,SXR8
2024-02-19,487.91,489.29,487.35,488.62,16881.0,SXR8
2024-02-20,487.19,487.27,482.2,482.9,16806.0,SXR8
2024-02-21,483.03,483.51,481.82,482.52,21913.0,SXR8
2024-02-22,487.21,492.26,486.67,492.26,24520.0,SXR8
2024-02-23,493.53,496.12,493.17,494.27,23346.0,SXR8
2024-02-26,493.27,493.63,491.9,492.2,21354.0,SXR8
2024-02-27,490.91,492.11,489.91,490.64,22184.0,SXR8
2024-02-28,492.43,492.92,490.8,492.07,22678.0,SXR8
2024-02-29,491.18,494.33,489.55,493.42,23808.0,SXR8
2024-03-01,496.15,497.0,494.12,496.25,40348.0,SXR8
2024-03-04,496.99,497.88,496.32,496.5,27212.0,SXR8
2024-03-05,496.17,496.24,491.36,492.29,30171.0,SXR8
2024-03-06,492.29,493.92,491.8,493.56,27944.0,SXR8
2024-03-07,491.46,496.09,490.65,494.83,21171.0,SXR8
2024-03-08,496.17,498.0,494.4,495.25,24653.0,SXR8
2024-03-11,491.62,492.22,490.02,492.08,28577.0,SXR8
2024-03-12,494.4,498.19,492.41,496.58,19373.0,SXR8
2024-03-13,498.11,498.19,496.12,496.49,13896.0,SXR8
2024-03-14,497.96,498.55,495.37,497.46,16663.0,SXR8
2024-03-15,497.88,498.9,493.5,493.72,22321.0,SXR8
2024-03-18,495.64,499.69,494.93,499.16,21972.0,SXR8
2024-03-19,498.67,499.86,496.69,499.84,18887.0,SXR8
2024-03-20,501.06,502.78,500.98,501.5,13090.0,SXR8
2024-03-21,505.64,509.52,504.72,509.1,23838.0,SXR8
2024-03-22,509.48,510.66,508.24,509.06,18315.0,SXR8
2024-03-25,508.72,509.22,506.24,507.22,26659.0,SXR8
2024-03-26,507.38,508.46,506.4,507.92,35315.0,SXR8
2024-03-27,507.72,509.46,506.82,507.5,36097.0,SXR8
2024-03-28,511.3,512.24,510.72,511.5,19101.0,SXR8
2024-04-02,513.68,514.12,506.12,507.76,44010.0,SXR8
2024-04-03,508.3,508.62,506.44,507.8,20550.0,SXR8
2024-04-04,507.34,508.7,506.54,508.06,24110.0,SXR8
2024-04-05,501.02,505.62,500.3,504.86,41146.0,SXR8
2024-04-08,504.88,506.58,504.1,504.96,25192.0,SXR8
2024-04-09,504.7,505.2,500.1,501.84,23564.0,SXR8
2024-04-10,505.58,506.6,500.72,504.96,31506.0,SXR8
2024-04-11,505.84,507.1,503.54,506.64,24144.0,SXR8
2024-04-12,512.28,512.8,508.6,509.64,30984.0,SXR8
2024-04-15,508.82,511.2,507.18,508.12,28100.0,SXR8
2024-04-16,501.06,502.16,498.56,500.66,35850.0,SXR8
2024-04-17,499.74,502.2,497.24,497.24,21271.0,SXR8
2024-04-18,496.75,499.0,495.2,498.08,24740.0,SXR8
2024-04-19,492.61,495.07,492.04,492.59,43456.0,SXR8
2024-04-22,492.72,494.8,491.48,492.44,30117.0,SXR8
2024-04-23,495.77,498.7,493.71,497.96,30351.0,SXR8
2024-04-24,500.58,501.0,497.83,498.69,88591.0,SXR8
2024-04-25,495.2,495.47,490.9,492.02,19831.0,SXR8
2024-04-26,499.24,503.26,497.78,502.22,21762.0,SXR8
2024-04-29,502.22,504.26,501.4,501.68,22420.0,SXR8
2024-04-30,502.56,502.98,500.08,500.58,30262.0,SXR8
2024-05-02,495.23,497.65,493.95,495.12,42811.0,SXR8
2024-05-03,498.05,501.36,497.25,499.97,21177.0,SXR8
2024-05-06,502.28,503.92,501.88,503.82,30242.0,SXR8
2024-05-07,506.66,507.6,506.08,507.38,24405.0,SXR8
2024-05-08,508.42,508.86,505.9,507.8,25088.0,SXR8
2024-05-09,507.96,508.8,506.86,508.6,10709.0,SXR8
2024-05-10,510.42,511.44,509.84,509.92,18193.0,SXR8
2024-05-13,511.02,511.16,509.1,509.42,17910.0,SXR8
2024-05-14,509.72,510.46,507.8,508.82,20272.0,SXR8
2024-05-15,510.48,512.92,509.58,512.66,23216.0,SXR8
2024-05-16,514.68,516.12,514.46,515.5,19228.0,SXR8
2024-05-17,513.84,515.32,512.8,513.22,19757.0,SXR8
2024-05-20,514.26,516.44,514.16,516.44,10995.0,SXR8
2024-05-21,515.2,516.0,514.3,515.7,27867.0,SXR8
2024-05-22,516.24,517.62,516.1,517.06,19374.0,SXR8
2024-05-23,519.4,520.54,515.78,517.58,39433.0,SXR8
2024-05-24,513.8,515.7,512.84,514.66,21274.0,SXR8
2024-05-27,514.9,515.54,514.06,515.54,17436.0,SXR8
2024-05-28,515.18,516.0,513.82,514.16,14257.0,SXR8
2024-05-29,513.62,514.48,511.6,514.08,17135.0,SXR8
2024-05-30,511.52,512.1,509.5,510.2,15372.0,SXR8
2024-05-31,509.44,509.66,505.58,506.28,20404.0,SXR8
2024-06-03,514.34,514.9,510.0,510.46,37964.0,SXR8
2024-06-04,510.38,512.06,508.82,509.74,20725.0,SXR8
2024-06-05,513.22,516.96,513.12,516.82,25923.0,SXR8
2024-06-06,518.76,520.0,518.0,518.54,17593.0,SXR8
2024-06-07,518.94,523.52,517.7,522.7,21533.0,SXR8
2024-06-10,523.6,525.24,522.46,525.1,26402.0,SXR8
2024-06-11,525.06,526.42,523.8,525.7,20916.0,SXR8
2024-06-12,528.06,529.8,526.82,528.58,25418.0,SXR8
2024-06-13,530.5,531.56,529.1,531.2,38383.0,SXR8
2024-06-14,533.96,535.78,531.82,534.28,35269.0,SXR8
2024-06-17,535.96,536.2,533.56,535.2,31973.0,SXR8
2024-06-18,538.16,539.3,536.84,537.82,36327.0,SXR8
2024-06-19,539.6,539.94,538.52,539.18,20546.0,SXR8
2024-06-20,541.24,542.66,539.94,540.82,22413.0,SXR8
2024-06-21,539.46,540.8,538.38,539.66,18909.0,SXR8
2024-06-24,538.94,539.46,536.24,538.96,21890.0,SXR8
2024-06-25,536.12,538.96,535.52,538.14,23880.0,SXR8
2024-06-26,540.2,541.28,538.64,539.34,15947.0,SXR8
2024-06-27,539.8,540.66,538.74,539.06,19508.0,SXR8
2024-06-28,542.2,544.58,540.96,541.5,21426.0,SXR8
2024-07-01,537.14,537.88,534.76,537.56,52516.0,SXR8
2024-07-02,536.94,538.9,535.78,538.9,16921.0,SXR8
2024-07-03,540.38,540.84,537.9,539.5,20307.0,SXR8
2024-07-04,541.1,541.58,539.78,539.78,16679.0,SXR8
2024-07-05,540.6,541.24,539.08,540.8,28650.0,SXR8
2024-07-08,542.0,543.42,541.46,542.66,28538.0,SXR8
2024-07-09,543.82,545.12,543.7,544.74,23005.0,SXR8
2024-07-10,543.98,545.58,543.98,545.58,25889.0,SXR8
2024-07-11,548.58,548.72,543.0,543.06,38381.0,SXR8
2024-07-12,543.2,545.36,540.7,545.14,24526.0,SXR8
2024-07-15,545.88,547.92,544.74,546.92,28066.0,SXR8
2024-07-16,546.06,549.16,544.58,547.78,29510.0,SXR8
2024-07-17,546.12,546.12,540.26,541.08,32030.0,SXR8
2024-07-18,541.78,543.34,537.76,537.8,30365.0,SXR8
2024-07-19,537.2,538.86,534.56,534.56,28920.0,SXR8
2024-07-22,535.42,539.46,535.02,536.78,27383.0,SXR8
2024-07-23,538.58,543.04,538.02,542.66,24346.0,SXR8
2024-07-24,537.02,538.34,530.84,531.52,24085.0,SXR8
2024-07-25,529.96,530.98,525.2,529.9,33344.0,SXR8
2024-07-26,527.94,531.08,527.5,529.76,23859.0,SXR8
2024-07-29,533.44,536.34,531.3,531.3,21065.0,SXR8
2024-07-30,533.52,536.0,530.56,530.76,24213.0,SXR8
2024-07-31,534.8,539.32,534.32,539.04,23573.0,SXR8
2024-08-01,541.3,543.96,535.84,535.84,40409.0,SXR8
2024-08-02,527.18,528.06,512.56,514.1,55322.0,SXR8
2024-08-06,506.44,510.16,502.0,507.44,74921.0,SXR8
2024-08-07,509.22,515.56,507.8,513.2,117173.0,SXR8
2024-08-08,502.38,513.44,499.72,512.5,41326.0,SXR8
2024-08-09,513.88,517.32,512.4,514.78,39318.0,SXR8
2024-08-12,516.96,518.82,514.5,515.88,34254.0,SXR8
2024-08-13,518.28,521.02,516.86,520.98,56125.0,SXR8
2024-08-14,522.06,522.3,517.98,522.26,37348.0,SXR8
2024-08-15,523.82,532.02,522.72,531.58,39535.0,SXR8
2024-08-16,534.46,534.56,529.9,532.1,95716.0,SXR8
2024-08-19,531.08,533.0,530.2,532.58,21593.0,SXR8
2024-08-20,535.16,535.96,531.66,532.3,25037.0,SXR8
2024-08-21,532.28,535.04,531.5,532.4,24047.0,SXR8
2024-08-22,532.84,536.28,531.9,533.14,14919.0,SXR8
2024-08-23,531.12,534.64,528.78,531.48,19561.0,SXR8
2024-08-26,532.06,535.2,530.88,531.34,16655.0,SXR8
2024-08-27,531.92,532.94,529.72,531.62,11935.0,SXR8
2024-08-28,533.34,535.14,530.5,531.04,17821.0,SXR8
2024-08-29,531.06,538.48,531.0,537.5,14635.0,SXR8
2024-08-30,534.92,537.5,534.56,534.98,22356.0,SXR8
2024-09-02,538.42,539.98,537.34,539.48,28385.0,SXR8
2024-09-03,539.68,540.26,532.0,533.9,20910.0,SXR8
2024-09-04,526.14,529.44,525.6,527.56,26711.0,SXR8
2024-09-05,526.0,528.78,522.16,523.72,28354.0,SXR8
2024-09-06,521.44,526.52,515.8,517.12,28503.0,SXR8
2024-09-09,519.7,523.84,519.6,522.74,37979.0,SXR8
2024-09-10,522.86,526.92,522.7,525.4,17197.0,SXR8
2024-09-11,524.78,527.68,519.34,521.84,21729.0,SXR8
2024-09-12,534.36,535.0,530.3,532.82,24238.0,SXR8
2024-09-13,534.76,536.92,533.72,536.92,14247.0,SXR8
2024-09-16,535.04,535.86,532.64,533.84,44103.0,SXR8
2024-09-17,536.0,539.2,535.62,538.14,19496.0,SXR8
2024-09-18,537.0,537.0,534.82,535.52,16021.0,SXR8
2024-09-19,539.34,544.14,538.7,542.06,31642.0,SXR8
2024-09-20,540.34,541.38,538.5,539.72,23766.0,SXR8
2024-09-23,541.04,544.54,541.0,543.44,20737.0,SXR8
2024-09-24,545.0,545.26,540.5,542.84,26264.0,SXR8
2024-09-25,540.56,543.48,540.3,543.38,20299.0,SXR8
2024-09-26,546.6,548.52,542.58,542.66,23609.0,SXR8
2024-09-27,545.38,546.0,543.5,544.86,21187.0,SXR8
2024-09-30,542.98,544.5,540.16,544.2,29754.0,SXR8
2024-10-01,547.34,550.14,543.0,545.68,67825.0,SXR8
2024-10-02,544.82,547.88,543.04,547.72,24061.0,SXR8
2024-10-03,546.62,548.58,544.54,547.54,25064.0,SXR8
2024-10-04,546.7,555.28,546.4,551.0,34426.0,SXR8
2024-10-07,554.0,554.0,551.5,553.06,47021.0,SXR8
2024-10-08,548.46,554.2,548.1,553.84,33752.0,SXR8
2024-10-09,553.98,558.84,553.42,558.84,32300.0,SXR8
2024-10-10,560.18,561.0,557.9,560.2,28545.0,SXR8
2024-10-11,559.28,562.7,557.7,561.74,31243.0,SXR8
2024-10-14,563.08,568.3,562.82,567.08,26260.0,SXR8
2024-10-15,569.92,570.26,566.12,567.14,45617.0,SXR8
2024-10-16,566.12,567.38,564.4,566.82,29553.0,SXR8
2024-10-17,570.6,575.58,570.3,572.38,34874.0,SXR8
2024-10-18,571.0,572.08,569.72,571.14,29304.0,SXR8
2024-10-21,571.72,572.54,569.5,569.82,29447.0,SXR8
2024-10-22,571.32,572.14,569.4,571.68,22767.0,SXR8
2024-10-23,573.78,574.54,570.02,570.34,30994.0,SXR8
2024-10-24,570.78,572.18,568.78,568.98,21910.0,SXR8
2024-10-25,568.96,572.88,568.42,571.68,33049.0,SXR8
2024-10-28,572.12,572.48,569.9,570.1,29186.0,SXR8
2024-10-29,570.56,572.2,569.5,571.26,21989.0,SXR8
2024-10-30,572.0,572.1,568.04,569.42,22450.0,SXR8
2024-10-31,562.92,563.74,557.86,558.66,75976.0,SXR8
2024-11-01,557.42,562.68,556.4,561.74,50575.0,SXR8
2024-11-04,557.48,557.96,554.52,556.38,50010.0,SXR8
2024-11-05,556.56,560.0,555.32,559.4,51303.0,SXR8
2024-11-06,581.04,586.72,579.58,582.46,100503.0,SXR8
2024-11-07,584.58,585.58,582.48,585.46,53671.0,SXR8
2024-11-08,588.06,591.94,585.24,591.94,34928.0,SXR8
2024-11-11,595.42,599.12,595.22,597.6,70160.0,SXR8
2024-11-12,597.54,599.24,596.96,597.96,45345.0,SXR8
2024-11-13,596.28,600.66,593.98,600.66,275926.0,SXR8
2024-11-14,600.94,604.76,597.88,599.08,173107.0,SXR8
2024-11-15,594.06,594.66,590.18,590.18,44608.0,SXR8
2024-11-18,590.22,591.78,587.98,591.78,265018.0,SXR8
2024-11-19,591.3,592.26,584.28,591.42,48939.0,SXR8
2024-11-20,594.08,595.32,589.76,591.74,219633.0,SXR8
2024-11-21,594.22,600.18,592.32,599.36,34346.0,SXR8
2024-11-22,601.14,609.0,600.84,606.76,45431.0,SXR8
2024-11-25,607.46,607.9,603.46,605.14,49825.0,SXR8
2024-11-26,605.2,608.24,602.82,607.64,157224.0,SXR8
2024-11-27,607.04,607.18,600.8,601.3,35915.0,SXR8
2024-11-28,604.36,604.72,603.02,604.06,160635.0,SXR8
2024-11-29,603.1,606.04,602.64,605.88,70434.0,SXR8
2024-12-02,608.1,612.14,606.58,611.0,183252.0,SXR8
2024-12-03,610.46,610.62,607.96,609.34,74033.0,SXR8
2024-12-04,611.06,614.26,609.8,611.36,281049.0,SXR8
2024-12-05,611.64,612.92,609.18,610.34,113794.0,SXR8
2024-12-06,608.64,612.8,606.74,610.74,197853.0,SXR8
2024-12-09,611.46,611.78,606.0,608.02,114010.0,SXR8
2024-12-10,608.46,612.06,608.06,611.1,44408.0,SXR8
2024-12-12,613.22,615.6,611.5,613.5,33266.0,SXR8
2024-12-13,614.7,615.08,609.66,611.44,31454.0,SXR8
2024-12-16,610.78,614.24,610.08,613.18,52944.0,SXR8
2024-12-17,611.94,613.16,609.28,611.6,34593.0,SXR8
2024-12-18,612.34,614.7,610.64,613.74,32532.0,SXR8
2024-12-19,600.48,605.24,599.26,603.76,93786.0,SXR8
2024-12-20,598.02,606.42,591.64,606.42,85596.0,SXR8
2024-12-23,606.52,607.18,602.62,604.8,48164.0,SXR8
2024-12-27,612.62,613.24,605.0,607.08,55294.0,SXR8
2024-12-30,605.88,607.3,600.14,600.78,42396.0,SXR8
2025-01-02,605.68,611.0,604.82,610.76,92989.0,SXR8
2025-01-03,607.08,610.42,605.4,610.42,47886.0,SXR8
2025-01-06,611.04,614.5,608.4,613.68,51279.0,SXR8
2025-01-07,608.26,612.24,606.76,607.56,67173.0,SXR8
2025-01-08,607.84,609.98,605.64,608.38,58274.0,SXR8
2025-01-09,607.48,608.94,606.48,608.88,23568.0,SXR8
2025-01-10,608.18,609.52,601.44,602.92,42980.0,SXR8
2025-01-13,602.52,604.58,599.02,602.6,49463.0,SXR8
2025-01-14,606.16,607.58,600.2,601.28,31702.0,SXR8
2025-01-15,601.26,612.26,601.18,611.78,45365.0,SXR8
2025-01-16,615.72,616.08,611.92,612.7,28298.0,SXR8
2025-01-17,613.56,619.74,612.96,618.68,49178.0,SXR8
2025-01-20,617.72,618.14,612.66,614.56,120992.0,SXR8
2025-01-21,614.98,618.44,613.76,614.38,71623.0,SXR8
2025-01-22,618.34,621.0,616.4,620.92,197186.0,SXR8
2025-01-23,620.24,622.94,618.82,621.28,119967.0,SXR8
2025-01-24,620.02,620.44,616.76,617.64,43251.0,SXR8
2025-01-27,608.96,609.18,597.62,604.94,171375.0,SXR8
2025-01-28,612.58,616.3,609.74,614.06,63436.0,SXR8
2025-01-29,618.86,619.98,615.28,615.92,49679.0,SXR8
2025-01-30,617.72,619.48,613.36,615.5,62603.0,SXR8
2025-01-31,621.5,625.6,621.42,623.82,64623.0,SXR8
2025-02-03,616.84,618.62,612.92,617.86,150028.0,SXR8
2025-02-04,616.3,617.62,613.34,617.48,49877.0,SXR8
2025-02-05,612.96,614.66,611.06,614.66,56087.0,SXR8
2025-02-06,620.54,623.12,620.54,621.58,33678.0,SXR8
2025-02-07,621.22,623.7,619.0,620.2,38234.0,SXR8
2025-02-10,622.14,624.9,621.3,624.04,32191.0,SXR8
2025-02-11,622.86,623.3,620.7,622.16,29065.0,SXR8
2025-02-12,621.04,622.16,616.08,617.42,47456.0,SXR8
2025-02-13,617.14,620.44,615.28,619.56,26795.0,SXR8
2025-02-14,621.0,621.24,617.74,618.24,33008.0,SXR8
2025-02-17,620.36,621.54,619.88,620.66,252417.0,SXR8
2025-02-18,622.44,624.18,620.42,621.06,248484.0,SXR8
2025-02-19,623.22,625.3,621.96,625.12,33035.0,SXR8
2025-02-20,623.68,624.64,617.34,618.16,56215.0,SXR8
2025-02-21,618.88,621.84,616.8,618.42,56768.0,SXR8
2025-02-24,611.5,613.78,607.0,610.36,64751.0,SXR8
2025-02-25,606.78,607.84,597.84,598.56,59591.0,SXR8
2025-02-26,604.94,608.599,603.9,606.64,42459.0,SXR8
2025-02-27,606.6,610.76,603.28,608.3,28828.0,SXR8
2025-02-28,600.12,602.94,596.5,601.12,56370.0,SXR8
2025-03-03,609.06,609.48,599.86,601.0,77255.0,SXR8
2025-03-04,592.56,593.24,578.72,580.42,136938.0,SXR8
2025-03-05,579.18,579.42,566.82,567.38,93478.0,SXR8
2025-03-06,572.22,572.76,563.58,568.46,126033.0,SXR8
2025-03-07,564.68,566.12,556.5,556.94,88391.0,SXR8
2025-03-10,562.88,563.1,552.32,553.88,140976.0,SXR8
2025-03-11,549.02,550.4,540.06,542.34,119847.0,SXR8
2025-03-12,544.9,552.0,540.2,547.16,92271.0,SXR8
2025-03-13,544.46,549.42,541.22,542.52,39048.0,SXR8
2025-03-14,544.479,550.5,542.28,549.0,91607.0,SXR8
2025-03-17,547.88,552.919,546.94,549.719,51453.0,SXR8
2025-03-18,550.5,552.44,544.4,546.32,77167.0,SXR8
2025-03-19,547.26,553.94,547.1,552.92,35341.0,SXR8
2025-03-20,556.8,561.14,552.0,556.2,60248.0,SXR8
2025-03-21,554.82,555.42,549.96,554.52,55966.0,SXR8
2025-03-24,560.96,567.72,560.54,567.14,60891.0,SXR8
2025-03-25,567.56,568.86,566.2,567.34,42584.0,SXR8
2025-03-26,569.0,570.76,564.2,565.0,39847.0,SXR8
2025-03-27,563.74,565.0,558.96,562.28,32412.0,SXR8
2025-03-28,558.98,561.84,548.58,549.04,41597.0,SXR8
2025-03-31,543.14,547.02,539.88,547.02,64711.0,SXR8
2025-04-01,552.16,554.96,546.82,553.82,56113.0,SXR8
2025-04-02,554.02,554.5,547.22,553.66,39238.0,SXR8
2025-04-03,531.9,535.0,518.3,523.3,117521.0,SXR8
2025-04-04,516.68,519.4,496.11,501.08,185003.0,SXR8
2025-04-07,467.71,509.86,465.0,487.44,349547.0,SXR8
2025-04-08,497.37,513.9,497.21,505.0,137741.0,SXR8
2025-04-09,479.79,486.89,467.75,479.34,0.0,SXR8
2025-04-10,525.32,525.94,498.35,498.35,119862.0,SXR8
2025-04-11,499.65,499.78,485.33,492.63,106697.0,SXR8
2025-04-14,505.08,514.24,504.6,506.46,97423.0,SXR8
2025-04-15,508.6,513.62,504.92,510.5,54759.0,SXR8
2025-04-16,498.97,505.92,496.41,502.0,73981.0,SXR8
2025-04-17,498.12,500.28,491.77,494.92,28265.0,SXR8
2025-04-22,482.57,489.1,480.14,488.08,56922.0,SXR8
2025-04-23,501.78,513.6,501.0,504.72,64393.0,SXR8
2025-04-24,502.02,511.34,498.36,510.38,48028.0,SXR8
2025-04-25,517.54,517.74,510.5,512.68,33712.0,SXR8
2025-04-28,517.5,519.82,513.12,513.46,37220.0,SXR8
2025-04-29,516.5,518.8,512.8,516.3,25039.0,SXR8
2025-04-30,518.86,520.48,508.28,517.7,48038.0,SXR8
2025-05-02,529.3,533.44,526.98,532.36,58213.0,SXR8
2025-05-05,530.82,532.48,527.88,531.94,48522.0,SXR8
2025-05-06,529.54,529.7,523.38,528.42,32913.0,SXR8
2025-05-07,527.46,528.9,524.48,526.14,31009.0,SXR8
2025-05-08,535.6,537.38,530.8,536.88,30248.0,SXR8
2025-05-09,536.78,539.46,532.5,535.48,35165.0,SXR8
2025-05-12,554.64,561.64,553.78,556.52,84888.0,SXR8
2025-05-13,557.78,563.78,556.9,561.46,57791.0,SXR8
2025-05-14,560.5,561.48,555.9,560.48,42965.0,SXR8
2025-05-15,557.54,562.0,555.5,562.0,53017.0,SXR8
2025-05-16,561.54,566.2,561.24,566.18,33963.0,SXR8
2025-05-19,559.84,562.94,555.0,562.2,48214.0,SXR8
2025-05-20,562.02,564.76,561.22,562.54,32368.0,SXR8
2025-05-21,556.02,557.52,552.1,556.74,30991.0,SXR8
2025-05-22,550.9,553.28,547.52,552.159,27471.0,SXR8
2025-05-23,549.9,550.56,540.3,544.859,44547.0,SXR8
2025-05-26,548.039,550.58,548.039,549.52,21836.0,SXR8
2025-05-27,550.179,554.539,548.64,554.479,17857.0,SXR8
2025-05-28,556.979,559.64,554.739,556.739,36747.0,SXR8
2025-05-29,564.239,566.52,553.14,553.659,25416.0,SXR8
2025-05-30,554.12,555.919,550.62,553.32,23678.0,SXR8
2025-06-02,549.28,551.719,546.0,549.76,47471.0,SXR8
2025-06-03,551.919,558.4,550.159,558.4,18136.0,SXR8
2025-06-04,559.14,560.44,556.3,557.8,21766.0,SXR8
2025-06-05,557.52,559.3,552.34,558.159,34331.0,SXR8
2025-06-06,556.3,563.1,555.62,560.14,37030.0,SXR8
2025-06-09,559.58,562.34,559.0,560.34,26839.0,SXR8
2025-06-10,561.34,562.38,559.62,560.979,25917.0,SXR8
2025-06-11,562.539,564.979,560.919,561.359,31494.0,SXR8
2025-06-12,556.7,557.039,549.1,555.56,33952.0,SXR8
2025-06-13,550.64,556.679,549.88,553.919,36978.0,SXR8
2025-06-16,553.34,556.5,552.08,555.94,33821.0,SXR8
2025-06-17,553.94,557.0,552.02,555.84,29768.0,SXR8
2025-06-18,554.739,557.679,554.4,555.6,28281.0,SXR8
2025-06-19,554.64,554.78,549.7,550.84,19791.0,SXR8
2025-06-20,552.32,557.32,551.28,553.419,18352.0,SXR8
2025-06-23,552.28,556.6,552.239,552.76,32280.0,SXR8
2025-06-24,558.859,559.56,556.14,558.02,31992.0,SXR8
2025-06-25,560.0,561.479,558.679,558.679,23589.0,SXR8
2025-06-26,557.12,559.179,555.38,558.359,40163.0,SXR8
2025-06-27,560.34,562.679,558.679,562.479,24840.0,SXR8
2025-06-30,562.9,564.239,560.8,561.64,27916.0,SXR8
2025-07-01,561.5,561.58,557.76,561.0,45150.0,SXR8
2025-07-02,563.219,563.859,560.32,562.5,40201.0,SXR8
2025-07-03,563.479,569.8,562.859,569.179,28845.0,SXR8
2025-07-04,566.56,566.56,564.2,565.059,17839.0,SXR8
2025-07-07,567.12,570.28,566.7,567.179,34851.0,SXR8
2025-07-08,565.94,569.0,565.56,567.08,22264.0,SXR8
2025-07-09,566.4,571.34,566.0,568.8,18773.0,SXR8
2025-07-10,567.859,573.539,567.5,573.539,20580.0,SXR8
2025-07-11,571.859,571.96,568.28,570.659,26365.0,SXR8
2025-07-14,569.28,571.479,568.02,571.26,20473.0,SXR8
2025-07-15,574.6,576.32,573.419,576.14,28412.0,SXR8
2025-07-16,571.239,576.8,566.159,566.159,35291.0,SXR8
2025-07-17,577.0,578.94,575.979,578.719,20640.0,SXR8
2025-07-18,579.56,579.58,575.9,576.479,20056.0,SXR8
2025-07-21,578.059,579.0,576.34,577.14,29931.0,SXR8
2025-07-22,575.44,576.52,572.08,572.34,22739.0,SXR8
2025-07-23,574.96,577.0,574.44,575.84,34639.0,SXR8
2025-07-24,577.02,578.9,576.0,577.659,21025.0,SXR8
2025-07-25,578.659,580.88,577.979,580.08,19904.0,SXR8
2025-07-28,584.28,586.9,583.88,586.9,28870.0,SXR8
2025-07-29,591.179,593.159,589.28,589.44,33211.0,SXR8
2025-07-30,588.84,593.96,588.179,592.76,24201.0,SXR8
2025-07-31,598.32,600.739,594.0,595.82,36317.0,SXR8
2025-08-01,590.02,590.14,572.78,576.039,78770.0,SXR8
2025-08-04,577.1,582.62,577.1,582.2,29404.0,SXR8
2025-08-05,586.219,587.159,579.78,579.78,34167.0,SXR8
2025-08-06,582.84,583.739,577.919,581.38,19548.0,SXR8
2025-08-07,581.38,585.739,581.2,581.239,24172.0,SXR8
2025-08-08,581.78,584.9,581.5,583.179,16189.0,SXR8
2025-08-11,586.179,588.26,584.859,587.58,19965.0,SXR8
2025-08-12,586.6,589.0,584.78,587.0,23631.0,SXR8
2025-08-13,588.56,590.94,587.4,587.679,28227.0,SXR8
2025-08-14,589.719,592.419,588.159,591.239,30556.0,SXR8
2025-08-15,593.14,593.159,587.78,588.28,25645.0,SXR8
2025-08-18,588.679,590.38,587.52,589.059,25309.0,SXR8
2025-08-19,589.039,590.6,587.4,588.26,22309.0,SXR8
2025-08-20,587.219,587.679,580.6,584.26,28152.0,SXR8
2025-08-21,587.46,587.58,583.679,587.059,21391.0,SXR8
2025-08-22,586.159,591.0,585.94,590.3,27078.0,SXR8
2025-08-25,588.739,590.82,588.32,590.78,25920.0,SXR8
2025-08-26,590.8,591.5,588.919,589.94,25034.0,SXR8
2025-08-27,594.679,596.979,594.359,595.979,30427.0,SXR8
2025-08-28,594.979,596.179,591.679,593.419,32112.0,SXR8
2025-08-29,594.8,595.0,588.32,589.2,24144.0,SXR8
2025-09-01,588.56,590.64,588.4,590.64,41856.0,SXR8
2025-09-02,589.539,590.859,583.659,583.659,45868.0,SXR8
2025-09-03,590.159,591.6,588.26,588.7,24751.0,SXR8
2025-09-04,591.419,594.38,591.32,593.84,23383.0,SXR8
2025-09-05,596.46,596.6,586.32,588.719,34642.0,SXR8
2025-09-08,591.479,592.34,589.859,591.739,31478.0,SXR8
2025-09-09,590.96,592.679,590.38,592.12,24394.0,SXR8
2025-09-10,596.78,598.12,595.14,595.6,23520.0,SXR8
2025-09-11,597.84,599.64,595.96,599.46,33702.0,SXR8
2025-09-12,599.02,601.2,598.7,600.539,36055.0,SXR8
2025-09-15,600.88,601.7,598.8,600.7,42176.0,SXR8
2025-09-16,600.32,601.28,595.539,596.1,34681.0,SXR8
2025-09-17,596.08,596.78,594.8,595.219,36635.0,SXR8
2025-09-18,600.44,604.1,599.0,602.96,42976.0,SXR8
2025-09-19,601.94,605.62,601.34,603.96,46051.0,SXR8
2025-09-22,605.359,606.38,602.179,605.78,43604.0,SXR8
2025-09-23,606.76,607.44,605.719,606.239,39252.0,SXR8
2025-09-24,604.419,607.659,603.76,605.3,63717.0,SXR8
2025-09-25,603.8,605.719,601.12,605.159,61450.0,SXR8
2025-09-26,605.239,608.02,603.5,605.08,42704.0,SXR8
2025-09-29,607.8,609.6,606.1,606.56,34403.0,SXR8
2025-09-30,605.84,607.76,604.219,605.76,42801.0,SXR8
2025-10-01,602.6,609.919,601.82,609.919,77014.0,SXR8
2025-10-02,611.539,613.34,610.9,612.359,41037.0,SXR8
2025-10-03,614.28,614.58,611.62,613.919,40435.0,SXR8
2025-10-06,615.62,618.38,613.7,615.28,53819.0,SXR8
2025-10-07,615.96,619.039,614.88,614.94,34306.0,SXR8
2025-10-08,618.34,621.3,617.239,621.159,36549.0,SXR8
2025-10-09,621.94,623.239,620.94,622.46,31108.0,SXR8
2025-10-10,622.719,625.08,609.56,609.56,49699.0,SXR8
2025-10-13,611.479,614.8,610.239,614.62,62371.0,SXR8
2025-10-14,610.219,611.76,605.08,611.46,47853.0,SXR8
2025-10-15,613.32,618.479,612.38,614.5,36108.0,SXR8
2025-10-16,613.979,615.58,611.78,612.4,27843.0,SXR8
2025-10-17,599.219,610.76,596.659,605.84,70257.0,SXR8
2025-10-20,613.8,618.039,612.28,617.4,36907.0,SXR8
2025-10-21,618.44,621.859,618.28,620.88,28894.0,SXR8
2025-10-22,621.0,622.78,616.859,616.88,29071.0,SXR8
2025-10-23,619.34,620.02,616.38,619.62,25384.0,SXR8
2025-10-24,622.419,625.859,621.4,625.679,40859.0,SXR8
2025-10-27,630.2,630.6,628.56,630.26,39077.0,SXR8
2025-10-28,630.56,634.08,629.94,631.5,40693.0,SXR8
2025-10-29,635.659,636.12,632.5,633.44,40103.0,SXR8
2025-10-30,634.64,635.979,631.96,634.52,75490.0,SXR8
2025-10-31,635.9,637.5,633.26,634.5,42619.0,SXR8
2025-11-03,635.039,639.359,633.5,635.4,54937.0,SXR8
2025-11-04,629.679,635.08,628.179,632.979,56566.0,SXR8
2025-11-05,629.179,634.08,628.14,634.08,55762.0,SXR8
2025-11-06,629.88,632.419,623.159,623.32,48694.0,SXR8
2025-11-07,625.56,625.8,613.62,614.14,72745.0,SXR8
2025-11-10,626.52,630.219,625.9,627.479,66632.0,SXR8
2025-11-11,631.539,631.76,627.8,628.76,34475.0,SXR8
2025-11-12,634.239,635.76,630.179,631.64,28902.0,SXR8
2025-11-13,631.96,632.4,622.14,622.5,36366.0,SXR8
2025-11-14,618.56,623.159,611.6,622.419,62600.0,SXR8
2025-11-17,624.34,625.28,617.52,620.479,43733.0,SXR8
2025-11-18,612.82,615.5,607.2,612.9,63560.0,SXR8
2025-11-19,611.84,619.5,611.44,614.76,46358.0,SXR8
2025-11-20,625.179,629.039,619.96,619.96,34573.0,SXR8
2025-11-21,608.0,612.08,604.82,612.08,52224.0,SXR8
2025-11-24,616.26,622.159,613.08,621.479,26684.0,SXR8
2025-11-25,622.739,622.8,616.239,622.179,31979.0,SXR8
2025-11-26,627.88,629.88,626.28,629.78,38186.0,SXR8
2025-11-27,629.219,630.359,628.739,629.02,24198.0,SXR8
2025-11-28,630.28,632.979,630.28,631.4,20940.0,SXR8
2025-12-01,627.46,629.08,624.46,628.82,49839.0,SXR8
2025-12-02,627.44,632.0,627.08,628.719,40592.0,SXR8
2025-12-03,629.38,629.58,624.82,628.5,28281.0,SXR8
2025-12-04,629.1,630.919,627.159,628.919,38256.0,SXR8
2025-12-05,631.1,633.7,629.4,632.28,32057.0,SXR8
2025-12-08,631.979,632.659,630.159,630.8,35962.0,SXR8
2025-12-09,630.96,632.08,629.0,631.52,35653.0,SXR8
2025-12-10,629.76,630.62,627.919,629.859,34330.0,SXR8
2025-12-11,625.44,628.28,623.62,625.859,40226.0,SXR8
2025-12-12,629.979,630.739,621.02,621.9,26757.0,SXR8
2025-12-15,624.84,626.28,619.58,621.8,28790.0,SXR8
2025-12-16,618.239,620.82,615.94,617.7,33898.0,SXR8
2025-12-17,622.479,624.2,614.58,614.94,32452.0,SXR8
2025-12-18,615.2,622.88,614.979,622.14,33025.0,SXR8
2025-12-19,621.219,624.78,619.0,624.479,37047.0,SXR8
2025-12-22,626.239,626.58,624.26,626.359,28949.0,SXR8
2025-12-23,625.419,627.7,623.8,627.44,34857.0,SXR8
2025-12-29,629.5,630.28,626.919,628.7,41479.0,SXR8
2025-12-30,628.479,629.239,627.88,629.219,28996.0,SXR8
2026-01-02,628.32,630.5,623.159,624.739,81580.0,SXR8
2026-01-05,629.62,633.64,629.38,632.159,69363.0,SXR8
2026-01-06,630.96,635.64,629.62,634.239,46654.0,SXR8
2026-01-07,636.8,637.7,635.52,637.4,64844.0,SXR8
2026-01-08,634.38,636.5,633.6,635.979,28757.0,SXR8
2026-01-09,637.02,641.46,636.479,640.58,32346.0,SXR8
2026-01-12,635.78,640.0,633.6,639.64,42282.0,SXR8
2026-01-13,640.7,642.7,639.219,641.32,31775.0,SXR8
2026-01-14,639.659,640.2,633.62,635.1,31458.0,SXR8
2026-01-15,639.02,644.539,639.02,643.82,42114.0,SXR8
2026-01-16,643.5,643.6,639.96,642.46,55274.0,SXR8
2026-01-19,633.82,635.32,631.159,632.1,42032.0,SXR8
2026-01-20,627.44,627.84,622.039,627.12,66283.0,SXR8
2026-01-21,623.919,629.659,619.739,627.8,55142.0,SXR8
2026-01-22,632.9,634.96,630.26,631.84,50978.0,SXR8
2026-01-23,632.38,632.6,629.4,630.679,46825.0,SXR8
2026-01-26,625.719,628.179,622.7,627.219,41802.0,SXR8
2026-01-27,629.88,630.34,624.3,625.12,27027.0,SXR8
2026-01-28,626.539,628.52,625.1,626.979,35813.0,SXR8
2026-01-29,626.08,628.179,617.219,620.479,72970.0,SXR8
2026-01-30,620.419,627.8,619.719,626.26,67712.0,SXR8
2026-02-02,621.82,634.0,621.56,633.659,55735.0,SXR8
2026-02-03,634.82,636.1,628.94,629.359,46977.0,SXR8
2026-02-04,627.94,630.0,625.1,626.64,43972.0,SXR8
2026-02-05,626.0,627.359,616.58,620.479,59853.0,SXR8
2026-02-06,616.719,626.179,616.6,626.179,48142.0,SXR8
2026-02-09,627.26,628.08,621.32,627.96,55873.0,SXR8
2026-02-10,626.859,629.56,625.7,627.78,28438.0,SXR8
2026-02-11,625.859,631.979,623.88,626.9,52401.0,SXR8
2026-02-12,629.059,629.4,619.78,620.739,33502.0,SXR8
2026-02-13,617.859,620.6,614.26,619.359,64160.0,SXR8
2026-02-16,619.46,621.059,617.64,618.28,40844.0,SXR8
2026-02-17,618.739,621.179,615.4,619.9,35781.0,SXR8
2026-02-18,622.38,626.659,621.239,626.58,42339.0,SXR8
2026-02-19,626.4,627.5,623.219,625.76,26860.0,SXR8
2026-02-20,628.1,629.0,623.219,627.44,59370.0,SXR8
2026-02-23,623.76,628.8,620.5,622.02,51348.0,SXR8
2026-02-24,623.659,627.179,621.0,625.46,30066.0,SXR8
2026-02-25,627.179,631.239,627.08,630.039,50630.0,SXR8
2026-02-26,630.84,632.479,624.46,627.88,39653.0,SXR8
2026-02-27,626.359,627.58,620.479,624.02,34676.0,SXR8
2026-03-02,620.46,631.359,619.479,629.62,95888.0,SXR8
2026-03-03,627.239,628.64,622.82,627.5,54096.0,SXR8
2026-03-04,628.12,634.059,627.679,633.44,47182.0,SXR8
2026-03-05,633.62,635.34,631.0,632.34,40844.0,SXR8
2026-03-06,632.039,632.4,622.5,624.719,29975.0,SXR8
2026-03-09,616.32,622.739,615.88,622.4,80650.0,SXR8
2026-03-10,627.6,629.179,623.979,628.8,45659.0,SXR8
2026-03-11,627.659,630.6,626.179,628.039,26584.0,SXR8
2026-03-12,627.14,627.8,623.14,624.7,23882.0,SXR8
2026-03-13,622.979,629.219,622.94,624.6,36606.0,SXR8
2026-03-16,626.26,627.9,623.7,625.359,37771.0,SXR8
2026-03-17,623.88,628.659,622.1,626.179,24544.0,SXR8
2026-03-18,628.8,629.44,621.8,622.359,28355.0,SXR8
2026-03-19,619.52,620.62,613.08,613.34,32992.0,SXR8
2026-03-20,614.0,614.64,608.5,608.52,47418.0,SXR8
2026-03-23,601.539,621.859,600.8,610.159,83111.0,SXR8
2026-03-24,610.32,611.359,605.7,609.3,27566.0,SXR8
2026-03-25,612.739,615.14,609.979,613.26,22458.0,SXR8
2026-03-26,611.02,611.679,607.12,607.2,32346.0,SXR8
2026-03-27,605.979,606.039,597.08,597.919,37809.0,SXR8
2026-03-30,595.8,601.26,595.6,600.44,32628.0,SXR8
2026-03-31,598.5,601.34,597.419,600.12,57041.0,SXR8
2026-04-01,609.859,610.479,606.38,610.3,100827.0,SXR8
2026-04-02,604.739,614.0,602.659,611.58,28166.0,SXR8
2026-04-07,613.38,615.34,606.96,608.659,45933.0,SXR8
2026-04-08,623.7,625.3,619.46,621.659,46528.0,SXR8
2026-04-09,623.3,624.239,621.419,624.239,22482.0,SXR8
2026-04-10,626.8,627.7,625.0,625.719,15470.0,SXR8
2026-04-13,623.12,626.56,621.94,625.659,29888.0,SXR8
2026-04-14,628.1,632.8,627.64,632.8,33521.0,SXR8
2026-04-15,635.02,637.1,634.539,636.979,37751.0,SXR8
2026-04-16,640.739,642.5,639.9,642.179,33213.0,SXR8
2026-04-17,643.1,649.4,642.4,649.4,32901.0,SXR8
2026-04-20,647.78,649.9,646.4,647.4,33146.0,SXR8
2026-04-21,649.979,652.679,647.82,648.46,24830.0,SXR8
2026-04-22,649.94,653.539,648.96,652.96,29157.0,SXR8
2026-04-23,652.9,655.82,651.7,655.76,29190.0,SXR8
2026-04-24,655.14,656.4,653.12,655.719,25717.0,SXR8
2026-04-27,655.62,656.039,654.14,655.14,29718.0,SXR8
2026-04-28,658.419,658.659,653.38,653.38,25813.0,SXR8
2026-04-29,656.859,657.239,654.84,655.38,15424.0,SXR8
2026-04-30,656.179,660.0,654.9,656.58,22634.0,SXR8
2026-05-04,663.359,664.82,660.4,661.44,69435.0,SXR8
2026-05-05,664.159,666.539,663.62,666.0,32709.0,SXR8
2026-05-06,667.219,671.9,666.28,671.46,38095.0,SXR8
2026-05-07,674.1,674.5,672.0,673.659,28824.0,SXR8
2026-05-08,673.64,675.08,672.4,674.76,16232.0,SXR8
2026-05-11,675.08,677.239,673.679,677.059,20157.0,SXR8
2026-05-12,675.56,677.14,672.979,673.5,40594.0,SXR8
2026-05-13,679.94,682.239,677.26,680.659,32624.0,SXR8
2026-05-14,684.62,691.6,684.4,691.2,22500.0,SXR8
2026-05-15,689.179,689.38,684.479,687.7,39362.0,SXR8
2026-05-18,681.82,685.919,680.56,682.0,31412.0,SXR8
2026-05-19,683.179,684.9,679.88,680.94,29324.0,SXR8
