date,Open,High,Low,Close,Volume,Ticker
2015-01-02,191.89,193.0,190.6,190.6,1400.0,SXRV
2015-01-05,191.23,192.0,190.289,190.289,3408.0,SXRV
2015-01-06,189.64,190.43,187.66,187.66,1709.0,SXRV
2015-01-07,188.42,191.07,188.42,190.57,3570.0,SXRV
2015-01-08,192.44,195.38,192.36,194.929,7276.0,SXRV
2015-01-09,196.13,196.13,192.32,193.059,7580.0,SXRV
2015-01-12,193.28,194.92,191.28,192.229,1479.0,SXRV
2015-01-13,191.42,196.19,191.42,195.5,3734.0,SXRV
2015-01-14,190.99,192.56,189.0,190.0,9247.0,SXRV
2015-01-15,193.11,194.12,192.0,193.029,457.0,SXRV
2015-01-16,190.4,193.83,190.18,193.44,2244.0,SXRV
2015-01-19,194.17,194.17,192.91,193.35,1322.0,SXRV
2015-01-20,194.85,194.98,193.79,194.08,1506.0,SXRV
2015-01-21,196.09,197.15,194.03,196.839,1672.0,SXRV
2015-01-22,197.06,201.49,195.93,201.49,9899.0,SXRV
2015-01-23,204.3,208.03,204.3,206.059,2645.0,SXRV
2015-01-26,206.55,206.6,205.179,205.179,967.0,SXRV
2015-01-27,206.36,206.36,197.72,199.559,2496.0,SXRV
2015-01-28,202.33,202.85,200.33,200.899,904.0,SXRV
2015-01-29,198.68,198.84,196.5,198.11,1740.0,SXRV
2015-01-30,200.47,202.06,199.94,200.99,14472.0,SXRV
2015-02-02,199.31,199.55,197.43,199.55,2766.0,SXRV
2015-02-03,201.24,201.4,197.929,197.929,2379.0,SXRV
2015-02-04,199.73,201.52,199.56,201.52,1756.0,SXRV
2015-02-05,201.07,202.03,200.49,202.029,7482.0,SXRV
2015-02-06,202.09,204.36,201.9,204.36,6109.0,SXRV
2015-02-09,202.09,202.76,201.6,202.759,335.0,SXRV
2015-02-10,202.51,204.34,202.51,204.339,750.0,SXRV
2015-02-11,205.31,206.62,205.31,206.6,375.0,SXRV
2015-02-12,206.68,207.24,206.36,206.419,1440.0,SXRV
2015-02-13,207.41,207.91,207.4,207.66,5500.0,SXRV
2015-02-16,208.38,209.41,208.31,209.41,323.0,SXRV
2015-02-17,209.43,209.43,208.45,209.05,639.0,SXRV
2015-02-18,209.25,209.86,209.25,209.86,181.0,SXRV
2015-02-19,208.63,210.67,208.26,210.669,315.0,SXRV
2015-02-20,211.44,212.65,211.44,211.449,5396.0,SXRV
2015-02-23,212.7,213.46,212.58,213.0,13508.0,SXRV
2015-02-24,213.69,213.83,213.37,213.66,93.0,SXRV
2015-02-25,212.69,213.17,212.51,213.169,917.0,SXRV
2015-02-26,212.87,216.11,212.71,216.11,7846.0,SXRV
2015-02-27,216.34,216.77,215.62,216.009,6425.0,SXRV
2015-03-02,216.55,217.63,215.32,217.63,3315.0,SXRV
2015-03-03,217.49,218.0,215.66,215.66,1178.0,SXRV
2015-03-04,217.33,218.32,216.59,218.32,3124.0,SXRV
2015-03-05,218.75,219.87,218.7,219.679,1620.0,SXRV
2015-03-06,219.69,222.79,219.69,221.059,2335.0,SXRV
2015-03-09,220.11,220.88,219.52,220.49,1059.0,SXRV
2015-03-10,221.72,222.36,220.1,220.289,6401.0,SXRV
2015-03-11,222.43,223.5,222.28,222.289,1180.0,SXRV
2015-03-12,220.92,221.88,220.34,221.88,1425.0,SXRV
2015-03-13,221.84,224.34,221.84,222.429,15002.0,SXRV
2015-03-16,222.85,224.15,222.52,223.479,15601.0,SXRV
2015-03-17,223.69,224.07,223.15,224.07,593.0,SXRV
2015-03-18,224.53,224.76,222.91,222.91,1779.0,SXRV
2015-03-19,225.74,226.73,225.74,226.33,1660.0,SXRV
2015-03-20,226.54,226.6,224.119,224.119,1153.0,SXRV
2015-03-23,224.74,224.74,221.69,221.77,5301.0,SXRV
2015-03-24,220.36,221.92,220.21,221.919,3075.0,SXRV
2015-03-25,220.64,220.64,216.13,216.13,962.0,SXRV
2015-03-26,212.02,215.19,210.89,215.1,9392.0,SXRV
2015-03-27,217.51,217.51,215.58,215.58,1408.0,SXRV
2015-03-30,219.56,219.77,219.16,219.729,3645.0,SXRV
2015-03-31,220.71,221.77,220.71,221.009,4095.0,SXRV
2015-04-01,219.85,219.85,217.1,217.2,5544.0,SXRV
2015-04-02,216.42,217.11,216.1,216.22,2226.0,SXRV
2015-04-07,216.96,219.19,216.96,219.19,768.0,SXRV
2015-04-08,217.19,220.07,217.18,220.07,2442.0,SXRV
2015-04-09,220.92,222.64,220.92,222.429,787.0,SXRV
2015-04-10,225.5,226.7,225.4,226.429,3027.0,SXRV
2015-04-13,226.82,228.16,226.82,228.16,492.0,SXRV
2015-04-14,226.82,226.82,223.34,223.729,13818.0,SXRV
2015-04-15,224.92,226.93,224.92,225.949,19166.0,SXRV
2015-04-16,225.87,225.87,223.3,224.119,17036.0,SXRV
2015-04-17,222.89,222.89,219.47,219.58,5639.0,SXRV
2015-04-20,220.48,223.26,220.48,223.259,361.0,SXRV
2015-04-21,226.19,226.19,224.47,224.47,839.0,SXRV
2015-04-22,224.74,225.52,222.55,225.52,132.0,SXRV
2015-04-23,227.26,227.26,224.26,224.6,35.0,SXRV
2015-04-24,225.78,227.45,224.85,227.149,14528.0,SXRV
2015-04-27,228.49,228.65,227.199,227.199,4735.0,SXRV
2015-04-28,226.51,226.51,224.05,224.289,1354.0,SXRV
2015-04-29,223.34,223.34,219.169,219.169,2612.0,SXRV
2015-04-30,217.97,218.87,215.76,216.589,2230.0,SXRV
2015-05-04,218.06,219.03,217.88,219.029,1191.0,SXRV
2015-05-05,219.47,220.37,214.74,214.74,1737.0,SXRV
2015-05-06,213.22,213.41,210.37,210.74,686.0,SXRV
2015-05-07,209.05,212.72,207.53,212.179,2949.0,SXRV
2015-05-08,213.82,216.29,213.82,216.229,1821.0,SXRV
2015-05-11,216.62,217.77,216.62,217.27,80.0,SXRV
2015-05-12,215.67,215.67,212.4,214.279,1028.0,SXRV
2015-05-13,212.74,213.29,212.41,212.41,670.0,SXRV
2015-05-14,212.74,214.63,212.71,214.63,2603.0,SXRV
2015-05-15,215.0,216.13,213.8,213.8,4670.0,SXRV
2015-05-18,213.67,216.29,213.52,216.289,6106.0,SXRV
2015-05-19,220.43,220.73,220.02,220.449,4911.0,SXRV
2015-05-20,221.93,221.93,220.19,221.16,1783.0,SXRV
2015-05-21,220.65,221.75,219.35,221.75,1182.0,SXRV
2015-05-22,221.64,224.45,220.6,223.589,3146.0,SXRV
2015-05-26,226.38,226.38,224.0,224.059,7693.0,SXRV
2015-05-27,224.0,226.44,224.0,226.179,12730.0,SXRV
2015-05-28,226.05,227.17,226.0,226.58,5799.0,SXRV
2015-05-29,224.47,225.6,223.82,223.82,6009.0,SXRV
2015-06-01,224.97,226.2,223.82,225.16,5353.0,SXRV
2015-06-02,223.32,223.61,219.48,220.77,14661.0,SXRV
2015-06-03,220.52,222.26,218.92,219.149,13030.0,SXRV
2015-06-04,218.02,218.35,217.539,217.539,1106.0,SXRV
2015-06-05,217.39,219.93,217.39,219.649,2092.0,SXRV
2015-06-08,218.88,218.88,216.22,216.22,3172.0,SXRV
2015-06-09,213.19,213.84,213.19,213.71,617.0,SXRV
2015-06-10,213.51,216.15,213.43,216.149,1182.0,SXRV
2015-06-11,216.61,218.28,216.6,217.869,11487.0,SXRV
2015-06-12,217.08,217.35,215.55,215.55,11172.0,SXRV
2015-06-15,215.65,215.65,213.4,214.02,11333.0,SXRV
2015-06-16,213.73,215.46,213.38,215.46,1647.0,SXRV
2015-06-17,216.13,216.16,215.979,215.979,646.0,SXRV
2015-06-18,214.38,216.5,213.29,216.5,1251.0,SXRV
2015-06-19,218.55,219.09,217.759,217.759,5085.0,SXRV
2015-06-22,217.23,218.92,217.23,218.11,6041.0,SXRV
2015-06-23,220.63,222.55,220.53,221.029,260.0,SXRV
2015-06-24,221.5,222.29,220.6,221.77,10705.0,SXRV
2015-06-25,220.53,221.61,220.53,221.039,1054.0,SXRV
2015-06-26,219.46,219.84,219.41,219.839,5622.0,SXRV
2015-06-29,217.54,218.72,215.57,215.57,15116.0,SXRV
2015-06-30,214.41,215.59,213.86,214.88,3539.0,SXRV
2015-07-01,216.34,218.55,216.34,217.619,5485.0,SXRV
2015-07-02,218.24,218.24,217.229,217.229,3039.0,SXRV
2015-07-03,217.75,217.89,217.33,217.33,3493.0,SXRV
2015-07-06,216.72,217.83,216.24,217.789,646.0,SXRV
2015-07-07,220.8,220.8,216.21,216.21,5715.0,SXRV
2015-07-08,217.83,217.83,215.1,215.36,3096.0,SXRV
2015-07-09,216.77,217.54,216.77,216.91,1909.0,SXRV
2015-07-10,215.91,215.99,214.68,215.99,2236.0,SXRV
2015-07-13,216.47,221.66,216.47,221.66,1.0,SXRV
2015-07-14,223.07,224.02,222.21,224.02,181.0,SXRV
2015-07-15,224.15,225.87,224.15,225.869,790.0,SXRV
2015-07-16,228.0,229.12,227.91,229.119,4921.0,SXRV
2015-07-17,231.19,233.21,231.19,233.21,8018.0,SXRV
2015-07-20,234.23,235.0,234.05,234.71,1005.0,SXRV
2015-07-21,236.1,236.1,233.009,233.009,932.0,SXRV
2015-07-22,230.5,232.07,230.41,231.21,798.0,SXRV
2015-07-23,229.75,230.08,229.75,229.84,1184.0,SXRV
2015-07-24,230.14,230.14,228.73,228.81,158.0,SXRV
2015-07-27,223.87,223.87,221.98,221.98,645.0,SXRV
2015-07-28,223.69,224.88,223.59,223.59,516.0,SXRV
2015-07-29,225.65,225.94,225.14,225.89,874.0,SXRV
2015-07-30,227.65,228.3,226.92,228.3,2839.0,SXRV
2015-07-31,228.97,229.82,227.2,227.2,445.0,SXRV
2015-08-03,227.29,228.65,227.29,228.65,866.0,SXRV
2015-08-04,227.87,227.87,226.79,226.79,285.0,SXRV
2015-08-05,229.46,232.3,229.12,232.3,217.0,SXRV
2015-08-06,229.58,230.28,225.9,225.9,366.0,SXRV
2015-08-07,225.9,226.73,223.65,223.65,357.0,SXRV
2015-08-10,225.26,226.68,225.26,226.68,490.0,SXRV
2015-08-11,227.08,227.08,223.05,223.05,11308.0,SXRV
2015-08-12,220.9,220.9,216.65,217.56,584.0,SXRV
2015-08-13,223.53,223.53,221.93,221.98,1734.0,SXRV
2015-08-14,220.96,221.31,219.9,221.1,14652.0,SXRV
2015-08-17,222.93,223.89,221.51,223.89,138.0,SXRV
2015-08-18,224.52,225.52,224.51,225.15,855.0,SXRV
2015-08-19,223.86,224.0,221.54,221.56,1759.0,SXRV
2015-08-20,220.55,220.55,215.48,215.48,3151.0,SXRV
2015-08-21,210.44,211.48,205.42,205.42,5969.0,SXRV
2015-08-24,192.41,194.7,185.07,192.48,3532.0,SXRV
2015-08-25,192.19,200.7,192.19,200.12,3602.0,SXRV
2015-08-26,192.93,198.93,192.93,195.22,1471.0,SXRV
2015-08-27,205.63,208.63,205.23,208.63,15744.0,SXRV
2015-08-28,209.6,211.32,207.97,211.32,803.0,SXRV
2015-08-31,210.0,210.21,208.61,209.52,957.0,SXRV
2015-09-01,202.87,204.97,201.27,204.1,3576.0,SXRV
2015-09-02,202.67,203.38,202.46,203.38,900.0,SXRV
2015-09-03,207.33,210.29,207.33,210.29,2931.0,SXRV
2015-09-04,206.52,206.52,205.0,205.32,1282.0,SXRV
2015-09-07,207.93,207.93,206.06,206.13,710.0,SXRV
2015-09-08,208.32,209.17,207.72,208.17,2507.0,SXRV
2015-09-09,213.33,213.33,210.5,211.03,1054.0,SXRV
2015-09-10,208.21,209.64,207.46,207.46,1653.0,SXRV
2015-09-11,207.46,207.46,206.05,206.25,4994.0,SXRV
2015-09-14,207.84,209.25,207.34,207.34,917.0,SXRV
2015-09-15,208.3,210.35,208.04,210.35,513.0,SXRV
2015-09-16,211.45,211.45,210.8,211.03,595.0,SXRV
2015-09-17,211.0,211.85,211.0,211.73,333.0,SXRV
2015-09-18,209.57,209.57,206.75,208.95,2834.0,SXRV
2015-09-21,208.6,212.98,208.47,212.12,2031.0,SXRV
2015-09-22,210.23,210.5,207.96,207.98,1683.0,SXRV
2015-09-23,209.8,210.68,208.1,208.97,5379.0,SXRV
2015-09-24,207.45,208.38,203.56,203.64,2257.0,SXRV
2015-09-25,209.6,211.84,208.7,209.0,4282.0,SXRV
2015-09-28,207.41,207.41,201.3,201.3,1509.0,SXRV
2015-09-29,199.4,201.0,199.0,199.73,2758.0,SXRV
2015-09-30,200.96,203.47,200.96,203.47,37.0,SXRV
2015-10-01,207.24,207.24,201.43,202.45,4403.0,SXRV
2015-10-02,205.92,206.21,199.99,203.0,2231.0,SXRV
2015-10-05,208.71,209.62,207.92,209.62,4678.0,SXRV
2015-10-06,210.13,210.36,208.02,208.02,1042.0,SXRV
2015-10-07,210.0,210.79,208.03,208.03,8983.0,SXRV
2015-10-08,208.0,209.37,207.98,207.98,611.0,SXRV
2015-10-09,209.66,209.8,209.27,209.71,4202.0,SXRV
2015-10-12,210.24,210.61,209.57,210.61,538.0,SXRV
2015-10-13,210.35,210.85,208.77,210.59,817.0,SXRV
2015-10-14,207.56,208.27,206.98,206.98,1320.0,SXRV
2015-10-15,207.81,210.13,207.81,209.6,404.0,SXRV
2015-10-16,212.64,213.06,212.34,213.06,282.0,SXRV
2015-10-19,213.63,215.01,213.3,215.01,1574.0,SXRV
2015-10-20,215.12,215.12,213.94,213.94,463.0,SXRV
2015-10-21,214.13,214.42,214.13,214.42,130.0,SXRV
2015-10-22,213.12,219.18,213.12,219.18,1563.0,SXRV
2015-10-23,225.35,229.05,224.9,228.44,1577.0,SXRV
2015-10-26,229.0,230.75,227.84,228.78,4409.0,SXRV
2015-10-27,228.23,229.08,228.23,228.74,2425.0,SXRV
2015-10-28,230.22,230.22,228.95,229.46,187.0,SXRV
2015-10-29,232.68,233.23,232.01,232.61,1567.0,SXRV
2015-10-30,231.7,231.7,230.5,231.36,1208.0,SXRV
2015-11-02,229.19,231.96,229.19,231.96,1240.0,SXRV
2015-11-03,232.89,234.84,232.89,234.84,286.0,SXRV
2015-11-04,236.01,237.3,235.96,236.43,731.0,SXRV
2015-11-05,237.3,237.59,235.62,235.62,11466.0,SXRV
2015-11-06,236.05,239.4,235.83,238.72,1093.0,SXRV
2015-11-09,238.8,238.8,234.93,234.93,1160.0,SXRV
2015-11-10,236.22,237.0,236.14,236.58,1157.0,SXRV
2015-11-11,236.32,238.01,235.82,236.47,4215.0,SXRV
2015-11-12,235.82,237.74,234.52,234.52,1390.0,SXRV
2015-11-13,232.92,233.05,230.46,231.04,2136.0,SXRV
2015-11-16,228.23,230.27,228.23,229.42,979.0,SXRV
2015-11-17,233.82,235.93,233.82,235.93,3687.0,SXRV
2015-11-18,234.2,236.92,233.42,236.92,1879.0,SXRV
2015-11-19,238.88,240.18,237.09,237.09,1816.0,SXRV
2015-11-20,238.97,240.48,238.39,240.48,481.0,SXRV
2015-11-23,241.18,241.9,240.75,241.83,3040.0,SXRV
2015-11-24,240.3,240.3,237.93,239.05,1364.0,SXRV
2015-11-25,239.42,241.58,239.42,240.87,1531.0,SXRV
2015-11-26,241.65,242.17,241.59,242.17,1243.0,SXRV
2015-11-27,240.75,242.49,240.75,242.03,2025.0,SXRV
2015-11-30,241.35,242.96,241.35,241.56,684.0,SXRV
2015-12-01,242.48,242.48,241.43,241.74,804.0,SXRV
2015-12-02,243.04,244.98,243.04,244.28,2320.0,SXRV
2015-12-03,244.14,244.83,234.37,234.37,4459.0,SXRV
2015-12-04,232.88,234.9,231.1,234.9,1125.0,SXRV
2015-12-07,236.99,239.26,236.0,236.0,579.0,SXRV
2015-12-08,235.5,235.56,233.49,235.55,409.0,SXRV
2015-12-09,235.4,235.4,232.15,232.15,2891.0,SXRV
2015-12-10,230.21,232.26,229.99,231.96,2362.0,SXRV
2015-12-11,232.14,232.14,226.83,226.83,1050.0,SXRV
2015-12-14,227.64,228.68,222.33,222.33,6884.0,SXRV
2015-12-15,228.12,231.38,227.92,230.99,1405.0,SXRV
2015-12-16,231.42,231.58,230.05,230.08,884.0,SXRV
2015-12-17,234.66,236.47,233.65,233.9,3623.0,SXRV
2015-12-18,230.53,232.19,229.22,230.03,6048.0,SXRV
2015-12-21,227.75,229.46,226.23,226.23,3408.0,SXRV
2015-12-22,227.95,228.48,227.51,227.76,7075.0,SXRV
2015-12-23,230.55,231.68,230.5,231.68,4654.0,SXRV
2015-12-28,230.36,230.36,228.26,228.36,6973.0,SXRV
2015-12-29,231.1,234.9,231.1,234.9,4057.0,SXRV
2015-12-30,234.25,235.08,234.25,234.53,1598.0,SXRV
2016-01-04,227.24,227.24,224.84,225.85,6532.0,SXRV
2016-01-05,228.31,230.02,227.53,229.46,1518.0,SXRV
2016-01-06,226.29,226.83,224.3,226.83,3268.0,SXRV
2016-01-07,222.02,222.02,217.57,220.61,729.0,SXRV
2016-01-08,218.64,219.05,214.87,214.87,2993.0,SXRV
2016-01-11,214.6,216.19,213.76,213.76,4094.0,SXRV
2016-01-12,214.94,218.92,214.94,217.18,1308.0,SXRV
2016-01-13,220.71,220.89,218.06,218.06,3863.0,SXRV
2016-01-14,212.29,213.15,208.44,211.99,5202.0,SXRV
2016-01-15,211.67,211.67,206.11,206.55,36053.0,SXRV
2016-01-18,209.06,209.57,207.74,208.11,2982.0,SXRV
2016-01-19,211.4,211.94,208.81,208.81,1278.0,SXRV
2016-01-20,203.95,204.1,201.7,203.43,4409.0,SXRV
2016-01-21,206.59,211.77,206.59,210.28,1866.0,SXRV
2016-01-22,211.47,214.52,211.47,213.86,2267.0,SXRV
2016-01-25,214.44,214.44,213.52,214.21,907.0,SXRV
2016-01-26,209.39,213.4,209.39,212.73,3930.0,SXRV
2016-01-27,211.33,211.33,210.15,211.04,1684.0,SXRV
2016-01-28,210.27,210.29,206.37,207.32,4207.0,SXRV
2016-01-29,211.0,213.9,210.1,213.9,535.0,SXRV
2016-02-01,214.72,214.8,213.31,214.8,2157.0,SXRV
2016-02-02,213.83,213.99,212.96,213.31,4146.0,SXRV
2016-02-03,210.32,211.46,203.18,204.26,9894.0,SXRV
2016-02-04,206.71,206.8,203.35,203.35,2207.0,SXRV
2016-02-05,202.95,203.61,199.14,199.34,3439.0,SXRV
2016-02-08,198.32,198.32,191.7,191.7,15774.0,SXRV
2016-02-09,193.74,194.41,189.81,191.25,8687.0,SXRV
2016-02-10,191.56,197.72,191.56,195.0,15925.0,SXRV
2016-02-11,191.6,191.6,187.4,188.04,9247.0,SXRV
2016-02-12,193.74,195.89,192.81,195.89,3083.0,SXRV
2016-02-15,198.42,200.47,198.42,200.36,2765.0,SXRV
2016-02-16,201.35,201.35,199.14,200.04,4775.0,SXRV
2016-02-17,203.67,205.31,203.5,205.31,982.0,SXRV
2016-02-18,206.8,208.59,205.9,206.12,808.0,SXRV
2016-02-19,204.77,205.23,204.77,205.23,12.0,SXRV
2016-02-22,207.84,209.75,207.84,209.75,10036.0,SXRV
2016-02-23,209.06,209.56,207.44,207.45,337.0,SXRV
2016-02-24,207.45,207.45,203.62,203.86,265.0,SXRV
2016-02-25,208.3,209.16,208.3,208.5,4492.0,SXRV
2016-02-26,211.96,213.58,211.96,212.95,855.0,SXRV
2016-02-29,209.41,214.8,209.41,214.8,145.0,SXRV
2016-03-01,212.51,216.68,212.51,216.68,328.0,SXRV
2016-03-02,218.9,219.37,218.16,218.16,1096.0,SXRV
2016-03-03,218.55,218.75,214.81,214.81,1566.0,SXRV
2016-03-04,214.08,215.75,214.08,215.75,177.0,SXRV
2016-03-07,215.29,215.75,214.79,215.09,2425.0,SXRV
2016-03-08,212.95,212.95,211.58,212.47,5264.0,SXRV
2016-03-09,214.0,214.5,212.98,212.98,581.0,SXRV
2016-03-10,218.74,219.59,208.82,208.82,85.0,SXRV
2016-03-11,214.22,214.22,212.1,212.77,1430.0,SXRV
2016-03-14,214.08,215.67,213.97,215.67,1482.0,SXRV
2016-03-15,214.05,215.33,214.05,215.1,2404.0,SXRV
2016-03-16,216.38,216.75,216.38,216.61,336.0,SXRV
2016-03-17,211.38,213.29,211.38,213.29,72.0,SXRV
2016-03-18,213.9,214.44,213.9,214.32,6.0,SXRV
2016-03-21,213.72,215.06,213.7,215.06,3870.0,SXRV
2016-03-22,215.07,216.76,214.98,216.76,2611.0,SXRV
2016-03-23,217.67,217.68,216.03,216.64,944.0,SXRV
2016-03-24,214.83,216.06,214.83,215.17,600.0,SXRV
2016-03-29,216.48,216.48,214.38,216.09,1321.0,SXRV
2016-03-30,217.1,218.0,217.03,217.03,4497.0,SXRV
2016-03-31,216.13,216.54,215.9,216.22,249.0,SXRV
2016-04-01,214.8,217.42,214.52,217.42,6844.0,SXRV
2016-04-04,218.48,219.21,217.38,217.38,281.0,SXRV
2016-04-05,216.58,216.58,215.5,215.5,1394.0,SXRV
2016-04-06,216.72,216.99,216.72,216.99,35.0,SXRV
2016-04-07,217.56,217.56,216.3,216.3,48.0,SXRV
2016-04-08,217.28,217.37,215.24,215.24,180.0,SXRV
2016-04-11,214.69,216.37,214.3,215.03,35.0,SXRV
2016-04-12,213.81,215.61,213.8,215.61,1000.0,SXRV
2016-04-13,221.17,221.17,221.17,221.17,0.0,SXRV
2016-04-14,221.7,221.92,221.41,221.92,309.0,SXRV
2016-04-15,221.74,221.74,221.0,221.0,514.0,SXRV
2016-04-18,219.8,220.52,219.8,220.26,268.0,SXRV
2016-04-19,220.9,221.66,218.89,218.89,217.0,SXRV
2016-04-20,218.79,220.58,218.1,220.58,1068.0,SXRV
2016-04-21,220.69,220.69,219.63,220.64,212.0,SXRV
2016-04-22,218.51,219.09,217.15,217.15,398.0,SXRV
2016-04-25,218.39,218.39,216.59,216.76,959.0,SXRV
2016-04-26,218.09,218.09,215.91,215.91,2095.0,SXRV
2016-04-27,214.05,214.05,213.28,213.28,23.0,SXRV
2016-04-28,215.22,215.22,215.17,215.17,180.0,SXRV
2016-04-29,210.82,210.82,206.3,206.3,287.0,SXRV
2016-05-02,207.45,207.45,206.94,206.94,297.0,SXRV
2016-05-03,207.34,207.34,205.24,206.25,4643.0,SXRV
2016-05-04,206.47,206.47,205.49,205.49,165.0,SXRV
2016-05-05,207.11,208.2,206.96,208.05,6395.0,SXRV
2016-05-06,206.07,206.07,206.07,206.07,30.0,SXRV
2016-05-09,208.79,208.79,208.77,208.77,14.0,SXRV
2016-05-10,209.92,210.97,209.92,210.97,444.0,SXRV
2016-05-11,211.15,211.15,210.53,210.53,199.0,SXRV
2016-05-12,208.46,208.46,208.24,208.24,5.0,SXRV
2016-05-13,208.53,211.82,208.53,211.82,1424.0,SXRV
2016-05-17,212.84,212.84,211.11,211.11,213.0,SXRV
2016-05-18,210.17,211.66,209.61,211.66,6016.0,SXRV
2016-05-19,211.42,211.82,210.13,210.13,25.0,SXRV
2016-05-20,212.31,214.52,212.31,214.52,768.0,SXRV
2016-05-23,213.54,214.04,213.54,214.04,12610.0,SXRV
2016-05-24,213.48,218.14,213.48,218.14,719.0,SXRV
2016-05-25,219.9,220.43,219.52,219.94,405.0,SXRV
2016-05-26,219.59,220.19,219.59,220.19,106.0,SXRV
2016-05-27,220.56,222.5,220.56,222.5,200.0,SXRV
2016-05-30,222.85,222.92,222.85,222.92,124.0,SXRV
2016-05-31,222.45,222.67,221.94,222.67,601.0,SXRV
2016-06-01,223.23,223.23,221.49,221.85,625.0,SXRV
2016-06-02,221.27,221.85,221.23,221.85,708.0,SXRV
2016-06-03,222.86,223.25,217.5,217.87,838.0,SXRV
2016-06-06,218.73,218.73,218.41,218.62,207.0,SXRV
2016-06-07,218.89,219.39,218.89,218.93,158.0,SXRV
2016-06-08,218.02,218.02,217.22,217.82,315.0,SXRV
2016-06-09,217.68,218.47,217.67,218.47,5280.0,SXRV
2016-06-10,217.51,217.78,217.51,217.76,110.0,SXRV
2016-06-13,216.33,216.49,216.01,216.01,520.0,SXRV
2016-06-14,216.08,216.72,215.56,215.56,830.0,SXRV
2016-06-15,216.6,216.96,215.8,215.8,86.0,SXRV
2016-06-16,213.45,215.71,213.45,215.71,848.0,SXRV
2016-06-17,215.99,216.14,212.93,212.93,1473.0,SXRV
2016-06-20,213.88,215.73,213.88,215.59,184.0,SXRV
2016-06-21,213.76,215.48,213.76,214.69,196.0,SXRV
2016-06-22,214.4,215.8,214.4,215.8,48.0,SXRV
2016-06-23,214.78,214.78,214.78,214.78,0.0,SXRV
2016-06-24,210.47,214.23,210.47,213.75,764.0,SXRV
2016-06-27,212.13,212.13,209.34,209.34,1615.0,SXRV
2016-06-28,210.1,211.77,209.65,211.35,4672.0,SXRV
2016-06-29,213.61,215.18,213.61,215.18,590.0,SXRV
2016-06-30,215.4,217.42,215.4,217.42,834.0,SXRV
2016-07-01,217.4,218.92,217.4,218.92,244.0,SXRV
2016-07-04,219.83,219.83,218.69,218.69,45.0,SXRV
2016-07-05,218.59,218.59,216.67,217.9,1238.0,SXRV
2016-07-06,218.07,219.3,216.93,219.3,199.0,SXRV
2016-07-07,221.14,221.14,221.02,221.02,36.0,SXRV
2016-07-08,221.21,224.51,221.21,224.51,2852.0,SXRV
2016-07-11,226.12,226.88,225.97,226.88,3356.0,SXRV
2016-07-12,226.24,227.47,226.1,227.47,306.0,SXRV
2016-07-13,227.39,227.4,225.96,225.96,2122.0,SXRV
2016-07-14,227.21,227.58,227.03,227.03,400.0,SXRV
2016-07-15,226.51,228.39,226.25,227.8,201.0,SXRV
2016-07-18,228.12,229.22,228.05,229.08,215.0,SXRV
2016-07-19,228.62,230.12,228.61,229.83,628.0,SXRV
2016-07-20,231.0,232.38,230.56,232.38,173.0,SXRV
2016-07-21,231.63,232.49,231.63,232.49,695.0,SXRV
2016-07-22,232.2,233.25,232.2,233.25,108.0,SXRV
2016-07-25,233.19,233.21,232.99,233.14,488.0,SXRV
2016-07-26,232.79,234.05,232.57,233.01,182.0,SXRV
2016-07-27,234.56,234.87,234.56,234.84,1979.0,SXRV
2016-07-28,233.44,233.44,232.98,232.98,126.0,SXRV
2016-07-29,233.93,233.93,232.94,232.94,698.0,SXRV
2016-08-01,233.32,234.06,232.8,234.06,100.0,SXRV
2016-08-02,232.44,232.81,230.16,230.16,2577.0,SXRV
2016-08-03,230.98,232.35,230.98,231.77,267.0,SXRV
2016-08-04,233.36,234.18,233.29,233.99,176.0,SXRV
2016-08-05,234.64,238.24,234.35,238.15,1970.0,SXRV
2016-08-08,237.68,238.19,237.09,237.09,1040.0,SXRV
2016-08-09,237.25,237.75,237.04,237.7,459.0,SXRV
2016-08-10,236.14,236.14,234.82,234.82,112.0,SXRV
2016-08-11,235.89,237.09,235.89,236.5,727.0,SXRV
2016-08-12,236.61,236.84,235.42,236.09,142.0,SXRV
2016-08-15,236.87,237.32,236.82,237.32,663.0,SXRV
2016-08-16,235.76,235.76,234.21,234.21,814.0,SXRV
2016-08-17,234.48,234.48,232.95,232.95,264.0,SXRV
2016-08-18,233.33,233.56,233.18,233.36,192.0,SXRV
2016-08-19,232.92,233.73,232.75,233.73,1180.0,SXRV
2016-08-22,234.02,234.02,232.91,232.91,2.0,SXRV
2016-08-23,234.15,234.4,234.0,234.4,1035.0,SXRV
2016-08-24,234.41,235.06,234.41,235.06,44.0,SXRV
2016-08-25,233.62,233.62,232.74,233.46,53.0,SXRV
2016-08-26,232.77,235.03,232.76,235.03,172.0,SXRV
2016-08-29,234.97,235.91,234.91,235.86,219.0,SXRV
2016-08-30,235.58,235.69,235.37,235.37,474.0,SXRV
2016-08-31,235.67,235.84,235.15,235.15,141.0,SXRV
2016-09-01,236.2,236.2,233.69,234.0,308.0,SXRV
2016-09-02,235.15,236.61,235.15,236.61,62.0,SXRV
2016-09-05,236.5,236.5,236.19,236.19,451.0,SXRV
2016-09-06,236.39,237.1,235.07,235.53,1310.0,SXRV
2016-09-07,236.3,236.51,236.07,236.07,3619.0,SXRV
2016-09-08,236.0,236.1,233.76,234.7,6494.0,SXRV
2016-09-09,233.46,233.49,232.69,232.69,5041.0,SXRV
2016-09-12,227.32,231.45,226.8,231.45,454.0,SXRV
2016-09-13,232.17,232.27,230.31,230.31,1132.0,SXRV
2016-09-14,231.86,232.38,231.7,232.33,489.0,SXRV
2016-09-15,232.1,235.14,232.1,235.14,190.0,SXRV
2016-09-16,235.51,237.22,235.51,236.84,490.0,SXRV
2016-09-19,238.13,238.48,236.95,237.43,225.0,SXRV
2016-09-20,236.14,236.92,235.96,236.71,1467.0,SXRV
2016-09-21,238.04,238.1,237.23,237.23,555.0,SXRV
2016-09-22,237.49,239.18,237.49,239.18,4975.0,SXRV
2016-09-23,239.95,240.0,239.1,239.15,162.0,SXRV
2016-09-26,237.01,237.01,235.12,235.12,692.0,SXRV
2016-09-27,236.29,238.29,236.23,238.29,215.0,SXRV
2016-09-28,238.72,238.88,238.46,238.46,827.0,SXRV
2016-09-29,238.74,238.99,237.35,237.35,279.0,SXRV
2016-09-30,237.45,238.82,237.45,238.76,460.0,SXRV
2016-10-04,239.93,241.01,239.93,240.5,7998.0,SXRV
2016-10-05,238.25,239.77,238.25,239.77,2374.0,SXRV
2016-10-06,239.97,239.97,239.39,239.39,144.0,SXRV
2016-10-07,240.34,240.97,239.16,239.6,278.0,SXRV
2016-10-10,240.02,241.73,239.84,241.73,101.0,SXRV
2016-10-11,241.85,242.87,240.61,240.61,405.0,SXRV
2016-10-12,240.11,241.15,240.08,241.15,933.0,SXRV
2016-10-13,239.34,239.35,237.95,238.51,2023.0,SXRV
2016-10-14,239.77,241.3,239.77,241.3,257.0,SXRV
2016-10-17,240.3,240.3,240.05,240.25,67.0,SXRV
2016-10-18,240.94,242.65,240.94,242.65,613.0,SXRV
2016-10-19,241.39,242.61,241.39,242.61,88.0,SXRV
2016-10-20,242.9,243.06,242.59,242.59,64.0,SXRV
2016-10-21,244.68,245.33,244.68,245.33,174.0,SXRV
2016-10-24,245.95,247.74,245.95,247.74,2109.0,SXRV
2016-10-25,248.82,248.82,247.58,247.58,213.0,SXRV
2016-10-26,245.13,245.77,245.0,245.77,92.0,SXRV
2016-10-27,245.03,245.03,244.6,244.6,905.0,SXRV
2016-10-28,242.48,243.55,242.42,243.55,325.0,SXRV
2016-10-31,242.42,242.42,241.71,241.86,219.0,SXRV
2016-11-01,241.31,241.31,237.69,237.69,165.0,SXRV
2016-11-02,235.98,236.55,234.94,234.94,534.0,SXRV
2016-11-03,233.3,235.17,232.97,232.97,581.0,SXRV
2016-11-04,231.91,232.2,231.39,232.14,1828.0,SXRV
2016-11-07,235.64,237.91,235.26,237.91,893.0,SXRV
2016-11-08,237.76,238.99,237.22,238.99,3784.0,SXRV
2016-11-09,231.76,242.69,231.01,242.69,2142.0,SXRV
2016-11-10,244.85,246.7,239.33,239.33,3657.0,SXRV
2016-11-11,238.78,240.33,237.92,240.33,1161.0,SXRV
2016-11-14,243.84,243.84,241.49,241.49,1129.0,SXRV
2016-11-15,240.06,244.48,240.05,244.31,9637.0,SXRV
2016-11-16,245.13,247.26,243.84,247.26,304.0,SXRV
2016-11-17,246.45,248.59,246.03,248.59,2720.0,SXRV
2016-11-18,250.94,251.05,250.01,250.17,452.0,SXRV
2016-11-21,249.83,251.78,249.25,251.78,4230.0,SXRV
2016-11-22,253.33,253.6,252.25,252.25,978.0,SXRV
2016-11-23,253.66,253.66,252.08,252.08,584.0,SXRV
2016-11-24,252.87,253.16,252.69,253.16,6335.0,SXRV
2016-11-25,252.26,252.88,252.0,252.88,2308.0,SXRV
2016-11-28,251.31,253.31,250.36,253.31,991.0,SXRV
2016-11-29,253.27,253.77,253.27,253.77,780.0,SXRV
2016-11-30,252.81,253.75,252.16,252.64,2117.0,SXRV
2016-12-01,249.45,250.21,246.44,246.44,1312.0,SXRV
2016-12-02,243.9,245.34,243.21,245.34,211.0,SXRV
2016-12-05,246.48,246.8,244.11,245.87,436.0,SXRV
2016-12-06,244.69,245.6,244.69,245.06,67.0,SXRV
2016-12-07,246.21,246.41,244.98,245.22,1345.0,SXRV
2016-12-08,248.4,252.71,247.46,252.32,995.0,SXRV
2016-12-09,252.4,255.68,252.4,255.68,396.0,SXRV
2016-12-12,254.62,254.62,252.58,253.37,2294.0,SXRV
2016-12-13,252.64,256.24,252.64,256.24,3923.0,SXRV
2016-12-14,255.41,256.22,255.24,255.24,408.0,SXRV
2016-12-15,259.05,262.52,258.68,262.52,1275.0,SXRV
2016-12-16,260.27,260.87,259.85,259.85,3057.0,SXRV
2016-12-19,259.36,261.11,259.0,261.11,164.0,SXRV
2016-12-20,261.84,263.36,261.84,262.69,615.0,SXRV
2016-12-21,262.67,262.67,261.35,261.35,987.0,SXRV
2016-12-22,260.58,260.82,259.35,259.83,562.0,SXRV
2016-12-23,260.26,260.38,259.69,259.69,115.0,SXRV
2016-12-27,261.01,263.0,260.4,262.27,164.0,SXRV
2016-12-28,261.86,264.03,261.86,262.34,6207.0,SXRV
2016-12-29,259.56,259.56,258.17,258.17,306.0,SXRV
2016-12-30,258.51,258.51,257.37,257.89,287.0,SXRV
2017-01-02,255.0,259.19,255.0,257.93,828.0,SXRV
2017-01-03,257.87,261.96,257.87,259.07,1074.0,SXRV
2017-01-04,260.11,260.12,259.41,259.45,6231.0,SXRV
2017-01-05,257.34,259.22,257.34,257.49,790.0,SXRV
2017-01-06,258.61,260.67,257.94,260.67,345.0,SXRV
2017-01-09,262.64,262.68,261.99,261.99,3516.0,SXRV
2017-01-10,261.34,262.87,261.13,262.87,4453.0,SXRV
2017-01-11,263.06,266.01,262.81,263.16,4196.0,SXRV
2017-01-12,260.92,261.17,258.88,258.88,405.0,SXRV
2017-01-13,261.13,262.9,260.9,262.82,515.0,SXRV
2017-01-16,262.21,263.34,262.21,262.85,279.0,SXRV
2017-01-17,261.0,261.0,259.12,259.71,7264.0,SXRV
2017-01-18,260.88,260.88,260.15,260.34,365.0,SXRV
2017-01-19,262.01,263.57,261.0,262.46,385.0,SXRV
2017-01-20,261.14,262.99,261.14,261.59,1575.0,SXRV
2017-01-23,258.64,259.56,258.64,259.28,152.0,SXRV
2017-01-24,259.91,260.37,259.87,260.37,1635.0,SXRV
2017-01-25,262.85,263.63,262.38,263.47,990.0,SXRV
2017-01-26,265.1,266.63,265.1,266.63,3365.0,SXRV
2017-01-27,266.14,266.35,265.6,266.21,3799.0,SXRV
2017-01-30,265.73,265.73,263.47,263.47,537.0,SXRV
2017-01-31,263.17,263.8,259.92,259.92,215.0,SXRV
2017-02-01,262.56,263.42,262.47,263.08,1512.0,SXRV
2017-02-02,261.96,263.04,261.63,263.04,67.0,SXRV
2017-02-03,263.74,264.15,263.34,263.34,1844.0,SXRV
2017-02-06,264.6,265.27,264.6,265.27,546.0,SXRV
2017-02-07,266.74,268.05,266.74,267.53,3318.0,SXRV
2017-02-08,268.42,268.73,266.55,267.48,1165.0,SXRV
2017-02-09,268.1,269.9,267.7,269.9,450.0,SXRV
2017-02-10,270.74,271.49,270.41,270.41,1953.0,SXRV
2017-02-13,271.29,273.22,271.0,273.22,826.0,SXRV
2017-02-14,273.37,274.1,273.2,274.08,6527.0,SXRV
2017-02-15,275.54,276.11,275.26,275.4,1577.0,SXRV
2017-02-16,275.91,275.91,273.74,273.74,2975.0,SXRV
2017-02-17,274.45,275.51,274.0,275.51,659.0,SXRV
2017-02-20,277.58,277.58,276.9,277.29,440.0,SXRV
2017-02-21,278.29,280.14,278.29,279.24,713.0,SXRV
2017-02-22,281.11,281.16,279.93,280.01,1192.0,SXRV
2017-02-23,279.7,280.33,277.8,277.8,851.0,SXRV
2017-02-24,277.24,277.89,275.58,277.24,1759.0,SXRV
2017-02-27,278.78,279.02,277.27,277.27,1054.0,SXRV
2017-02-28,278.86,278.86,277.4,277.78,1288.0,SXRV
2017-03-01,279.94,281.47,279.94,281.19,5126.0,SXRV
2017-03-02,282.1,283.24,281.63,281.63,837.0,SXRV
2017-03-03,280.89,280.89,279.55,280.09,1006.0,SXRV
2017-03-06,278.49,278.69,277.9,278.65,1083.0,SXRV
2017-03-07,278.95,279.46,278.95,279.29,150.0,SXRV
2017-03-08,279.3,280.69,279.3,280.69,778.0,SXRV
2017-03-09,280.51,280.56,279.3,279.86,500.0,SXRV
2017-03-10,280.06,280.35,278.7,278.7,332.0,SXRV
2017-03-13,277.97,278.9,277.97,278.9,867.0,SXRV
2017-03-14,279.89,279.89,278.64,278.64,814.0,SXRV
2017-03-15,279.67,280.03,279.33,279.92,942.0,SXRV
2017-03-16,279.61,279.92,278.25,278.25,482.0,SXRV
2017-03-17,277.55,278.27,277.45,278.27,2289.0,SXRV
2017-03-20,276.97,278.36,276.82,278.2,381.0,SXRV
2017-03-21,277.93,277.93,273.88,273.88,823.0,SXRV
2017-03-22,271.83,273.88,271.76,273.88,1823.0,SXRV
2017-03-23,274.2,275.15,273.99,275.15,317.0,SXRV
2017-03-24,274.76,275.47,274.44,274.98,1639.0,SXRV
2017-03-27,270.5,272.08,269.87,272.08,12109.0,SXRV
2017-03-28,273.73,273.99,273.73,273.86,97.0,SXRV
2017-03-29,276.87,278.06,276.32,278.0,2609.0,SXRV
2017-03-30,279.32,280.1,279.32,280.1,464.0,SXRV
2017-03-31,280.43,281.07,280.1,281.07,596.0,SXRV
2017-04-03,281.84,282.13,280.91,280.93,17628.0,SXRV
2017-04-04,280.99,281.37,280.49,281.14,2880.0,SXRV
2017-04-05,281.02,283.21,281.02,283.08,2017.0,SXRV
2017-04-06,280.41,281.61,280.41,281.61,56.0,SXRV
2017-04-07,280.4,281.84,280.4,281.84,4104.0,SXRV
2017-04-10,283.02,283.02,282.35,282.35,2060.0,SXRV
2017-04-11,282.44,282.59,279.4,279.4,981.0,SXRV
2017-04-12,280.5,280.86,279.36,279.36,75.0,SXRV
2017-04-13,278.7,280.35,277.97,280.27,2825.0,SXRV
2017-04-18,279.84,279.84,277.57,277.57,245.0,SXRV
2017-04-19,277.69,279.88,277.57,279.88,2408.0,SXRV
2017-04-20,277.92,278.3,277.5,278.05,652.0,SXRV
2017-04-21,280.82,281.19,280.43,281.1,278.0,SXRV
2017-04-24,280.04,280.15,279.5,279.51,1691.0,SXRV
2017-04-25,279.53,280.04,279.53,279.68,1828.0,SXRV
2017-04-26,280.54,282.17,280.54,282.16,3374.0,SXRV
2017-04-27,280.42,282.95,280.23,282.71,2446.0,SXRV
2017-04-28,283.47,283.5,282.25,282.49,2374.0,SXRV
2017-05-02,285.12,285.49,284.86,285.44,725.0,SXRV
2017-05-03,284.48,284.81,284.16,284.23,785.0,SXRV
2017-05-04,285.28,285.28,283.66,283.99,729.0,SXRV
2017-05-05,282.76,283.85,282.32,282.32,430.0,SXRV
2017-05-08,283.82,285.3,283.82,285.2,1723.0,SXRV
2017-05-09,286.49,288.31,286.1,288.1,1475.0,SXRV
2017-05-10,287.87,288.4,287.7,288.24,525.0,SXRV
2017-05-11,288.02,288.03,286.93,287.3,2294.0,SXRV
2017-05-12,288.0,288.05,287.14,287.44,1457.0,SXRV
2017-05-15,287.78,287.84,286.24,286.72,1413.0,SXRV
2017-05-16,286.01,286.01,284.42,284.97,4425.0,SXRV
2017-05-17,283.13,284.17,278.97,279.23,4900.0,SXRV
2017-05-18,277.76,279.4,275.69,279.24,8223.0,SXRV
2017-05-19,279.56,279.81,279.14,279.59,4105.0,SXRV
2017-05-22,279.61,279.84,278.02,279.82,3370.0,SXRV
2017-05-23,280.35,281.23,280.16,280.53,7435.0,SXRV
2017-05-24,282.25,282.55,282.25,282.55,1626.0,SXRV
2017-05-25,283.22,284.31,283.22,284.27,388.0,SXRV
2017-05-26,284.96,286.24,284.55,286.16,3136.0,SXRV
2017-05-29,286.9,286.9,286.54,286.59,1984.0,SXRV
2017-05-30,287.34,287.48,286.25,286.45,2112.0,SXRV
2017-05-31,286.61,286.73,284.25,284.25,2094.0,SXRV
2017-06-01,285.36,286.1,285.32,285.62,1971.0,SXRV
2017-06-02,287.67,288.01,286.0,287.02,2587.0,SXRV
2017-06-06,288.06,288.9,288.0,288.48,3971.0,SXRV
2017-06-07,287.6,289.3,287.6,288.57,4235.0,SXRV
2017-06-08,289.26,290.21,289.08,289.49,5324.0,SXRV
2017-06-09,290.82,291.49,290.13,290.13,2862.0,SXRV
2017-06-12,281.98,281.98,278.46,281.55,8326.0,SXRV
2017-06-13,282.68,282.88,282.11,282.46,1943.0,SXRV
2017-06-14,283.29,284.59,281.73,282.34,2373.0,SXRV
2017-06-15,280.91,281.27,280.01,281.27,1890.0,SXRV
2017-06-16,283.53,283.53,279.98,280.28,1416.0,SXRV
2017-06-19,281.98,285.2,281.98,285.15,1808.0,SXRV
2017-06-20,286.21,286.5,285.3,285.52,2627.0,SXRV
2017-06-21,283.82,285.95,282.83,285.78,1062.0,SXRV
2017-06-22,287.16,287.16,286.22,286.71,1139.0,SXRV
2017-06-23,286.63,286.92,285.15,285.66,1388.0,SXRV
2017-06-26,287.79,288.61,284.58,284.58,1877.0,SXRV
2017-06-27,284.69,284.69,281.0,281.38,1655.0,SXRV
2017-06-28,275.77,278.65,273.62,277.99,3365.0,SXRV
2017-06-29,279.18,279.25,273.3,273.3,1537.0,SXRV
2017-06-30,272.82,275.25,272.78,274.13,4412.0,SXRV
2017-07-03,274.83,276.57,273.48,274.95,1612.0,SXRV
2017-07-04,271.18,273.53,271.04,272.01,3512.0,SXRV
2017-07-05,271.59,274.91,271.58,274.91,1759.0,SXRV
2017-07-06,275.21,275.21,271.25,272.76,1021.0,SXRV
2017-07-07,271.61,274.51,271.03,274.51,1116.0,SXRV
2017-07-10,275.27,275.99,274.53,275.71,1750.0,SXRV
2017-07-11,276.64,276.64,274.77,275.05,829.0,SXRV
2017-07-12,275.97,279.44,275.8,279.3,1072.0,SXRV
2017-07-13,280.05,281.69,280.05,281.14,990.0,SXRV
2017-07-14,280.32,281.16,280.2,280.61,1163.0,SXRV
2017-07-17,282.45,282.79,281.58,281.63,2517.0,SXRV
2017-07-18,280.81,280.95,278.64,279.96,1849.0,SXRV
2017-07-19,282.79,283.78,282.62,283.78,813.0,SXRV
2017-07-20,284.04,285.44,280.73,280.73,761.0,SXRV
2017-07-21,280.52,281.38,279.96,280.27,979.0,SXRV
2017-07-24,280.62,281.39,280.26,281.08,1404.0,SXRV
2017-07-25,281.15,281.97,279.88,281.28,844.0,SXRV
2017-07-26,281.91,283.1,281.91,282.34,823.0,SXRV
2017-07-27,282.11,284.23,281.89,284.23,2085.0,SXRV
2017-07-28,277.11,277.77,276.41,277.45,805.0,SXRV
2017-07-31,278.92,279.42,275.84,276.15,3693.0,SXRV
2017-08-01,276.56,276.88,275.0,276.05,825.0,SXRV
2017-08-02,277.57,277.59,273.77,273.9,697.0,SXRV
2017-08-03,275.49,276.34,274.46,274.46,2721.0,SXRV
2017-08-04,274.07,278.0,274.07,277.81,386.0,SXRV
2017-08-07,277.97,278.02,276.82,278.02,771.0,SXRV
2017-08-08,278.08,280.28,277.3,280.28,1967.0,SXRV
2017-08-09,277.93,278.23,276.74,277.84,982.0,SXRV
2017-08-10,278.48,278.48,274.75,275.26,25662.0,SXRV
2017-08-11,271.87,273.46,270.91,272.76,7721.0,SXRV
2017-08-14,274.1,277.74,274.1,277.21,4211.0,SXRV
2017-08-15,279.42,280.22,278.51,279.17,1053.0,SXRV
2017-08-16,279.28,280.48,279.28,280.48,973.0,SXRV
2017-08-17,278.04,279.21,276.46,276.46,1396.0,SXRV
2017-08-18,273.01,274.33,272.5,274.2,1928.0,SXRV
2017-08-21,272.75,273.1,269.86,270.89,1392.0,SXRV
2017-08-22,273.46,275.86,272.93,275.86,1489.0,SXRV
2017-08-24,274.66,275.32,272.4,272.4,514.0,SXRV
2017-08-25,274.5,274.96,271.41,271.41,1229.0,SXRV
2017-08-28,269.35,270.63,269.32,270.31,750.0,SXRV
2017-08-29,267.08,269.36,265.5,269.02,8401.0,SXRV
2017-08-30,272.59,274.18,272.33,274.18,2175.0,SXRV
2017-08-31,276.51,278.1,276.48,278.1,199.0,SXRV
2017-09-01,279.47,279.47,278.04,279.2,1884.0,SXRV
2017-09-04,277.11,277.67,277.06,277.46,908.0,SXRV
2017-09-05,277.81,278.69,276.38,276.38,937.0,SXRV
2017-09-06,275.58,276.25,274.72,274.72,219.0,SXRV
2017-09-07,275.82,275.82,274.79,274.79,132.0,SXRV
2017-09-08,272.97,273.59,272.97,273.25,38.0,SXRV
2017-09-11,274.24,276.62,274.19,276.06,426.0,SXRV
2017-09-12,277.05,278.26,276.85,276.92,471.0,SXRV
2017-09-13,276.88,278.84,276.3,278.84,644.0,SXRV
2017-09-14,279.0,279.29,278.84,278.99,1993.0,SXRV
2017-09-15,276.92,277.77,276.0,277.63,146.0,SXRV
2017-09-18,278.29,278.76,277.47,278.33,468.0,SXRV
2017-09-19,275.63,276.99,275.63,276.99,2675.0,SXRV
2017-09-20,276.27,276.54,275.13,275.42,551.0,SXRV
2017-09-21,277.89,277.89,275.66,275.72,485.0,SXRV
2017-09-22,273.59,274.44,273.34,274.02,1024.0,SXRV
2017-09-25,275.43,275.88,273.67,273.73,1054.0,SXRV
2017-09-26,274.35,276.3,274.35,276.3,904.0,SXRV
2017-09-27,277.89,279.75,277.89,278.38,68.0,SXRV
2017-09-28,280.15,280.15,277.98,278.43,720.0,SXRV
2017-09-29,278.62,279.57,278.56,279.57,147.0,SXRV
2017-10-02,281.46,282.83,281.46,282.14,2586.0,SXRV
2017-10-04,282.33,282.49,281.41,282.49,588.0,SXRV
2017-10-05,282.42,285.11,282.19,285.11,3393.0,SXRV
2017-10-06,286.91,287.31,285.8,285.8,1148.0,SXRV
2017-10-09,286.74,286.8,286.26,286.36,1982.0,SXRV
2017-10-10,285.33,285.56,283.91,283.91,1174.0,SXRV
2017-10-11,284.15,284.15,283.2,283.6,609.0,SXRV
2017-10-12,283.97,284.61,283.55,284.61,2024.0,SXRV
2017-10-13,284.45,285.09,284.18,285.09,5692.0,SXRV
2017-10-16,286.71,286.82,286.31,286.53,1204.0,SXRV
2017-10-17,288.04,288.13,287.88,288.13,1468.0,SXRV
2017-10-18,288.51,288.91,287.6,287.81,851.0,SXRV
2017-10-19,286.27,286.27,283.14,284.41,11329.0,SXRV
2017-10-20,286.49,287.38,286.47,287.38,1182.0,SXRV
2017-10-23,287.6,288.78,287.41,287.41,437.0,SXRV
2017-10-24,286.13,286.37,286.0,286.37,195.0,SXRV
2017-10-25,285.81,285.87,282.25,282.95,281.0,SXRV
2017-10-26,283.9,286.97,283.85,286.51,813.0,SXRV
2017-10-27,290.54,295.98,290.54,295.98,1851.0,SXRV
2017-10-30,296.01,297.94,295.64,296.14,830.0,SXRV
2017-11-01,298.34,299.2,297.72,297.94,872.0,SXRV
2017-11-02,296.48,296.78,294.2,295.68,2105.0,SXRV
2017-11-03,297.23,299.12,296.92,299.12,908.0,SXRV
2017-11-06,299.89,301.84,299.89,301.22,536.0,SXRV
2017-11-07,302.28,302.62,301.4,302.01,770.0,SXRV
2017-11-08,301.99,302.27,301.54,302.27,571.0,SXRV
2017-11-09,302.46,302.52,299.47,299.47,503.0,SXRV
2017-11-10,300.15,300.15,298.92,299.12,958.0,SXRV
2017-11-13,300.62,300.63,298.3,300.03,1377.0,SXRV
2017-11-14,299.1,299.1,295.84,296.24,588.0,SXRV
2017-11-15,293.77,294.75,292.46,294.75,161.0,SXRV
2017-11-16,295.75,298.14,295.28,298.13,3732.0,SXRV
2017-11-17,297.93,297.93,297.45,297.45,175.0,SXRV
2017-11-20,296.75,298.11,295.98,297.87,620.0,SXRV
2017-11-21,299.6,300.97,299.6,300.97,383.0,SXRV
2017-11-22,300.7,301.47,299.74,299.8,479.0,SXRV
2017-11-23,298.82,299.25,298.57,298.57,2264.0,SXRV
2017-11-24,299.15,299.15,297.5,297.5,596.0,SXRV
2017-11-27,297.75,298.26,297.52,297.52,174.0,SXRV
2017-11-28,298.25,299.45,298.25,299.45,241.0,SXRV
2017-11-29,299.84,300.8,295.37,295.37,620.0,SXRV
2017-11-30,294.7,296.29,294.7,295.49,561.0,SXRV
2017-12-01,295.98,296.59,291.93,291.93,2645.0,SXRV
2017-12-04,298.65,298.69,294.485,294.485,2484.0,SXRV
2017-12-05,292.84,296.79,291.15,296.79,2487.0,SXRV
2017-12-06,292.96,295.74,292.53,295.415,5105.0,SXRV
2017-12-07,296.63,297.53,295.61,297.275,2498.0,SXRV
2017-12-08,299.5,300.61,299.305,299.305,3008.0,SXRV
2017-12-11,298.89,299.28,298.11,299.235,1116.0,SXRV
2017-12-12,301.48,302.775,300.83,302.775,604.0,SXRV
2017-12-13,302.2,302.22,301.35,301.975,141.0,SXRV
2017-12-14,300.51,302.085,299.45,302.085,786.0,SXRV
2017-12-15,301.27,303.595,300.83,303.595,531.0,SXRV
2017-12-18,306.64,306.67,305.53,305.78,2595.0,SXRV
2017-12-19,306.47,306.51,304.15,304.46,1008.0,SXRV
2017-12-20,304.45,304.91,301.38,301.63,1459.0,SXRV
2017-12-21,302.12,303.25,301.76,303.25,1348.0,SXRV
2017-12-22,303.59,303.59,302.67,302.67,718.0,SXRV
2017-12-27,301.04,301.04,299.55,300.31,505.0,SXRV
2017-12-28,299.28,300.17,298.79,298.91,714.0,SXRV
2017-12-29,298.85,298.85,298.23,298.65,170.0,SXRV
2018-01-02,295.35,298.9,294.05,298.8,4383.0,SXRV
2018-01-03,300.2,303.0,300.2,302.9,10107.0,SXRV
2018-01-04,303.95,303.95,302.55,302.9,2061.0,SXRV
2018-01-05,303.85,306.05,303.85,306.05,3712.0,SXRV
2018-01-08,308.35,309.35,307.7,309.35,2024.0,SXRV
2018-01-09,310.3,311.6,309.8,311.05,3104.0,SXRV
2018-01-10,309.6,309.6,307.0,307.9,1138.0,SXRV
2018-01-11,310.3,310.3,307.1,307.6,1251.0,SXRV
2018-01-12,309.5,309.5,306.1,308.3,940.0,SXRV
2018-01-15,307.9,307.9,305.7,306.25,1006.0,SXRV
2018-01-16,307.2,309.3,307.2,308.6,1149.0,SXRV
2018-01-17,306.75,308.0,305.85,307.15,4121.0,SXRV
2018-01-18,309.1,309.1,307.65,308.45,1550.0,SXRV
2018-01-19,307.8,309.85,307.8,309.35,2400.0,SXRV
2018-01-22,309.55,311.3,308.9,311.05,1022.0,SXRV
2018-01-23,314.25,314.85,313.25,314.35,826.0,SXRV
2018-01-24,313.65,313.65,310.15,310.15,4618.0,SXRV
2018-02-22,304.15,306.65,303.55,306.65,1928.0,SXRV
2018-02-23,307.45,308.3,306.7,308.3,544.0,SXRV
2018-02-26,311.2,313.9,311.0,313.65,2310.0,SXRV
2018-02-27,314.65,315.9,314.2,314.8,1370.0,SXRV
2018-02-28,314.35,316.1,314.15,314.35,2779.0,SXRV
2018-03-01,313.25,313.8,310.3,311.5,25973.0,SXRV
2018-03-02,306.05,306.1,300.5,302.7,4954.0,SXRV
2018-03-05,305.35,307.95,304.8,307.95,32504.0,SXRV
2018-03-06,310.6,310.7,307.7,308.1,17808.0,SXRV
2018-03-07,306.65,309.35,305.55,308.9,5467.0,SXRV
2018-03-08,310.7,313.75,310.55,313.5,6339.0,SXRV
2018-03-09,314.4,318.05,314.25,318.05,13704.0,SXRV
2018-03-12,321.55,322.15,321.2,321.9,5225.0,SXRV
2018-03-13,321.95,322.25,316.6,317.35,4899.0,SXRV
2018-03-14,316.8,318.55,315.7,316.25,21010.0,SXRV
2018-03-15,316.45,318.05,315.5,317.65,10175.0,SXRV
2018-03-16,317.55,319.5,317.25,317.5,16780.0,SXRV
2018-03-19,315.55,315.55,307.7,308.1,70378.0,SXRV
2018-03-20,309.15,312.1,308.6,312.0,15125.0,SXRV
2018-03-21,311.8,312.7,310.25,312.55,12188.0,SXRV
2018-03-22,305.75,306.45,302.95,304.95,29739.0,SXRV
2018-03-23,300.05,301.9,296.95,298.0,35714.0,SXRV
2018-03-26,297.4,298.0,292.15,294.0,4754.0,SXRV
2018-03-27,303.65,305.65,301.55,302.3,22995.0,SXRV
2018-03-28,293.2,294.05,288.5,290.7,12969.0,SXRV
2018-03-29,293.2,295.55,289.95,294.6,3082.0,SXRV
2018-04-03,289.55,292.6,287.85,290.95,41062.0,SXRV
2018-04-04,290.0,291.4,284.8,291.4,23167.0,SXRV
2018-04-05,300.15,301.2,298.25,301.2,12536.0,SXRV
2018-04-06,296.35,298.05,295.0,295.65,14924.0,SXRV
2018-04-09,294.25,296.25,292.35,296.25,7516.0,SXRV
2018-04-10,297.7,297.7,294.3,296.9,9816.0,SXRV
2018-04-11,295.6,297.45,293.5,296.35,16047.0,SXRV
2018-04-12,296.05,301.5,296.0,300.55,4129.0,SXRV
2018-04-13,299.8,301.9,298.9,299.8,8217.0,SXRV
2018-04-16,299.6,299.9,298.4,298.7,6949.0,SXRV
2018-04-17,301.5,305.9,301.1,305.9,8527.0,SXRV
2018-04-18,307.05,307.65,304.8,306.8,2867.0,SXRV
2018-04-19,306.6,307.1,304.3,304.95,2628.0,SXRV
2018-04-20,304.2,305.8,302.45,302.45,14705.0,SXRV
2018-04-23,301.95,305.35,301.65,305.1,16341.0,SXRV
2018-04-24,303.55,305.2,298.35,299.45,3800.0,SXRV
2018-04-25,296.1,297.3,293.4,297.2,11361.0,SXRV
2018-04-26,299.55,304.45,299.55,304.15,4864.0,SXRV
2018-04-27,309.9,311.25,304.5,306.0,14119.0,SXRV
2018-04-30,306.6,308.55,306.6,306.6,1098.0,SXRV
2018-05-02,310.65,311.2,309.1,309.95,2645.0,SXRV
2018-05-03,307.7,308.15,304.1,304.65,4673.0,SXRV
2018-05-04,308.6,314.1,308.3,314.1,3979.0,SXRV
2018-05-07,317.05,318.95,316.8,318.65,7107.0,SXRV
2018-05-08,318.1,320.0,317.8,318.95,8590.0,SXRV
2018-05-09,320.1,320.85,319.15,319.75,5626.0,SXRV
2018-05-10,323.35,324.4,321.85,324.25,2938.0,SXRV
2018-05-11,324.8,324.85,322.9,323.6,2524.0,SXRV
2018-05-14,324.05,325.15,323.0,324.55,18601.0,SXRV
2018-05-15,323.65,325.0,321.85,321.85,3899.0,SXRV
2018-05-16,323.55,326.0,323.55,325.9,1212.0,SXRV
2018-05-17,325.4,327.15,324.8,327.1,1813.0,SXRV
2018-05-18,325.75,326.55,324.0,325.65,3241.0,SXRV
2018-05-22,326.8,327.4,325.2,326.1,3168.0,SXRV
2018-05-23,325.2,326.9,323.85,326.9,2784.0,SXRV
2018-05-24,329.85,330.4,326.75,327.85,11247.0,SXRV
2018-05-25,331.4,332.95,330.8,332.85,3353.0,SXRV
2018-05-28,332.1,334.45,332.1,334.1,1575.0,SXRV
2018-05-29,333.3,334.7,332.45,334.2,4479.0,SXRV
2018-05-30,334.0,334.2,332.45,333.0,4722.0,SXRV
2018-05-31,332.85,333.2,331.6,333.2,8098.0,SXRV
2018-06-01,333.0,337.1,332.35,337.1,5250.0,SXRV
2018-06-04,338.35,338.95,336.2,338.95,1405.0,SXRV
2018-06-05,339.05,342.25,339.05,340.5,2644.0,SXRV
2018-06-06,341.1,341.1,337.2,339.65,2524.0,SXRV
2018-06-07,340.05,340.15,336.1,336.5,2971.0,SXRV
2018-06-08,336.8,337.6,334.65,337.1,2525.0,SXRV
2018-06-11,336.65,337.6,336.65,337.45,2089.0,SXRV
2018-06-12,339.3,339.6,337.6,339.3,7410.0,SXRV
2018-06-13,341.65,342.9,341.1,342.8,2060.0,SXRV
2018-06-14,338.1,348.0,338.1,347.7,2162.0,SXRV
2018-06-15,350.35,350.35,346.05,346.3,19595.0,SXRV
2018-06-18,346.65,347.35,344.65,347.0,6873.0,SXRV
2018-06-19,343.85,346.15,343.15,345.075,17775.0,SXRV
2018-06-20,348.35,349.95,348.15,349.4,5068.0,SXRV
2018-06-21,352.0,352.25,345.15,347.7,9625.0,SXRV
2018-06-22,344.75,346.15,343.4,344.525,4868.0,SXRV
2018-06-25,342.35,342.35,334.35,334.425,13981.0,SXRV
2018-06-26,336.1,337.95,335.5,336.125,24244.0,SXRV
2018-06-27,336.05,340.35,334.2,339.925,8719.0,SXRV
2018-06-28,337.05,337.8,333.2,336.6,4487.0,SXRV
2018-06-29,338.0,339.3,337.4,337.7,1541.0,SXRV
2018-07-02,333.95,337.6,333.7,336.75,3866.0,SXRV
2018-07-03,339.8,340.8,337.55,338.1,1340.0,SXRV
2018-07-04,334.7,336.1,334.45,335.2,776.0,SXRV
2018-07-05,333.45,336.05,333.45,335.975,2426.0,SXRV
2018-07-06,337.9,340.175,336.5,340.175,2381.0,SXRV
2018-07-09,342.35,343.2,342.0,343.025,1168.0,SXRV
2018-07-10,345.45,346.65,345.325,345.325,1043.0,SXRV
2018-07-11,341.55,345.0,341.4,343.85,11857.0,SXRV
2018-07-12,346.15,349.15,345.7,348.7,1033.0,SXRV
2018-07-13,353.0,353.7,351.5,352.2,1585.0,SXRV
2018-07-16,350.95,351.6,350.0,350.05,1804.0,SXRV
2018-07-17,345.65,350.5,345.65,350.15,4191.0,SXRV
2018-07-18,354.05,354.7,351.9,353.35,2129.0,SXRV
2018-07-19,353.05,353.95,352.05,353.55,1770.0,SXRV
2018-07-20,352.45,352.85,349.6,351.2,1818.0,SXRV
2018-07-23,347.45,349.45,347.05,349.45,1888.0,SXRV
2018-07-24,353.65,355.1,352.8,353.3,4081.0,SXRV
2018-07-25,352.3,354.4,351.75,354.4,2710.0,SXRV
2018-07-26,350.9,354.3,350.7,353.75,6158.0,SXRV
2018-07-27,355.05,356.6,351.5,352.0,5882.0,SXRV
2018-07-30,346.8,347.45,341.65,342.2,7282.0,SXRV
2018-07-31,342.05,344.15,341.4,343.85,3622.0,SXRV
2018-08-01,346.0,347.15,344.9,346.1,2630.0,SXRV
2018-08-02,346.1,350.95,345.4,350.95,997.0,SXRV
2018-08-03,354.15,355.35,353.45,353.45,1379.0,SXRV
2018-08-06,356.55,357.25,355.65,356.5,785.0,SXRV
2018-08-07,358.55,358.8,357.4,357.45,1058.0,SXRV
2018-08-08,357.35,358.75,357.05,358.75,2361.0,SXRV
2018-08-09,358.15,360.0,358.15,360.0,1511.0,SXRV
2018-08-10,360.5,362.25,360.1,362.25,17361.0,SXRV
2018-08-13,360.9,363.2,360.7,362.15,1476.0,SXRV
2018-08-14,362.7,364.45,361.95,364.45,2033.0,SXRV
2018-08-15,365.35,365.9,360.0,361.15,1902.0,SXRV
2018-08-16,361.95,363.4,361.3,362.4,5596.0,SXRV
2018-08-17,360.85,360.85,358.0,358.4,1641.0,SXRV
2018-08-20,360.95,361.5,357.75,358.2,1545.0,SXRV
2018-08-21,356.9,358.45,356.75,358.45,960.0,SXRV
2018-08-22,355.0,356.6,353.45,356.55,1141.0,SXRV
2018-08-23,357.35,359.4,356.75,356.9,1400.0,SXRV
2018-08-24,357.65,358.65,356.95,358.65,1754.0,SXRV
2018-08-27,360.9,360.9,359.35,360.3,5100.0,SXRV
2018-08-28,360.8,360.85,359.45,359.45,2578.0,SXRV
2018-08-29,361.8,363.9,361.65,363.9,1612.0,SXRV
2018-08-30,364.0,366.35,363.8,365.8,2073.0,SXRV
2018-08-31,364.7,367.45,364.1,366.95,1094.0,SXRV
2018-09-03,367.55,368.05,367.1,367.95,2170.0,SXRV
2018-09-04,369.5,369.85,366.7,367.8,3035.0,SXRV
2018-09-05,366.3,366.55,359.3,359.75,1502.0,SXRV
2018-09-06,360.0,360.95,355.85,356.8,2668.0,SXRV
2018-09-07,356.4,359.9,355.7,359.9,4513.0,SXRV
2018-09-10,359.7,359.85,356.4,357.2,1116.0,SXRV
2018-09-11,358.1,359.6,356.6,359.4,1074.0,SXRV
2018-09-12,361.4,361.9,356.2,358.25,2234.0,SXRV
2018-09-13,358.4,360.65,358.4,360.55,4208.0,SXRV
2018-09-14,361.25,361.65,360.5,361.15,4475.0,SXRV
2018-09-17,360.4,360.4,356.05,356.05,1154.0,SXRV
2018-09-18,354.45,358.7,353.7,358.7,2808.0,SXRV
2018-09-19,357.8,357.8,356.1,356.4,1271.0,SXRV
2018-09-20,357.0,359.0,356.3,359.0,946.0,SXRV
2018-09-21,358.9,360.0,358.3,359.0,1876.0,SXRV
2018-09-24,355.3,356.55,351.6,356.25,1065.0,SXRV
2018-09-25,358.0,358.55,356.2,357.6,2809.0,SXRV
2018-09-26,359.6,360.9,359.2,360.7,1430.0,SXRV
2018-09-27,360.45,365.2,359.95,364.75,1153.0,SXRV
2018-09-28,365.45,366.55,365.15,366.0,3936.0,SXRV
2018-10-01,369.1,370.15,368.6,370.1,3575.0,SXRV
2018-10-02,368.0,369.65,367.9,369.65,1475.0,SXRV
2018-10-04,368.65,368.85,363.0,363.3,8952.0,SXRV
2018-10-05,362.25,362.8,358.05,358.05,3388.0,SXRV
2018-10-08,357.9,359.65,355.7,355.7,1511.0,SXRV
2018-10-09,357.35,360.1,356.4,359.25,2233.0,SXRV
2018-10-10,357.6,357.6,347.65,347.65,8998.0,SXRV
2018-10-11,337.15,341.1,334.35,336.95,17383.0,SXRV
2018-10-12,342.7,345.25,341.35,342.75,10783.0,SXRV
2018-10-15,341.9,343.65,338.95,342.55,17585.0,SXRV
2018-10-16,341.25,346.45,341.0,346.45,7386.0,SXRV
2018-10-17,353.85,354.1,349.05,349.45,3832.0,SXRV
2018-10-18,352.0,352.4,345.75,345.75,4438.0,SXRV
2018-10-19,348.25,350.1,346.65,347.1,6404.0,SXRV
2018-10-22,344.35,348.95,344.1,348.05,1535.0,SXRV
2018-10-23,342.0,342.55,337.5,339.6,8252.0,SXRV
2018-10-24,343.25,348.95,341.1,341.1,2508.0,SXRV
2018-10-25,334.5,342.05,334.2,342.05,4405.0,SXRV
2018-10-26,335.55,336.65,329.85,335.5,5457.0,SXRV
2018-10-29,336.7,341.55,333.45,333.45,5541.0,SXRV
2018-10-30,331.8,332.25,326.35,330.95,6005.0,SXRV
2018-10-31,337.0,345.25,337.0,343.05,3910.0,SXRV
2018-11-01,341.15,343.75,339.5,343.25,2338.0,SXRV
2018-11-02,346.1,346.4,338.75,340.15,4429.0,SXRV
2018-11-05,340.85,342.5,335.5,336.45,2213.0,SXRV
2018-11-06,338.5,341.85,337.25,339.7,1887.0,SXRV
2018-11-07,342.15,347.45,342.15,347.05,6023.0,SXRV
2018-11-08,350.9,351.6,348.85,349.9,1206.0,SXRV
2018-11-09,349.9,350.0,345.65,346.05,3175.0,SXRV
2018-11-12,349.8,349.8,338.35,338.95,528.0,SXRV
2018-11-13,341.25,342.6,338.0,341.4,2880.0,SXRV
2018-11-14,336.35,340.8,334.5,334.85,2416.0,SXRV
2018-11-15,335.5,336.0,332.05,335.05,988.0,SXRV
2018-11-16,336.9,336.9,332.45,334.3,2138.0,SXRV
2018-11-19,336.55,337.85,326.5,326.5,2590.0,SXRV
2018-11-20,321.7,322.5,315.7,321.65,7469.0,SXRV
2018-11-21,321.35,324.3,321.15,323.9,4511.0,SXRV
2018-11-22,321.25,321.25,317.9,318.7,2152.0,SXRV
2018-11-23,319.65,323.45,319.0,322.6,4822.0,SXRV
2018-11-26,324.0,326.9,324.0,325.05,2808.0,SXRV
2018-11-27,328.15,330.9,325.6,330.65,2192.0,SXRV
2018-11-28,332.1,333.65,331.8,332.55,3816.0,SXRV
2018-11-29,337.7,338.05,335.7,337.1,3348.0,SXRV
2018-11-30,338.05,340.85,337.2,339.65,2379.0,SXRV
2018-12-03,349.65,350.2,345.55,346.45,9188.0,SXRV
2018-12-04,343.6,345.35,342.05,343.7,1795.0,SXRV
2018-12-05,336.25,337.1,334.85,334.85,1425.0,SXRV
2018-12-06,330.9,330.9,325.65,327.3,2842.0,SXRV
2018-12-07,332.05,334.35,327.65,327.65,7196.0,SXRV
2018-12-10,322.4,325.4,321.35,322.5,5673.0,SXRV
2018-12-11,327.2,333.7,327.1,331.75,2775.0,SXRV
2018-12-12,331.95,335.9,331.95,335.9,695.0,SXRV
2018-12-13,334.65,335.3,331.9,332.6,1057.0,SXRV
2018-12-14,328.65,330.95,328.3,330.3,2530.0,SXRV
2018-12-17,325.5,325.8,319.9,324.35,4957.0,SXRV
2018-12-18,318.05,319.65,317.55,319.25,3172.0,SXRV
2018-12-19,317.75,320.0,317.2,318.9,1374.0,SXRV
2018-12-20,308.0,309.75,305.95,305.95,3480.0,SXRV
2018-12-21,305.9,308.45,303.0,303.6,5993.0,SXRV
2018-12-27,303.8,304.0,297.4,300.7,12173.0,SXRV
2018-12-28,305.8,309.0,305.8,307.7,1257.0,SXRV
2019-01-02,303.2,311.2,299.95,311.15,4060.0,SXRV
2019-01-03,304.8,308.5,302.4,305.2,10820.0,SXRV
2019-01-04,305.6,312.4,304.25,312.1,3298.0,SXRV
2019-01-07,314.1,315.2,311.95,315.2,3041.0,SXRV
2019-01-08,316.95,320.55,315.1,316.15,3292.0,SXRV
2019-01-09,318.95,320.55,317.85,319.05,3368.0,SXRV
2019-01-10,316.25,319.6,315.55,319.6,807.0,SXRV
2019-01-11,319.8,320.25,318.55,319.95,1931.0,SXRV
2019-01-14,317.65,319.25,317.0,318.85,980.0,SXRV
2019-01-15,320.25,324.9,319.75,324.9,3373.0,SXRV
2019-01-16,326.5,328.85,325.5,327.9,16628.0,SXRV
2019-01-17,324.05,327.55,323.85,327.5,3868.0,SXRV
2019-01-18,329.45,334.0,329.0,333.85,12269.0,SXRV
2019-01-21,331.25,332.1,330.6,331.35,3322.0,SXRV
2019-01-22,330.3,331.3,329.2,329.6,3801.0,SXRV
2019-01-23,325.75,329.45,325.25,325.25,2016.0,SXRV
2019-01-24,326.8,329.65,326.6,328.35,6150.0,SXRV
2019-01-25,331.0,332.1,330.3,331.4,2585.0,SXRV
2019-01-28,330.35,330.6,324.85,325.35,6723.0,SXRV
2019-01-29,325.0,327.8,323.2,323.7,4822.0,SXRV
2019-01-30,325.7,328.55,325.5,327.8,2406.0,SXRV
2019-01-31,332.95,336.25,332.0,336.2,3727.0,SXRV
2019-02-01,336.05,337.15,333.7,335.55,3972.0,SXRV
2019-02-04,335.35,338.85,334.8,338.75,4166.0,SXRV
2019-02-05,338.4,343.45,338.4,342.65,8661.0,SXRV
2019-02-06,343.25,344.25,341.9,343.4,3200.0,SXRV
2019-02-07,342.4,343.3,337.65,337.65,2720.0,SXRV
2019-02-08,338.0,338.9,336.7,337.6,1356.0,SXRV
2019-02-11,340.5,344.05,340.35,342.2,2981.0,SXRV
2019-02-12,344.35,345.95,343.35,345.5,3980.0,SXRV
2019-02-13,347.65,348.95,346.6,347.2,3279.0,SXRV
2019-02-14,348.75,349.4,345.0,346.25,1141.0,SXRV
2019-02-15,345.45,350.5,345.45,348.35,4457.0,SXRV
2019-02-18,348.85,349.1,347.65,348.9,1209.0,SXRV
2019-02-19,349.1,349.1,346.95,348.15,5280.0,SXRV
2019-02-20,347.85,349.1,347.0,348.1,2531.0,SXRV
2019-02-21,349.0,349.0,344.75,346.75,3388.0,SXRV
2019-02-22,346.45,349.4,346.4,349.3,1018.0,SXRV
2019-02-25,350.3,352.55,349.8,351.85,2666.0,SXRV
2019-02-26,348.95,350.7,348.25,349.85,1906.0,SXRV
2019-02-27,348.0,348.55,346.55,348.4,5532.0,SXRV
2019-02-28,347.05,349.05,346.7,348.95,1605.0,SXRV
2019-03-01,350.75,351.7,349.25,349.25,4894.0,SXRV
2019-03-04,353.9,355.4,352.15,352.15,3903.0,SXRV
2019-03-05,352.55,354.2,351.65,354.2,2561.0,SXRV
2019-03-06,353.8,354.1,351.4,351.55,3383.0,SXRV
2019-03-07,350.05,352.85,349.45,351.75,3811.0,SXRV
2019-03-08,348.05,348.9,345.25,347.35,5060.0,SXRV
2019-03-11,349.9,355.35,349.3,355.3,1620.0,SXRV
2019-03-12,356.4,357.25,354.8,357.0,2525.0,SXRV
2019-03-13,356.85,359.85,356.55,359.3,1591.0,SXRV
2019-03-14,358.85,359.95,358.2,358.85,5300.0,SXRV
2019-03-15,358.5,361.5,358.4,361.4,15473.0,SXRV
2019-03-18,360.7,361.35,359.65,359.9,1597.0,SXRV
2019-03-19,361.2,363.65,361.1,363.05,2005.0,SXRV
2019-03-20,362.15,362.45,360.35,360.35,2216.0,SXRV
2019-03-21,361.0,366.65,360.4,366.25,1358.0,SXRV
2019-03-22,368.1,370.0,364.5,364.75,6357.0,SXRV
2019-03-25,360.45,362.45,358.8,360.35,1766.0,SXRV
2019-03-26,362.4,366.2,362.3,364.55,2481.0,SXRV
2019-03-27,365.85,365.85,360.35,361.9,1585.0,SXRV
2019-03-28,362.65,365.65,362.3,363.4,1439.0,SXRV
2019-03-29,365.95,366.95,365.2,366.55,1226.0,SXRV
2019-04-01,370.45,371.55,369.9,371.35,4145.0,SXRV
2019-04-02,372.55,373.95,372.4,373.6,4326.0,SXRV
2019-04-03,375.55,377.15,374.5,377.15,6679.0,SXRV
2019-04-04,375.35,377.35,374.5,375.1,4616.0,SXRV
2019-04-05,376.1,377.65,375.6,377.45,5037.0,SXRV
2019-04-08,376.95,377.0,374.15,376.2,3395.0,SXRV
2019-04-09,376.85,376.85,374.7,376.1,3895.0,SXRV
2019-04-10,375.9,377.9,375.6,377.4,3042.0,SXRV
2019-04-11,377.55,378.7,376.6,377.5,3805.0,SXRV
2019-04-12,376.3,377.6,375.5,376.05,2869.0,SXRV
2019-04-15,376.3,377.6,374.6,375.95,4393.0,SXRV
2019-04-16,377.9,379.35,377.9,379.0,3598.0,SXRV
2019-04-17,379.25,381.45,378.9,379.15,3974.0,SXRV
2019-04-18,378.8,382.5,378.8,381.4,4140.0,SXRV
2019-04-23,383.7,388.45,382.75,388.45,3893.0,SXRV
2019-04-24,389.3,390.75,388.85,390.75,3879.0,SXRV
2019-04-25,393.8,395.6,390.15,393.0,4831.0,SXRV
2019-04-26,390.6,392.2,388.7,390.45,4521.0,SXRV
2019-04-29,391.95,392.7,391.5,392.2,4016.0,SXRV
2019-04-30,389.0,389.0,385.65,386.0,2961.0,SXRV
2019-05-02,387.4,389.0,385.9,386.45,3558.0,SXRV
2019-05-03,388.0,390.95,387.75,390.25,4771.0,SXRV
2019-05-06,383.55,387.85,382.75,387.35,11235.0,SXRV
2019-05-07,387.75,387.85,382.0,383.0,2741.0,SXRV
2019-05-08,382.25,383.2,378.8,381.1,17541.0,SXRV
2019-05-09,377.75,378.65,371.85,373.2,5584.0,SXRV
2019-05-10,377.3,378.2,369.5,370.2,4029.0,SXRV
2019-05-13,373.4,373.4,364.8,365.2,11339.0,SXRV
2019-05-14,365.3,370.7,365.3,370.7,4476.0,SXRV
2019-05-15,371.2,374.45,367.1,374.1,15146.0,SXRV
2019-05-16,373.8,380.85,372.7,380.85,4434.0,SXRV
2019-05-17,378.45,380.3,375.55,379.6,18305.0,SXRV
2019-05-20,376.85,377.0,368.7,369.75,10121.0,SXRV
2019-05-21,372.25,374.35,370.7,373.55,6044.0,SXRV
2019-05-22,372.95,373.65,369.65,372.65,16877.0,SXRV
2019-05-23,369.2,369.5,366.05,366.05,8279.0,SXRV
2019-05-24,367.0,368.25,364.8,365.6,6019.0,SXRV
2019-05-27,365.5,365.85,364.85,365.2,2130.0,SXRV
2019-05-28,366.75,367.65,364.5,366.55,5181.0,SXRV
2019-05-29,362.25,364.05,361.65,362.3,5082.0,SXRV
2019-05-30,363.75,365.15,362.95,363.5,3173.0,SXRV
2019-05-31,360.5,360.5,357.6,360.0,4074.0,SXRV
2019-06-03,354.8,356.0,351.0,353.25,9303.0,SXRV
2019-06-04,346.8,354.8,346.55,354.8,6530.0,SXRV
2019-06-05,356.75,359.3,355.4,358.05,7497.0,SXRV
2019-06-06,360.0,361.55,357.9,358.9,3705.0,SXRV
2019-06-07,361.95,367.25,360.15,366.1,16821.0,SXRV
2019-06-11,372.35,375.25,372.0,372.0,6389.0,SXRV
2019-06-12,368.95,370.8,368.85,369.6,4138.0,SXRV
2019-06-13,369.6,373.8,369.6,372.1,2544.0,SXRV
2019-06-14,371.1,373.2,369.9,373.05,1729.0,SXRV
2019-06-17,374.45,376.1,373.0,375.1,3273.0,SXRV
2019-06-18,375.25,384.55,374.55,383.5,16191.0,SXRV
2019-06-19,382.45,382.6,380.25,380.75,7943.0,SXRV
2019-06-20,384.65,385.6,382.75,382.75,8352.0,SXRV
2019-06-21,382.8,384.3,381.1,383.5,32858.0,SXRV
2019-06-24,381.5,381.65,379.9,380.1,3045.0,SXRV
2019-06-25,378.45,379.55,376.25,376.6,9372.0,SXRV
2019-06-26,374.9,377.8,374.6,376.0,11910.0,SXRV
2019-06-27,377.9,378.15,375.4,375.95,12880.0,SXRV
2019-06-28,376.85,377.9,375.7,376.6,10007.0,SXRV
2019-07-01,385.45,386.1,383.65,384.85,13619.0,SXRV
2019-07-02,384.8,385.4,383.1,384.5,25789.0,SXRV
2019-07-03,387.75,389.15,387.5,389.15,4102.0,SXRV
2019-07-04,390.1,391.05,389.65,390.9,1399.0,SXRV
2019-07-05,391.05,391.05,388.05,389.6,14261.0,SXRV
2019-07-08,388.95,389.5,386.8,387.95,3044.0,SXRV
2019-07-09,386.0,389.95,385.7,389.3,1797.0,SXRV
2019-07-10,389.45,394.5,388.75,391.7,6642.0,SXRV
2019-07-11,393.6,394.4,393.0,394.15,13163.0,SXRV
2019-07-12,392.65,394.1,392.5,394.1,6945.0,SXRV
2019-07-15,394.8,395.65,394.0,395.25,5236.0,SXRV
2019-07-16,396.4,397.85,396.3,396.7,3225.0,SXRV
2019-07-17,396.45,396.55,394.2,394.5,2312.0,SXRV
2019-07-18,390.15,393.25,390.0,390.7,4571.0,SXRV
2019-07-19,394.55,396.6,394.15,394.55,6662.0,SXRV
2019-07-22,391.05,393.7,390.85,393.3,2496.0,SXRV
2019-07-23,396.1,398.15,395.65,397.05,3945.0,SXRV
2019-07-24,398.5,400.45,397.7,400.3,2735.0,SXRV
2019-07-25,402.5,404.0,398.1,398.45,6307.0,SXRV
2019-07-26,401.7,403.25,401.05,403.25,8501.0,SXRV
2019-07-29,402.3,403.65,399.4,400.45,5869.0,SXRV
2019-07-30,401.5,401.5,397.85,399.65,2694.0,SXRV
2019-07-31,400.5,401.1,399.65,400.8,3194.0,SXRV
2019-08-01,397.45,404.7,396.3,404.45,6493.0,SXRV
2019-08-02,391.5,393.05,385.6,386.15,27744.0,SXRV
2019-08-05,383.9,383.9,372.6,373.5,21573.0,SXRV
2019-08-06,370.3,376.45,369.65,371.8,8864.0,SXRV
2019-08-07,374.5,378.5,368.05,373.35,16555.0,SXRV
2019-08-08,378.9,382.95,377.5,382.95,5802.0,SXRV
2019-08-09,384.7,385.25,379.6,379.95,6188.0,SXRV
2019-08-12,385.05,386.0,377.75,378.85,3351.0,SXRV
2019-08-13,377.1,389.35,375.25,385.2,14699.0,SXRV
2019-08-14,387.0,387.0,378.25,379.3,6160.0,SXRV
2019-08-15,378.75,379.35,371.1,377.65,7057.0,SXRV
2019-08-16,380.15,384.35,380.15,383.55,6975.0,SXRV
2019-08-19,388.05,390.3,386.5,390.15,6655.0,SXRV
2019-08-20,390.6,391.6,388.35,389.8,2638.0,SXRV
2019-08-21,389.35,391.4,388.95,391.1,6469.0,SXRV
2019-08-22,390.5,392.6,387.0,388.7,5525.0,SXRV
2019-08-23,392.0,392.35,379.5,379.5,7760.0,SXRV
2019-08-26,380.3,383.75,377.95,380.7,6410.0,SXRV
2019-08-27,381.05,386.6,380.5,383.2,9101.0,SXRV
2019-08-28,382.45,383.25,379.3,383.25,4767.0,SXRV
2019-08-29,382.4,390.6,382.4,390.6,2989.0,SXRV
2019-08-30,390.5,394.0,389.65,390.9,9404.0,SXRV
2019-09-02,390.1,392.65,389.9,391.35,2808.0,SXRV
2019-09-03,390.1,392.2,388.15,390.0,12546.0,SXRV
2019-09-04,392.65,394.0,389.9,390.95,3789.0,SXRV
2019-09-05,395.75,399.2,394.35,398.9,8161.0,SXRV
2019-09-06,399.1,400.5,397.6,398.95,6201.0,SXRV
2019-09-09,400.3,400.3,397.6,398.75,4412.0,SXRV
2019-09-10,396.6,397.1,393.4,393.4,9993.0,SXRV
2019-09-11,396.55,401.25,396.25,401.25,5773.0,SXRV
2019-09-12,403.0,407.1,401.6,402.8,9679.0,SXRV
2019-09-13,400.75,401.95,398.9,399.85,1938.0,SXRV
2019-09-16,396.6,400.75,395.7,400.0,5352.0,SXRV
2019-09-17,398.85,399.65,398.1,398.55,6539.0,SXRV
2019-09-18,399.05,400.15,398.55,398.55,4203.0,SXRV
2019-09-19,398.0,403.05,397.8,402.85,5496.0,SXRV
2019-09-20,401.0,403.15,400.3,401.3,6339.0,SXRV
2019-09-23,399.65,400.15,397.5,398.9,9428.0,SXRV
2019-09-24,400.25,401.05,396.95,396.95,2088.0,SXRV
2019-09-25,393.35,395.75,389.7,395.35,3172.0,SXRV
2019-09-26,398.25,402.4,395.95,396.55,3087.0,SXRV
2019-09-27,398.85,400.35,396.05,397.6,6091.0,SXRV
2019-10-01,401.65,402.6,396.15,396.45,7945.0,SXRV
2019-10-02,394.1,394.45,385.35,385.35,4708.0,SXRV
2019-10-04,390.25,394.15,388.55,394.15,6224.0,SXRV
2019-10-07,394.1,395.95,393.65,395.9,5307.0,SXRV
2019-10-08,395.7,395.8,389.2,390.75,7301.0,SXRV
2019-10-09,388.65,393.2,388.65,391.8,4235.0,SXRV
2019-10-10,391.2,395.8,389.75,395.35,5571.0,SXRV
2019-10-11,396.3,400.5,396.3,400.5,8509.0,SXRV
2019-10-14,399.3,399.75,395.85,399.5,1832.0,SXRV
2019-10-15,401.0,403.4,400.15,402.45,4253.0,SXRV
2019-10-16,403.1,403.35,400.5,400.85,4631.0,SXRV
2019-10-17,401.5,402.45,399.6,399.6,2901.0,SXRV
2019-10-18,399.7,399.75,396.9,396.9,2564.0,SXRV
2019-10-21,396.1,398.75,395.9,398.5,1799.0,SXRV
2019-10-22,399.85,401.75,398.95,398.95,1952.0,SXRV
2019-10-23,395.0,397.55,394.8,397.55,4551.0,SXRV
2019-10-24,398.85,402.4,398.45,402.4,2094.0,SXRV
2019-10-25,400.45,406.0,399.5,405.45,2272.0,SXRV
2019-10-28,406.95,409.75,406.7,409.4,2673.0,SXRV
2019-10-29,409.7,409.7,406.55,407.6,4627.0,SXRV
2019-10-30,405.8,407.2,404.9,405.75,2144.0,SXRV
2019-10-31,407.75,407.8,404.9,405.45,1478.0,SXRV
2019-11-01,407.15,409.75,406.7,407.75,3480.0,SXRV
2019-11-04,411.05,413.35,411.0,412.9,4539.0,SXRV
2019-11-05,414.25,416.6,413.9,416.5,3383.0,SXRV
2019-11-06,415.5,415.9,413.95,414.85,2466.0,SXRV
2019-11-07,417.6,419.65,416.9,419.55,7331.0,SXRV
2019-11-08,416.75,418.85,416.4,418.55,4306.0,SXRV
2019-11-11,418.05,418.55,416.85,417.95,3843.0,SXRV
2019-11-12,419.8,422.2,419.05,422.1,2968.0,SXRV
2019-11-13,420.7,421.2,418.3,420.9,2348.0,SXRV
2019-11-14,420.55,421.15,419.3,419.3,6730.0,SXRV
2019-11-15,421.95,422.15,420.55,421.85,2002.0,SXRV
2019-11-18,423.7,423.7,419.8,420.75,2490.0,SXRV
2019-11-19,422.7,423.8,420.7,421.9,3471.0,SXRV
2019-11-20,420.7,422.65,420.35,421.85,3229.0,SXRV
2019-11-21,418.65,420.05,417.9,418.2,13161.0,SXRV
2019-11-22,420.3,421.1,418.65,419.75,4570.0,SXRV
2019-11-25,422.3,426.15,422.2,425.95,3949.0,SXRV
2019-11-26,426.45,427.2,426.0,427.2,3686.0,SXRV
2019-11-27,429.0,430.05,428.45,429.85,2536.0,SXRV
2019-11-28,429.35,430.3,429.1,430.15,2730.0,SXRV
2019-11-29,429.1,430.7,428.75,428.85,3741.0,SXRV
2019-12-02,429.75,431.2,418.95,419.2,5251.0,SXRV
2019-12-03,421.45,421.8,413.85,414.6,4234.0,SXRV
2019-12-04,416.7,420.9,416.7,420.65,8248.0,SXRV
2019-12-05,421.1,421.9,418.3,418.7,3556.0,SXRV
2019-12-06,420.85,426.35,420.75,426.2,3237.0,SXRV
2019-12-09,425.8,426.9,424.8,425.65,3556.0,SXRV
2019-12-10,423.55,425.05,420.8,423.55,3115.0,SXRV
2019-12-11,423.95,424.7,423.2,423.95,1236.0,SXRV
2019-12-12,423.95,428.45,422.55,425.9,6291.0,SXRV
2019-12-13,427.45,430.1,424.0,427.3,10302.0,SXRV
2019-12-16,429.3,432.5,429.2,432.35,9270.0,SXRV
2019-12-17,432.45,432.5,430.65,431.5,5796.0,SXRV
2019-12-18,432.25,434.35,432.15,434.2,16475.0,SXRV
2019-12-19,433.4,435.05,432.7,435.05,2563.0,SXRV
2019-12-20,436.35,439.9,435.85,439.9,8070.0,SXRV
2019-12-23,439.95,441.55,439.7,440.5,3079.0,SXRV
2019-12-27,443.5,445.6,440.65,441.85,5544.0,SXRV
2019-12-30,440.3,441.0,438.85,439.7,1786.0,SXRV
2020-01-02,439.45,443.45,439.45,441.15,6260.0,SXRV
2020-01-03,441.7,444.05,439.7,442.35,5241.0,SXRV
2020-01-06,440.05,442.35,437.2,442.25,2065.0,SXRV
2020-01-07,444.2,446.9,444.0,446.65,8628.0,SXRV
2020-01-08,444.2,448.55,443.7,448.55,4115.0,SXRV
2020-01-09,453.0,455.25,452.7,454.55,4525.0,SXRV
2020-01-10,456.2,457.35,454.7,454.7,2855.0,SXRV
2020-01-13,454.05,455.25,453.8,454.7,4692.0,SXRV
2020-01-14,456.1,458.55,455.0,456.7,5195.0,SXRV
2020-01-15,456.25,457.3,454.6,456.15,4268.0,SXRV
2020-01-16,457.0,458.5,456.2,457.5,8223.0,SXRV
2020-01-17,460.5,463.65,460.35,461.95,5495.0,SXRV
2020-01-20,463.2,464.35,463.0,463.95,3871.0,SXRV
2020-01-21,461.45,464.65,460.65,464.65,5946.0,SXRV
2020-01-22,466.8,468.45,465.85,467.2,4652.0,SXRV
2020-01-23,465.05,467.9,463.7,466.75,5921.0,SXRV
2020-01-24,470.25,471.7,468.85,469.3,6469.0,SXRV
2020-01-27,459.7,460.2,454.25,456.4,12320.0,SXRV
2020-01-28,459.55,462.95,456.9,462.95,6573.0,SXRV
2020-01-29,464.7,466.8,462.65,464.8,5478.0,SXRV
2020-01-30,459.45,463.6,459.15,461.25,5353.0,SXRV
2020-01-31,467.5,467.55,457.05,457.7,5735.0,SXRV
2020-02-03,459.55,464.65,457.2,462.65,6956.0,SXRV
2020-02-04,466.25,473.85,465.45,473.85,4891.0,SXRV
2020-02-05,480.45,482.05,475.15,476.45,5982.0,SXRV
2020-02-06,481.5,482.8,477.9,481.95,6423.0,SXRV
2020-02-07,482.75,484.3,480.2,484.3,3611.0,SXRV
2020-02-10,482.65,487.05,481.1,487.05,5656.0,SXRV
2020-02-11,491.6,493.9,490.65,492.1,8296.0,SXRV
2020-02-12,491.75,494.65,491.1,494.6,8493.0,SXRV
2020-02-13,493.25,497.85,490.4,497.85,7693.0,SXRV
2020-02-14,498.9,499.45,496.6,498.6,9487.0,SXRV
2020-02-17,500.8,501.0,499.95,500.6,5178.0,SXRV
2020-02-18,494.65,499.6,494.2,498.1,10544.0,SXRV
2020-02-19,502.3,506.3,501.4,506.3,6276.0,SXRV
2020-02-20,506.2,506.2,496.9,496.9,13553.0,SXRV
2020-02-21,496.6,498.75,489.95,492.0,5807.0,SXRV
2020-02-24,478.3,478.5,468.6,471.25,27961.0,SXRV
2020-02-25,476.2,476.2,461.95,464.25,15119.0,SXRV
2020-02-26,459.7,466.8,449.0,463.85,20241.0,SXRV
2020-02-27,451.6,453.85,434.5,442.1,15997.0,SXRV
2020-02-28,424.75,427.65,413.15,426.1,36626.0,SXRV
2020-03-02,437.1,437.8,423.25,436.05,13097.0,SXRV
2020-03-03,444.9,454.8,439.0,440.5,26789.0,SXRV
2020-03-04,438.0,444.85,437.0,442.1,9615.0,SXRV
2020-03-05,445.6,445.6,435.85,443.2,7535.0,SXRV
2020-03-06,429.45,429.55,411.0,420.4,14484.0,SXRV
2020-03-09,390.0,405.6,371.65,398.6,25147.0,SXRV
2020-03-10,403.9,413.4,393.5,399.1,19554.0,SXRV
2020-03-11,405.0,410.85,400.35,403.7,16166.0,SXRV
2020-03-12,383.75,383.75,362.0,374.45,19179.0,SXRV
2020-03-13,380.55,391.3,369.3,378.25,17697.0,SXRV
2020-03-16,378.2,381.95,350.0,375.65,26540.0,SXRV
2020-03-17,368.75,386.55,355.0,379.35,15331.0,SXRV
2020-03-18,359.5,377.3,354.75,368.3,11420.0,SXRV
2020-03-19,372.45,389.85,369.05,382.7,11004.0,SXRV
2020-03-20,399.2,403.3,377.65,379.95,19533.0,SXRV
2020-03-23,357.0,380.4,354.3,362.6,14344.0,SXRV
2020-03-24,380.25,391.45,377.0,391.45,9436.0,SXRV
2020-03-25,396.9,403.2,384.95,393.85,14680.0,SXRV
2020-03-26,379.85,396.3,377.0,395.75,10335.0,SXRV
2020-03-27,394.0,396.1,386.35,387.8,17135.0,SXRV
2020-03-30,387.4,399.0,381.55,398.7,10566.0,SXRV
2020-03-31,403.85,410.0,399.45,408.25,16017.0,SXRV
2020-04-01,390.95,396.0,388.0,393.0,21768.0,SXRV
2020-04-02,389.4,393.9,383.0,393.05,13739.0,SXRV
2020-04-03,393.5,400.0,392.2,393.0,6918.0,SXRV
2020-04-06,407.5,410.6,405.7,409.9,18075.0,SXRV
2020-04-07,423.5,429.1,416.95,422.95,18570.0,SXRV
2020-04-08,417.4,423.55,414.7,423.55,13456.0,SXRV
2020-04-09,427.0,428.6,420.0,422.95,15562.0,SXRV
2020-04-14,436.4,441.8,434.5,440.9,15823.0,SXRV
2020-04-15,445.35,445.35,439.85,441.45,22878.0,SXRV
2020-04-16,448.55,455.4,445.0,454.0,17569.0,SXRV
2020-04-17,462.5,465.15,451.5,451.95,19866.0,SXRV
2020-04-20,454.9,457.35,450.8,457.35,14108.0,SXRV
2020-04-21,452.35,452.4,432.7,433.7,12508.0,SXRV
2020-04-22,441.35,447.25,440.5,446.7,6364.0,SXRV
2020-04-23,450.55,456.55,448.55,454.7,6037.0,SXRV
2020-04-24,448.55,452.35,447.65,450.55,7815.0,SXRV
2020-04-27,459.3,461.7,458.0,460.2,10602.0,SXRV
2020-04-28,459.45,462.75,451.85,454.2,8726.0,SXRV
2020-04-29,457.75,463.65,455.6,462.9,7753.0,SXRV
2020-04-30,469.7,471.5,461.05,461.05,8423.0,SXRV
2020-05-04,446.6,452.2,443.85,451.85,14756.0,SXRV
2020-05-05,458.15,466.3,458.0,465.8,8382.0,SXRV
2020-05-06,467.65,471.25,466.25,470.0,7777.0,SXRV
2020-05-07,471.05,475.15,471.05,474.05,9818.0,SXRV
2020-05-08,477.9,478.95,474.0,476.3,5613.0,SXRV
2020-05-11,480.3,482.1,474.75,481.9,6375.0,SXRV
2020-05-12,481.35,484.95,478.7,482.25,10769.0,SXRV
2020-05-13,473.1,476.85,468.85,471.05,13934.0,SXRV
2020-05-14,468.0,470.25,461.95,466.5,16093.0,SXRV
2020-05-15,475.8,475.9,464.15,467.65,7924.0,SXRV
2020-05-18,479.35,483.75,479.05,482.9,27343.0,SXRV
2020-05-19,483.15,483.85,477.5,483.75,6224.0,SXRV
2020-05-20,480.25,485.85,480.05,485.85,10550.0,SXRV
2020-05-21,483.25,486.8,481.25,482.75,2622.0,SXRV
2020-05-22,478.35,485.0,476.75,483.65,3973.0,SXRV
2020-05-25,489.5,492.45,488.95,492.2,7939.0,SXRV
2020-05-26,494.4,494.65,484.6,484.6,13004.0,SXRV
2020-05-27,486.35,487.75,469.9,474.45,14532.0,SXRV
2020-05-28,480.0,483.5,476.5,482.7,9099.0,SXRV
2020-05-29,477.75,480.0,474.7,476.55,6641.0,SXRV
2020-06-02,485.85,486.85,477.9,480.55,9769.0,SXRV
2020-06-03,485.45,487.0,484.45,484.75,28162.0,SXRV
2020-06-04,485.25,486.9,479.1,480.25,9688.0,SXRV
2020-06-05,478.65,488.7,477.7,488.7,7582.0,SXRV
2020-06-08,488.7,490.6,485.5,488.95,11308.0,SXRV
2020-06-09,493.5,494.15,490.0,493.25,8167.0,SXRV
2020-06-10,495.85,499.2,493.75,498.2,4502.0,SXRV
2020-06-11,494.8,495.05,488.0,488.45,8436.0,SXRV
2020-06-12,481.6,489.2,479.55,484.05,11927.0,SXRV
2020-06-15,472.1,481.0,470.9,480.4,9974.0,SXRV
2020-06-16,490.4,500.0,489.55,495.75,9453.0,SXRV
2020-06-17,498.1,502.8,498.1,502.8,7252.0,SXRV
2020-06-18,499.75,502.9,495.8,500.9,6294.0,SXRV
2020-06-19,504.6,507.9,504.4,507.2,7378.0,SXRV
2020-06-22,502.2,503.7,500.7,503.3,5221.0,SXRV
2020-06-23,506.2,509.9,505.5,509.9,7599.0,SXRV
2020-06-24,508.3,510.2,499.9,500.1,9698.0,SXRV
2020-06-25,499.65,503.8,496.95,501.0,9712.0,SXRV
2020-06-26,506.7,507.7,496.5,499.3,5814.0,SXRV
2020-06-29,493.05,495.75,487.1,495.55,10051.0,SXRV
2020-06-30,502.1,505.0,499.45,504.1,7375.0,SXRV
2020-07-01,508.9,511.7,507.0,511.1,16088.0,SXRV
2020-07-02,515.1,520.8,514.3,519.0,7821.0,SXRV
2020-07-03,520.4,520.8,517.0,518.2,4332.0,SXRV
2020-07-06,522.9,528.5,520.5,528.5,5424.0,SXRV
2020-07-07,527.5,533.3,526.2,531.9,11810.0,SXRV
2020-07-08,527.0,528.7,523.6,525.1,9377.0,SXRV
2020-07-09,528.8,534.1,527.6,529.4,8080.0,SXRV
2020-07-10,533.4,535.4,530.0,534.3,7345.0,SXRV
2020-07-13,542.0,548.2,541.4,548.2,9181.0,SXRV
2020-07-14,530.2,530.4,512.5,522.3,37939.0,SXRV
2020-07-15,528.2,530.3,524.2,525.6,14133.0,SXRV
2020-07-16,522.8,523.9,516.9,517.8,8793.0,SXRV
2020-07-17,523.8,525.4,519.4,522.8,4521.0,SXRV
2020-07-20,519.5,531.3,519.3,531.3,6337.0,SXRV
2020-07-21,542.6,544.8,533.4,533.4,31656.0,SXRV
2020-07-22,530.5,530.8,523.5,526.4,3156.0,SXRV
2020-07-23,530.0,530.9,524.7,525.0,7974.0,SXRV
2020-07-24,506.5,510.1,500.0,508.3,21472.0,SXRV
2020-07-27,506.4,509.1,504.2,504.3,3850.0,SXRV
2020-07-28,513.3,514.5,507.5,510.7,5096.0,SXRV
2020-07-29,507.3,509.9,506.6,508.8,4654.0,SXRV
2020-07-30,508.8,509.1,503.4,508.5,10205.0,SXRV
2020-07-31,516.3,519.7,509.8,514.7,11673.0,SXRV
2020-08-03,524.1,531.7,522.1,529.6,11124.0,SXRV
2020-08-04,530.2,531.7,525.2,528.3,3237.0,SXRV
2020-08-05,530.4,530.8,524.4,525.9,3898.0,SXRV
2020-08-06,526.1,530.5,525.9,529.3,4309.0,SXRV
2020-08-07,533.4,538.2,532.5,535.8,3897.0,SXRV
2020-08-10,531.4,533.4,524.0,527.3,4376.0,SXRV
2020-08-11,533.3,533.9,524.2,528.9,11929.0,SXRV
2020-08-12,525.9,531.4,522.7,530.9,5307.0,SXRV
2020-08-13,530.4,535.7,528.3,534.8,5624.0,SXRV
2020-08-14,534.2,535.5,529.5,531.4,5799.0,SXRV
2020-08-17,531.6,534.7,531.2,534.0,5094.0,SXRV
2020-08-18,534.3,536.4,533.0,536.1,4227.0,SXRV
2020-08-19,538.1,540.6,535.2,540.6,3226.0,SXRV
2020-08-20,535.8,542.1,535.4,541.8,5742.0,SXRV
2020-08-21,545.4,552.4,545.0,550.6,6363.0,SXRV
2020-08-24,554.5,557.9,550.0,552.6,12711.0,SXRV
2020-08-25,557.3,557.4,551.5,555.5,4837.0,SXRV
2020-08-26,559.6,565.7,559.3,565.7,5927.0,SXRV
2020-08-27,569.8,574.3,567.6,573.3,9346.0,SXRV
2020-08-28,567.8,568.9,564.6,567.6,4706.0,SXRV
2020-08-31,570.9,570.9,565.7,568.2,4694.0,SXRV
2020-09-01,573.2,577.8,570.2,576.3,7119.0,SXRV
2020-09-02,587.5,591.7,582.6,582.6,11755.0,SXRV
2020-09-03,590.7,591.5,559.6,563.6,22032.0,SXRV
2020-09-04,553.6,564.1,531.7,542.2,28340.0,SXRV
2020-09-07,542.4,548.4,542.2,548.0,10297.0,SXRV
2020-09-08,550.4,550.5,531.9,535.8,10893.0,SXRV
2020-09-09,532.7,543.5,532.2,542.1,17381.0,SXRV
2020-09-10,543.5,547.4,536.6,543.6,10751.0,SXRV
2020-09-11,537.5,539.7,528.0,530.2,7029.0,SXRV
2020-09-14,535.3,538.3,531.0,537.8,7563.0,SXRV
2020-09-15,536.5,545.5,535.8,545.0,12152.0,SXRV
2020-09-16,546.3,547.7,541.4,543.9,6691.0,SXRV
2020-09-17,529.3,533.1,520.4,528.1,9309.0,SXRV
2020-09-18,527.8,531.0,519.1,519.1,11274.0,SXRV
2020-09-21,518.8,519.5,512.4,515.8,13193.0,SXRV
2020-09-22,525.5,531.7,524.6,528.9,6243.0,SXRV
2020-09-23,536.7,540.3,532.6,532.6,9288.0,SXRV
2020-09-24,521.3,529.4,517.4,529.4,8048.0,SXRV
2020-09-25,526.7,535.0,524.5,534.8,8121.0,SXRV
2020-09-28,543.9,548.9,543.6,545.9,9023.0,SXRV
2020-09-29,549.2,549.4,543.5,545.1,6456.0,SXRV
2020-09-30,539.7,551.4,538.8,550.4,4741.0,SXRV
2020-10-01,551.2,555.5,551.0,554.1,12282.0,SXRV
2020-10-02,546.7,551.9,542.6,545.6,16171.0,SXRV
2020-10-05,545.2,547.0,542.1,546.5,7302.0,SXRV
2020-10-06,548.2,549.7,544.6,545.7,6920.0,SXRV
2020-10-07,543.6,547.8,542.5,547.8,4407.0,SXRV
2020-10-08,554.0,555.9,552.3,552.4,8021.0,SXRV
2020-10-09,553.9,556.8,551.8,556.4,4579.0,SXRV
2020-10-12,561.6,573.7,561.6,573.7,8651.0,SXRV
2020-10-13,576.7,585.3,576.3,584.0,11111.0,SXRV
2020-10-14,583.1,583.6,577.5,577.5,6851.0,SXRV
2020-10-15,568.9,571.7,564.8,569.8,11314.0,SXRV
2020-10-16,572.4,577.6,571.1,573.2,7834.0,SXRV
2020-10-19,573.5,574.6,563.0,565.5,8928.0,SXRV
2020-10-20,561.1,562.0,553.0,554.8,6561.0,SXRV
2020-10-21,556.7,559.6,551.2,555.2,5026.0,SXRV
2020-10-22,553.4,559.0,549.6,552.2,4626.0,SXRV
2020-10-23,555.4,556.6,551.5,551.5,3978.0,SXRV
2020-10-26,551.0,557.6,546.1,546.1,15762.0,SXRV
2020-10-27,549.4,552.7,547.8,550.6,17056.0,SXRV
2020-10-28,552.2,552.2,538.0,538.9,29887.0,SXRV
2020-10-29,541.4,547.7,537.7,547.1,18187.0,SXRV
2020-10-30,536.6,543.9,530.4,535.1,29360.0,SXRV
2020-11-02,537.0,543.2,536.3,536.6,30289.0,SXRV
2020-11-03,536.2,545.3,534.1,544.2,11587.0,SXRV
2020-11-04,551.0,567.2,550.0,566.9,15184.0,SXRV
2020-11-05,575.6,578.0,570.4,575.0,23114.0,SXRV
2020-11-06,570.7,572.3,564.8,571.1,22556.0,SXRV
2020-11-09,583.5,586.2,563.2,580.5,25107.0,SXRV
2020-11-10,564.3,565.4,549.1,555.4,23076.0,SXRV
2020-11-11,554.7,567.6,553.8,566.1,22289.0,SXRV
2020-11-12,566.7,571.6,565.8,567.9,10004.0,SXRV
2020-11-13,568.4,569.7,563.6,564.3,6067.0,SXRV
2020-11-16,570.5,572.5,566.0,570.7,17567.0,SXRV
2020-11-17,572.3,572.3,568.1,568.8,8801.0,SXRV
2020-11-18,567.3,570.2,565.8,568.3,6827.0,SXRV
2020-11-19,564.9,568.6,562.9,568.6,4267.0,SXRV
2020-11-20,568.3,570.6,567.6,570.3,6389.0,SXRV
2020-11-23,567.0,569.1,563.5,564.0,7113.0,SXRV
2020-11-24,568.8,569.8,564.7,569.5,5979.0,SXRV
2020-11-25,573.4,574.7,572.0,573.7,6275.0,SXRV
2020-11-26,575.9,578.4,575.9,577.3,7797.0,SXRV
2020-11-27,575.7,580.5,575.7,579.1,7062.0,SXRV
2020-11-30,575.5,578.2,569.3,572.7,10167.0,SXRV
2020-12-01,582.4,583.7,579.6,582.1,11752.0,SXRV
2020-12-02,579.9,582.0,574.7,578.9,8429.0,SXRV
2020-12-03,579.2,580.8,577.4,579.2,7653.0,SXRV
2020-12-04,580.2,581.1,576.7,581.1,7181.0,SXRV
2020-12-07,582.6,585.5,581.0,584.7,7998.0,SXRV
2020-12-08,585.3,585.8,581.9,584.8,6421.0,SXRV
2020-12-09,587.5,588.4,585.8,587.0,6539.0,SXRV
2020-12-10,574.8,578.8,569.6,578.2,8247.0,SXRV
2020-12-11,574.7,574.7,571.0,571.5,9323.0,SXRV
2020-12-14,576.1,582.3,575.1,581.2,19456.0,SXRV
2020-12-15,579.7,583.1,578.0,579.4,12722.0,SXRV
2020-12-16,584.3,585.2,580.5,585.1,15354.0,SXRV
2020-12-17,586.5,587.0,584.4,585.0,8989.0,SXRV
2020-12-18,585.8,588.2,583.5,584.8,7586.0,SXRV
2020-12-21,588.5,589.0,575.7,579.7,23984.0,SXRV
2020-12-22,585.3,588.9,585.0,585.0,5220.0,SXRV
2020-12-23,588.7,589.6,584.1,585.7,3174.0,SXRV
2020-12-28,589.7,592.4,587.6,591.6,4817.0,SXRV
2020-12-29,593.6,594.2,590.0,592.2,9579.0,SXRV
2020-12-30,592.8,593.1,591.2,591.3,3116.0,SXRV
2021-01-04,594.6,596.1,583.1,584.0,16145.0,SXRV
2021-01-05,583.1,587.7,580.1,584.9,8322.0,SXRV
2021-01-06,575.2,586.8,571.2,585.8,12862.0,SXRV
2021-01-07,582.6,593.8,580.4,592.8,8892.0,SXRV
2021-01-08,598.9,601.2,597.1,599.4,4417.0,SXRV
2021-01-11,604.5,605.2,599.0,601.8,6367.0,SXRV
2021-01-12,600.0,601.4,596.3,598.6,7490.0,SXRV
2021-01-13,597.4,601.9,594.4,601.9,6229.0,SXRV
2021-01-14,601.4,605.4,599.4,602.8,6049.0,SXRV
2021-01-15,598.9,601.4,594.4,599.4,11731.0,SXRV
2021-01-18,597.1,598.6,596.7,598.1,2596.0,SXRV
2021-01-19,601.6,602.0,597.5,598.8,9062.0,SXRV
2021-01-20,605.2,617.2,605.2,616.5,5748.0,SXRV
2021-01-21,621.8,623.7,616.7,620.6,8178.0,SXRV
2021-01-22,619.0,620.5,615.8,617.8,8350.0,SXRV
2021-01-25,623.7,630.0,613.0,621.3,18681.0,SXRV
2021-01-26,623.9,626.7,623.0,625.1,5233.0,SXRV
2021-01-27,628.2,630.2,615.9,617.7,13339.0,SXRV
2021-01-28,606.8,619.0,601.3,617.8,16422.0,SXRV
2021-01-29,605.2,611.2,602.8,603.1,11631.0,SXRV
2021-02-01,605.0,614.9,605.0,614.9,12638.0,SXRV
2021-02-02,622.2,629.7,622.0,629.1,10730.0,SXRV
2021-02-03,635.8,635.9,629.1,630.2,13804.0,SXRV
2021-02-04,630.0,633.7,630.0,633.1,10114.0,SXRV
2021-02-05,640.3,640.7,634.3,635.9,7689.0,SXRV
2021-02-08,639.8,640.6,637.4,637.4,10370.0,SXRV
2021-02-09,638.0,640.3,635.7,638.4,5433.0,SXRV
2021-02-10,639.5,639.6,628.6,632.7,6856.0,SXRV
2021-02-11,635.6,638.6,635.5,638.6,10269.0,SXRV
2021-02-12,637.8,639.3,636.5,639.2,3635.0,SXRV
2021-02-15,643.0,644.7,642.3,644.2,4878.0,SXRV
2021-02-16,644.5,646.0,641.3,642.8,7212.0,SXRV
2021-02-17,642.1,643.4,634.7,635.1,10941.0,SXRV
2021-02-18,637.9,638.3,629.8,632.8,7446.0,SXRV
2021-02-19,634.7,638.0,633.7,636.2,5992.0,SXRV
2021-02-22,624.4,625.2,617.1,619.1,13831.0,SXRV
2021-02-23,616.4,616.6,593.9,605.6,25779.0,SXRV
2021-02-24,609.9,616.7,603.0,612.0,20146.0,SXRV
2021-02-25,615.0,615.0,602.7,603.7,10829.0,SXRV
2021-02-26,593.0,606.0,592.9,606.0,22962.0,SXRV
2021-03-01,612.4,617.6,610.9,617.5,7858.0,SXRV
2021-03-02,619.9,622.7,612.9,613.3,7861.0,SXRV
2021-03-03,614.9,615.5,599.8,604.5,11083.0,SXRV
2021-03-04,594.4,597.6,586.8,595.7,23501.0,SXRV
2021-03-05,585.3,596.3,578.0,581.9,33086.0,SXRV
2021-03-08,589.6,603.4,588.2,598.4,16185.0,SXRV
2021-03-09,592.7,605.0,592.1,604.0,16148.0,SXRV
2021-03-10,605.6,614.0,602.7,607.7,18950.0,SXRV
2021-03-11,610.6,615.8,608.9,615.8,8077.0,SXRV
2021-03-12,607.6,611.4,603.6,605.6,16009.0,SXRV
2021-03-15,609.7,614.6,609.7,612.5,8232.0,SXRV
2021-03-16,620.9,630.2,619.8,626.5,9491.0,SXRV
2021-03-17,622.7,623.2,613.0,615.9,9470.0,SXRV
2021-03-18,616.9,618.1,611.8,613.3,17881.0,SXRV
2021-03-19,608.3,610.9,603.0,610.1,25775.0,SXRV
2021-03-22,612.5,621.2,611.9,621.2,20510.0,SXRV
2021-03-23,619.0,625.7,617.2,623.0,13126.0,SXRV
2021-03-24,623.6,626.6,617.0,618.2,8814.0,SXRV
2021-03-25,612.0,614.5,604.4,611.6,15335.0,SXRV
2021-03-26,614.6,615.2,607.7,614.7,5912.0,SXRV
2021-03-29,617.7,622.1,614.5,618.1,15393.0,SXRV
2021-03-30,620.4,621.1,615.9,621.0,9464.0,SXRV
2021-03-31,620.2,630.7,619.6,630.7,11012.0,SXRV
2021-04-01,633.7,640.1,633.5,637.1,17771.0,SXRV
2021-04-06,648.1,650.0,646.0,649.5,15557.0,SXRV
2021-04-07,646.4,646.8,641.3,645.3,11237.0,SXRV
2021-04-08,651.4,653.3,649.6,650.9,10292.0,SXRV
2021-04-09,651.0,652.4,649.1,652.3,7600.0,SXRV
2021-04-12,655.4,656.8,651.6,652.5,7212.0,SXRV
2021-04-13,654.7,659.4,654.0,657.4,7060.0,SXRV
2021-04-14,659.1,662.1,653.3,654.3,9852.0,SXRV
2021-04-15,652.8,661.1,652.8,659.2,7569.0,SXRV
2021-04-16,659.3,661.6,657.7,659.0,14548.0,SXRV
2021-04-19,660.9,661.3,650.4,651.3,5400.0,SXRV
2021-04-20,649.9,651.8,643.8,643.8,9856.0,SXRV
2021-04-21,646.1,649.6,644.7,649.6,5319.0,SXRV
2021-04-22,651.7,654.6,650.3,654.0,5973.0,SXRV
2021-04-23,644.7,651.2,643.7,651.1,9177.0,SXRV
2021-04-26,649.0,653.7,647.1,653.2,6918.0,SXRV
2021-04-27,656.0,656.9,649.8,652.0,5045.0,SXRV
2021-04-28,653.5,653.5,648.7,649.7,4822.0,SXRV
2021-04-29,652.4,654.2,647.2,647.8,7905.0,SXRV
2021-04-30,648.4,652.1,645.8,651.4,8041.0,SXRV
2021-05-03,651.2,652.3,644.6,646.2,10257.0,SXRV
2021-05-04,646.1,646.8,624.4,631.3,19534.0,SXRV
2021-05-05,637.1,642.1,637.1,640.4,20664.0,SXRV
2021-05-06,635.5,636.4,627.1,633.1,10286.0,SXRV
2021-05-07,637.0,642.4,634.5,640.3,11707.0,SXRV
2021-05-10,634.7,635.8,624.6,625.7,17645.0,SXRV
2021-05-11,615.3,617.8,605.9,617.8,34156.0,SXRV
2021-05-12,618.9,619.8,609.5,609.7,19491.0,SXRV
2021-05-13,607.2,617.7,603.7,613.0,13345.0,SXRV
2021-05-14,615.3,620.7,613.8,620.7,15075.0,SXRV
2021-05-17,621.4,622.2,615.4,615.8,7998.0,SXRV
2021-05-18,620.9,621.5,614.8,617.1,7469.0,SXRV
2021-05-19,604.7,607.3,599.0,605.9,10664.0,SXRV
2021-05-20,611.9,622.6,609.4,622.5,6917.0,SXRV
2021-05-21,623.5,627.1,622.5,623.0,7267.0,SXRV
2021-05-25,631.9,632.2,628.3,628.3,5806.0,SXRV
2021-05-26,631.5,633.5,630.4,632.8,6372.0,SXRV
2021-05-27,631.7,634.6,630.0,634.0,4768.0,SXRV
2021-05-28,633.6,637.3,633.3,635.6,6284.0,SXRV
2021-05-31,634.1,634.3,630.6,630.9,2962.0,SXRV
2021-06-01,632.7,635.3,627.1,629.6,11656.0,SXRV
2021-06-02,630.7,634.1,629.6,632.9,11358.0,SXRV
2021-06-03,632.5,632.9,625.9,630.2,15686.0,SXRV
2021-06-04,629.6,638.5,629.2,637.8,7285.0,SXRV
2021-06-07,638.4,638.4,634.9,635.3,7969.0,SXRV
2021-06-08,640.3,644.7,637.0,638.1,10897.0,SXRV
2021-06-09,640.2,642.1,639.4,640.6,5117.0,SXRV
2021-06-10,640.2,646.6,637.4,645.3,6562.0,SXRV
2021-06-11,646.5,651.6,646.0,651.4,6833.0,SXRV
2021-06-14,654.1,654.4,650.0,653.1,5704.0,SXRV
2021-06-15,657.8,659.3,653.5,653.5,10958.0,SXRV
2021-06-16,653.9,656.4,652.9,654.0,6100.0,SXRV
2021-06-17,655.1,671.6,655.1,671.6,14534.0,SXRV
2021-06-18,673.3,674.1,667.7,668.5,13277.0,SXRV
2021-06-21,668.2,670.6,662.0,668.3,92408.0,SXRV
2021-06-22,669.6,674.2,668.1,674.1,13304.0,SXRV
2021-06-23,676.7,676.9,673.5,674.4,6135.0,SXRV
2021-06-24,676.6,682.1,676.5,681.3,5380.0,SXRV
2021-06-25,678.8,681.0,675.8,678.6,6698.0,SXRV
2021-06-28,679.2,685.4,679.0,684.7,5042.0,SXRV
2021-06-29,686.1,689.7,686.1,688.1,10072.0,SXRV
2021-06-30,692.0,694.1,690.0,693.4,6115.0,SXRV
2021-07-01,693.2,695.5,690.0,690.6,8916.0,SXRV
2021-07-02,693.6,699.6,693.6,697.9,4542.0,SXRV
2021-07-05,699.4,700.0,698.2,699.5,5020.0,SXRV
2021-07-06,697.5,705.1,696.9,703.9,6596.0,SXRV
2021-07-07,706.7,711.2,705.5,706.2,9956.0,SXRV
2021-07-08,706.3,706.3,693.9,697.5,10415.0,SXRV
2021-07-09,702.3,704.7,698.0,704.5,7659.0,SXRV
2021-07-12,705.7,709.0,703.0,706.3,5664.0,SXRV
2021-07-13,707.4,716.4,707.3,716.3,6069.0,SXRV
2021-07-14,712.5,716.0,711.7,712.5,7344.0,SXRV
2021-07-15,711.8,713.1,705.4,708.2,7731.0,SXRV
2021-07-16,706.7,710.7,703.3,704.2,11787.0,SXRV
2021-07-19,701.4,702.5,690.5,697.2,13297.0,SXRV
2021-07-20,701.5,704.3,697.0,704.0,43217.0,SXRV
2021-07-21,707.2,708.5,703.8,707.3,35343.0,SXRV
2021-07-22,711.8,714.6,708.4,714.5,4673.0,SXRV
2021-07-23,718.6,723.3,717.0,723.3,6367.0,SXRV
2021-07-26,724.2,724.2,720.0,722.7,12071.0,SXRV
2021-07-27,723.3,724.7,708.0,708.0,9492.0,SXRV
2021-07-28,714.1,721.7,713.5,718.5,8944.0,SXRV
2021-07-29,714.8,716.5,711.8,715.3,7259.0,SXRV
2021-07-30,705.0,712.0,704.2,710.6,11444.0,SXRV
2021-08-02,714.9,715.4,710.0,714.8,8693.0,SXRV
2021-08-03,712.4,714.0,707.3,710.1,5283.0,SXRV
2021-08-04,716.1,717.6,713.3,717.4,8980.0,SXRV
2021-08-05,719.7,723.5,719.0,722.6,9379.0,SXRV
2021-08-06,723.6,725.9,722.6,723.9,4911.0,SXRV
2021-08-09,723.2,727.2,723.2,726.3,9588.0,SXRV
2021-08-10,727.7,730.3,722.9,724.8,6376.0,SXRV
2021-08-11,725.2,727.0,720.0,721.4,5875.0,SXRV
2021-08-12,721.4,724.8,719.5,724.8,4377.0,SXRV
2021-08-13,726.1,726.2,723.0,723.1,5065.0,SXRV
2021-08-16,723.1,724.4,714.8,718.3,7096.0,SXRV
2021-08-17,724.4,725.2,719.4,722.9,8750.0,SXRV
2021-08-18,723.7,724.5,721.5,722.1,10686.0,SXRV
2021-08-19,712.8,721.6,710.2,720.7,7793.0,SXRV
2021-08-20,721.1,730.0,717.9,727.9,5599.0,SXRV
2021-08-23,729.7,735.5,727.2,735.5,7590.0,SXRV
2021-08-24,739.1,740.2,736.0,737.4,4382.0,SXRV
2021-08-25,739.6,740.7,736.9,738.0,5467.0,SXRV
2021-08-26,735.1,737.7,733.0,734.8,8080.0,SXRV
2021-08-27,735.0,738.4,733.4,737.5,8544.0,SXRV
2021-08-30,738.8,746.7,738.4,745.6,8468.0,SXRV
2021-08-31,747.8,748.0,741.5,745.4,11540.0,SXRV
2021-09-01,747.8,748.0,745.0,747.2,8219.0,SXRV
2021-09-02,744.9,746.6,743.6,745.1,6073.0,SXRV
2021-09-03,742.0,744.1,738.6,744.0,10437.0,SXRV
2021-09-06,746.2,747.6,746.1,747.2,3495.0,SXRV
2021-09-07,746.3,746.9,742.6,746.4,10372.0,SXRV
2021-09-08,747.4,748.8,743.0,744.0,7253.0,SXRV
2021-09-09,743.5,748.6,742.7,745.9,7676.0,SXRV
2021-09-10,744.3,747.9,742.0,742.6,8810.0,SXRV
2021-09-13,742.2,744.5,734.2,735.3,12390.0,SXRV
2021-09-14,736.7,740.4,735.0,737.9,9021.0,SXRV
2021-09-15,737.4,737.6,731.7,733.7,6114.0,SXRV
2021-09-16,741.5,743.0,738.0,738.8,3604.0,SXRV
2021-09-17,744.9,744.9,737.4,737.4,6044.0,SXRV
2021-09-20,733.4,734.1,721.8,722.2,17134.0,SXRV
2021-09-21,726.6,730.1,721.9,727.9,15779.0,SXRV
2021-09-22,727.0,729.8,723.8,729.8,9091.0,SXRV
2021-09-23,733.9,737.6,731.5,736.0,16210.0,SXRV
2021-09-24,733.7,736.0,732.4,734.3,9458.0,SXRV
2021-09-27,741.8,741.8,729.2,732.7,8529.0,SXRV
2021-09-28,728.6,729.6,714.9,716.0,7423.0,SXRV
2021-09-29,718.9,724.0,718.5,718.7,7973.0,SXRV
2021-09-30,723.7,725.1,720.3,721.5,8931.0,SXRV
2021-10-01,710.3,717.8,708.8,715.5,10366.0,SXRV
2021-10-04,714.4,716.2,700.3,701.0,6498.0,SXRV
2021-10-05,707.1,716.3,705.0,715.6,8915.0,SXRV
2021-10-06,710.7,718.2,706.0,715.3,16194.0,SXRV
2021-10-07,727.3,732.6,726.5,731.9,8888.0,SXRV
2021-10-08,728.9,733.0,723.7,724.3,14631.0,SXRV
2021-10-11,719.6,726.8,717.4,726.1,10814.0,SXRV
2021-10-12,713.4,723.2,713.4,718.3,8002.0,SXRV
2021-10-13,715.0,722.0,714.5,716.6,7335.0,SXRV
2021-10-14,723.4,731.4,723.1,731.1,8116.0,SXRV
2021-10-15,733.4,736.2,731.9,735.7,8931.0,SXRV
2021-10-18,735.5,740.7,732.8,740.2,17021.0,SXRV
2021-10-19,742.7,746.4,742.1,746.4,8414.0,SXRV
2021-10-20,746.6,749.2,746.4,746.9,9476.0,SXRV
2021-10-21,743.4,749.2,743.2,747.6,3862.0,SXRV
2021-10-22,748.2,750.7,744.3,744.3,5981.0,SXRV
2021-10-25,746.1,750.8,744.6,750.1,10998.0,SXRV
2021-10-26,758.5,764.3,757.6,761.0,8907.0,SXRV
2021-10-27,758.4,763.0,755.2,762.3,9877.0,SXRV
2021-10-28,760.3,764.9,757.9,760.8,6735.0,SXRV
2021-10-29,757.1,769.4,753.5,769.4,20334.0,SXRV
2021-11-01,776.0,777.1,770.8,772.9,16138.0,SXRV
2021-11-02,772.6,778.8,772.5,777.7,14388.0,SXRV
2021-11-03,779.2,780.7,777.9,779.5,6915.0,SXRV
2021-11-04,791.0,799.1,789.3,797.6,253139.0,SXRV
2021-11-05,798.2,806.1,798.2,802.3,8332.0,SXRV
2021-11-08,797.2,800.1,794.9,797.8,19201.0,SXRV
2021-11-09,794.8,799.2,789.0,792.6,11657.0,SXRV
2021-11-10,792.7,794.2,783.9,791.9,11465.0,SXRV
2021-11-11,789.5,794.4,788.2,792.6,8923.0,SXRV
2021-11-12,792.8,798.9,790.9,798.9,10819.0,SXRV
2021-11-15,800.5,803.4,798.3,800.8,11025.0,SXRV
2021-11-16,804.5,812.4,803.2,812.4,8617.0,SXRV
2021-11-17,815.0,817.5,812.4,816.8,7315.0,SXRV
2021-11-18,816.4,818.2,812.0,817.2,5090.0,SXRV
2021-11-19,824.4,831.0,824.4,829.0,9620.0,SXRV
2021-11-22,833.4,841.5,832.4,834.1,8871.0,SXRV
2021-11-23,820.0,824.4,809.5,812.9,8937.0,SXRV
2021-11-24,820.3,823.2,812.5,822.9,8240.0,SXRV
2021-11-25,826.9,827.3,824.7,826.3,5179.0,SXRV
2021-11-26,814.2,815.9,800.3,803.1,12727.0,SXRV
2021-11-29,812.7,818.3,809.4,818.3,14024.0,SXRV
2021-11-30,813.4,817.7,808.7,808.7,11162.0,SXRV
2021-12-01,814.7,818.9,810.6,817.9,10475.0,SXRV
2021-12-02,794.6,798.6,787.0,793.5,11090.0,SXRV
2021-12-03,799.5,804.6,781.9,785.6,16423.0,SXRV
2021-12-06,789.5,790.7,779.5,788.3,21331.0,SXRV
2021-12-07,801.6,818.9,801.6,818.8,11346.0,SXRV
2021-12-08,819.7,823.8,810.1,813.1,7823.0,SXRV
2021-12-09,817.6,819.5,814.1,817.2,8591.0,SXRV
2021-12-10,809.1,817.4,806.7,807.7,6144.0,SXRV
2021-12-13,818.6,822.5,808.0,808.0,9855.0,SXRV
2021-12-14,808.5,808.8,790.2,791.4,11316.0,SXRV
2021-12-15,799.9,799.9,792.2,792.2,11098.0,SXRV
2021-12-16,818.6,823.0,799.7,799.7,10973.0,SXRV
2021-12-17,791.3,799.9,781.6,793.6,13012.0,SXRV
2021-12-20,782.9,783.0,775.9,775.9,13149.0,SXRV
2021-12-21,788.9,791.9,782.8,789.3,7150.0,SXRV
2021-12-22,799.7,804.6,795.5,804.6,4552.0,SXRV
2021-12-23,807.0,815.0,806.3,815.0,4730.0,SXRV
2021-12-27,813.5,824.9,813.5,823.4,7485.0,SXRV
2021-12-28,826.4,830.4,824.0,824.2,5297.0,SXRV
2021-12-29,827.3,829.3,815.2,819.1,4418.0,SXRV
2021-12-30,824.0,826.7,823.2,823.9,2394.0,SXRV
2022-01-03,817.1,822.3,814.0,820.7,12485.0,SXRV
2022-01-04,827.0,829.4,808.0,812.1,15272.0,SXRV
2022-01-05,811.3,812.4,803.7,805.6,9317.0,SXRV
2022-01-06,788.5,794.5,779.7,790.0,10197.0,SXRV
2022-01-07,786.4,791.0,773.2,778.2,11362.0,SXRV
2022-01-10,780.3,780.6,756.9,763.3,16104.0,SXRV
2022-01-11,778.4,784.6,773.2,783.9,20783.0,SXRV
2022-01-12,789.5,792.4,782.6,786.4,21339.0,SXRV
2022-01-13,782.0,786.9,775.9,779.4,12756.0,SXRV
2022-01-14,763.3,771.1,756.7,768.0,13855.0,SXRV
2022-01-17,769.8,774.7,768.7,772.4,5726.0,SXRV
2022-01-18,765.3,768.0,757.9,761.9,128791.0,SXRV
2022-01-19,751.3,765.6,751.3,753.7,11754.0,SXRV
2022-01-20,753.0,764.0,749.5,762.9,13042.0,SXRV
2022-01-21,735.8,740.1,724.0,737.6,22180.0,SXRV
2022-01-24,725.6,727.8,699.0,699.1,35541.0,SXRV
2022-01-25,710.9,720.0,704.5,704.8,28933.0,SXRV
2022-01-26,713.7,727.2,713.7,723.9,17059.0,SXRV
2022-01-27,706.4,730.1,705.8,726.7,19544.0,SXRV
2022-01-28,717.6,721.7,702.8,719.8,18811.0,SXRV
2022-01-31,731.5,743.8,728.7,742.7,14596.0,SXRV
2022-02-01,748.6,751.6,740.5,749.6,18252.0,SXRV
2022-02-02,760.0,763.7,748.3,750.1,17121.0,SXRV
2022-02-03,743.1,743.8,728.2,728.2,17980.0,SXRV
2022-02-04,729.1,730.1,710.4,720.7,12442.0,SXRV
2022-02-07,727.5,732.4,722.7,723.9,6242.0,SXRV
2022-02-08,722.4,727.6,717.3,727.6,6286.0,SXRV
2022-02-09,732.7,740.7,732.0,739.3,10732.0,SXRV
2022-02-10,743.6,743.8,731.2,731.2,6828.0,SXRV
2022-02-11,726.6,732.5,721.5,721.5,9477.0,SXRV
2022-02-14,711.6,719.0,701.8,717.4,16523.0,SXRV
2022-02-15,714.5,726.3,714.3,723.5,9987.0,SXRV
2022-02-16,724.0,727.8,715.9,718.2,18389.0,SXRV
2022-02-17,723.1,723.9,713.7,715.5,5310.0,SXRV
2022-02-18,708.5,711.0,698.0,699.7,5912.0,SXRV
2022-02-21,700.2,701.0,687.0,687.8,9967.0,SXRV
2022-02-22,682.6,704.0,682.5,692.3,12631.0,SXRV
2022-02-23,696.3,701.0,686.0,687.8,6114.0,SXRV
2022-02-24,659.8,688.2,659.4,684.5,21049.0,SXRV
2022-02-25,697.0,710.7,695.8,710.7,13237.0,SXRV
2022-02-28,708.3,719.0,704.5,719.0,7421.0,SXRV
2022-03-01,719.7,723.9,712.4,716.5,15115.0,SXRV
2022-03-02,713.2,723.7,711.3,722.0,8205.0,SXRV
2022-03-03,724.9,733.7,718.7,721.5,11196.0,SXRV
2022-03-04,717.8,724.2,711.4,712.6,7117.0,SXRV
2022-03-07,706.0,718.1,704.1,707.2,7387.0,SXRV
2022-03-08,687.9,695.1,682.0,684.1,9421.0,SXRV
2022-03-09,692.9,700.1,691.3,696.6,11452.0,SXRV
2022-03-10,700.5,701.6,687.5,688.7,9507.0,SXRV
2022-03-11,698.9,710.0,695.1,695.1,9610.0,SXRV
2022-03-14,690.5,691.8,676.0,676.3,7406.0,SXRV
2022-03-15,668.1,691.0,665.5,690.3,9819.0,SXRV
2022-03-16,702.9,711.4,701.0,707.9,12126.0,SXRV
2022-03-17,715.0,715.6,706.5,710.7,7328.0,SXRV
2022-03-18,716.5,730.9,715.6,730.5,7450.0,SXRV
2022-03-21,734.8,740.5,729.0,732.7,8953.0,SXRV
2022-03-22,741.0,752.9,737.0,749.9,9069.0,SXRV
2022-03-23,751.6,754.9,745.7,750.7,8372.0,SXRV
2022-03-24,748.3,753.3,744.0,750.3,4533.0,SXRV
2022-03-25,757.9,762.0,748.7,753.9,7631.0,SXRV
2022-03-28,759.5,768.6,757.0,760.6,23629.0,SXRV
2022-03-29,771.4,774.0,765.2,770.2,9755.0,SXRV
2022-03-30,772.4,772.6,764.7,766.7,13065.0,SXRV
2022-03-31,766.3,771.2,763.6,765.8,10374.0,SXRV
2022-04-01,762.9,765.1,757.7,757.7,7415.0,SXRV
2022-04-04,762.3,776.2,759.6,775.7,5348.0,SXRV
2022-04-05,780.6,782.5,771.0,772.1,8440.0,SXRV
2022-04-06,769.3,770.3,748.9,749.9,7417.0,SXRV
2022-04-07,752.4,757.5,747.6,747.7,5197.0,SXRV
2022-04-08,759.8,760.9,744.5,748.8,6817.0,SXRV
2022-04-11,740.1,741.5,728.5,731.7,8412.0,SXRV
2022-04-12,727.0,741.3,724.7,738.3,5180.0,SXRV
2022-04-13,734.1,737.8,728.3,737.1,8287.0,SXRV
2022-04-14,738.9,743.8,734.1,735.8,4458.0,SXRV
2022-04-19,732.6,742.3,724.7,741.9,4824.0,SXRV
2022-04-20,736.5,746.3,730.8,732.5,8511.0,SXRV
2022-04-21,730.7,741.7,729.7,731.8,7007.0,SXRV
2022-04-22,718.1,719.7,711.3,712.5,7551.0,SXRV
2022-04-25,698.8,709.6,695.0,705.1,8480.0,SXRV
2022-04-26,713.1,715.9,695.5,695.8,26888.0,SXRV
2022-04-27,696.2,710.0,693.0,705.1,7401.0,SXRV
2022-04-28,710.3,717.0,702.3,707.8,4580.0,SXRV
2022-04-29,715.8,720.7,706.0,708.8,7242.0,SXRV
2022-05-02,695.0,698.3,686.5,693.3,12066.0,SXRV
2022-05-03,704.8,705.3,695.8,703.2,8187.0,SXRV
2022-05-04,705.0,706.1,690.5,691.2,5110.0,SXRV
2022-05-05,717.5,720.0,693.2,695.9,8617.0,SXRV
2022-05-06,691.1,691.3,669.5,683.7,15770.0,SXRV
2022-05-09,678.1,679.1,658.3,659.5,9893.0,SXRV
2022-05-10,663.7,672.1,653.4,655.8,18072.0,SXRV
2022-05-11,665.5,672.3,651.0,659.1,13270.0,SXRV
2022-05-12,641.1,658.6,636.0,651.0,17083.0,SXRV
2022-05-13,657.7,672.1,656.8,670.6,10009.0,SXRV
2022-05-16,668.4,672.2,663.5,664.1,7142.0,SXRV
2022-05-17,668.3,677.1,662.5,669.7,9119.0,SXRV
2022-05-18,672.5,672.7,654.2,654.2,5380.0,SXRV
2022-05-19,642.6,642.7,631.5,640.9,11716.0,SXRV
2022-05-20,640.8,647.0,628.2,631.2,6980.0,SXRV
2022-05-23,640.0,640.4,626.0,635.5,10125.0,SXRV
2022-05-24,622.4,626.8,611.0,613.5,7275.0,SXRV
2022-05-25,628.4,631.0,620.0,626.4,7967.0,SXRV
2022-05-26,630.0,645.3,629.2,643.2,3870.0,SXRV
2022-05-27,646.3,664.6,643.9,664.6,8587.0,SXRV
2022-05-30,676.1,677.5,669.6,672.4,29613.0,SXRV
2022-05-31,668.4,671.4,660.1,664.6,6724.0,SXRV
2022-06-01,668.1,677.2,663.8,666.3,13813.0,SXRV
2022-06-02,666.9,669.4,659.2,667.8,15097.0,SXRV
2022-06-03,676.9,677.2,660.3,662.8,10597.0,SXRV
2022-06-06,667.3,677.2,667.3,669.4,3788.0,SXRV
2022-06-07,662.0,671.5,658.7,666.4,8008.0,SXRV
2022-06-08,669.7,672.7,666.3,672.4,7506.0,SXRV
2022-06-09,665.4,672.2,660.0,667.7,7800.0,SXRV
2022-06-10,655.2,659.1,636.5,636.8,17242.0,SXRV
2022-06-13,626.8,626.8,614.5,618.8,29821.0,SXRV
2022-06-14,622.1,622.4,611.0,615.9,13871.0,SXRV
2022-06-15,615.3,625.6,613.0,624.5,11786.0,SXRV
2022-06-16,622.4,622.8,598.7,601.2,10925.0,SXRV
2022-06-17,603.0,610.3,600.8,607.4,27865.0,SXRV
2022-06-20,609.9,611.4,608.0,611.0,4306.0,SXRV
2022-06-21,613.6,623.9,612.2,622.2,11930.0,SXRV
2022-06-22,613.3,626.0,608.6,623.4,21133.0,SXRV
2022-06-23,616.2,628.9,615.4,625.9,7790.0,SXRV
2022-06-24,632.7,646.8,632.7,641.8,9803.0,SXRV
2022-06-27,649.1,654.0,642.0,644.7,24144.0,SXRV
2022-06-28,645.8,652.4,636.3,636.4,7875.0,SXRV
2022-06-29,625.3,632.1,623.0,631.2,7019.0,SXRV
2022-06-30,622.8,628.1,615.0,623.0,12871.0,SXRV
2022-07-01,615.9,629.3,615.6,624.7,6330.0,SXRV
2022-07-04,625.8,626.4,623.3,626.4,3241.0,SXRV
2022-07-05,631.2,638.5,627.0,634.4,11711.0,SXRV
2022-07-06,650.0,658.6,648.1,654.0,9665.0,SXRV
2022-07-07,659.8,670.0,658.1,669.5,5909.0,SXRV
2022-07-08,671.7,678.4,667.1,676.4,15004.0,SXRV
2022-07-11,670.5,677.2,665.6,668.4,12558.0,SXRV
2022-07-12,665.8,674.8,663.6,668.3,9706.0,SXRV
2022-07-13,665.0,666.7,647.4,657.6,16886.0,SXRV
2022-07-14,660.1,660.5,652.8,656.0,10798.0,SXRV
2022-07-15,664.7,672.1,660.8,670.5,10455.0,SXRV
2022-07-18,676.6,679.3,670.2,675.3,4974.0,SXRV
2022-07-19,663.8,672.6,656.9,672.6,3779.0,SXRV
2022-07-20,678.4,691.1,677.1,691.1,8853.0,SXRV
2022-07-21,688.9,694.6,687.2,694.6,5128.0,SXRV
2022-07-22,694.2,701.1,688.7,688.7,7388.0,SXRV
2022-07-25,688.5,690.4,678.8,684.3,9911.0,SXRV
2022-07-26,681.3,686.5,677.6,677.8,4639.0,SXRV
2022-07-27,684.2,694.3,681.9,692.9,5037.0,SXRV
2022-07-28,695.1,703.9,691.3,703.5,5926.0,SXRV
2022-07-29,712.2,718.6,708.9,710.0,7743.0,SXRV
2022-08-01,714.2,720.2,709.4,717.6,12831.0,SXRV
2022-08-02,711.8,719.3,708.0,717.8,9357.0,SXRV
2022-08-03,717.2,735.4,715.7,735.2,6659.0,SXRV
2022-08-04,735.9,740.7,730.7,731.6,9367.0,SXRV
2022-08-05,737.3,739.3,729.2,730.3,7165.0,SXRV
2022-08-08,738.4,742.9,734.6,735.3,15842.0,SXRV
2022-08-09,731.9,732.2,717.2,721.3,8290.0,SXRV
2022-08-10,719.6,732.6,718.7,730.0,10316.0,SXRV
2022-08-11,737.6,741.5,732.8,734.9,5733.0,SXRV
2022-08-12,731.9,743.6,731.7,743.6,9351.0,SXRV
2022-08-15,748.3,755.8,745.7,755.1,8959.0,SXRV
2022-08-16,760.4,764.1,751.2,757.9,8294.0,SXRV
2022-08-17,758.8,758.8,747.3,747.8,7912.0,SXRV
2022-08-18,747.5,757.0,747.3,757.0,8835.0,SXRV
2022-08-19,753.9,755.0,746.6,746.6,5838.0,SXRV
2022-08-22,744.3,744.7,735.0,738.5,6394.0,SXRV
2022-08-23,734.8,738.3,729.7,732.5,6069.0,SXRV
2022-08-24,733.0,737.6,729.2,735.8,4516.0,SXRV
2022-08-25,738.8,742.8,735.1,739.9,4820.0,SXRV
2022-08-26,746.0,746.3,724.8,726.0,5539.0,SXRV
2022-08-29,711.8,712.4,705.5,707.6,8404.0,SXRV
2022-08-30,710.6,714.4,695.0,698.1,25608.0,SXRV
2022-08-31,702.9,707.3,692.6,695.2,7650.0,SXRV
2022-09-01,687.7,693.0,684.0,688.3,14609.0,SXRV
2022-09-02,697.2,704.4,693.4,701.4,11498.0,SXRV
2022-09-05,693.8,693.8,688.3,692.8,5590.0,SXRV
2022-09-06,692.9,696.7,684.1,691.3,18386.0,SXRV
2022-09-07,686.3,692.2,685.6,690.8,10748.0,SXRV
2022-09-08,697.2,703.5,689.3,703.0,11705.0,SXRV
2022-09-09,697.2,709.0,696.0,709.0,6265.0,SXRV
2022-09-12,704.7,713.1,702.5,711.7,6311.0,SXRV
2022-09-13,714.0,716.6,690.0,691.5,24523.0,SXRV
2022-09-14,686.9,689.3,681.0,686.8,22983.0,SXRV
2022-09-15,691.1,691.3,675.6,678.8,9572.0,SXRV
2022-09-16,670.0,673.0,663.6,664.7,7018.0,SXRV
2022-09-19,668.6,673.5,665.9,669.0,10308.0,SXRV
2022-09-20,676.7,678.6,671.7,674.4,10952.0,SXRV
2022-09-21,676.1,682.6,675.2,682.5,7022.0,SXRV
2022-09-22,666.7,671.0,660.8,662.1,18595.0,SXRV
2022-09-23,662.5,664.5,657.0,659.9,12727.0,SXRV
2022-09-26,660.0,672.7,658.0,667.7,19042.0,SXRV
2022-09-27,669.1,676.3,667.3,667.3,14082.0,SXRV
2022-09-28,663.0,669.8,657.9,668.1,15407.0,SXRV
2022-09-29,666.7,667.3,646.3,647.0,24161.0,SXRV
2022-09-30,649.3,654.0,644.0,651.1,35320.0,SXRV
2022-10-03,633.7,645.0,629.3,642.4,14209.0,SXRV
2022-10-04,653.6,661.2,652.6,658.6,25732.0,SXRV
2022-10-05,653.9,657.9,651.0,654.2,10103.0,SXRV
2022-10-06,662.9,671.9,657.8,668.0,16248.0,SXRV
2022-10-07,662.4,664.4,645.7,646.1,9884.0,SXRV
2022-10-10,641.1,646.6,635.8,638.5,8689.0,SXRV
2022-10-11,632.6,636.5,627.7,634.1,8428.0,SXRV
2022-10-12,633.1,637.1,630.0,631.7,10127.0,SXRV
2022-10-13,629.5,635.3,612.7,632.4,24120.0,SXRV
2022-10-14,643.2,649.0,629.5,630.3,10246.0,SXRV
2022-10-17,629.9,640.7,626.8,637.6,21859.0,SXRV
2022-10-18,646.3,653.2,637.7,637.7,25314.0,SXRV
2022-10-19,645.8,649.3,641.1,643.8,9382.0,SXRV
2022-10-20,639.3,650.0,636.5,648.3,16217.0,SXRV
2022-10-21,636.6,645.7,634.5,642.2,11684.0,SXRV
2022-10-24,652.2,657.0,642.3,650.2,7313.0,SXRV
2022-10-25,658.0,661.7,654.6,661.3,9571.0,SXRV
2022-10-26,651.2,655.6,645.6,654.4,9640.0,SXRV
2022-10-27,643.0,646.8,635.9,640.6,13896.0,SXRV
2022-10-28,629.5,652.1,628.1,650.2,22431.0,SXRV
2022-10-31,656.1,657.5,649.3,654.7,12273.0,SXRV
2022-11-01,656.6,660.0,648.3,649.0,13523.0,SXRV
2022-11-02,649.7,650.0,641.2,641.2,10283.0,SXRV
2022-11-03,631.8,633.0,621.0,625.8,10073.0,SXRV
2022-11-04,622.3,626.5,610.7,612.8,9221.0,SXRV
2022-11-07,616.4,621.0,614.5,618.4,12862.0,SXRV
2022-11-08,620.0,628.8,619.8,628.8,6511.0,SXRV
2022-11-09,624.7,625.5,616.5,617.2,13781.0,SXRV
2022-11-10,614.0,637.8,613.6,637.8,21493.0,SXRV
2022-11-11,647.3,648.2,636.7,639.0,15387.0,SXRV
2022-11-14,645.3,648.3,642.0,645.2,8430.0,SXRV
2022-11-15,643.9,655.3,642.8,655.1,31933.0,SXRV
2022-11-16,649.9,649.9,636.5,639.8,12950.0,SXRV
2022-11-17,642.7,643.2,632.1,637.9,15714.0,SXRV
2022-11-18,638.2,646.7,636.0,639.6,8110.0,SXRV
2022-11-21,642.5,645.4,639.5,640.6,6049.0,SXRV
2022-11-22,638.0,641.6,635.7,640.2,5871.0,SXRV
2022-11-23,643.9,649.0,643.5,647.3,5252.0,SXRV
2022-11-24,646.2,650.1,645.7,648.3,5013.0,SXRV
2022-11-25,647.0,647.0,641.8,641.8,5154.0,SXRV
2022-11-28,637.7,639.0,629.9,637.8,5368.0,SXRV
2022-11-29,637.3,638.7,628.3,629.2,3900.0,SXRV
2022-11-30,631.6,634.8,628.7,634.8,7945.0,SXRV
2022-12-01,655.1,655.3,645.3,649.6,9968.0,SXRV
2022-12-02,647.8,649.7,637.0,643.4,7246.0,SXRV
2022-12-05,642.6,644.4,639.1,639.1,7220.0,SXRV
2022-12-06,637.2,639.5,624.3,627.1,5718.0,SXRV
2022-12-07,627.2,627.2,615.9,620.1,6728.0,SXRV
2022-12-08,620.7,626.7,619.0,624.1,23622.0,SXRV
2022-12-09,627.3,630.0,621.4,628.4,5518.0,SXRV
2022-12-12,623.1,624.7,620.8,622.7,2337.0,SXRV
2022-12-13,630.5,648.8,629.9,640.0,36752.0,SXRV
2022-12-14,632.1,635.3,628.6,634.2,4166.0,SXRV
2022-12-15,621.5,621.5,605.3,607.1,16480.0,SXRV
2022-12-16,603.8,606.0,597.8,601.3,11937.0,SXRV
2022-12-19,601.0,604.3,593.9,593.9,5666.0,SXRV
2022-12-20,587.6,593.9,586.4,589.0,8221.0,SXRV
2022-12-21,594.0,602.7,592.8,601.5,6388.0,SXRV
2022-12-22,600.5,601.5,583.6,584.8,7917.0,SXRV
2022-12-23,585.9,589.8,579.3,584.2,11549.0,SXRV
2022-12-27,590.7,591.2,577.0,579.3,5193.0,SXRV
2022-12-28,579.1,580.0,572.4,572.8,5938.0,SXRV
2022-12-29,573.3,582.6,572.0,582.3,12645.0,SXRV
2022-12-30,579.7,580.7,576.2,576.3,3832.0,SXRV
2023-01-02,587.2,593.5,587.0,593.5,3152.0,SXRV
2023-01-03,588.3,596.6,581.6,581.6,8269.0,SXRV
2023-01-04,584.7,586.7,578.8,586.6,11798.0,SXRV
2023-01-05,581.6,586.4,578.0,581.5,6402.0,SXRV
2023-01-06,579.8,586.0,575.0,584.4,17950.0,SXRV
2023-01-09,586.9,597.0,586.6,595.9,14654.0,SXRV
2023-01-10,586.1,591.7,583.3,587.1,9215.0,SXRV
2023-01-11,591.1,596.3,590.7,595.5,6971.0,SXRV
2023-01-12,600.9,603.1,592.8,596.9,14488.0,SXRV
2023-01-13,598.8,600.5,594.4,598.7,4973.0,SXRV
2023-01-16,603.5,605.5,600.3,603.7,6892.0,SXRV
2023-01-17,601.7,609.2,600.0,606.3,26398.0,SXRV
2023-01-18,606.6,611.1,602.2,602.2,10813.0,SXRV
2023-01-19,598.2,598.9,592.0,592.0,10826.0,SXRV
2023-01-20,594.6,600.8,591.9,600.6,7191.0,SXRV
2023-01-23,604.6,620.5,603.3,618.6,12829.0,SXRV
2023-01-24,618.2,621.1,615.3,618.4,6173.0,SXRV
2023-01-25,614.7,614.7,601.9,608.3,5771.0,SXRV
2023-01-26,617.6,625.4,617.4,621.9,10639.0,SXRV
2023-01-27,625.0,633.6,623.6,633.6,8122.0,SXRV
2023-01-30,629.9,629.9,622.6,627.0,8920.0,SXRV
2023-01-31,624.3,628.9,619.8,628.4,9142.0,SXRV
2023-02-01,629.7,630.9,625.3,627.9,9242.0,SXRV
2023-02-02,643.5,664.6,643.5,664.6,26089.0,SXRV
2023-02-03,653.9,671.2,653.0,671.2,17781.0,SXRV
2023-02-06,659.1,663.4,654.8,663.4,7698.0,SXRV
2023-02-07,660.8,665.7,659.4,665.7,8587.0,SXRV
2023-02-08,672.0,672.8,660.7,661.1,8319.0,SXRV
2023-02-09,665.5,667.6,661.6,661.7,12213.0,SXRV
2023-02-10,653.2,656.1,649.1,653.1,8123.0,SXRV
2023-02-13,652.5,661.4,652.5,660.7,4142.0,SXRV
2023-02-14,661.6,665.3,655.0,657.2,10117.0,SXRV
2023-02-15,662.4,669.4,662.2,669.3,7306.0,SXRV
2023-02-16,674.7,675.0,664.0,669.5,9179.0,SXRV
2023-02-17,659.5,660.8,652.6,652.6,5435.0,SXRV
2023-02-20,655.3,658.4,654.9,656.1,3318.0,SXRV
2023-02-21,654.0,654.0,645.5,645.7,6711.0,SXRV
2023-02-22,644.5,647.1,640.6,645.5,13093.0,SXRV
2023-02-23,650.4,654.3,645.7,646.3,4403.0,SXRV
2023-02-24,650.6,650.6,641.0,642.5,3877.0,SXRV
2023-02-27,647.6,651.3,645.8,646.7,5039.0,SXRV
2023-02-28,644.2,648.4,643.3,646.0,3631.0,SXRV
2023-03-01,645.3,645.6,618.0,635.5,32858.0,SXRV
2023-03-02,631.4,638.0,631.2,636.1,5641.0,SXRV
2023-03-03,644.0,653.5,643.0,652.7,5073.0,SXRV
2023-03-06,657.5,662.7,656.1,661.8,6378.0,SXRV
2023-03-07,655.6,658.3,652.5,656.0,6621.0,SXRV
2023-03-08,654.9,657.6,653.0,654.5,6662.0,SXRV
2023-03-09,655.9,662.5,652.0,659.3,5186.0,SXRV
2023-03-10,642.8,649.9,632.2,642.9,9591.0,SXRV
2023-03-13,636.1,638.7,620.6,634.3,12091.0,SXRV
2023-03-14,635.1,646.9,632.2,646.1,8148.0,SXRV
2023-03-15,645.2,657.3,640.0,652.4,19540.0,SXRV
2023-03-16,658.4,677.0,655.1,668.5,40841.0,SXRV
2023-03-17,671.6,676.5,665.0,666.8,8998.0,SXRV
2023-03-20,664.5,667.3,657.0,661.0,11451.0,SXRV
2023-03-21,666.7,669.6,663.9,667.3,9331.0,SXRV
2023-03-22,669.6,674.4,668.6,671.4,7064.0,SXRV
2023-03-23,661.7,672.4,661.7,670.3,16981.0,SXRV
2023-03-24,670.0,672.0,667.0,668.7,7923.0,SXRV
2023-03-27,676.4,676.6,670.0,670.3,9396.0,SXRV
2023-03-28,667.7,667.7,657.5,659.4,6169.0,SXRV
2023-03-29,667.6,670.6,665.0,670.0,3484.0,SXRV
2023-03-30,674.1,676.4,672.5,675.1,6256.0,SXRV
2023-03-31,676.2,684.0,675.8,683.6,6756.0,SXRV
2023-04-03,688.5,688.7,681.1,681.9,7393.0,SXRV
2023-04-04,684.1,688.5,679.2,680.7,5162.0,SXRV
2023-04-05,680.3,680.8,672.4,673.5,3663.0,SXRV
2023-04-06,674.4,675.4,670.2,674.7,7946.0,SXRV
2023-04-11,681.7,682.0,674.4,674.7,4458.0,SXRV
2023-04-12,673.4,678.9,666.8,668.5,4713.0,SXRV
2023-04-13,667.2,670.1,663.4,669.5,8907.0,SXRV
2023-04-14,671.9,678.2,669.5,674.3,4727.0,SXRV
2023-04-17,677.5,680.5,676.0,677.0,4240.0,SXRV
2023-04-18,679.3,684.3,676.9,678.7,4134.0,SXRV
2023-04-19,675.6,677.5,673.5,676.6,5310.0,SXRV
2023-04-20,675.2,676.0,670.2,674.6,4615.0,SXRV
2023-04-21,673.4,673.7,669.0,672.4,2879.0,SXRV
2023-04-24,670.3,672.6,665.6,665.6,5462.0,SXRV
2023-04-25,665.0,667.4,663.9,665.2,2489.0,SXRV
2023-04-26,664.9,665.4,657.1,663.3,5937.0,SXRV
2023-04-27,664.0,673.5,663.3,673.1,9239.0,SXRV
2023-04-28,677.5,681.5,674.9,677.0,3507.0,SXRV
2023-05-02,684.5,687.0,674.9,675.9,8194.0,SXRV
2023-05-03,676.7,678.0,673.9,674.6,4932.0,SXRV
2023-05-04,670.8,673.1,666.6,672.1,4214.0,SXRV
2023-05-05,670.9,682.0,670.4,680.6,3328.0,SXRV
2023-05-08,681.6,683.2,679.2,682.6,4088.0,SXRV
2023-05-09,685.1,686.9,684.2,686.1,2776.0,SXRV
2023-05-10,684.6,691.3,681.7,689.7,6149.0,SXRV
2023-05-11,696.1,697.8,692.2,696.7,4917.0,SXRV
2023-05-12,697.7,700.8,696.6,696.6,3689.0,SXRV
2023-05-15,699.3,700.6,694.8,699.4,5537.0,SXRV
2023-05-16,699.9,705.1,698.3,704.7,4243.0,SXRV
2023-05-17,704.0,708.6,703.5,707.6,3115.0,SXRV
2023-05-18,713.2,727.0,713.2,726.5,4360.0,SXRV
2023-05-19,729.7,731.5,724.7,724.7,11070.0,SXRV
2023-05-22,726.2,730.4,723.9,729.1,6463.0,SXRV
2023-05-23,729.1,730.9,726.9,728.7,4034.0,SXRV
2023-05-24,720.4,721.6,714.4,716.8,6835.0,SXRV
2023-05-25,732.6,739.0,731.2,737.5,9548.0,SXRV
2023-05-26,738.4,755.5,736.4,754.8,14885.0,SXRV
2023-05-29,761.5,762.6,760.6,761.4,9337.0,SXRV
2023-05-30,764.0,768.8,761.0,764.1,35424.0,SXRV
2023-05-31,761.1,764.5,758.3,758.3,6707.0,SXRV
2023-06-01,759.0,761.6,754.0,760.3,8270.0,SXRV
2023-06-02,764.4,772.4,763.7,771.4,16358.0,SXRV
2023-06-05,771.2,778.0,770.8,777.2,7240.0,SXRV
2023-06-06,771.9,775.6,771.1,773.6,5725.0,SXRV
2023-06-07,773.9,776.6,766.0,768.1,5676.0,SXRV
2023-06-08,757.0,763.8,756.0,763.0,8153.0,SXRV
2023-06-09,764.0,774.0,762.7,769.1,6052.0,SXRV
2023-06-12,772.2,774.2,769.5,774.2,5143.0,SXRV
2023-06-13,782.8,786.2,778.9,784.4,11830.0,SXRV
2023-06-14,784.9,787.4,779.6,786.3,8124.0,SXRV
2023-06-15,787.9,788.5,778.6,786.0,11693.0,SXRV
2023-06-16,787.9,793.0,786.9,789.2,5932.0,SXRV
2023-06-19,785.3,786.6,783.0,783.5,1912.0,SXRV
2023-06-20,783.0,788.2,779.4,782.0,5161.0,SXRV
2023-06-21,783.6,785.0,769.8,772.2,5292.0,SXRV
2023-06-22,767.2,776.4,764.8,776.4,5799.0,SXRV
2023-06-23,779.7,784.6,773.9,776.1,6401.0,SXRV
2023-06-26,776.7,780.7,772.0,773.7,5051.0,SXRV
2023-06-27,766.9,769.1,764.4,769.1,3611.0,SXRV
2023-06-28,773.4,783.9,771.1,781.9,4581.0,SXRV
2023-06-29,780.7,783.5,778.0,781.7,2293.0,SXRV
2023-06-30,783.4,791.5,783.4,790.0,5407.0,SXRV
2023-07-04,791.7,793.7,791.7,793.0,2756.0,SXRV
2023-07-05,791.0,798.5,788.8,795.2,5210.0,SXRV
2023-07-06,792.3,793.7,783.2,785.1,4610.0,SXRV
2023-07-07,786.2,789.3,782.3,784.1,5918.0,SXRV
2023-07-10,776.7,781.9,775.1,778.0,4883.0,SXRV
2023-07-11,778.4,781.6,775.4,778.1,2563.0,SXRV
2023-07-12,780.6,786.7,780.6,781.9,2570.0,SXRV
2023-07-13,783.6,787.0,783.6,785.5,2504.0,SXRV
2023-07-14,789.9,796.0,787.7,793.6,5874.0,SXRV
2023-07-17,787.8,793.2,786.9,792.1,3829.0,SXRV
2023-07-18,792.4,794.8,791.0,793.6,4565.0,SXRV
2023-07-19,803.2,809.1,802.0,808.1,5543.0,SXRV
2023-07-20,797.7,802.0,795.0,798.6,5739.0,SXRV
2023-07-21,791.3,796.7,790.0,793.1,5683.0,SXRV
2023-07-24,788.5,794.8,788.0,791.9,24552.0,SXRV
2023-07-25,794.6,801.6,793.8,800.7,5199.0,SXRV
2023-07-26,799.5,799.9,791.9,793.7,4579.0,SXRV
2023-07-27,799.8,816.4,799.7,813.2,6730.0,SXRV
2023-07-28,805.2,813.0,804.9,812.8,7343.0,SXRV
2023-07-31,811.6,814.0,809.0,811.9,6314.0,SXRV
2023-08-01,816.0,816.0,811.2,815.3,7691.0,SXRV
2023-08-02,806.3,809.0,800.9,801.4,7035.0,SXRV
2023-08-03,797.0,800.6,794.0,798.1,7737.0,SXRV
2023-08-04,801.3,803.7,791.2,796.6,8166.0,SXRV
2023-08-07,794.2,796.3,789.0,790.2,5419.0,SXRV
2023-08-08,793.6,795.8,786.8,787.6,3218.0,SXRV
2023-08-09,795.2,795.2,781.6,782.5,4266.0,SXRV
2023-08-10,784.8,791.8,783.5,787.3,7398.0,SXRV
2023-08-11,784.2,784.9,777.5,777.7,4824.0,SXRV
2023-08-14,780.6,791.3,780.5,788.6,3913.0,SXRV
2023-08-15,792.4,792.5,782.8,787.1,5101.0,SXRV
2023-08-16,784.5,785.9,782.6,784.0,2008.0,SXRV
2023-08-17,779.7,780.9,773.8,774.4,4434.0,SXRV
2023-08-18,769.7,770.3,761.6,765.4,10279.0,SXRV
2023-08-21,769.0,777.1,768.6,772.3,4633.0,SXRV
2023-08-22,778.6,788.0,778.6,785.2,5844.0,SXRV
2023-08-23,785.1,794.1,785.0,793.4,3986.0,SXRV
2023-08-24,804.9,805.3,785.3,785.6,5307.0,SXRV
2023-08-25,780.0,787.3,777.7,782.4,2382.0,SXRV
2023-08-28,786.2,794.4,786.2,789.1,6661.0,SXRV
2023-08-29,794.0,803.6,791.3,803.6,2648.0,SXRV
2023-08-30,805.0,805.4,798.5,803.8,4074.0,SXRV
2023-08-31,806.7,817.2,806.7,814.7,6933.0,SXRV
2023-09-01,812.6,818.2,811.8,816.3,4036.0,SXRV
2023-09-04,818.4,819.8,816.9,817.3,6247.0,SXRV
2023-09-05,816.8,825.7,815.3,823.0,5260.0,SXRV
2023-09-06,820.2,820.6,814.7,816.3,6185.0,SXRV
2023-09-07,813.4,813.6,806.0,810.5,3584.0,SXRV
2023-09-08,813.0,815.3,809.1,815.3,4309.0,SXRV
2023-09-11,814.1,818.0,812.0,814.1,4703.0,SXRV
2023-09-12,819.8,820.4,812.7,814.6,3061.0,SXRV
2023-09-13,810.4,815.4,807.4,815.4,4887.0,SXRV
2023-09-14,816.6,826.2,814.8,824.6,5454.0,SXRV
2023-09-15,828.2,828.2,812.2,812.5,5996.0,SXRV
2023-09-18,812.6,813.6,808.4,811.8,4039.0,SXRV
2023-09-19,810.2,812.5,802.3,805.1,6888.0,SXRV
2023-09-20,809.4,811.1,804.7,805.1,1773.0,SXRV
2023-09-21,798.5,798.5,788.7,789.5,10778.0,SXRV
2023-09-22,787.1,792.8,786.5,792.6,6718.0,SXRV
2023-09-25,788.7,792.8,784.0,792.1,4080.0,SXRV
2023-09-26,789.8,790.5,782.6,784.8,7643.0,SXRV
2023-09-27,785.9,791.3,785.7,788.2,4513.0,SXRV
2023-09-28,790.8,791.9,783.0,791.9,3916.0,SXRV
2023-09-29,793.0,801.4,792.6,795.9,6968.0,SXRV
2023-10-02,797.3,806.7,793.7,805.2,10232.0,SXRV
2023-10-03,806.1,807.2,793.0,793.4,5865.0,SXRV
2023-10-04,787.7,796.9,785.6,795.4,9775.0,SXRV
2023-10-05,799.1,801.3,788.8,790.5,3379.0,SXRV
2023-10-06,795.6,797.7,788.0,797.7,6444.0,SXRV
2023-10-09,803.2,805.3,800.0,804.7,5787.0,SXRV
2023-10-10,812.3,817.5,808.8,817.5,5888.0,SXRV
2023-10-11,813.6,817.5,812.5,814.0,3123.0,SXRV
2023-10-12,819.0,827.0,818.9,824.9,5302.0,SXRV
2023-10-13,821.0,823.7,814.7,815.5,4464.0,SXRV
2023-10-16,812.9,820.2,809.1,819.5,4946.0,SXRV
2023-10-17,818.6,819.3,806.0,814.6,4952.0,SXRV
2023-10-18,810.7,814.0,809.3,812.1,3778.0,SXRV
2023-10-19,804.5,807.2,800.2,803.3,4890.0,SXRV
2023-10-20,792.0,794.4,782.9,782.9,6548.0,SXRV
2023-10-23,784.7,785.8,774.8,783.4,5535.0,SXRV
2023-10-24,783.2,792.9,783.0,790.1,5475.0,SXRV
2023-10-25,787.6,790.6,780.4,781.3,3429.0,SXRV
2023-10-26,766.9,774.1,765.3,767.0,6099.0,SXRV
2023-10-27,766.2,769.6,764.0,767.1,6684.0,SXRV
2023-10-30,770.6,772.4,763.2,766.1,6039.0,SXRV
2023-10-31,764.9,771.8,764.0,771.1,6160.0,SXRV
2023-11-01,774.9,785.4,773.8,784.1,8991.0,SXRV
2023-11-02,791.6,797.6,791.2,797.6,9099.0,SXRV
2023-11-03,796.8,801.3,794.7,801.3,4696.0,SXRV
2023-11-06,801.3,803.9,800.5,802.1,6211.0,SXRV
2023-11-07,804.4,816.0,804.1,816.0,5060.0,SXRV
2023-11-08,814.5,817.7,811.8,812.5,4075.0,SXRV
2023-11-09,814.3,816.8,812.5,815.8,5567.0,SXRV
2023-11-10,811.2,820.8,807.4,820.0,5812.0,SXRV
2023-11-13,823.8,827.2,821.8,825.1,5101.0,SXRV
2023-11-14,825.4,832.2,823.4,828.6,9088.0,SXRV
2023-11-15,830.8,835.0,830.3,832.8,8621.0,SXRV
2023-11-16,830.0,830.2,824.8,826.4,7181.0,SXRV
2023-11-17,832.2,833.0,825.3,827.5,3640.0,SXRV
2023-11-20,824.6,830.8,824.0,830.7,5668.0,SXRV
2023-11-21,833.3,834.6,826.0,828.3,6810.0,SXRV
2023-11-22,830.5,842.4,830.3,839.1,3844.0,SXRV
2023-11-23,836.7,837.6,834.7,837.0,1983.0,SXRV
2023-11-24,835.0,837.1,830.0,831.9,8515.0,SXRV
2023-11-27,829.7,833.8,828.6,833.2,8141.0,SXRV
2023-11-28,829.3,830.5,826.0,830.0,5302.0,SXRV
2023-11-29,830.9,838.5,830.4,831.5,4997.0,SXRV
2023-11-30,833.5,837.0,828.0,828.6,6289.0,SXRV
2023-12-01,832.7,836.7,831.0,834.4,6621.0,SXRV
2023-12-04,835.1,837.0,827.0,829.0,5518.0,SXRV
2023-12-05,830.3,840.0,827.5,837.4,9000.0,SXRV
2023-12-06,842.3,845.0,837.3,838.1,4678.0,SXRV
2023-12-07,835.5,844.1,834.7,844.1,3353.0,SXRV
2023-12-08,844.5,851.4,841.2,849.8,6136.0,SXRV
2023-12-11,850.6,858.1,848.5,854.7,8222.0,SXRV
2023-12-12,859.0,860.1,855.6,859.6,27540.0,SXRV
2023-12-13,865.9,867.6,864.6,865.1,7545.0,SXRV
2023-12-14,871.0,871.5,856.5,857.0,13682.0,SXRV
2023-12-15,859.6,870.1,859.2,870.1,7054.0,SXRV
2023-12-18,867.4,871.0,865.9,870.7,4955.0,SXRV
2023-12-19,871.6,873.1,869.3,871.2,6217.0,SXRV
2023-12-20,873.6,876.2,871.0,874.8,5681.0,SXRV
2023-12-21,868.2,869.3,863.9,866.0,5842.0,SXRV
2023-12-22,865.9,870.5,864.2,868.7,3836.0,SXRV
2023-12-27,871.4,874.9,864.3,866.8,3075.0,SXRV
2023-12-28,869.5,872.0,867.8,870.0,3156.0,SXRV
2023-12-29,871.1,873.6,869.3,871.3,2674.0,SXRV
2024-01-02,870.4,870.9,859.3,862.9,9345.0,SXRV
2024-01-03,860.1,860.8,855.6,857.3,6902.0,SXRV
2024-01-04,855.0,855.3,848.0,853.0,5511.0,SXRV
2024-01-05,847.8,852.2,846.3,850.3,6658.0,SXRV
2024-01-08,849.1,857.7,846.3,857.2,4972.0,SXRV
2024-01-09,863.6,867.5,859.5,867.2,4665.0,SXRV
2024-01-10,870.9,871.8,867.5,869.3,13808.0,SXRV
2024-01-11,875.9,877.7,866.3,866.9,10195.0,SXRV
2024-01-12,871.7,877.0,871.0,874.2,4338.0,SXRV
2024-01-15,876.9,877.4,874.9,876.4,6123.0,SXRV
2024-01-16,871.5,884.5,870.9,883.2,6471.0,SXRV
2024-01-17,875.5,878.8,869.9,876.8,11914.0,SXRV
2024-01-18,877.7,890.2,877.7,890.2,5330.0,SXRV
2024-01-19,893.3,897.1,892.6,896.0,6400.0,SXRV
2024-01-22,910.3,912.9,906.3,909.4,8800.0,SXRV
2024-01-23,906.6,913.0,904.8,910.0,6456.0,SXRV
2024-01-24,917.1,921.8,913.9,919.3,6983.0,SXRV
2024-01-25,916.1,925.9,915.0,925.9,7152.0,SXRV
2024-01-26,914.4,918.4,911.8,917.5,4900.0,SXRV
2024-01-29,917.3,920.8,916.4,920.0,3435.0,SXRV
2024-01-30,924.9,927.5,921.0,922.1,5861.0,SXRV
2024-01-31,914.3,914.9,901.6,905.0,8068.0,SXRV
2024-02-01,910.1,911.9,902.7,903.8,9638.0,SXRV
2024-02-02,916.3,929.0,915.2,929.0,9039.0,SXRV
2024-02-05,930.2,936.0,928.0,932.0,12102.0,SXRV
2024-02-06,936.6,938.3,929.3,930.9,8403.0,SXRV
2024-02-07,929.1,940.8,928.7,938.1,7671.0,SXRV
2024-02-08,939.2,943.3,938.3,942.4,5319.0,SXRV
2024-02-09,942.6,947.2,941.0,945.7,6799.0,SXRV
2024-02-12,948.1,953.7,947.9,953.7,7389.0,SXRV
2024-02-13,945.9,946.3,931.6,940.0,9173.0,SXRV
2024-02-14,940.8,944.4,936.8,939.5,5787.0,SXRV
2024-02-15,948.4,948.5,938.5,941.6,11048.0,SXRV
2024-02-16,948.6,951.1,936.0,941.7,7196.0,SXRV
2024-02-19,935.9,939.4,934.5,938.2,3764.0,SXRV
2024-02-20,934.0,934.3,917.7,920.3,7737.0,SXRV
2024-02-21,923.4,923.5,917.1,919.3,5108.0,SXRV
2024-02-22,935.6,945.0,933.4,945.0,7752.0,SXRV
2024-02-23,946.9,952.0,943.9,946.0,3439.0,SXRV
2024-02-26,942.6,945.8,941.8,944.8,4972.0,SXRV
2024-02-27,942.4,945.5,939.8,942.6,3617.0,SXRV
2024-02-28,945.0,945.7,939.0,943.0,3611.0,SXRV
2024-02-29,939.1,948.0,936.0,945.4,8835.0,SXRV
2024-03-01,955.3,958.7,949.6,957.7,7151.0,SXRV
2024-03-04,962.3,964.4,958.4,958.6,14945.0,SXRV
2024-03-05,954.3,954.5,937.9,940.6,6760.0,SXRV
2024-03-06,944.2,947.8,939.7,944.9,8319.0,SXRV
2024-03-07,939.3,953.2,937.5,952.0,7434.0,SXRV
2024-03-08,953.6,959.0,947.2,947.7,6834.0,SXRV
2024-03-11,938.4,939.8,933.6,938.0,7986.0,SXRV
2024-03-12,942.9,950.8,937.3,946.4,4727.0,SXRV
2024-03-13,951.2,951.2,940.0,941.7,4869.0,SXRV
2024-03-14,946.3,947.8,938.8,945.0,3392.0,SXRV
2024-03-15,942.6,946.6,931.8,932.8,5126.0,SXRV
2024-03-18,938.3,949.3,936.7,946.6,4608.0,SXRV
2024-03-19,942.6,946.6,936.0,943.7,2960.0,SXRV
2024-03-20,946.4,951.2,945.7,946.9,2974.0,SXRV
2024-03-21,960.4,969.9,959.0,969.2,6295.0,SXRV
2024-03-22,966.0,968.7,962.0,965.6,3589.0,SXRV
2024-03-25,966.0,967.2,957.5,963.0,8575.0,SXRV
2024-03-26,965.0,966.8,962.6,965.2,3913.0,SXRV
2024-03-27,963.1,967.5,958.4,960.3,9845.0,SXRV
2024-03-28,965.9,967.6,962.8,964.3,4308.0,SXRV
2024-04-02,972.3,973.0,953.6,957.4,8737.0,SXRV
2024-04-03,958.0,961.3,953.4,960.6,6217.0,SXRV
2024-04-04,959.0,963.9,958.0,961.0,4089.0,SXRV
2024-04-05,943.6,955.8,942.0,953.2,6324.0,SXRV
2024-04-08,952.6,956.3,950.0,952.8,8677.0,SXRV
2024-04-09,952.6,954.4,944.2,947.7,4264.0,SXRV
2024-04-10,955.8,958.0,946.1,954.7,6415.0,SXRV
2024-04-11,957.4,963.7,953.6,963.0,3935.0,SXRV
2024-04-12,977.8,978.2,967.2,970.7,7597.0,SXRV
2024-04-15,969.6,974.6,965.1,967.1,9919.0,SXRV
2024-04-16,950.7,952.7,946.4,951.7,6348.0,SXRV
2024-04-17,948.7,953.8,942.2,942.2,3773.0,SXRV
2024-04-18,940.0,941.0,931.8,938.7,5054.0,SXRV
2024-04-19,925.5,930.4,918.0,918.0,8202.0,SXRV
2024-04-22,917.5,921.2,911.9,915.2,9336.0,SXRV
2024-04-23,922.4,931.0,918.8,930.1,7962.0,SXRV
2024-04-24,938.5,942.0,934.0,935.2,5758.0,SXRV
2024-04-25,922.2,924.9,916.9,918.2,4957.0,SXRV
2024-04-26,935.5,947.7,933.7,945.4,4398.0,SXRV
2024-04-29,946.0,950.4,943.6,943.6,4297.0,SXRV
2024-04-30,947.2,947.8,941.1,941.8,4273.0,SXRV
2024-05-02,928.2,932.8,923.5,927.9,7423.0,SXRV
2024-05-03,937.0,947.6,936.0,945.6,3323.0,SXRV
2024-05-06,949.3,952.9,948.3,952.9,3202.0,SXRV
2024-05-07,958.3,960.8,955.9,959.7,3696.0,SXRV
2024-05-08,961.2,962.1,954.1,959.7,4123.0,SXRV
2024-05-09,958.6,961.1,954.9,959.9,2002.0,SXRV
2024-05-10,961.7,964.6,959.0,960.5,4298.0,SXRV
2024-05-13,963.7,964.1,959.1,961.5,3757.0,SXRV
2024-05-14,962.1,964.0,956.4,962.0,3492.0,SXRV
2024-05-15,965.1,971.6,963.9,971.2,5307.0,SXRV
2024-05-16,977.3,980.1,976.3,979.2,5074.0,SXRV
2024-05-17,975.7,978.7,974.0,974.0,4945.0,SXRV
2024-05-20,974.6,981.1,974.3,981.1,3090.0,SXRV
2024-05-21,980.4,981.5,977.4,981.2,2259.0,SXRV
2024-05-22,983.6,987.9,983.0,987.4,4898.0,SXRV
2024-05-23,994.2,996.6,987.5,992.6,5478.0,SXRV
2024-05-24,983.4,990.7,981.9,990.4,5793.0,SXRV
2024-05-27,989.3,991.2,987.8,991.2,3062.0,SXRV
2024-05-28,990.5,993.0,986.1,989.5,7452.0,SXRV
2024-05-29,989.2,992.7,984.1,991.4,3389.0,SXRV
2024-05-30,984.3,987.3,977.8,980.1,5261.0,SXRV
2024-05-31,975.3,976.7,961.1,961.8,3796.0,SXRV
2024-06-03,978.9,983.6,972.0,974.3,6346.0,SXRV
2024-06-04,971.7,977.0,969.7,972.6,3824.0,SXRV
2024-06-05,980.3,994.2,979.2,994.0,3861.0,SXRV
2024-06-06,999.0,1001.8,996.0,998.2,4899.0,SXRV
2024-06-07,999.0,1006.8,996.7,1005.8,3306.0,SXRV
2024-06-10,1007.8,1012.8,1005.4,1012.8,4382.0,SXRV
2024-06-11,1010.8,1017.2,1009.2,1015.4,4182.0,SXRV
2024-06-12,1021.8,1029.2,1019.8,1026.4,7442.0,SXRV
2024-06-13,1037.0,1038.6,1033.2,1038.0,7792.0,SXRV
2024-06-14,1044.0,1049.8,1040.0,1046.2,6233.0,SXRV
2024-06-17,1051.2,1052.6,1046.0,1050.6,8448.0,SXRV
2024-06-18,1059.0,1063.6,1055.0,1056.2,5627.0,SXRV
2024-06-19,1060.8,1061.4,1058.6,1060.6,5873.0,SXRV
2024-06-20,1066.0,1068.4,1056.4,1061.0,5869.0,SXRV
2024-06-21,1055.2,1057.0,1049.8,1054.2,5103.0,SXRV
2024-06-24,1052.4,1053.0,1040.2,1044.8,6337.0,SXRV
2024-06-25,1038.2,1049.2,1036.2,1048.6,4991.0,SXRV
2024-06-26,1053.8,1057.6,1050.0,1053.0,6288.0,SXRV
2024-06-27,1052.6,1057.4,1051.0,1051.0,4572.0,SXRV
2024-06-28,1060.0,1067.4,1057.0,1058.8,4761.0,SXRV
2024-07-01,1048.2,1049.8,1039.8,1049.6,7891.0,SXRV
2024-07-02,1049.8,1058.6,1047.8,1058.6,4123.0,SXRV
2024-07-03,1062.0,1063.8,1056.8,1062.8,4933.0,SXRV
2024-07-04,1067.0,1068.0,1064.0,1064.8,4443.0,SXRV
2024-07-05,1067.2,1072.8,1064.0,1072.6,5075.0,SXRV
2024-07-08,1075.0,1077.2,1072.8,1077.0,5283.0,SXRV
2024-07-09,1080.6,1084.2,1080.2,1081.4,3906.0,SXRV
2024-07-10,1080.8,1085.2,1080.6,1083.2,6272.0,SXRV
2024-07-11,1089.2,1089.4,1067.2,1067.4,6421.0,SXRV
2024-07-12,1063.2,1071.0,1057.4,1070.2,6416.0,SXRV
2024-07-15,1071.0,1077.2,1066.6,1073.2,4844.0,SXRV
2024-07-16,1069.4,1074.4,1064.8,1066.8,3549.0,SXRV
2024-07-17,1060.4,1060.4,1039.0,1040.8,6683.0,SXRV
2024-07-18,1041.4,1044.2,1027.6,1027.6,8585.0,SXRV
2024-07-19,1031.0,1037.2,1026.0,1026.0,6523.0,SXRV
2024-07-22,1029.0,1041.0,1028.2,1030.6,5553.0,SXRV
2024-07-23,1036.2,1047.0,1034.2,1046.0,4583.0,SXRV
2024-07-24,1029.8,1032.0,1010.6,1011.2,9101.0,SXRV
2024-07-25,1006.0,1006.0,986.9,1002.0,12063.0,SXRV
2024-07-26,997.0,1003.2,993.3,997.2,6028.0,SXRV
2024-07-29,1007.6,1015.4,1002.0,1002.0,5823.0,SXRV
2024-07-30,1005.8,1011.8,995.9,996.5,3463.0,SXRV
2024-07-31,1005.8,1020.4,1005.0,1020.2,3693.0,SXRV
2024-08-01,1027.8,1032.4,1011.6,1011.6,7814.0,SXRV
2024-08-02,982.2,984.6,956.0,962.8,10503.0,SXRV
2024-08-06,948.2,952.0,933.8,947.7,13759.0,SXRV
2024-08-07,951.0,964.7,947.5,959.8,11608.0,SXRV
2024-08-08,935.5,960.1,928.7,957.8,14951.0,SXRV
2024-08-09,961.2,970.3,957.4,962.8,7611.0,SXRV
2024-08-12,969.0,974.6,963.5,967.1,5814.0,SXRV
2024-08-13,974.5,984.4,970.1,984.4,7646.0,SXRV
2024-08-14,987.1,987.9,973.2,986.5,8633.0,SXRV
2024-08-15,989.2,1010.2,986.5,1009.6,7007.0,SXRV
2024-08-16,1018.2,1018.4,1006.0,1010.4,5422.0,SXRV
2024-08-19,1008.6,1011.8,1005.0,1010.4,4267.0,SXRV
2024-08-20,1021.0,1023.4,1010.6,1014.8,6987.0,SXRV
2024-08-21,1013.2,1021.0,1012.0,1014.4,3358.0,SXRV
2024-08-22,1016.6,1024.0,1013.2,1013.2,4220.0,SXRV
2024-08-23,1006.8,1015.0,999.9,1005.2,6998.0,SXRV
2024-08-26,1006.6,1010.8,993.3,998.9,4577.0,SXRV
2024-08-27,999.9,1003.8,992.8,999.6,3153.0,SXRV
2024-08-28,1003.2,1006.6,989.7,992.1,3744.0,SXRV
2024-08-29,990.8,1012.6,990.8,1009.4,5314.0,SXRV
2024-08-30,1001.2,1008.6,1000.6,1002.6,5699.0,SXRV
2024-09-02,1007.2,1012.6,1005.0,1011.6,3746.0,SXRV
2024-09-03,1010.2,1011.6,988.5,992.1,4152.0,SXRV
2024-09-04,973.3,982.8,969.4,978.1,5516.0,SXRV
2024-09-05,973.2,983.2,966.0,970.7,5038.0,SXRV
2024-09-06,965.7,974.7,949.6,951.6,9517.0,SXRV
2024-09-09,958.7,966.9,955.5,960.7,6590.0,SXRV
2024-09-10,961.7,973.9,960.9,971.0,4440.0,SXRV
2024-09-11,971.0,979.3,962.0,968.9,5606.0,SXRV
2024-09-12,1001.2,1003.0,992.8,997.8,4961.0,SXRV
2024-09-13,1002.6,1006.0,999.1,1005.4,3315.0,SXRV
2024-09-16,1001.6,1003.4,990.5,995.0,4883.0,SXRV
2024-09-17,999.2,1006.6,999.1,1002.6,4461.0,SXRV
2024-09-18,1000.4,1001.4,996.6,997.0,3691.0,SXRV
2024-09-19,1008.8,1022.8,1007.6,1020.0,8387.0,SXRV
2024-09-20,1012.8,1015.4,1008.0,1011.0,4529.0,SXRV
2024-09-23,1016.0,1022.0,1014.0,1020.0,4049.0,SXRV
2024-09-24,1023.2,1024.0,1011.8,1019.6,5533.0,SXRV
2024-09-25,1014.2,1024.6,1013.4,1024.6,3649.0,SXRV
2024-09-26,1036.8,1042.2,1022.6,1023.8,7713.0,SXRV
2024-09-27,1029.2,1032.0,1024.4,1025.4,5676.0,SXRV
2024-09-30,1022.4,1025.8,1015.6,1025.2,6783.0,SXRV
2024-10-01,1029.8,1036.4,1013.2,1018.6,9449.0,SXRV
2024-10-02,1019.4,1028.8,1015.6,1028.2,7245.0,SXRV
2024-10-03,1023.6,1035.2,1018.8,1028.0,2649.0,SXRV
2024-10-04,1026.0,1045.8,1025.6,1034.8,7342.0,SXRV
2024-10-07,1042.4,1042.6,1035.8,1040.2,6003.0,SXRV
2024-10-08,1029.0,1045.6,1028.8,1044.4,4315.0,SXRV
2024-10-09,1045.0,1055.4,1043.4,1055.4,4418.0,SXRV
2024-10-10,1059.0,1060.0,1051.0,1059.8,4424.0,SXRV
2024-10-11,1057.0,1060.0,1052.8,1057.6,3950.0,SXRV
2024-10-14,1059.6,1072.8,1059.0,1067.0,7219.0,SXRV
2024-10-15,1072.0,1072.6,1057.2,1061.0,8867.0,SXRV
2024-10-16,1061.0,1062.0,1051.8,1058.4,5552.0,SXRV
2024-10-17,1067.0,1079.2,1065.6,1070.2,4989.0,SXRV
2024-10-18,1068.8,1071.4,1066.8,1070.2,3961.0,SXRV
2024-10-21,1068.0,1074.2,1063.0,1067.6,6266.0,SXRV
2024-10-22,1071.4,1076.6,1067.6,1073.8,3426.0,SXRV
2024-10-23,1078.4,1080.0,1068.0,1069.2,8865.0,SXRV
2024-10-24,1070.0,1073.8,1066.6,1069.0,8750.0,SXRV
2024-10-25,1069.8,1084.2,1068.6,1082.6,5275.0,SXRV
2024-10-28,1082.8,1085.0,1076.6,1077.4,6694.0,SXRV
2024-10-29,1077.2,1084.4,1074.8,1082.6,6910.0,SXRV
2024-10-30,1088.6,1088.6,1077.2,1079.6,6455.0,SXRV
2024-10-31,1062.2,1066.2,1048.0,1050.0,13229.0,SXRV
2024-11-01,1051.0,1061.6,1047.2,1060.2,8486.0,SXRV
2024-11-04,1052.8,1054.8,1043.4,1051.4,4957.0,SXRV
2024-11-05,1049.8,1058.8,1048.8,1058.0,6974.0,SXRV
2024-11-06,1093.8,1103.4,1090.2,1100.8,15969.0,SXRV
2024-11-07,1106.2,1115.0,1104.4,1114.8,8150.0,SXRV
2024-11-08,1121.6,1124.8,1113.4,1124.8,8223.0,SXRV
2024-11-11,1132.6,1139.0,1129.6,1132.6,9992.0,SXRV
2024-11-12,1134.4,1138.2,1131.8,1135.8,6776.0,SXRV
2024-11-13,1133.0,1137.8,1128.4,1137.8,7534.0,SXRV
2024-11-14,1138.8,1146.8,1132.4,1135.4,8173.0,SXRV
2024-11-15,1123.8,1123.8,1108.2,1109.2,10876.0,SXRV
2024-11-18,1110.6,1115.2,1103.8,1115.2,9574.0,SXRV
2024-11-19,1112.6,1113.8,1097.0,1113.8,9735.0,SXRV
2024-11-20,1120.8,1123.0,1108.6,1114.0,8123.0,SXRV
2024-11-21,1118.0,1130.8,1110.0,1127.2,16992.0,SXRV
2024-11-22,1130.0,1144.4,1129.8,1138.0,10086.0,SXRV
2024-11-25,1141.6,1142.6,1131.0,1135.6,8347.0,SXRV
2024-11-26,1135.4,1140.6,1130.2,1139.0,5576.0,SXRV
2024-11-27,1137.2,1137.2,1116.2,1118.6,5279.0,SXRV
2024-11-28,1129.6,1130.0,1126.0,1128.6,4781.0,SXRV
2024-11-29,1126.8,1134.0,1123.8,1133.6,8299.0,SXRV
2024-12-02,1139.0,1154.6,1134.6,1153.0,10186.0,SXRV
2024-12-03,1152.8,1153.0,1145.0,1152.4,11824.0,SXRV
2024-12-04,1158.6,1168.0,1158.0,1162.6,10221.0,SXRV
2024-12-05,1163.6,1167.0,1159.4,1162.6,11622.0,SXRV
2024-12-06,1158.2,1170.6,1154.8,1167.8,10954.0,SXRV
2024-12-09,1172.2,1173.0,1155.8,1160.4,7565.0,SXRV
2024-12-10,1161.8,1173.8,1161.0,1167.0,7430.0,SXRV
2024-12-12,1182.2,1185.2,1176.4,1180.6,10091.0,SXRV
2024-12-13,1186.8,1192.4,1179.8,1183.6,20706.0,SXRV
2024-12-16,1186.0,1199.6,1184.0,1198.2,9898.0,SXRV
2024-12-17,1200.2,1205.4,1193.6,1201.0,10910.0,SXRV
2024-12-18,1200.4,1203.2,1194.2,1201.2,11557.0,SXRV
2024-12-19,1169.0,1177.8,1166.4,1173.8,14992.0,SXRV
2024-12-20,1158.2,1177.0,1141.0,1177.0,20868.0,SXRV
2024-12-23,1177.0,1178.0,1168.4,1174.6,9807.0,SXRV
2024-12-27,1192.0,1192.0,1168.4,1175.0,12900.0,SXRV
2024-12-30,1174.6,1177.8,1162.6,1163.6,5924.0,SXRV
2025-01-02,1168.8,1178.8,1163.0,1178.0,13741.0,SXRV
2025-01-03,1171.4,1180.4,1168.0,1180.4,5673.0,SXRV
2025-01-06,1183.4,1195.2,1180.4,1191.8,12048.0,SXRV
2025-01-07,1182.6,1189.2,1171.8,1175.8,11619.0,SXRV
2025-01-08,1174.2,1179.2,1168.6,1175.8,8456.0,SXRV
2025-01-09,1170.8,1179.8,1170.2,1174.0,6273.0,SXRV
2025-01-10,1172.8,1177.2,1156.0,1160.4,10880.0,SXRV
2025-01-13,1160.2,1160.8,1149.8,1156.0,7659.0,SXRV
2025-01-14,1165.8,1168.8,1151.4,1154.0,11080.0,SXRV
2025-01-15,1151.6,1178.2,1151.4,1176.2,11010.0,SXRV
2025-01-16,1188.2,1188.6,1177.0,1178.0,8302.0,SXRV
2025-01-17,1174.8,1197.2,1173.6,1191.2,9084.0,SXRV
2025-01-20,1190.2,1191.6,1181.2,1185.8,12723.0,SXRV
2025-01-21,1184.2,1192.6,1177.6,1180.6,9130.0,SXRV
2025-01-22,1192.8,1202.8,1188.6,1202.6,9483.0,SXRV
2025-01-23,1197.4,1200.0,1193.6,1198.0,8218.0,SXRV
2025-01-24,1194.4,1196.6,1187.4,1190.2,8568.0,SXRV
2025-01-27,1157.2,1160.0,1124.2,1147.6,29384.0,SXRV
2025-01-28,1163.8,1171.0,1153.4,1167.4,13565.0,SXRV
2025-01-29,1183.0,1185.6,1170.4,1173.4,8404.0,SXRV
2025-01-30,1183.0,1186.8,1168.6,1175.2,12457.0,SXRV
2025-01-31,1191.0,1202.6,1190.8,1199.0,12647.0,SXRV
2025-02-03,1179.6,1184.2,1170.8,1182.2,31645.0,SXRV
2025-02-04,1180.4,1189.2,1174.0,1187.8,14748.0,SXRV
2025-02-05,1177.2,1182.0,1171.6,1182.0,10767.0,SXRV
2025-02-06,1194.0,1199.4,1193.4,1195.6,5996.0,SXRV
2025-02-07,1198.6,1204.2,1190.0,1193.0,7741.0,SXRV
2025-02-10,1198.0,1208.0,1196.0,1207.2,7730.0,SXRV
2025-02-11,1201.6,1204.4,1196.2,1202.2,5067.0,SXRV
2025-02-12,1197.2,1200.0,1185.2,1192.0,7833.0,SXRV
2025-02-13,1195.0,1205.4,1190.6,1202.0,5332.0,SXRV
2025-02-14,1205.6,1206.2,1198.0,1200.8,7320.0,SXRV
2025-02-17,1210.0,1211.6,1207.2,1209.4,5406.0,SXRV
2025-02-18,1214.2,1218.0,1206.0,1209.0,6626.0,SXRV
2025-02-19,1214.2,1217.2,1208.6,1216.6,5572.0,SXRV
2025-02-20,1211.0,1213.6,1197.0,1200.6,8145.0,SXRV
2025-02-21,1202.4,1211.8,1197.0,1200.8,11494.0,SXRV
2025-02-24,1183.0,1188.0,1168.6,1176.6,16948.0,SXRV
2025-02-25,1164.0,1166.2,1141.0,1142.4,13653.0,SXRV
2025-02-26,1156.8,1163.0,1152.8,1160.4,9910.0,SXRV
2025-02-27,1158.8,1170.0,1145.0,1155.6,9743.0,SXRV
2025-02-28,1132.2,1140.0,1122.0,1135.6,15249.0,SXRV
2025-03-03,1150.8,1152.0,1132.2,1136.0,15666.0,SXRV
2025-03-04,1114.2,1116.4,1090.8,1095.8,36397.0,SXRV
2025-03-05,1099.6,1101.0,1073.4,1073.4,20741.0,SXRV
2025-03-06,1086.4,1087.2,1067.6,1076.6,14094.0,SXRV
2025-03-07,1064.0,1065.8,1045.4,1045.8,15137.0,SXRV
2025-03-10,1059.6,1060.2,1028.6,1033.0,25850.0,SXRV
2025-03-11,1022.6,1027.0,1009.0,1016.0,37939.0,SXRV
2025-03-12,1020.8,1038.2,1016.2,1032.4,20685.0,SXRV
2025-03-13,1024.0,1034.2,1015.2,1018.4,9973.0,SXRV
2025-03-14,1023.0,1036.19,1019.59,1033.19,12158.0,SXRV
2025-03-17,1030.8,1041.19,1028.0,1030.8,9628.0,SXRV
2025-03-18,1033.6,1036.6,1017.0,1022.0,10654.0,SXRV
2025-03-19,1022.6,1037.2,1022.2,1035.2,8736.0,SXRV
2025-03-20,1043.6,1052.4,1031.4,1039.4,10232.0,SXRV
2025-03-21,1037.8,1040.2,1026.2,1038.8,6459.0,SXRV
2025-03-24,1056.8,1069.0,1054.2,1068.2,16795.0,SXRV
2025-03-25,1068.8,1074.2,1065.4,1071.0,8909.0,SXRV
2025-03-26,1075.6,1076.8,1059.4,1060.8,10762.0,SXRV
2025-03-27,1056.4,1061.0,1047.8,1055.0,8736.0,SXRV
2025-03-28,1044.4,1050.8,1020.2,1022.0,8700.0,SXRV
2025-03-31,1004.2,1010.4,995.7,1009.4,15931.0,SXRV
2025-04-01,1021.2,1029.0,1011.2,1026.8,10336.0,SXRV
2025-04-02,1028.4,1030.2,1013.0,1029.2,7061.0,SXRV
2025-04-03,985.7,991.1,956.1,967.1,20179.0,SXRV
2025-04-04,956.2,962.5,914.0,925.0,46443.0,SXRV
2025-04-07,857.6,955.0,851.8,903.6,59606.0,SXRV
2025-04-08,919.6,955.8,919.6,939.3,22900.0,SXRV
2025-04-09,887.3,905.4,865.8,891.9,0.0,SXRV
2025-04-10,986.8,989.2,935.9,935.9,24265.0,SXRV
2025-04-11,938.2,938.5,910.4,924.3,14938.0,SXRV
2025-04-14,951.2,968.6,947.0,948.1,18423.0,SXRV
2025-04-15,952.1,963.4,945.0,956.7,7914.0,SXRV
2025-04-16,929.9,945.2,924.9,936.1,9542.0,SXRV
2025-04-17,929.3,933.6,913.0,918.7,5847.0,SXRV
2025-04-22,896.8,911.4,892.6,909.2,7784.0,SXRV
2025-04-23,936.3,960.0,935.0,945.7,15299.0,SXRV
2025-04-24,938.2,962.8,930.0,960.2,7924.0,SXRV
2025-04-25,976.3,976.4,963.6,968.4,8797.0,SXRV
2025-04-28,979.6,982.5,966.1,967.8,6808.0,SXRV
2025-04-29,976.9,981.1,967.8,975.2,6919.0,SXRV
2025-04-30,979.5,982.6,957.6,976.6,9411.0,SXRV
2025-05-02,1002.6,1013.0,998.3,1013.0,12300.0,SXRV
2025-05-05,1009.4,1012.0,1002.2,1010.6,6263.0,SXRV
2025-05-06,1004.2,1004.8,991.0,1001.8,7771.0,SXRV
2025-05-07,1002.6,1005.4,992.9,995.8,4749.0,SXRV
2025-05-08,1020.2,1024.0,1009.8,1022.0,7053.0,SXRV
2025-05-09,1024.2,1028.2,1014.6,1020.0,11438.0,SXRV
2025-05-12,1066.0,1080.6,1060.6,1067.6,18052.0,SXRV
2025-05-13,1069.6,1088.4,1068.6,1086.2,10017.0,SXRV
2025-05-14,1087.6,1089.0,1076.6,1088.0,11419.0,SXRV
2025-05-15,1085.4,1092.4,1078.8,1092.4,7335.0,SXRV
2025-05-16,1088.0,1096.8,1087.6,1096.8,8795.0,SXRV
2025-05-19,1077.8,1088.2,1069.2,1086.6,13143.0,SXRV
2025-05-20,1085.6,1090.6,1083.0,1085.4,6500.0,SXRV
2025-05-21,1074.2,1083.8,1066.6,1082.8,6888.0,SXRV
2025-05-22,1069.59,1078.0,1062.0,1075.4,5508.0,SXRV
2025-05-23,1067.59,1069.59,1045.19,1056.8,17487.0,SXRV
2025-05-26,1063.59,1069.19,1062.8,1066.59,9624.0,SXRV
2025-05-27,1068.19,1078.0,1065.0,1078.0,6415.0,SXRV
2025-05-28,1082.8,1089.59,1078.19,1085.0,5500.0,SXRV
2025-05-29,1103.4,1107.59,1076.19,1078.59,8665.0,SXRV
2025-05-30,1075.8,1080.4,1069.0,1074.19,6078.0,SXRV
2025-06-02,1065.8,1074.4,1059.59,1069.0,9005.0,SXRV
2025-06-03,1074.59,1089.8,1070.8,1089.0,6416.0,SXRV
2025-06-04,1090.0,1093.19,1083.0,1089.0,6394.0,SXRV
2025-06-05,1089.8,1095.59,1080.59,1095.0,8083.0,SXRV
2025-06-06,1084.4,1098.0,1083.4,1093.4,10928.0,SXRV
2025-06-09,1090.19,1098.19,1088.8,1094.19,3978.0,SXRV
2025-06-10,1094.8,1096.8,1090.8,1091.8,4934.0,SXRV
2025-06-11,1098.4,1102.0,1094.4,1096.59,7089.0,SXRV
2025-06-12,1085.8,1086.8,1070.0,1084.0,6337.0,SXRV
2025-06-13,1071.19,1083.0,1070.4,1078.8,6874.0,SXRV
2025-06-16,1076.8,1086.8,1074.59,1085.19,10027.0,SXRV
2025-06-17,1082.19,1087.59,1078.0,1085.8,4268.0,SXRV
2025-06-18,1082.59,1088.59,1081.59,1084.4,6084.0,SXRV
2025-06-19,1081.59,1082.0,1069.4,1073.19,2786.0,SXRV
2025-06-20,1079.0,1089.8,1073.0,1077.8,4840.0,SXRV
2025-06-23,1075.59,1085.0,1075.19,1077.8,6728.0,SXRV
2025-06-24,1092.19,1093.19,1087.8,1092.0,6346.0,SXRV
2025-06-25,1095.8,1102.4,1095.19,1095.4,8045.0,SXRV
2025-06-26,1093.0,1097.19,1089.0,1095.19,8623.0,SXRV
2025-06-27,1100.59,1104.8,1097.4,1104.59,6499.0,SXRV
2025-06-30,1105.59,1109.59,1101.59,1103.0,6262.0,SXRV
2025-07-01,1102.4,1102.4,1089.59,1093.4,18192.0,SXRV
2025-07-02,1097.4,1102.59,1090.4,1099.8,7081.0,SXRV
2025-07-03,1101.59,1114.59,1099.4,1114.0,8174.0,SXRV
2025-07-04,1109.0,1109.0,1104.0,1105.19,5980.0,SXRV
2025-07-07,1108.8,1114.19,1107.59,1108.8,5961.0,SXRV
2025-07-08,1108.8,1114.0,1107.8,1110.59,4407.0,SXRV
2025-07-09,1109.4,1122.0,1108.4,1114.8,4666.0,SXRV
2025-07-10,1113.59,1121.0,1113.19,1119.8,5718.0,SXRV
2025-07-11,1117.19,1119.59,1110.19,1116.0,6108.0,SXRV
2025-07-14,1113.19,1120.4,1110.4,1118.8,5075.0,SXRV
2025-07-15,1127.19,1134.19,1125.4,1134.19,7126.0,SXRV
2025-07-16,1123.8,1133.4,1111.19,1111.19,8928.0,SXRV
2025-07-17,1135.4,1140.8,1132.0,1139.4,7076.0,SXRV
2025-07-18,1139.8,1139.8,1132.0,1133.8,5851.0,SXRV
2025-07-21,1137.59,1141.0,1133.4,1136.8,5085.0,SXRV
2025-07-22,1135.4,1137.19,1124.4,1125.59,6522.0,SXRV
2025-07-23,1127.8,1129.59,1122.59,1127.0,8138.0,SXRV
2025-07-24,1131.0,1134.0,1126.0,1130.4,5011.0,SXRV
2025-07-25,1133.19,1137.19,1131.19,1136.19,6537.0,SXRV
2025-07-28,1144.8,1151.4,1143.59,1150.4,8768.0,SXRV
2025-07-29,1161.8,1169.0,1158.59,1159.0,5580.0,SXRV
2025-07-30,1157.8,1168.4,1156.19,1166.19,6508.0,SXRV
2025-07-31,1183.4,1188.0,1169.19,1173.0,10240.0,SXRV
2025-08-01,1159.8,1159.8,1122.59,1130.8,14537.0,SXRV
2025-08-04,1132.0,1145.4,1132.0,1143.8,9299.0,SXRV
2025-08-05,1154.0,1156.4,1139.4,1139.4,5079.0,SXRV
2025-08-06,1142.8,1143.8,1135.8,1143.59,5373.0,SXRV
2025-08-07,1146.8,1159.0,1146.19,1152.8,5618.0,SXRV
2025-08-08,1152.19,1160.0,1151.19,1155.59,3745.0,SXRV
2025-08-11,1162.19,1168.8,1159.0,1167.0,6100.0,SXRV
2025-08-12,1162.0,1168.0,1156.8,1164.59,4940.0,SXRV
2025-08-13,1170.0,1173.4,1164.4,1164.8,6667.0,SXRV
2025-08-14,1168.0,1174.19,1164.0,1171.0,4349.0,SXRV
2025-08-15,1171.4,1171.4,1159.59,1160.59,6683.0,SXRV
2025-08-18,1162.8,1164.59,1160.19,1161.19,5885.0,SXRV
2025-08-19,1162.59,1164.19,1150.4,1153.59,6086.0,SXRV
2025-08-20,1148.19,1150.19,1128.0,1138.8,5969.0,SXRV
2025-08-21,1147.4,1147.59,1138.4,1145.0,5009.0,SXRV
2025-08-22,1141.4,1154.59,1140.8,1152.8,8044.0,SXRV
2025-08-25,1147.59,1154.19,1145.0,1154.19,5934.0,SXRV
2025-08-26,1153.19,1155.0,1149.0,1152.59,4303.0,SXRV
2025-08-27,1161.0,1165.59,1158.59,1162.19,5501.0,SXRV
2025-08-28,1159.8,1164.0,1155.59,1162.0,6044.0,SXRV
2025-08-29,1162.8,1163.19,1144.59,1146.8,7152.0,SXRV
2025-09-01,1144.19,1148.8,1143.8,1148.8,6340.0,SXRV
2025-09-02,1145.8,1147.4,1132.0,1132.0,8143.0,SXRV
2025-09-03,1148.59,1153.8,1146.59,1147.19,5805.0,SXRV
2025-09-04,1152.4,1158.0,1150.4,1156.4,4678.0,SXRV
2025-09-05,1165.0,1166.8,1147.0,1152.0,6425.0,SXRV
2025-09-08,1159.8,1164.4,1158.0,1163.4,6026.0,SXRV
2025-09-09,1160.4,1164.0,1158.0,1160.8,5701.0,SXRV
2025-09-10,1171.8,1175.19,1167.8,1168.4,5728.0,SXRV
2025-09-11,1171.4,1175.4,1167.19,1172.59,9402.0,SXRV
2025-09-12,1171.59,1178.0,1170.59,1177.59,4412.0,SXRV
2025-09-15,1179.59,1182.4,1174.19,1181.0,7871.0,SXRV
2025-09-16,1183.0,1185.59,1174.0,1174.4,11665.0,SXRV
2025-09-17,1174.8,1176.59,1168.59,1169.19,4333.0,SXRV
2025-09-18,1184.0,1195.0,1181.19,1194.0,8749.0,SXRV
2025-09-19,1190.4,1197.59,1188.59,1195.8,7016.0,SXRV
2025-09-22,1199.8,1202.4,1192.8,1200.8,8755.0,SXRV
2025-09-23,1203.8,1205.0,1199.19,1201.8,6489.0,SXRV
2025-09-24,1197.8,1204.19,1196.8,1198.19,6405.0,SXRV
2025-09-25,1195.19,1199.19,1186.0,1199.0,8608.0,SXRV
2025-09-26,1198.4,1203.8,1192.0,1195.0,7099.0,SXRV
2025-09-29,1203.4,1208.59,1202.19,1203.8,6158.0,SXRV
2025-09-30,1200.8,1203.4,1196.8,1200.59,6247.0,SXRV
2025-10-01,1190.8,1207.4,1189.0,1207.4,14790.0,SXRV
2025-10-02,1213.19,1219.4,1212.4,1216.8,13835.0,SXRV
2025-10-03,1221.19,1222.0,1212.4,1217.19,5779.0,SXRV
2025-10-06,1219.8,1228.19,1217.19,1222.59,12640.0,SXRV
2025-10-07,1224.19,1231.59,1220.8,1220.8,6361.0,SXRV
2025-10-08,1226.4,1236.0,1224.0,1235.59,5785.0,SXRV
2025-10-09,1241.4,1242.8,1238.0,1240.8,6132.0,SXRV
2025-10-10,1245.0,1249.0,1212.0,1212.4,8568.0,SXRV
2025-10-13,1217.19,1225.19,1215.0,1223.8,13931.0,SXRV
2025-10-14,1213.19,1217.19,1200.4,1215.4,7839.0,SXRV
2025-10-15,1218.19,1229.8,1216.4,1222.0,8466.0,SXRV
2025-10-16,1223.19,1228.19,1220.0,1221.4,10317.0,SXRV
2025-10-17,1193.19,1219.0,1187.19,1205.19,9381.0,SXRV
2025-10-20,1226.59,1237.0,1223.8,1236.59,5949.0,SXRV
2025-10-21,1237.0,1242.4,1236.59,1240.19,5707.0,SXRV
2025-10-22,1241.0,1244.0,1226.8,1227.0,4332.0,SXRV
2025-10-23,1234.4,1236.19,1225.19,1236.19,7817.0,SXRV
2025-10-24,1244.0,1252.19,1242.19,1251.0,8147.0,SXRV
2025-10-27,1265.0,1269.4,1263.19,1269.0,11335.0,SXRV
2025-10-28,1269.4,1278.8,1268.19,1275.8,10430.0,SXRV
2025-10-29,1289.0,1290.0,1281.0,1283.19,7955.0,SXRV
2025-10-30,1290.0,1292.0,1279.0,1284.0,20709.0,SXRV
2025-10-31,1292.8,1296.59,1284.0,1286.8,6670.0,SXRV
2025-11-03,1287.19,1301.59,1287.19,1289.8,11386.0,SXRV
2025-11-04,1275.19,1286.19,1271.59,1279.0,11865.0,SXRV
2025-11-05,1264.8,1279.19,1262.0,1279.0,7743.0,SXRV
2025-11-06,1270.59,1277.59,1249.4,1249.4,9085.0,SXRV
2025-11-07,1254.19,1255.0,1221.0,1221.8,13772.0,SXRV
2025-11-10,1257.0,1267.8,1255.19,1259.8,9915.0,SXRV
2025-11-11,1267.8,1268.19,1255.0,1256.4,6300.0,SXRV
2025-11-12,1270.4,1274.4,1255.8,1260.0,6689.0,SXRV
2025-11-13,1262.19,1263.0,1236.4,1236.8,6235.0,SXRV
2025-11-14,1227.4,1242.0,1209.4,1240.19,12676.0,SXRV
2025-11-17,1246.19,1248.8,1229.0,1236.0,9546.0,SXRV
2025-11-18,1218.8,1225.4,1203.0,1216.59,10524.0,SXRV
2025-11-19,1213.19,1235.59,1212.59,1221.8,8459.0,SXRV
2025-11-20,1248.59,1255.0,1231.0,1231.0,12548.0,SXRV
2025-11-21,1196.59,1206.0,1187.0,1203.59,12685.0,SXRV
2025-11-24,1214.59,1234.59,1207.19,1233.0,10992.0,SXRV
2025-11-25,1236.59,1237.0,1216.0,1229.59,9818.0,SXRV
2025-11-26,1245.0,1249.59,1241.4,1249.59,6616.0,SXRV
2025-11-27,1249.4,1251.4,1247.8,1248.4,3751.0,SXRV
2025-11-28,1252.4,1259.0,1251.59,1253.8,8526.0,SXRV
2025-12-01,1246.4,1251.4,1238.8,1249.8,9224.0,SXRV
2025-12-02,1249.4,1265.59,1248.4,1256.0,10123.0,SXRV
2025-12-03,1261.8,1262.4,1247.59,1256.8,8904.0,SXRV
2025-12-04,1259.0,1262.8,1252.4,1256.59,6395.0,SXRV
2025-12-05,1263.4,1271.0,1257.59,1264.0,6891.0,SXRV
2025-12-08,1267.4,1271.0,1263.0,1263.8,6236.0,SXRV
2025-12-09,1264.59,1266.0,1258.4,1265.19,9222.0,SXRV
2025-12-10,1265.19,1267.0,1257.0,1261.8,8243.0,SXRV
2025-12-11,1249.8,1257.19,1239.8,1244.19,10277.0,SXRV
2025-12-12,1253.4,1254.4,1227.59,1229.59,10127.0,SXRV
2025-12-15,1234.19,1239.4,1220.59,1228.0,9532.0,SXRV
2025-12-16,1214.0,1222.4,1213.4,1218.19,9918.0,SXRV
2025-12-17,1232.0,1236.59,1209.0,1209.0,7859.0,SXRV
2025-12-18,1211.8,1231.59,1211.4,1229.0,9444.0,SXRV
2025-12-19,1231.19,1240.0,1226.59,1239.19,16876.0,SXRV
2025-12-22,1245.4,1246.8,1239.0,1242.19,4245.0,SXRV
2025-12-23,1239.4,1243.4,1235.8,1242.59,5692.0,SXRV
2025-12-29,1245.4,1247.0,1239.4,1243.4,13015.0,SXRV
2025-12-30,1243.19,1245.0,1242.0,1244.8,4378.0,SXRV
2026-01-02,1244.59,1252.0,1226.8,1232.4,15618.0,SXRV
2026-01-05,1241.59,1251.0,1241.59,1248.4,8445.0,SXRV
2026-01-06,1244.4,1255.8,1239.59,1251.59,8441.0,SXRV
2026-01-07,1256.4,1264.19,1253.19,1263.0,12955.0,SXRV
2026-01-08,1256.8,1261.19,1249.4,1252.0,11960.0,SXRV
2026-01-09,1256.0,1267.59,1255.19,1266.19,9850.0,SXRV
2026-01-12,1255.4,1267.0,1250.59,1266.0,14550.0,SXRV
2026-01-13,1266.19,1272.19,1263.0,1270.0,11959.0,SXRV
2026-01-14,1265.8,1266.4,1245.8,1248.0,12843.0,SXRV
2026-01-15,1259.19,1275.4,1259.0,1271.4,13704.0,SXRV
2026-01-16,1269.0,1270.59,1259.19,1264.19,9007.0,SXRV
2026-01-19,1244.0,1246.4,1236.59,1240.8,14733.0,SXRV
2026-01-20,1231.4,1235.59,1220.59,1235.59,12155.0,SXRV
2026-01-21,1227.0,1242.0,1217.0,1237.19,14686.0,SXRV
2026-01-22,1250.0,1255.0,1242.59,1246.59,14674.0,SXRV
2026-01-23,1248.8,1254.4,1241.19,1250.0,8318.0,SXRV
2026-01-26,1238.8,1244.19,1230.4,1243.59,9519.0,SXRV
2026-01-27,1250.59,1251.4,1238.4,1243.0,7932.0,SXRV
2026-01-28,1252.8,1256.8,1249.4,1251.59,12732.0,SXRV
2026-01-29,1250.59,1253.8,1221.59,1228.4,20058.0,SXRV
2026-01-30,1230.4,1245.19,1228.59,1241.19,18833.0,SXRV
2026-02-02,1221.8,1253.4,1221.0,1252.4,10419.0,SXRV
2026-02-03,1257.0,1258.8,1233.0,1234.59,10018.0,SXRV
2026-02-04,1229.8,1232.59,1213.4,1214.0,16516.0,SXRV
2026-02-05,1213.4,1216.19,1188.59,1201.19,20063.0,SXRV
2026-02-06,1188.4,1211.4,1188.4,1211.4,22339.0,SXRV
2026-02-09,1213.8,1218.19,1197.59,1218.0,11406.0,SXRV
2026-02-10,1216.0,1221.59,1211.8,1217.4,6672.0,SXRV
2026-02-11,1212.0,1226.8,1206.0,1213.19,10856.0,SXRV
2026-02-12,1221.4,1223.8,1196.4,1198.4,8112.0,SXRV
2026-02-13,1194.4,1201.8,1185.59,1197.0,17033.0,SXRV
2026-02-16,1198.19,1201.59,1191.0,1192.4,6484.0,SXRV
2026-02-17,1194.4,1200.0,1184.0,1195.8,10722.0,SXRV
2026-02-18,1201.59,1215.59,1199.19,1215.4,9032.0,SXRV
2026-02-19,1213.4,1214.4,1205.0,1210.19,7481.0,SXRV
2026-02-20,1214.0,1220.0,1201.4,1216.4,10430.0,SXRV
2026-02-23,1205.4,1214.59,1197.8,1200.59,8016.0,SXRV
2026-02-24,1205.4,1216.59,1200.4,1213.8,8436.0,SXRV
2026-02-25,1216.19,1231.4,1216.0,1227.19,7696.0,SXRV
2026-02-26,1230.0,1233.19,1209.4,1216.59,6825.0,SXRV
2026-02-27,1215.8,1217.59,1202.0,1210.8,10032.0,SXRV
2026-03-02,1199.19,1225.8,1197.4,1222.19,14502.0,SXRV
2026-03-03,1214.19,1220.0,1204.4,1217.4,21084.0,SXRV
2026-03-04,1216.4,1237.59,1215.8,1236.8,22977.0,SXRV
2026-03-05,1236.4,1244.4,1233.4,1238.4,14385.0,SXRV
2026-03-06,1239.4,1240.0,1220.59,1226.4,13887.0,SXRV
2026-03-09,1204.8,1222.4,1203.4,1221.0,18226.0,SXRV
2026-03-10,1233.4,1239.0,1227.19,1237.8,17864.0,SXRV
2026-03-11,1234.4,1243.4,1231.59,1238.59,11390.0,SXRV
2026-03-12,1236.0,1236.8,1224.0,1228.0,12260.0,SXRV
2026-03-13,1223.59,1238.0,1222.8,1226.19,12834.0,SXRV
2026-03-16,1231.0,1235.4,1226.59,1231.4,13669.0,SXRV
2026-03-17,1227.0,1237.8,1223.19,1233.8,8246.0,SXRV
2026-03-18,1241.4,1242.8,1226.59,1227.19,7954.0,SXRV
2026-03-19,1219.8,1222.0,1206.0,1206.0,12086.0,SXRV
2026-03-20,1208.4,1210.19,1194.8,1194.8,11315.0,SXRV
2026-03-23,1178.19,1214.0,1177.59,1197.0,18587.0,SXRV
2026-03-24,1199.8,1200.59,1187.0,1192.0,13874.0,SXRV
2026-03-25,1199.8,1204.8,1195.0,1202.0,10492.0,SXRV
2026-03-26,1196.19,1196.8,1184.8,1184.8,5951.0,SXRV
2026-03-27,1179.59,1179.59,1158.0,1160.4,8828.0,SXRV
2026-03-30,1157.19,1167.19,1155.8,1163.8,6688.0,SXRV
2026-03-31,1156.59,1164.59,1154.59,1162.4,8353.0,SXRV
2026-04-01,1188.19,1191.8,1180.0,1191.8,12287.0,SXRV
2026-04-02,1177.59,1196.19,1170.8,1193.0,8614.0,SXRV
2026-04-07,1197.19,1203.0,1180.0,1185.8,16734.0,SXRV
2026-04-08,1228.19,1231.8,1215.8,1221.0,19712.0,SXRV
2026-04-09,1223.4,1224.59,1218.19,1224.0,5650.0,SXRV
2026-04-10,1231.59,1234.8,1229.0,1231.8,4793.0,SXRV
2026-04-13,1226.19,1235.0,1223.59,1233.0,7970.0,SXRV
2026-04-14,1238.8,1249.4,1238.59,1249.4,10312.0,SXRV
2026-04-15,1257.8,1266.19,1256.59,1265.59,11304.0,SXRV
2026-04-16,1279.59,1284.19,1274.19,1283.59,10832.0,SXRV
2026-04-17,1283.0,1298.59,1282.19,1298.59,20630.0,SXRV
2026-04-20,1295.4,1300.0,1288.19,1291.0,8557.0,SXRV
2026-04-21,1300.4,1304.8,1295.0,1298.4,6482.0,SXRV
2026-04-22,1303.59,1315.19,1301.19,1314.0,10546.0,SXRV
2026-04-23,1317.0,1323.19,1312.8,1323.19,11455.0,SXRV
2026-04-24,1324.8,1333.4,1323.0,1333.4,18442.0,SXRV
2026-04-27,1335.19,1337.4,1328.4,1331.19,11804.0,SXRV
2026-04-28,1335.4,1336.19,1318.0,1318.0,16992.0,SXRV
2026-04-29,1331.4,1334.59,1326.59,1333.4,15274.0,SXRV
2026-04-30,1336.19,1346.19,1326.4,1334.19,11562.0,SXRV
2026-05-04,1360.8,1364.0,1351.8,1354.59,21588.0,SXRV
2026-05-05,1363.8,1374.19,1363.0,1373.59,10909.0,SXRV
2026-05-06,1380.8,1390.19,1379.0,1389.8,16979.0,SXRV
2026-05-07,1398.0,1405.59,1393.19,1402.8,9268.0,SXRV
2026-05-08,1403.19,1417.59,1401.0,1417.59,6962.0,SXRV
2026-05-11,1425.0,1429.0,1419.8,1428.0,9593.0,SXRV
2026-05-12,1422.0,1427.0,1407.8,1409.4,11866.0,SXRV
2026-05-13,1430.0,1438.59,1421.19,1432.19,17999.0,SXRV
2026-05-14,1445.4,1459.19,1440.0,1456.8,15671.0,SXRV
2026-05-15,1446.4,1448.19,1432.59,1445.0,17342.0,SXRV
2026-05-18,1432.19,1444.8,1423.0,1426.0,17127.0,SXRV
2026-05-19,1427.19,1433.0,1413.59,1420.8,12711.0,SXRV
