date,sentiment_mean,sentiment_positive_ratio,sentiment_negative_ratio,news_count,relevance_weight_sum,sentiment_available,sentiment_source,n_alpha,n_guardian,gdelt_tone
2015-01-01,0.0,0.0,0.0,1,0.6449666142463685,1.0,FINBERT_ALPHA_GUARDIAN,0.0,1.0,
2015-01-02,-0.2697399831929816,0.0,0.2843983538632246,4,2.5012231111526493,1.0,FINBERT_ALPHA_GUARDIAN,0.0,4.0,
2015-01-03,0.1889192774851254,0.2838498247560964,0.0,3,1.641334336996079,1.0,FINBERT_ALPHA_GUARDIAN,0.0,3.0,
2015-01-04,0.0,0.0,0.0,2,1.2300588957965377,1.0,FINBERT_ALPHA_GUARDIAN,0.0,2.0,
2015-01-05,0.0,0.0,0.0,1,0.6515303492546082,1.0,FINBERT_ALPHA_GUARDIAN,0.0,1.0,
2015-01-06,-0.7207164108488676,0.0,0.7958858433546503,4,2.409834286570549,1.0,FINBERT_ALPHA_GUARDIAN,0.0,4.0,
2015-01-07,0.5084506769267637,0.6901893641255467,0.1169492916692171,6,3.2944002687931064,1.0,FINBERT_ALPHA_GUARDIAN,0.0,6.0,
2015-01-08,-0.3038157907621875,0.0,0.3226767818960599,4,2.1884476982057097,1.0,FINBERT_ALPHA_GUARDIAN,0.0,4.0,
2015-01-09,-0.1261953698943205,0.332978555536726,0.4911954839475851,6,3.7661261871457103,1.0,FINBERT_ALPHA_GUARDIAN,0.0,6.0,
2015-01-12,-0.9224225157229596,0.0,1.0,4,2.711821794509888,1.0,FINBERT_ALPHA_GUARDIAN,0.0,4.0,
2015-01-13,-0.3516015588533951,0.0769422727311125,0.4464789841085329,8,4.624653164297343,1.0,FINBERT_ALPHA_GUARDIAN,0.0,8.0,
2015-01-14,-0.2427693581661196,0.1523283947742199,0.4006643413450236,11,6.1599302716553215,1.0,FINBERT_ALPHA_GUARDIAN,0.0,11.0,
2015-01-15,-0.9112155843785184,0.0,1.0,6,4.002467566728592,1.0,FINBERT_ALPHA_GUARDIAN,0.0,6.0,
2015-01-16,-0.0937282106281019,0.2102930523570403,0.3175474644054857,10,6.290141903609038,1.0,FINBERT_ALPHA_GUARDIAN,0.0,10.0,
2015-01-17,0.0,0.0,0.0,2,1.1104885339736938,1.0,FINBERT_ALPHA_GUARDIAN,0.0,2.0,
2015-01-18,-0.3336582896682902,0.0,0.4108960850436742,3,1.4821739494800568,1.0,FINBERT_ALPHA_GUARDIAN,0.0,3.0,
2015-01-19,-0.3355967453549585,0.2229223314847218,0.5303659838990562,4,2.627229461073876,1.0,FINBERT_ALPHA_GUARDIAN,0.0,4.0,
2015-01-20,0.0569786864304506,0.2219136041595852,0.1360923786744089,10,5.793142689019442,1.0,FINBERT_ALPHA_GUARDIAN,0.0,10.0,
2015-01-21,0.0855502262439548,0.1468341109555352,0.0,5,2.777571749687195,1.0,FINBERT_ALPHA_GUARDIAN,0.0,5.0,
2015-01-22,-0.1120375390700739,0.0,0.1611534176796268,6,3.5051603466272354,1.0,FINBERT_ALPHA_GUARDIAN,0.0,6.0,
2015-01-23,0.4635775856008828,0.5205296602205549,0.0,2,1.1976488649845125,1.0,FINBERT_ALPHA_GUARDIAN,0.0,2.0,
2015-01-26,-0.080524814057638,0.3053722334827622,0.3072701498840997,11,6.09074577242136,1.0,FINBERT_ALPHA_GUARDIAN,0.0,11.0,
2015-01-27,-0.4812806568680956,0.0,0.5201995068443571,9,5.352459121495485,1.0,FINBERT_ALPHA_GUARDIAN,0.0,9.0,
2015-01-28,0.132968061095015,0.4140460067926354,0.2341941979963073,5,2.84371534883976,1.0,FINBERT_ALPHA_GUARDIAN,0.0,5.0,
2015-01-29,-0.0523409528308143,0.0,0.0854572347938671,9,5.016975643485785,1.0,FINBERT_ALPHA_GUARDIAN,0.0,9.0,
2015-01-30,-0.7063374767595944,0.0,0.7566314472598296,7,4.575612865388393,1.0,FINBERT_ALPHA_GUARDIAN,0.0,7.0,
2015-01-31,-0.1738919979383914,0.0,0.3548730743704439,2,0.9665660560131074,1.0,FINBERT_ALPHA_GUARDIAN,0.0,2.0,
2015-02-01,0.0,0.0,0.0,1,0.4509171545505524,1.0,FINBERT_ALPHA_GUARDIAN,0.0,1.0,
2015-02-02,0.3574249671950058,0.4518772221667979,0.0,4,2.3857964128255844,1.0,FINBERT_ALPHA_GUARDIAN,0.0,4.0,
2015-02-03,-0.1389078064965473,0.2993936658320966,0.4789872534870539,4,1.9339548245072369,1.0,FINBERT_ALPHA_GUARDIAN,0.0,4.0,
2015-02-04,-0.315325429104261,0.1586550566988696,0.5605134279621883,7,4.167890048027039,1.0,FINBERT_ALPHA_GUARDIAN,0.0,7.0,
2015-02-05,-0.1102128687399065,0.0,0.1623020114496622,5,2.928751624375582,1.0,FINBERT_ALPHA_GUARDIAN,0.0,5.0,
2015-02-06,0.0,0.0,0.0,3,1.872324085235596,1.0,FINBERT_ALPHA_GUARDIAN,0.0,3.0,
2015-02-08,-0.9165470367613354,0.0,1.0,2,1.2821965277194978,1.0,FINBERT_ALPHA_GUARDIAN,0.0,2.0,
2015-02-09,0.0,0.0,0.0,8,4.546718049049378,1.0,FINBERT_ALPHA_GUARDIAN,0.0,8.0,
2015-02-10,0.0198866634594854,0.2824614549684745,0.2667328518277145,11,5.830878368020057,1.0,FINBERT_ALPHA_GUARDIAN,0.0,11.0,
2015-02-11,0.0,0.0,0.0,5,2.7658910751342773,1.0,FINBERT_ALPHA_GUARDIAN,0.0,5.0,
2015-02-12,-0.2887150721133302,0.0,0.3015161429482235,4,2.381823533773422,1.0,FINBERT_ALPHA_GUARDIAN,0.0,4.0,
2015-02-13,-0.5997176574527124,0.0,0.6719288819947973,3,1.9220633417367932,1.0,FINBERT_ALPHA_GUARDIAN,0.0,3.0,
2015-02-14,0.0,0.0,0.0,1,0.6722042262554169,1.0,FINBERT_ALPHA_GUARDIAN,0.0,1.0,
2015-02-15,-0.8973577618598938,0.0,1.0,1,0.6281504333019258,1.0,FINBERT_ALPHA_GUARDIAN,0.0,1.0,
2015-02-16,-0.4159681777363462,0.2963332028550949,0.7036667971449051,3,1.9527774006128311,1.0,FINBERT_ALPHA_GUARDIAN,0.0,3.0,
2015-02-17,-0.0108889430101339,0.3343601950695247,0.2516776665556858,5,2.421293114125729,1.0,FINBERT_ALPHA_GUARDIAN,0.0,5.0,
2015-02-18,-0.1172188546897461,0.2083569253572946,0.3717702870153872,5,2.677549682557583,1.0,FINBERT_ALPHA_GUARDIAN,0.0,5.0,
2015-02-19,0.0,0.0,0.0,4,2.204649925231934,1.0,FINBERT_ALPHA_GUARDIAN,0.0,4.0,
2015-02-20,-0.6099906388842717,0.0,0.6609772839026651,5,3.14132239818573,1.0,FINBERT_ALPHA_GUARDIAN,0.0,5.0,
2015-02-21,0.341638563566129,0.4772089236791851,0.0,2,1.0501414835453031,1.0,FINBERT_ALPHA_GUARDIAN,0.0,2.0,
2015-02-23,-0.6365399284449854,0.0,0.7821330521740615,4,2.224770963191986,1.0,FINBERT_ALPHA_GUARDIAN,0.0,4.0,
2015-02-24,0.120360537535291,0.3251208903456219,0.2456477903655833,7,4.080016005039216,1.0,FINBERT_ALPHA_GUARDIAN,0.0,7.0,
2015-02-25,-0.6640506678517643,0.0,0.7942336453486449,5,2.9841632306575776,1.0,FINBERT_ALPHA_GUARDIAN,0.0,5.0,
2015-02-26,-0.0564274832793299,0.0839633339441445,0.1291469718207094,8,4.102070066332817,1.0,FINBERT_ALPHA_GUARDIAN,0.0,8.0,
2015-02-27,-0.2105100601397898,0.0,0.2433943504852104,4,2.487424504756928,1.0,FINBERT_ALPHA_GUARDIAN,0.0,4.0,
2015-02-28,0.0,0.0,0.0,1,0.643266099691391,1.0,FINBERT_ALPHA_GUARDIAN,0.0,1.0,
2015-03-01,-0.3518656189089351,0.0,0.5553408550675929,2,0.8556947112083435,1.0,FINBERT_ALPHA_GUARDIAN,0.0,2.0,
2015-03-02,-0.414193375492195,0.0,0.4678624518610595,5,3.035443246364593,1.0,FINBERT_ALPHA_GUARDIAN,0.0,5.0,
2015-03-03,-0.0875227462032231,0.2329524047727532,0.2876172549450064,4,2.1529401719570163,1.0,FINBERT_ALPHA_GUARDIAN,0.0,4.0,
2015-03-04,0.1258356725570082,0.3899949456597728,0.2157186763034002,5,3.0552163988351824,1.0,FINBERT_ALPHA_GUARDIAN,0.0,5.0,
2015-03-05,0.1859592679302704,0.2811059442989267,0.0,6,3.4348888128995894,1.0,FINBERT_ALPHA_GUARDIAN,0.0,6.0,
2015-03-06,-0.3138701218736839,0.0,0.3499847182816815,6,3.5873046994209288,1.0,FINBERT_ALPHA_GUARDIAN,0.0,6.0,
2015-03-07,-0.5583862338192699,0.0,0.5756979556886616,2,1.474189729988575,1.0,FINBERT_ALPHA_GUARDIAN,0.0,2.0,
2015-03-09,-0.3344091865714345,0.0,0.4556670731118875,4,2.1196620970964437,1.0,FINBERT_ALPHA_GUARDIAN,0.0,4.0,
2015-03-10,-0.3023678397628724,0.0,0.4847019091229429,6,2.693096662312746,1.0,FINBERT_ALPHA_GUARDIAN,0.0,6.0,
2015-03-11,-0.3139638521927813,0.0,0.3896266109543044,7,4.2082539975643165,1.0,FINBERT_ALPHA_GUARDIAN,0.0,7.0,
2015-03-12,0.0,0.0,0.0,5,2.9220148503780368,1.0,FINBERT_ALPHA_GUARDIAN,0.0,5.0,
2015-03-13,0.0,0.0,0.0,4,2.072633218765259,1.0,FINBERT_ALPHA_GUARDIAN,0.0,4.0,
2015-03-14,0.0,0.0,0.0,1,0.6089369177818299,1.0,FINBERT_ALPHA_GUARDIAN,0.0,1.0,
2015-03-15,-0.0091864102451219,0.4955032702900154,0.5044967297099846,2,1.4291092425584793,1.0,FINBERT_ALPHA_GUARDIAN,0.0,2.0,
2015-03-16,0.3586651331000563,0.4720818973177158,0.0,4,2.413297748565674,1.0,FINBERT_ALPHA_GUARDIAN,0.0,4.0,
2015-03-17,-0.2737393358330623,0.0,0.3944920144025869,5,2.972572135925293,1.0,FINBERT_ALPHA_GUARDIAN,0.0,5.0,
2015-03-18,-0.3526882545201755,0.0,0.4604978586975615,5,2.632609186321497,1.0,FINBERT_ALPHA_GUARDIAN,0.0,5.0,
2015-03-19,-0.3483085113336228,0.0,0.3624097117578936,3,1.9889583826065065,1.0,FINBERT_ALPHA_GUARDIAN,0.0,3.0,
2015-03-20,0.2225357095200867,0.4343276454138304,0.1566498088221013,7,4.130721643567085,1.0,FINBERT_ALPHA_GUARDIAN,0.0,7.0,
2015-03-21,0.0,0.0,0.0,1,0.5759608209133149,1.0,FINBERT_ALPHA_GUARDIAN,0.0,1.0,
2015-03-22,0.0,0.0,0.0,2,1.0782358765602114,1.0,FINBERT_ALPHA_GUARDIAN,0.0,2.0,
2015-03-23,-0.336441450324421,0.0,0.5395754788452455,2,0.8666951179504394,1.0,FINBERT_ALPHA_GUARDIAN,0.0,2.0,
2015-03-24,-0.2700193433968419,0.1972733696027702,0.4774130958676718,9,5.336895056813956,1.0,FINBERT_ALPHA_GUARDIAN,0.0,9.0,
2015-03-25,-0.4788903862533403,0.0,0.5475028840595234,6,3.612998463213444,1.0,FINBERT_ALPHA_GUARDIAN,0.0,6.0,
2015-03-26,-0.3072006252441721,0.0,0.368494703875363,9,5.057496589422225,1.0,FINBERT_ALPHA_GUARDIAN,0.0,9.0,
2015-03-27,-0.2706464373797895,0.0,0.2838451072330625,4,2.519421046972275,1.0,FINBERT_ALPHA_GUARDIAN,0.0,4.0,
2015-03-30,-0.3476521930558293,0.1273417513252641,0.5352722654302262,10,5.986451541632414,1.0,FINBERT_ALPHA_GUARDIAN,0.0,10.0,
2015-03-31,-0.4528740048530122,0.0,0.4901252931624871,4,2.7320749402046207,1.0,FINBERT_ALPHA_GUARDIAN,0.0,4.0,
2015-04-01,0.0978665250726173,0.2218977259111366,0.1533412165863279,5,3.0525374442338946,1.0,FINBERT_ALPHA_GUARDIAN,0.0,5.0,
2015-04-02,-0.2618655951784105,0.0,0.3341805657016561,3,1.7586415380239488,1.0,FINBERT_ALPHA_GUARDIAN,0.0,3.0,
2015-04-03,-0.0155850560507606,0.3189598219366347,0.334101229403925,6,4.241598719358445,1.0,FINBERT_ALPHA_GUARDIAN,0.0,6.0,
2015-04-04,0.0,0.0,0.0,3,1.8233963698148727,1.0,FINBERT_ALPHA_GUARDIAN,0.0,3.0,
2015-04-05,0.0,0.0,0.0,2,1.2321596682071687,1.0,FINBERT_ALPHA_GUARDIAN,0.0,2.0,
2015-04-06,-0.7816675901412964,0.0,1.0,1,0.5471673130989075,1.0,FINBERT_ALPHA_GUARDIAN,0.0,1.0,
2015-04-07,-0.0924336775682993,0.0,0.1772065982137316,4,2.2076576083898547,1.0,FINBERT_ALPHA_GUARDIAN,0.0,4.0,
2015-04-08,0.0,0.0,0.0,5,3.1338578820228578,1.0,FINBERT_ALPHA_GUARDIAN,0.0,5.0,
2015-04-09,-0.4093743346115216,0.0,0.4979732528121829,2,1.2381402492523192,1.0,FINBERT_ALPHA_GUARDIAN,0.0,2.0,
2015-04-10,-0.3392117835852061,0.1312082231428732,0.4471103797061407,5,3.0233835436403758,1.0,FINBERT_ALPHA_GUARDIAN,0.0,5.0,
2015-04-12,0.0,0.0,0.0,4,2.4658430427312847,1.0,FINBERT_ALPHA_GUARDIAN,0.0,4.0,
2015-04-13,-0.4861387101458134,0.0,0.5444892976890319,4,2.3497473776340487,1.0,FINBERT_ALPHA_GUARDIAN,0.0,4.0,
2015-04-14,-0.6034308651158169,0.0,0.6763446370229602,5,2.975846476107836,1.0,FINBERT_ALPHA_GUARDIAN,0.0,5.0,
2015-04-15,-0.2331005550174387,0.0,0.2484074869272566,10,6.3716666772961625,1.0,FINBERT_ALPHA_GUARDIAN,0.0,10.0,
2015-04-16,-0.0356638682854778,0.1984892213597568,0.2247738744237765,5,3.2183025836944585,1.0,FINBERT_ALPHA_GUARDIAN,0.0,5.0,
2015-04-17,-0.4197644196449724,0.1344092204451328,0.576648751936225,6,3.059587553143501,1.0,FINBERT_ALPHA_GUARDIAN,0.0,6.0,
2015-04-18,0.0,0.0,0.0,2,0.910542318224907,1.0,FINBERT_ALPHA_GUARDIAN,0.0,2.0,
2015-04-19,-0.5905060366682096,0.0,1.0,2,0.9552759878337383,1.0,FINBERT_ALPHA_GUARDIAN,0.0,2.0,
2015-04-20,0.1418892409837434,0.2285007335809267,0.0858117356069474,10,5.236253058910371,1.0,FINBERT_ALPHA_GUARDIAN,0.0,10.0,
2015-04-21,-0.3031143200164057,0.0,0.3953470399053982,7,4.157451942563057,1.0,FINBERT_ALPHA_GUARDIAN,0.0,7.0,
2015-04-22,-0.2357741290966546,0.1371998077443121,0.4409008821619245,9,5.318142659962177,1.0,FINBERT_ALPHA_GUARDIAN,0.0,9.0,
2015-04-23,-0.2004072844435132,0.1386684944195974,0.4377106874256224,8,4.766898620128632,1.0,FINBERT_ALPHA_GUARDIAN,0.0,8.0,
2015-04-24,-0.2775860581715009,0.1780359637937757,0.4941253751565565,6,3.891615605354309,1.0,FINBERT_ALPHA_GUARDIAN,0.0,6.0,
2015-04-25,0.0,0.0,0.0,4,2.258446949720383,1.0,FINBERT_ALPHA_GUARDIAN,0.0,4.0,
2015-04-26,-0.3426462788806865,0.0,0.5086745053706972,2,0.9931785702705384,1.0,FINBERT_ALPHA_GUARDIAN,0.0,2.0,
2015-04-27,-0.2221476629990825,0.0,0.2576391364473742,8,4.764059874415398,1.0,FINBERT_ALPHA_GUARDIAN,0.0,8.0,
2015-04-28,-0.3537105566299168,0.0,0.3715577677012826,3,1.921571704745293,1.0,FINBERT_ALPHA_GUARDIAN,0.0,3.0,
2015-04-29,-0.5551339159334936,0.0,0.6259976505161815,7,4.525425347685815,1.0,FINBERT_ALPHA_GUARDIAN,0.0,7.0,
2015-04-30,-0.2560801252733113,0.1384563087706954,0.4250112648999727,8,4.94568508118391,1.0,FINBERT_ALPHA_GUARDIAN,0.0,8.0,
2015-05-01,-0.3419715575350331,0.1510470605720756,0.5322214590240586,8,4.886696884781122,1.0,FINBERT_ALPHA_GUARDIAN,0.0,8.0,
2015-05-02,-0.1773918773825412,0.2801901686018425,0.3970912014998372,3,1.9843808420002464,1.0,FINBERT_ALPHA_GUARDIAN,0.0,3.0,
2015-05-03,0.0,0.0,0.0,1,0.5865060389041901,1.0,FINBERT_ALPHA_GUARDIAN,0.0,1.0,
2015-05-05,-0.689220993360796,0.0,0.7651188302675366,4,2.6748073369264604,1.0,FINBERT_ALPHA_GUARDIAN,0.0,4.0,
2015-05-06,-0.4516090430213668,0.0,0.620182462970554,6,3.3130813151597978,1.0,FINBERT_ALPHA_GUARDIAN,0.0,6.0,
2015-05-07,-0.5378974129210056,0.0,0.6479830774250834,6,3.534634710848332,1.0,FINBERT_ALPHA_GUARDIAN,0.0,6.0,
2015-05-08,-0.530904767882237,0.0,0.5579493376615277,4,2.4720164179801944,1.0,FINBERT_ALPHA_GUARDIAN,0.0,4.0,
2015-05-10,0.1946219807438866,0.3662040697103485,0.0,2,1.01588277220726,1.0,FINBERT_ALPHA_GUARDIAN,0.0,2.0,
2015-05-11,-0.4246304369130387,0.0,0.471712376422359,9,5.646558523923159,1.0,FINBERT_ALPHA_GUARDIAN,0.0,9.0,
2015-05-12,-0.5105638615995387,0.0,0.5394002916998228,4,2.631018456816673,1.0,FINBERT_ALPHA_GUARDIAN,0.0,4.0,
2015-05-13,-0.2192931396407504,0.1276175787604087,0.346748561382048,7,4.356324869394303,1.0,FINBERT_ALPHA_GUARDIAN,0.0,7.0,
2015-05-14,-0.3721570425091415,0.0,0.4554471795904705,2,1.2558802992105484,1.0,FINBERT_ALPHA_GUARDIAN,0.0,2.0,
2015-05-15,0.1603318969531259,0.4532950567848464,0.1835103120488801,6,3.575141804665327,1.0,FINBERT_ALPHA_GUARDIAN,0.0,6.0,
2015-05-17,-0.6217213212097136,0.0,0.6382536936948969,2,1.0683341905474664,1.0,FINBERT_ALPHA_GUARDIAN,0.0,2.0,
2015-05-18,-0.0877441899294552,0.0,0.165969470206848,4,2.2297696173191075,1.0,FINBERT_ALPHA_GUARDIAN,0.0,4.0,
2015-05-19,-0.4951628015072268,0.0,0.5385191496445929,2,1.3872958220541478,1.0,FINBERT_ALPHA_GUARDIAN,0.0,2.0,
2015-05-20,-0.5618495073994112,0.0,0.6392698617934764,8,4.91079947128892,1.0,FINBERT_ALPHA_GUARDIAN,0.0,8.0,
2015-05-21,-0.4635591433541853,0.0,0.5023172754121786,6,3.854829126596451,1.0,FINBERT_ALPHA_GUARDIAN,0.0,6.0,
2015-05-22,0.0,0.0,0.0,3,1.7694538533687592,1.0,FINBERT_ALPHA_GUARDIAN,0.0,3.0,
2015-05-23,0.0,0.0,0.0,1,0.5963347017765046,1.0,FINBERT_ALPHA_GUARDIAN,0.0,1.0,
2015-05-24,-0.4269778910059137,0.0,0.4917412936794529,2,1.324321080744267,1.0,FINBERT_ALPHA_GUARDIAN,0.0,2.0,
2015-05-26,-0.3764438324755799,0.0,0.4374618264589296,7,4.341971042752266,1.0,FINBERT_ALPHA_GUARDIAN,0.0,7.0,
2015-05-27,-0.1222462051079566,0.0,0.1548470698230119,6,3.568843000382185,1.0,FINBERT_ALPHA_GUARDIAN,0.0,6.0,
2015-05-28,-0.3409268269331728,0.0,0.3510947145383481,4,2.247170179337264,1.0,FINBERT_ALPHA_GUARDIAN,0.0,4.0,
2015-05-29,-0.3035349656225317,0.0,0.358013798128995,3,1.924121827632189,1.0,FINBERT_ALPHA_GUARDIAN,0.0,3.0,
2015-05-30,-0.3871495740258975,0.0,0.4207187462445801,3,1.7771268486976626,1.0,FINBERT_ALPHA_GUARDIAN,0.0,3.0,
2015-05-31,-0.92948716878891,0.0,1.0,1,0.7087339662015439,1.0,FINBERT_ALPHA_GUARDIAN,0.0,1.0,
2015-06-01,0.0,0.0,0.0,3,1.6979526162147525,1.0,FINBERT_ALPHA_GUARDIAN,0.0,3.0,
2015-06-02,-0.611528439702047,0.0,0.6815636862962527,6,3.8148370459675793,1.0,FINBERT_ALPHA_GUARDIAN,0.0,6.0,
2015-06-03,-0.4847208388646533,0.0840018591063463,0.633196165714763,7,3.492395132780075,1.0,FINBERT_ALPHA_GUARDIAN,0.0,7.0,
2015-06-04,-0.3039160665658815,0.24188374763096,0.5378409217236267,4,2.500632506608963,1.0,FINBERT_ALPHA_GUARDIAN,0.0,4.0,
2015-06-05,-0.8885324707343811,0.0,1.0,3,1.947948080301285,1.0,FINBERT_ALPHA_GUARDIAN,0.0,3.0,
2015-06-06,0.0,0.0,0.0,1,0.5816549599170685,1.0,FINBERT_ALPHA_GUARDIAN,0.0,1.0,
2015-06-08,-0.3042075981047711,0.0,0.3280514308291353,3,1.9787194579839704,1.0,FINBERT_ALPHA_GUARDIAN,0.0,3.0,
2015-06-09,-0.5842171136887803,0.0,0.646911276038633,5,3.0480333119630814,1.0,FINBERT_ALPHA_GUARDIAN,0.0,5.0,
2015-06-10,-0.8192156283197547,0.0,1.0,3,1.746686536073685,1.0,FINBERT_ALPHA_GUARDIAN,0.0,3.0,
2015-06-11,-0.4043681563024477,0.0,0.4875652563425222,8,4.834599896520377,1.0,FINBERT_ALPHA_GUARDIAN,0.0,8.0,
2015-06-12,-0.3670422902208087,0.0,0.4414500899581937,9,5.22073559165001,1.0,FINBERT_ALPHA_GUARDIAN,0.0,9.0,
2015-06-13,0.2314890140139397,0.3977940817262069,0.0,2,1.0240279018878935,1.0,FINBERT_ALPHA_GUARDIAN,0.0,2.0,
2015-06-14,0.0,0.0,0.0,2,1.1028437495231629,1.0,FINBERT_ALPHA_GUARDIAN,0.0,2.0,
2015-06-15,-0.7381431058866089,0.0,1.0,3,1.5056444734334944,1.0,FINBERT_ALPHA_GUARDIAN,0.0,3.0,
2015-06-16,0.197021561317722,0.5497507555145604,0.275231867699909,7,3.773786872625351,1.0,FINBERT_ALPHA_GUARDIAN,0.0,7.0,
2015-06-17,-0.5382979249843225,0.0,0.5773523965624012,4,2.5230136387050157,1.0,FINBERT_ALPHA_GUARDIAN,0.0,4.0,
2015-06-18,-0.2590116291518407,0.0,0.3187788419170462,6,3.5600687623023988,1.0,FINBERT_ALPHA_GUARDIAN,0.0,6.0,
2015-06-19,0.0267047267025785,0.2132541395954006,0.191168596161421,5,3.1683176532387733,1.0,FINBERT_ALPHA_GUARDIAN,0.0,5.0,
2015-06-20,0.0,0.0,0.0,1,0.3512027978897095,1.0,FINBERT_ALPHA_GUARDIAN,0.0,1.0,
2015-06-22,-0.2703169493071493,0.1671272454710304,0.477194339378458,6,3.7524970799684527,1.0,FINBERT_ALPHA_GUARDIAN,0.0,6.0,
2015-06-23,0.0,0.0,0.0,4,2.3225758969783783,1.0,FINBERT_ALPHA_GUARDIAN,0.0,4.0,
2015-06-24,-0.0689513091723127,0.1430630003609676,0.1919801048650099,6,3.464330869913101,1.0,FINBERT_ALPHA_GUARDIAN,0.0,6.0,
2015-06-25,-0.4607234605650214,0.0,0.5278712786691742,4,2.292203497886658,1.0,FINBERT_ALPHA_GUARDIAN,0.0,4.0,
2015-06-26,-0.1575213816886906,0.0,0.260516674734508,3,1.6246750093996525,1.0,FINBERT_ALPHA_GUARDIAN,0.0,3.0,
2015-06-27,0.0,0.0,0.0,2,0.8935061812400817,1.0,FINBERT_ALPHA_GUARDIAN,0.0,2.0,
2015-06-28,-0.2541630855681846,0.0,0.2630679065840448,4,2.570838390290737,1.0,FINBERT_ALPHA_GUARDIAN,0.0,4.0,
2015-06-29,-0.3583074180526125,0.0,0.4211896204544423,5,2.8762950584292413,1.0,FINBERT_ALPHA_GUARDIAN,0.0,5.0,
2015-06-30,-0.3318547746400557,0.0,0.4736083613857492,2,1.1096106380224229,1.0,FINBERT_ALPHA_GUARDIAN,0.0,2.0,
2015-07-01,-0.3258359720218549,0.0,0.3480597732659008,7,4.028283414244652,1.0,FINBERT_ALPHA_GUARDIAN,0.0,7.0,
2015-07-02,-0.229383170205175,0.0,0.303873539041723,3,1.7388968586921694,1.0,FINBERT_ALPHA_GUARDIAN,0.0,3.0,
2015-07-03,-0.7759791402959816,0.0,1.0,2,1.1141235440969468,1.0,FINBERT_ALPHA_GUARDIAN,0.0,2.0,
2015-07-04,-0.3569347057194043,0.0,0.3728696148411153,3,1.797102421522141,1.0,FINBERT_ALPHA_GUARDIAN,0.0,3.0,
2015-07-05,0.0,0.0,0.0,3,1.5224982142448429,1.0,FINBERT_ALPHA_GUARDIAN,0.0,3.0,
2015-07-06,-0.4864937626889102,0.1119594179515284,0.610481042239134,7,4.419969795644283,1.0,FINBERT_ALPHA_GUARDIAN,0.0,7.0,
2015-07-07,-0.1199066162541495,0.0,0.2366082523144473,3,1.499275389313698,1.0,FINBERT_ALPHA_GUARDIAN,0.0,3.0,
2015-07-08,-0.7542280617590384,0.0,0.8274097467627014,9,5.533944700658322,1.0,FINBERT_ALPHA_GUARDIAN,0.0,9.0,
2015-07-09,-0.7217392454298788,0.0,0.8453788348155437,6,3.659239187836647,1.0,FINBERT_ALPHA_GUARDIAN,0.0,6.0,
2015-07-10,0.0,0.0,0.0,1,0.6600850760936737,1.0,FINBERT_ALPHA_GUARDIAN,0.0,1.0,
2015-07-11,-0.3436150043107064,0.2460217496353807,0.4848839405403025,3,1.476130074262619,1.0,FINBERT_ALPHA_GUARDIAN,0.0,3.0,
2015-07-12,0.0,0.0,0.0,2,0.928110882639885,1.0,FINBERT_ALPHA_GUARDIAN,0.0,2.0,
2015-07-13,0.2900867243799355,0.3851373684067173,0.0,7,3.88281859755516,1.0,FINBERT_ALPHA_GUARDIAN,0.0,7.0,
2015-07-14,0.0570704530868307,0.3334149775394457,0.2891473339037986,7,3.658955526351929,1.0,FINBERT_ALPHA_GUARDIAN,0.0,7.0,
2015-07-15,0.0156937745472734,0.2058669709076916,0.1968892401776154,5,3.0382018744945527,1.0,FINBERT_ALPHA_GUARDIAN,0.0,5.0,
2015-07-16,-0.0337658651281292,0.3161002725287389,0.3907371916975961,7,4.571843998879195,1.0,FINBERT_ALPHA_GUARDIAN,0.0,7.0,
2015-07-17,-0.1716654184819821,0.0,0.232487433107159,4,2.223217189311981,1.0,FINBERT_ALPHA_GUARDIAN,0.0,4.0,
2015-07-18,0.0256896726313935,0.2488196647255456,0.2336931416509693,4,2.463818156719208,1.0,FINBERT_ALPHA_GUARDIAN,0.0,4.0,
2015-07-19,0.0,0.0,0.0,1,0.694243811070919,1.0,FINBERT_ALPHA_GUARDIAN,0.0,1.0,
2015-07-20,-0.329491624772262,0.0920148739959058,0.4165544114366907,8,4.669505456089974,1.0,FINBERT_ALPHA_GUARDIAN,0.0,8.0,
2015-07-21,-0.221949452399687,0.0935623246344918,0.3390172958782969,10,5.610935519635678,1.0,FINBERT_ALPHA_GUARDIAN,0.0,10.0,
2015-07-22,-0.1495655967239761,0.2030158899549866,0.2867945890943743,4,2.537527334690094,1.0,FINBERT_ALPHA_GUARDIAN,0.0,4.0,
2015-07-23,0.0865165263072883,0.3839993616686085,0.271662500943584,8,5.242074822634459,1.0,FINBERT_ALPHA_GUARDIAN,0.0,8.0,
2015-07-24,-0.2527397292371889,0.0,0.3122279992673852,6,3.7601224206388,1.0,FINBERT_ALPHA_GUARDIAN,0.0,6.0,
2015-07-25,0.0,0.0,0.0,1,0.4067581303417683,1.0,FINBERT_ALPHA_GUARDIAN,0.0,1.0,
2015-07-26,-0.1846106314261028,0.0,0.2833802337428408,3,1.6092208072543144,1.0,FINBERT_ALPHA_GUARDIAN,0.0,3.0,
2015-07-27,0.0,0.0,0.0,3,1.8467923939228057,1.0,FINBERT_ALPHA_GUARDIAN,0.0,3.0,
2015-07-28,-0.2666587069575895,0.252775929407128,0.5379914850166908,4,2.461490455269814,1.0,FINBERT_ALPHA_GUARDIAN,0.0,4.0,
2015-07-29,0.3597301742245805,0.7273068488616755,0.2726931511383245,4,2.6278569236397744,1.0,FINBERT_ALPHA_GUARDIAN,0.0,4.0,
2015-07-30,-0.0913573967657751,0.2223081213234496,0.3589704791195195,5,2.8450741082429887,1.0,FINBERT_ALPHA_GUARDIAN,0.0,5.0,
2015-07-31,-0.0929185560668131,0.0,0.1499576878338253,5,2.892431092262268,1.0,FINBERT_ALPHA_GUARDIAN,0.0,5.0,
2015-08-01,-0.585527825428377,0.0,0.6661157303761122,3,1.9520885199308395,1.0,FINBERT_ALPHA_GUARDIAN,0.0,3.0,
2015-08-02,0.6406143093762912,1.0,0.0,2,0.8166311949491502,1.0,FINBERT_ALPHA_GUARDIAN,0.0,2.0,
2015-08-03,-0.717777497169329,0.0,0.7520089152691052,3,1.839615923166275,1.0,FINBERT_ALPHA_GUARDIAN,0.0,3.0,
2015-08-04,-0.4488281918925642,0.0,0.5072719505911784,8,5.1200711101293575,1.0,FINBERT_ALPHA_GUARDIAN,0.0,8.0,
2015-08-05,-0.0274327013400417,0.2774110321165199,0.2947641805312019,4,2.4191999174654484,1.0,FINBERT_ALPHA_GUARDIAN,0.0,4.0,
2015-08-06,-0.8356888651992929,0.0,1.0,5,2.8908849328756334,1.0,FINBERT_ALPHA_GUARDIAN,0.0,5.0,
2015-08-07,0.1280557294321206,0.2996191007406865,0.1495807639678665,12,7.894123201072216,1.0,FINBERT_ALPHA_GUARDIAN,0.0,12.0,
2015-08-08,0.0,0.0,0.0,1,0.5895567595958711,1.0,FINBERT_ALPHA_GUARDIAN,0.0,1.0,
2015-08-09,-0.6013779791020092,0.0,0.6938883976398941,3,1.8172451935708525,1.0,FINBERT_ALPHA_GUARDIAN,0.0,3.0,
2015-08-10,0.0,0.0,0.0,4,2.5666024640202525,1.0,FINBERT_ALPHA_GUARDIAN,0.0,4.0,
2015-08-11,0.0,0.0,0.0,7,4.025990723073482,1.0,FINBERT_ALPHA_GUARDIAN,0.0,7.0,
2015-08-12,-0.6372604767960856,0.0,0.6902267932205355,3,2.086845532804728,1.0,FINBERT_ALPHA_GUARDIAN,0.0,3.0,
2015-08-13,-0.181969671945045,0.0,0.2499528232059739,8,3.9066168710589406,1.0,FINBERT_ALPHA_GUARDIAN,0.0,8.0,
2015-08-14,0.4811370723717641,0.5819579656019467,0.0,7,3.9863778680562976,1.0,FINBERT_ALPHA_GUARDIAN,0.0,7.0,
2015-08-15,0.0,0.0,0.0,1,0.6086254954338074,1.0,FINBERT_ALPHA_GUARDIAN,0.0,1.0,
2015-08-16,0.3235147673674799,0.343880176815735,0.0,3,1.9150400757789612,1.0,FINBERT_ALPHA_GUARDIAN,0.0,3.0,
2015-08-17,0.0396473215089994,0.3030464789049452,0.2671546811708057,4,2.218876550346613,1.0,FINBERT_ALPHA_GUARDIAN,0.0,4.0,
2015-08-18,-0.1055033010194636,0.361776131846084,0.4181587160635431,5,3.106903351843357,1.0,FINBERT_ALPHA_GUARDIAN,0.0,5.0,
2015-08-19,-0.0225907703971492,0.3397122628313435,0.35160570120902,3,2.0606632977724075,1.0,FINBERT_ALPHA_GUARDIAN,0.0,3.0,
2015-08-20,-0.3368115361041415,0.0,0.4835892874345103,4,1.9797610834240915,1.0,FINBERT_ALPHA_GUARDIAN,0.0,4.0,
2015-08-21,-0.5809781892164911,0.0,0.7114474858361874,3,1.6495459996163846,1.0,FINBERT_ALPHA_GUARDIAN,0.0,3.0,
2015-08-22,-0.94417405128479,0.0,1.0,1,0.7081305384635925,1.0,FINBERT_ALPHA_GUARDIAN,0.0,1.0,
2015-08-23,-0.2302529696437947,0.0,0.4444680984694788,2,0.8158721148967742,1.0,FINBERT_ALPHA_GUARDIAN,0.0,2.0,
2015-08-24,-0.5881898759988639,0.0866059134285682,0.7005554842893906,10,5.913971921801567,1.0,FINBERT_ALPHA_GUARDIAN,0.0,10.0,
2015-08-25,-0.5665653232463681,0.0,0.6537871441523182,11,7.041487862914801,1.0,FINBERT_ALPHA_GUARDIAN,0.0,11.0,
2015-08-26,-0.5310368988977497,0.1392130646977805,0.7695552450689858,8,4.901440410315991,1.0,FINBERT_ALPHA_GUARDIAN,0.0,8.0,
2015-08-27,0.4954628059628654,0.7302667672169044,0.1397008751049187,7,4.842624378204346,1.0,FINBERT_ALPHA_GUARDIAN,0.0,7.0,
2015-08-28,-0.1671620398909385,0.248064398539821,0.4101717726899752,8,5.4285022653639325,1.0,FINBERT_ALPHA_GUARDIAN,0.0,8.0,
2015-08-29,0.0,0.0,0.0,1,0.3690714061260223,1.0,FINBERT_ALPHA_GUARDIAN,0.0,1.0,
2015-08-30,-0.5056236615695899,0.0,0.7683184160563303,5,2.6902411341667176,1.0,FINBERT_ALPHA_GUARDIAN,0.0,5.0,
2015-09-01,-0.4456481691476731,0.0,0.4699328325355437,7,4.663983171433211,1.0,FINBERT_ALPHA_GUARDIAN,0.0,7.0,
2015-09-02,-0.4422851157625128,0.1008337351234064,0.5504067479830915,6,3.5463884413242344,1.0,FINBERT_ALPHA_GUARDIAN,0.0,6.0,
2015-09-03,-0.3933059212563988,0.0,0.4186026520441283,5,3.3948542758822446,1.0,FINBERT_ALPHA_GUARDIAN,0.0,5.0,
2015-09-04,-0.678518267590656,0.0,0.8011599059577722,5,3.2983956202864646,1.0,FINBERT_ALPHA_GUARDIAN,0.0,5.0,
2015-09-05,0.9099247455596924,1.0,0.0,1,0.6938176184892655,1.0,FINBERT_ALPHA_GUARDIAN,0.0,1.0,
2015-09-06,0.0,0.0,0.0,2,1.173130363225937,1.0,FINBERT_ALPHA_GUARDIAN,0.0,2.0,
2015-09-07,0.0,0.0,0.0,3,1.7708543449640275,1.0,FINBERT_ALPHA_GUARDIAN,0.0,3.0,
2015-09-08,-0.3545113101674463,0.0,0.473165971703519,2,1.187584033608437,1.0,FINBERT_ALPHA_GUARDIAN,0.0,2.0,
2015-09-09,0.4391779475539182,0.5240613316593812,0.0,4,2.2769339829683304,1.0,FINBERT_ALPHA_GUARDIAN,0.0,4.0,
2015-09-10,0.0,0.0,0.0,2,1.0754169672727585,1.0,FINBERT_ALPHA_GUARDIAN,0.0,2.0,
2015-09-11,0.0,0.0,0.0,5,2.466984909772873,1.0,FINBERT_ALPHA_GUARDIAN,0.0,5.0,
2015-09-12,-0.9440834522247314,0.0,1.0,1,0.660858416557312,1.0,FINBERT_ALPHA_GUARDIAN,0.0,1.0,
2015-09-13,0.0,0.0,0.0,2,0.8592831432819368,1.0,FINBERT_ALPHA_GUARDIAN,0.0,2.0,
2015-09-14,-0.1405879732623412,0.1868812410801034,0.3502447644005244,6,3.142781855911016,1.0,FINBERT_ALPHA_GUARDIAN,0.0,6.0,
2015-09-15,-0.2906844012395722,0.0,0.3575447233731569,3,1.9896149426698684,1.0,FINBERT_ALPHA_GUARDIAN,0.0,3.0,
2015-09-16,0.2432179177090712,0.3191485469730511,0.0,6,3.50691909044981,1.0,FINBERT_ALPHA_GUARDIAN,0.0,6.0,
2015-09-17,-0.3880361252527749,0.0,0.4909943755669758,7,4.500535173714161,1.0,FINBERT_ALPHA_GUARDIAN,0.0,7.0,
2015-09-18,-0.541076544828415,0.0,0.6382613967864672,8,5.260368786752224,1.0,FINBERT_ALPHA_GUARDIAN,0.0,8.0,
2015-09-19,0.2702800821185213,0.4073234746301671,0.0,2,1.1403369650244717,1.0,FINBERT_ALPHA_GUARDIAN,0.0,2.0,
2015-09-20,-0.5453087578004259,0.0,0.6584277204542894,5,2.6441842764616013,1.0,FINBERT_ALPHA_GUARDIAN,0.0,5.0,
2015-09-21,0.0812940528128216,0.2711141917654738,0.2150394362400859,4,1.9784055031836036,1.0,FINBERT_ALPHA_GUARDIAN,0.0,4.0,
2015-09-22,-0.0590047973651327,0.2363571442903863,0.2808369048537508,7,3.829145404696465,1.0,FINBERT_ALPHA_GUARDIAN,0.0,7.0,
2015-09-23,-0.630149562319331,0.0,0.7302141708903053,4,2.3750022798776627,1.0,FINBERT_ALPHA_GUARDIAN,0.0,4.0,
2015-09-24,-0.3480031567990824,0.0939190177258813,0.4985520624086775,10,6.266618463397025,1.0,FINBERT_ALPHA_GUARDIAN,0.0,10.0,
2015-09-25,-0.2628754877092393,0.0,0.3211533156904805,6,3.475495883822441,1.0,FINBERT_ALPHA_GUARDIAN,0.0,6.0,
2015-09-27,-0.4702800647668932,0.0,0.5677701846663537,4,2.033704674243927,1.0,FINBERT_ALPHA_GUARDIAN,0.0,4.0,
2015-09-28,-0.4653611976759831,0.0,0.4973228106975475,7,4.219775021076202,1.0,FINBERT_ALPHA_GUARDIAN,0.0,7.0,
2015-09-29,-0.4046047513692931,0.0,0.4195323165147337,6,3.7355370543897153,1.0,FINBERT_ALPHA_GUARDIAN,0.0,6.0,
2015-09-30,-0.2309055135593342,0.1958929872266963,0.4288029765807886,5,3.0077427566051487,1.0,FINBERT_ALPHA_GUARDIAN,0.0,5.0,
2015-10-01,-0.4613713708484919,0.0,0.5454331384950626,8,4.426224740594626,1.0,FINBERT_ALPHA_GUARDIAN,0.0,8.0,
2015-10-02,-0.2943069919185264,0.0,0.3025760469683685,4,2.6118898645043376,1.0,FINBERT_ALPHA_GUARDIAN,0.0,4.0,
2015-10-04,-0.2547480463186055,0.0,0.4212576906722794,2,1.1663759239017963,1.0,FINBERT_ALPHA_GUARDIAN,0.0,2.0,
2015-10-05,-0.4298190720034547,0.0,0.4639240038585455,7,4.388879880309105,1.0,FINBERT_ALPHA_GUARDIAN,0.0,7.0,
2015-10-06,-0.3626405922777029,0.0,0.4169496561203364,5,3.024282086640597,1.0,FINBERT_ALPHA_GUARDIAN,0.0,5.0,
2015-10-07,-0.1765830996718264,0.0940912205662886,0.2628499975551236,9,5.025724144279957,1.0,FINBERT_ALPHA_GUARDIAN,0.0,9.0,
2015-10-08,-0.3692971627815684,0.0,0.4497363112093904,4,2.2989649027585983,1.0,FINBERT_ALPHA_GUARDIAN,0.0,4.0,
2015-10-09,0.1962000226181158,0.3974035366015831,0.246184630916761,6,3.3034695833921432,1.0,FINBERT_ALPHA_GUARDIAN,0.0,6.0,
2015-10-10,0.0,0.0,0.0,1,0.5367644131183624,1.0,FINBERT_ALPHA_GUARDIAN,0.0,1.0,
2015-10-11,-0.4641272096439892,0.0,0.5292373616460844,2,1.159936136007309,1.0,FINBERT_ALPHA_GUARDIAN,0.0,2.0,
2015-10-12,0.3146879117151926,0.3666023998110959,0.0,3,1.7561059594154358,1.0,FINBERT_ALPHA_GUARDIAN,0.0,3.0,
2015-10-13,-0.091601902179711,0.2076313063911153,0.3170658656095109,10,5.766651177406311,1.0,FINBERT_ALPHA_GUARDIAN,0.0,10.0,
2015-10-14,-0.369815233086077,0.0,0.4395283139316768,9,5.265974816679955,1.0,FINBERT_ALPHA_GUARDIAN,0.0,9.0,
2015-10-15,-0.4134541521464611,0.1530676013864095,0.5669542828510534,6,4.058468744903803,1.0,FINBERT_ALPHA_GUARDIAN,0.0,6.0,
2015-10-16,0.0126725253055401,0.2077142766055043,0.1932574028279824,5,3.0374671787023546,1.0,FINBERT_ALPHA_GUARDIAN,0.0,5.0,
2015-10-17,-0.5372713445361798,0.0,0.5708856630208011,4,2.38806985616684,1.0,FINBERT_ALPHA_GUARDIAN,0.0,4.0,
2015-10-18,-0.3399046089931725,0.0,0.3534113111064602,3,2.075085573643446,1.0,FINBERT_ALPHA_GUARDIAN,0.0,3.0,
2015-10-19,-0.4915213484247648,0.0,0.5397198285913587,2,1.3709733337163923,1.0,FINBERT_ALPHA_GUARDIAN,0.0,2.0,
2015-10-20,-0.4738074044222127,0.0,0.5161703305316413,2,1.2448407828807833,1.0,FINBERT_ALPHA_GUARDIAN,0.0,2.0,
2015-10-21,0.6901181747405767,0.7909062871130201,0.0,3,1.714436999708414,1.0,FINBERT_ALPHA_GUARDIAN,0.0,3.0,
2015-10-22,0.0519795994722893,0.3430218066302013,0.346220490820902,10,5.542005052417517,1.0,FINBERT_ALPHA_GUARDIAN,0.0,10.0,
2015-10-23,0.0949598877364532,0.2941302985373975,0.2283431265082662,4,2.569517686218024,1.0,FINBERT_ALPHA_GUARDIAN,0.0,4.0,
2015-10-24,0.0,0.0,0.0,1,0.5780794441699982,1.0,FINBERT_ALPHA_GUARDIAN,0.0,1.0,
2015-10-25,-0.368443805730296,0.0,0.424150160076928,5,2.9019099868834024,1.0,FINBERT_ALPHA_GUARDIAN,0.0,5.0,
2015-10-26,-0.7665001640734451,0.0,0.8504153540788298,7,4.728390143811703,1.0,FINBERT_ALPHA_GUARDIAN,0.0,7.0,
2015-10-27,-0.3535150724079178,0.0,0.4699074511567278,6,3.051947142183781,1.0,FINBERT_ALPHA_GUARDIAN,0.0,6.0,
2015-10-28,0.0,0.0,0.0,4,2.485812158882618,1.0,FINBERT_ALPHA_GUARDIAN,0.0,4.0,
2015-10-29,-0.1835124027531106,0.2356861781974559,0.359683181031843,7,3.929958379268647,1.0,FINBERT_ALPHA_GUARDIAN,0.0,7.0,
2015-10-30,-0.4634465576214148,0.0,0.5419330643688858,6,3.368768706917763,1.0,FINBERT_ALPHA_GUARDIAN,0.0,6.0,
2015-10-31,0.0,0.0,0.0,1,0.5913747251033784,1.0,FINBERT_ALPHA_GUARDIAN,0.0,1.0,
2015-11-01,0.0,0.0,0.0,3,2.002319364994764,1.0,FINBERT_ALPHA_GUARDIAN,0.0,3.0,
2015-11-02,0.0,0.0,0.0,2,1.1564529150724412,1.0,FINBERT_ALPHA_GUARDIAN,0.0,2.0,
2015-11-03,-0.4135795136092172,0.0,0.5123242190305662,4,2.106701822578908,1.0,FINBERT_ALPHA_GUARDIAN,0.0,4.0,
2015-11-04,-0.3285061204923789,0.0,0.3430061760323841,7,4.188113942742348,1.0,FINBERT_ALPHA_GUARDIAN,0.0,7.0,
2015-11-05,-0.418199230373784,0.1333499283251428,0.5845883163708117,7,4.340216386318207,1.0,FINBERT_ALPHA_GUARDIAN,0.0,7.0,
2015-11-06,0.0190764260616893,0.2297567734966277,0.2012484117389149,9,5.42848351597786,1.0,FINBERT_ALPHA_GUARDIAN,0.0,9.0,
2015-11-07,0.0,0.0,0.0,4,2.099638172984123,1.0,FINBERT_ALPHA_GUARDIAN,0.0,4.0,
2015-11-08,-0.2879617732908427,0.0,0.3452868422874238,3,1.690724402666092,1.0,FINBERT_ALPHA_GUARDIAN,0.0,3.0,
2015-11-09,-0.1718083711527878,0.2138418746159488,0.327679049351523,4,2.413684944063425,1.0,FINBERT_ALPHA_GUARDIAN,0.0,4.0,
2015-11-10,-0.5131911396251135,0.0,0.6021773045330382,5,3.019878247380257,1.0,FINBERT_ALPHA_GUARDIAN,0.0,5.0,
2015-11-11,-0.5857762053393675,0.0,0.7072437031457528,7,4.156236526370049,1.0,FINBERT_ALPHA_GUARDIAN,0.0,7.0,
2015-11-12,-0.5202489267066183,0.0,0.5616880475425435,4,2.390833792090416,1.0,FINBERT_ALPHA_GUARDIAN,0.0,4.0,
2015-11-13,-0.4226170016197796,0.0,0.4422064117413133,3,1.7559828236699104,1.0,FINBERT_ALPHA_GUARDIAN,0.0,3.0,
2015-11-14,-0.5373561467078904,0.0,0.5961292104291079,2,1.0584721982479095,1.0,FINBERT_ALPHA_GUARDIAN,0.0,2.0,
2015-11-15,-0.4077704874372043,0.0,0.5185200360640505,8,4.111611530929804,1.0,FINBERT_ALPHA_GUARDIAN,0.0,8.0,
2015-11-16,-0.1632132570983283,0.0,0.1860531654696467,6,3.300497019290925,1.0,FINBERT_ALPHA_GUARDIAN,0.0,6.0,
2015-11-17,-0.2245217337369275,0.3282219175337268,0.6717780824662731,7,3.937791529297829,1.0,FINBERT_ALPHA_GUARDIAN,0.0,7.0,
2015-11-18,-0.9350380473179882,0.0,1.0,2,1.4025419354438782,1.0,FINBERT_ALPHA_GUARDIAN,0.0,2.0,
2015-11-19,-0.1514398399023278,0.1765786433870743,0.3435633933349484,6,3.735800191760063,1.0,FINBERT_ALPHA_GUARDIAN,0.0,6.0,
2015-11-20,0.4337932523745538,0.5339579232160169,0.0,4,2.2734953314065933,1.0,FINBERT_ALPHA_GUARDIAN,0.0,4.0,
2015-11-21,0.0,0.0,0.0,1,0.6267970979213715,1.0,FINBERT_ALPHA_GUARDIAN,0.0,1.0,
2015-11-22,0.289603163443258,0.3067855865522486,0.0,4,2.500096475332976,1.0,FINBERT_ALPHA_GUARDIAN,0.0,4.0,
2015-11-23,-0.2698115910624332,0.0,0.3280303300500095,3,1.880588883161545,1.0,FINBERT_ALPHA_GUARDIAN,0.0,3.0,
2015-11-24,-0.2596392022500046,0.0,0.3118942476590521,3,1.868329951167107,1.0,FINBERT_ALPHA_GUARDIAN,0.0,3.0,
2015-11-25,-0.1094637107217231,0.0,0.213685650143805,3,1.6780986547470094,1.0,FINBERT_ALPHA_GUARDIAN,0.0,3.0,
2015-11-26,0.0,0.0,0.0,3,1.7551384270191197,1.0,FINBERT_ALPHA_GUARDIAN,0.0,3.0,
2015-11-27,-0.4084846822949696,0.0,0.4715596781527772,2,1.285880144685507,1.0,FINBERT_ALPHA_GUARDIAN,0.0,2.0,
2015-11-28,-0.9184583425521852,0.0,1.0,1,0.6888437569141389,1.0,FINBERT_ALPHA_GUARDIAN,0.0,1.0,
2015-11-29,-0.1706875881658013,0.0,0.3510803933589551,2,0.969363871216774,1.0,FINBERT_ALPHA_GUARDIAN,0.0,2.0,
2015-11-30,0.0,0.0,0.0,3,1.804807871580124,1.0,FINBERT_ALPHA_GUARDIAN,0.0,3.0,
2015-12-01,-0.2687120101324916,0.0,0.3000156068511245,7,4.541794472187758,1.0,FINBERT_ALPHA_GUARDIAN,0.0,7.0,
2015-12-02,0.0979519827246428,0.3818746897383891,0.2117778574081189,5,3.112449115514756,1.0,FINBERT_ALPHA_GUARDIAN,0.0,5.0,
2015-12-03,0.0719842406951077,0.1455652226194827,0.0938035612124457,8,4.590200048685074,1.0,FINBERT_ALPHA_GUARDIAN,0.0,8.0,
2015-12-04,0.4666888943554102,0.5807806455101288,0.0,5,3.241315121203661,1.0,FINBERT_ALPHA_GUARDIAN,0.0,5.0,
2015-12-06,0.0,0.0,0.0,4,2.552844762802124,1.0,FINBERT_ALPHA_GUARDIAN,0.0,4.0,
2015-12-07,-0.110905376561373,0.2097328452879692,0.2818854109921699,4,2.572850188612938,1.0,FINBERT_ALPHA_GUARDIAN,0.0,4.0,
2015-12-08,-0.4850234898566984,0.0,0.5227367454084683,6,3.8907521545887,1.0,FINBERT_ALPHA_GUARDIAN,0.0,6.0,
2015-12-09,-0.2028946561947265,0.1636564625433749,0.3094995306576865,4,2.205168269574642,1.0,FINBERT_ALPHA_GUARDIAN,0.0,4.0,
2015-12-10,-0.0947923032919594,0.0,0.1835914626259348,4,1.9686393082141875,1.0,FINBERT_ALPHA_GUARDIAN,0.0,4.0,
2015-12-11,-0.3737928727089729,0.0,0.4132401812665102,8,4.764074248075486,1.0,FINBERT_ALPHA_GUARDIAN,0.0,8.0,
2015-12-12,0.0,0.0,0.0,1,0.7217198833823204,1.0,FINBERT_ALPHA_GUARDIAN,0.0,1.0,
2015-12-13,-0.5450082281506686,0.0,0.5950322507997647,2,1.077506971359253,1.0,FINBERT_ALPHA_GUARDIAN,0.0,2.0,
2015-12-14,-0.3491790885623654,0.098559084509798,0.5149514951137212,6,3.312045823782683,1.0,FINBERT_ALPHA_GUARDIAN,0.0,6.0,
2015-12-15,0.3254130223233873,0.3807973114716386,0.0,3,1.8233521401882171,1.0,FINBERT_ALPHA_GUARDIAN,0.0,3.0,
2015-12-16,-0.0885514961069918,0.2116366445655772,0.3293436259052812,9,5.29729293435812,1.0,FINBERT_ALPHA_GUARDIAN,0.0,9.0,
2015-12-17,-0.4432900975641797,0.1187870189448399,0.6456321964152594,9,5.6561216995120045,1.0,FINBERT_ALPHA_GUARDIAN,0.0,9.0,
2015-12-18,-0.5011576222550411,0.0,0.5550414177269162,4,2.378980241715908,1.0,FINBERT_ALPHA_GUARDIAN,0.0,4.0,
2015-12-19,-0.1654595217878299,0.1205507860035966,0.326523213610393,6,2.967892402410508,1.0,FINBERT_ALPHA_GUARDIAN,0.0,6.0,
2015-12-20,-0.0569934153247612,0.0,0.1363605473984689,5,2.1455826610326767,1.0,FINBERT_ALPHA_GUARDIAN,0.0,5.0,
2015-12-21,-0.5687032116137318,0.0,0.6256552032810941,5,3.188940554857254,1.0,FINBERT_ALPHA_GUARDIAN,0.0,5.0,
2015-12-22,-0.3367877421917221,0.0,0.3787446453385266,3,1.7608588188886642,1.0,FINBERT_ALPHA_GUARDIAN,0.0,3.0,
2015-12-23,-0.5546038288500519,0.0,0.6726142834247485,6,3.677737282961608,1.0,FINBERT_ALPHA_GUARDIAN,0.0,6.0,
2015-12-24,0.0,0.0,0.0,2,1.223134344816208,1.0,FINBERT_ALPHA_GUARDIAN,0.0,2.0,
2015-12-25,-0.7417346239089966,0.0,1.0,1,0.5192142367362976,1.0,FINBERT_ALPHA_GUARDIAN,0.0,1.0,
2015-12-26,0.0,0.0,0.0,1,0.6338262557983398,1.0,FINBERT_ALPHA_GUARDIAN,0.0,1.0,
2015-12-27,-0.3421072696747032,0.0,0.4467415763803835,2,1.3070415876805783,1.0,FINBERT_ALPHA_GUARDIAN,0.0,2.0,
2015-12-28,-0.5198914988458095,0.0,0.6453284632631753,3,1.6761482179164888,1.0,FINBERT_ALPHA_GUARDIAN,0.0,3.0,
2015-12-29,-0.1630104372375896,0.2139371331897679,0.460888223389642,6,3.4925704300403595,1.0,FINBERT_ALPHA_GUARDIAN,0.0,6.0,
2015-12-30,-0.5435309293829751,0.0,0.6207286842615055,5,3.1272834904491904,1.0,FINBERT_ALPHA_GUARDIAN,0.0,5.0,
2015-12-31,-0.8348654973681411,0.0,1.0,2,1.1598517090082168,1.0,FINBERT_ALPHA_GUARDIAN,0.0,2.0,
2016-01-01,0.0,0.0,0.0,1,0.5323183834552765,1.0,FINBERT_ALPHA_GUARDIAN,0.0,1.0,
2016-01-02,0.1391563510383159,0.2082814702235542,0.0,4,2.2454314589500437,1.0,FINBERT_ALPHA_GUARDIAN,0.0,4.0,
2016-01-03,-0.3849021990161747,0.0,0.4662911835706951,2,1.239178940653801,1.0,FINBERT_ALPHA_GUARDIAN,0.0,2.0,
2016-01-04,-0.5663514061961523,0.0,0.5972418953078372,7,4.599920395016671,1.0,FINBERT_ALPHA_GUARDIAN,0.0,7.0,
2016-01-05,-0.2298013943751768,0.0,0.240405899232746,5,3.2306193374097347,1.0,FINBERT_ALPHA_GUARDIAN,0.0,5.0,
2016-01-06,-0.3790414879396441,0.172133153105453,0.5658033267042845,6,3.790288826823235,1.0,FINBERT_ALPHA_GUARDIAN,0.0,6.0,
2016-01-07,-0.2464498103400045,0.0,0.2542026410711932,5,3.0987871125340463,1.0,FINBERT_ALPHA_GUARDIAN,0.0,5.0,
2016-01-08,-0.2673717619364928,0.1292490512832008,0.4178771806247932,7,4.333006444573403,1.0,FINBERT_ALPHA_GUARDIAN,0.0,7.0,
2016-01-09,-0.7067217139496507,0.0,0.7696587184426235,4,2.558339646458626,1.0,FINBERT_ALPHA_GUARDIAN,0.0,4.0,
2016-01-10,-0.1313594503912399,0.0,0.2072552764079807,4,2.140662351250649,1.0,FINBERT_ALPHA_GUARDIAN,0.0,4.0,
2016-01-11,-0.4534384230859306,0.1002414037181728,0.5109006126387408,5,2.9695019856095315,1.0,FINBERT_ALPHA_GUARDIAN,0.0,5.0,
2016-01-12,-0.3415725619764091,0.1411460891823039,0.5502478412075785,7,4.144447633624077,1.0,FINBERT_ALPHA_GUARDIAN,0.0,7.0,
2016-01-13,-0.056257298199458,0.0949771720554047,0.1777093250207438,10,5.352847503125668,1.0,FINBERT_ALPHA_GUARDIAN,0.0,10.0,
2016-01-14,-0.1477546797210929,0.2858335180627221,0.4332993556615192,7,4.207980684936047,1.0,FINBERT_ALPHA_GUARDIAN,0.0,7.0,
2016-01-15,-0.5441896769746334,0.060984661154386,0.6494156831724542,10,6.181982590258121,1.0,FINBERT_ALPHA_GUARDIAN,0.0,10.0,
2016-01-16,-0.2123002350490418,0.0834362012696035,0.2955899900848281,7,4.02051157951355,1.0,FINBERT_ALPHA_GUARDIAN,0.0,7.0,
2016-01-17,-0.1969176973287487,0.0,0.2600163981440319,10,5.908797383308412,1.0,FINBERT_ALPHA_GUARDIAN,0.0,10.0,
2016-01-18,-0.5593129535391056,0.068825684306846,0.7020414817118579,12,7.276015298813582,1.0,FINBERT_ALPHA_GUARDIAN,0.0,12.0,
2016-01-19,0.3327453980062961,0.3873182486366709,0.0,8,4.906510150432587,1.0,FINBERT_ALPHA_GUARDIAN,0.0,8.0,
2016-01-20,-0.4221875646281819,0.2564147642228208,0.6548657470388956,7,4.290436723828316,1.0,FINBERT_ALPHA_GUARDIAN,0.0,7.0,
2016-01-21,-0.1753386724276851,0.1474712363978979,0.3400417263982634,13,6.732917892932892,1.0,FINBERT_ALPHA_GUARDIAN,0.0,13.0,
2016-01-22,-0.0294489793253286,0.1435990738436651,0.2193477823114487,8,4.579483345150948,1.0,FINBERT_ALPHA_GUARDIAN,0.0,8.0,
2016-01-23,-0.3908320360083105,0.0,0.4984078671173941,4,2.2139267526566986,1.0,FINBERT_ALPHA_GUARDIAN,0.0,4.0,
2016-01-24,-0.3165023619020691,0.0,0.3653348536942255,11,6.64652270451188,1.0,FINBERT_ALPHA_GUARDIAN,0.0,11.0,
2016-01-25,-0.4940683022746566,0.0,0.5695233833430575,7,4.423141838610173,1.0,FINBERT_ALPHA_GUARDIAN,0.0,7.0,
2016-01-26,-0.2615244831739225,0.2089287734927074,0.4349690206349987,9,4.536340017616749,1.0,FINBERT_ALPHA_GUARDIAN,0.0,9.0,
2016-01-27,-0.1344768656941032,0.0,0.1558294518555036,7,4.153457354009152,1.0,FINBERT_ALPHA_GUARDIAN,0.0,7.0,
2016-01-28,-0.3739982797296856,0.0,0.42556875577768,7,4.510221998393536,1.0,FINBERT_ALPHA_GUARDIAN,0.0,7.0,
2016-01-29,-0.5269659577843838,0.0,0.6020791469352959,7,4.542013502120971,1.0,FINBERT_ALPHA_GUARDIAN,0.0,7.0,
2016-01-30,-0.1481274543682725,0.2033834723818719,0.3147950836500658,4,2.0281624078750613,1.0,FINBERT_ALPHA_GUARDIAN,0.0,4.0,
2016-01-31,-0.1251674826203347,0.0827124495790085,0.2174117390916066,9,5.2161407791078105,1.0,FINBERT_ALPHA_GUARDIAN,0.0,9.0,
2016-02-01,-0.0599536191047218,0.2552181670392587,0.3075343653353219,7,3.939780879020691,1.0,FINBERT_ALPHA_GUARDIAN,0.0,7.0,
2016-02-02,0.174408231442718,0.40685390745047,0.1727497625544038,7,4.330560457706452,1.0,FINBERT_ALPHA_GUARDIAN,0.0,7.0,
2016-02-03,-0.4872554072794107,0.1101892126833703,0.6173061741399315,7,4.274850352108478,1.0,FINBERT_ALPHA_GUARDIAN,0.0,7.0,
2016-02-04,-0.5188554032896959,0.0,0.606404580394341,10,6.365665768831969,1.0,FINBERT_ALPHA_GUARDIAN,0.0,10.0,
2016-02-05,-0.4872959299090577,0.0,0.5173565165598301,14,8.690544319152831,1.0,FINBERT_ALPHA_GUARDIAN,0.0,14.0,
2016-02-06,-0.1888833230847602,0.0,0.2427002961164574,4,2.244662454724312,1.0,FINBERT_ALPHA_GUARDIAN,0.0,4.0,
2016-02-07,-0.1450752144876126,0.0,0.2499223520935347,6,3.2270183771848684,1.0,FINBERT_ALPHA_GUARDIAN,0.0,6.0,
2016-02-08,-0.4669850708509599,0.0,0.4876903696971546,7,4.44101374745369,1.0,FINBERT_ALPHA_GUARDIAN,0.0,7.0,
2016-02-09,-0.3017273829429125,0.0,0.311375675219542,8,4.862551809847355,1.0,FINBERT_ALPHA_GUARDIAN,0.0,8.0,
2016-02-10,-0.2557591476751396,0.1170264982867834,0.3918655427647857,9,5.485262539982797,1.0,FINBERT_ALPHA_GUARDIAN,0.0,9.0,
2016-02-11,-0.3531800340501661,0.0,0.379681461508137,10,6.421170306950807,1.0,FINBERT_ALPHA_GUARDIAN,0.0,10.0,
2016-02-12,-0.1664137110822698,0.1415074477535153,0.318905472708797,13,7.168276762962343,1.0,FINBERT_ALPHA_GUARDIAN,0.0,13.0,
2016-02-14,-0.22983054047608,0.1528248172248549,0.3832187373448571,6,3.590395659953356,1.0,FINBERT_ALPHA_GUARDIAN,0.0,6.0,
2016-02-15,-0.395662409844646,0.1024790108393062,0.5619784236448636,9,5.240897683426738,1.0,FINBERT_ALPHA_GUARDIAN,0.0,9.0,
2016-02-16,-0.3397878342285521,0.0,0.4120435621404348,5,3.115093679726124,1.0,FINBERT_ALPHA_GUARDIAN,0.0,5.0,
2016-02-17,-0.593851434422478,0.0,0.8099724845471281,6,3.1001040153205395,1.0,FINBERT_ALPHA_GUARDIAN,0.0,6.0,
2016-02-18,-0.0313426585459501,0.2111557415379072,0.3287922177623701,5,2.777332937717438,1.0,FINBERT_ALPHA_GUARDIAN,0.0,5.0,
2016-02-19,-0.1728090413484256,0.1163674313335643,0.3275611034931519,10,5.7445368617773065,1.0,FINBERT_ALPHA_GUARDIAN,0.0,10.0,
2016-02-20,0.3496797668247614,0.3913712954267995,0.0,3,1.5980508863925935,1.0,FINBERT_ALPHA_GUARDIAN,0.0,3.0,
2016-02-21,0.0,0.0,0.0,3,1.7312161087989808,1.0,FINBERT_ALPHA_GUARDIAN,0.0,3.0,
2016-02-22,-0.4461665283165785,0.0,0.5279707048456826,8,4.446491622924805,1.0,FINBERT_ALPHA_GUARDIAN,0.0,8.0,
2016-02-23,-0.2479004863446609,0.1965519807719465,0.449424609314357,5,2.9279401481151583,1.0,FINBERT_ALPHA_GUARDIAN,0.0,5.0,
2016-02-24,-0.1598681598302828,0.0840401394578526,0.2489872589787546,8,4.661089600622654,1.0,FINBERT_ALPHA_GUARDIAN,0.0,8.0,
2016-02-25,-0.4266951096894741,0.104945914087599,0.6028798138135314,10,6.276771461218597,1.0,FINBERT_ALPHA_GUARDIAN,0.0,10.0,
2016-02-26,0.5462346187524778,0.5886530410133957,0.0,4,2.4624788552522663,1.0,FINBERT_ALPHA_GUARDIAN,0.0,4.0,
2016-02-27,0.0,0.0,0.0,2,1.0591091871261598,1.0,FINBERT_ALPHA_GUARDIAN,0.0,2.0,
2016-02-28,-0.1053594304296756,0.1058645944033534,0.1780683094881016,7,3.5974617600440983,1.0,FINBERT_ALPHA_GUARDIAN,0.0,7.0,
2016-02-29,-0.1536503059086068,0.2288433616934746,0.4397839924667918,9,5.0884969212114814,1.0,FINBERT_ALPHA_GUARDIAN,0.0,9.0,
2016-03-01,-0.3615077739341492,0.0,0.3729353832577168,3,1.949448308348656,1.0,FINBERT_ALPHA_GUARDIAN,0.0,3.0,
2016-03-02,0.0,0.0,0.0,4,2.4938995838165283,1.0,FINBERT_ALPHA_GUARDIAN,0.0,4.0,
2016-03-03,0.072086209187159,0.1727686530415526,0.1293790238888958,7,4.12390121370554,1.0,FINBERT_ALPHA_GUARDIAN,0.0,7.0,
2016-03-04,-0.4166955590316411,0.0,0.4604263169249644,8,4.6854207091033455,1.0,FINBERT_ALPHA_GUARDIAN,0.0,8.0,
2016-03-05,0.0,0.0,0.0,2,1.1891205072402955,1.0,FINBERT_ALPHA_GUARDIAN,0.0,2.0,
2016-03-06,0.0,0.0,0.0,2,1.043714016675949,1.0,FINBERT_ALPHA_GUARDIAN,0.0,2.0,
2016-03-07,-0.3041999206825806,0.0,0.3824074628787897,8,4.27737704962492,1.0,FINBERT_ALPHA_GUARDIAN,0.0,8.0,
2016-03-08,-0.1435497643468111,0.106291005182263,0.2443741187156963,10,6.198918643593789,1.0,FINBERT_ALPHA_GUARDIAN,0.0,10.0,
2016-03-09,-0.1163062545150956,0.3392541501541619,0.4778798441370466,6,3.458251336216927,1.0,FINBERT_ALPHA_GUARDIAN,0.0,6.0,
2016-03-10,-0.4833123390004834,0.0,0.5246485090164377,10,6.423797407746315,1.0,FINBERT_ALPHA_GUARDIAN,0.0,10.0,
2016-03-11,-0.3226026049471135,0.0836615158050974,0.4122362632311453,8,4.541624927520752,1.0,FINBERT_ALPHA_GUARDIAN,0.0,8.0,
2016-03-12,-0.4832195539046374,0.0,0.5351777299100873,2,1.1809906899929046,1.0,FINBERT_ALPHA_GUARDIAN,0.0,2.0,
2016-03-13,-0.9333159306681958,0.0,1.0,2,1.306611305475235,1.0,FINBERT_ALPHA_GUARDIAN,0.0,2.0,
2016-03-14,-0.3707380570610767,0.0,0.4427262184528617,7,4.1332828104496,1.0,FINBERT_ALPHA_GUARDIAN,0.0,7.0,
2016-03-15,-0.0455556548239818,0.2449789341390207,0.2705309801761879,4,2.42090434730053,1.0,FINBERT_ALPHA_GUARDIAN,0.0,4.0,
2016-03-16,-0.1922305105336775,0.1963603059420616,0.4009317426734782,5,3.2139806449413304,1.0,FINBERT_ALPHA_GUARDIAN,0.0,5.0,
2016-03-17,-0.3136054039923392,0.0,0.349886346835077,6,3.712255753576756,1.0,FINBERT_ALPHA_GUARDIAN,0.0,6.0,
2016-03-18,-0.4712083772861524,0.0,0.5223461776468852,4,2.5838224053382874,1.0,FINBERT_ALPHA_GUARDIAN,0.0,4.0,
2016-03-20,-0.3979744910586258,0.0,0.4387391900273619,5,3.009957662969828,1.0,FINBERT_ALPHA_GUARDIAN,0.0,5.0,
2016-03-21,-0.296934640973822,0.0,0.3415817456619481,6,3.777747395634652,1.0,FINBERT_ALPHA_GUARDIAN,0.0,6.0,
2016-03-22,-0.2751617780583171,0.2389115025847627,0.5450527204233079,4,2.2287334084510806,1.0,FINBERT_ALPHA_GUARDIAN,0.0,4.0,
2016-03-23,-0.2434221626549468,0.1777090783276554,0.5324234281913552,7,3.919606977701188,1.0,FINBERT_ALPHA_GUARDIAN,0.0,7.0,
2016-03-24,-0.4393535323087632,0.0,0.5098779690442162,6,3.466261112689972,1.0,FINBERT_ALPHA_GUARDIAN,0.0,6.0,
2016-03-25,-0.1511658201342785,0.0,0.2363785507028316,7,3.7773975998163225,1.0,FINBERT_ALPHA_GUARDIAN,0.0,7.0,
2016-03-26,0.0,0.0,0.0,1,0.6215316236019135,1.0,FINBERT_ALPHA_GUARDIAN,0.0,1.0,
2016-03-27,-0.0226741886200674,0.3686399660528611,0.3811796996583831,3,1.688047480583191,1.0,FINBERT_ALPHA_GUARDIAN,0.0,3.0,
2016-03-28,0.3802518689306278,0.5400422530813557,0.0,2,0.912670296430588,1.0,FINBERT_ALPHA_GUARDIAN,0.0,2.0,
2016-03-29,-0.0351782598696995,0.2258769399211315,0.3007155862412174,9,4.432966415584088,1.0,FINBERT_ALPHA_GUARDIAN,0.0,9.0,
2016-03-30,0.4265050844590225,0.7703721577271609,0.229627842272839,4,1.9259786784648896,1.0,FINBERT_ALPHA_GUARDIAN,0.0,4.0,
2016-03-31,0.2725037655517889,0.4169587722522548,0.0,2,1.0971962571144105,1.0,FINBERT_ALPHA_GUARDIAN,0.0,2.0,
2016-04-01,0.0,0.0,0.0,7,3.948692443966866,1.0,FINBERT_ALPHA_GUARDIAN,0.0,7.0,
2016-04-02,-0.3245530758116389,0.0,0.3452721203950503,3,1.9057272568345072,1.0,FINBERT_ALPHA_GUARDIAN,0.0,3.0,
2016-04-03,0.6846796274185181,1.0,0.0,1,0.4792757391929627,1.0,FINBERT_ALPHA_GUARDIAN,0.0,1.0,
2016-04-04,0.0792515621687119,0.1402856415438597,0.0,5,2.818898421525956,1.0,FINBERT_ALPHA_GUARDIAN,0.0,5.0,
2016-04-05,-0.2890244900698492,0.0,0.2991155566259082,4,2.422801899909973,1.0,FINBERT_ALPHA_GUARDIAN,0.0,4.0,
2016-04-06,0.1017039423485454,0.2438504343348777,0.1675540634380196,5,2.5959577411413197,1.0,FINBERT_ALPHA_GUARDIAN,0.0,5.0,
2016-04-07,0.0,0.0,0.0,2,1.3162654399871825,1.0,FINBERT_ALPHA_GUARDIAN,0.0,2.0,
2016-04-08,0.0,0.0,0.0,2,1.152531260251999,1.0,FINBERT_ALPHA_GUARDIAN,0.0,2.0,
2016-04-09,-0.0635551883683357,0.0,0.1314924429427798,5,2.5730454772710805,1.0,FINBERT_ALPHA_GUARDIAN,0.0,5.0,
2016-04-10,-0.2875003241299034,0.0,0.3669198856404065,5,2.9770395129919054,1.0,FINBERT_ALPHA_GUARDIAN,0.0,5.0,
2016-04-11,-0.0581990366899038,0.3645451916506346,0.4039542125654892,5,2.8199247390031816,1.0,FINBERT_ALPHA_GUARDIAN,0.0,5.0,
2016-04-12,-0.2602412973896549,0.0,0.328153194194576,9,5.060332745313644,1.0,FINBERT_ALPHA_GUARDIAN,0.0,9.0,
2016-04-13,-0.2489034508185462,0.1467593572983302,0.4167658981157636,8,4.776825729757547,1.0,FINBERT_ALPHA_GUARDIAN,0.0,8.0,
2016-04-14,-0.4133546003784852,0.0,0.5064402644651846,8,4.532948042452336,1.0,FINBERT_ALPHA_GUARDIAN,0.0,8.0,
2016-04-15,-0.0935483864798672,0.1245809259717848,0.2248002589717957,13,7.080352984368801,1.0,FINBERT_ALPHA_GUARDIAN,0.0,13.0,
2016-04-16,0.0,0.0,0.0,1,0.6388156890869141,1.0,FINBERT_ALPHA_GUARDIAN,0.0,1.0,
2016-04-17,-0.2642914284404665,0.0,0.2935943269770356,4,2.1462771356105805,1.0,FINBERT_ALPHA_GUARDIAN,0.0,4.0,
2016-04-18,-0.316013522857524,0.0,0.3824138388613841,6,3.069393181800842,1.0,FINBERT_ALPHA_GUARDIAN,0.0,6.0,
2016-04-19,-0.5110880855569557,0.0,0.5923813813350622,5,3.237932521104813,1.0,FINBERT_ALPHA_GUARDIAN,0.0,5.0,
2016-04-20,-0.4685063097988483,0.0,0.5055036123284857,4,2.6546669483184817,1.0,FINBERT_ALPHA_GUARDIAN,0.0,4.0,
2016-04-21,-0.6769701657300758,0.0930910155934652,0.7944336555053662,8,5.241745272278786,1.0,FINBERT_ALPHA_GUARDIAN,0.0,8.0,
2016-04-22,0.1691614490624405,0.1777509349453406,0.0,7,4.350117411464453,1.0,FINBERT_ALPHA_GUARDIAN,0.0,7.0,
2016-04-23,-0.1589748120293138,0.0,0.2571613903086342,3,1.6827315211296083,1.0,FINBERT_ALPHA_GUARDIAN,0.0,3.0,
2016-04-24,0.0,0.0,0.0,2,1.2489482849836349,1.0,FINBERT_ALPHA_GUARDIAN,0.0,2.0,
2016-04-25,-0.0606693290324584,0.0,0.1156446867096782,6,3.4023507833480835,1.0,FINBERT_ALPHA_GUARDIAN,0.0,6.0,
2016-04-26,-0.3204598812855564,0.1531329830628073,0.517233910650721,12,6.833047020435332,1.0,FINBERT_ALPHA_GUARDIAN,0.0,12.0,
2016-04-27,-0.1086892867690025,0.2108762634980188,0.3643259234414582,5,3.006860911846161,1.0,FINBERT_ALPHA_GUARDIAN,0.0,5.0,
2016-04-28,-0.5284456972617143,0.0,0.6162303787904206,5,2.7836151719093323,1.0,FINBERT_ALPHA_GUARDIAN,0.0,5.0,
2016-04-29,-0.3580153439661545,0.1757261638582897,0.6447569815245675,6,3.4387350469827656,1.0,FINBERT_ALPHA_GUARDIAN,0.0,6.0,
2016-04-30,-0.9676743149757384,0.0,1.0,1,0.7257557362318038,1.0,FINBERT_ALPHA_GUARDIAN,0.0,1.0,
2016-05-01,-0.2405867382394942,0.0,0.4097693350734651,4,1.963138671964407,1.0,FINBERT_ALPHA_GUARDIAN,0.0,4.0,
2016-05-02,-0.1861783432266,0.0,0.2947681732565788,3,1.4999128341674806,1.0,FINBERT_ALPHA_GUARDIAN,0.0,3.0,
2016-05-03,-0.5323789769251993,0.0,0.55936970261968,4,2.4660572469234467,1.0,FINBERT_ALPHA_GUARDIAN,0.0,4.0,
2016-05-04,-0.6643346523378406,0.0,0.761379814681728,4,2.392308694124222,1.0,FINBERT_ALPHA_GUARDIAN,0.0,4.0,
2016-05-05,-0.3578912782511851,0.0,0.4157597396450643,7,4.345165139436722,1.0,FINBERT_ALPHA_GUARDIAN,0.0,7.0,
2016-05-06,-0.7402768925413903,0.0,0.8274601436211045,5,3.132193250209093,1.0,FINBERT_ALPHA_GUARDIAN,0.0,5.0,
2016-05-07,0.0,0.0,0.0,1,0.6091110706329347,1.0,FINBERT_ALPHA_GUARDIAN,0.0,1.0,
2016-05-08,-0.2773664414199177,0.0,0.4627544200786644,2,0.906673251092434,1.0,FINBERT_ALPHA_GUARDIAN,0.0,2.0,
2016-05-09,-0.1432147179858667,0.3010572262982043,0.3992055566374571,9,4.806922367960214,1.0,FINBERT_ALPHA_GUARDIAN,0.0,9.0,
2016-05-10,-0.1361816296301374,0.1725358469638293,0.4002565855266832,7,3.990922737866641,1.0,FINBERT_ALPHA_GUARDIAN,0.0,7.0,
2016-05-11,-0.487120058279098,0.0,0.5292379542884039,6,3.8014191687107086,1.0,FINBERT_ALPHA_GUARDIAN,0.0,6.0,
2016-05-12,0.1257192609603365,0.1549231499802809,0.0,6,3.666631135344506,1.0,FINBERT_ALPHA_GUARDIAN,0.0,6.0,
2016-05-13,-0.4445966735871281,0.0,0.4948395314099879,7,4.083919952064752,1.0,FINBERT_ALPHA_GUARDIAN,0.0,7.0,
2016-05-14,0.0950543124084888,0.2170011597470219,0.0,3,1.5391734480857853,1.0,FINBERT_ALPHA_GUARDIAN,0.0,3.0,
2016-05-15,0.0,0.0,0.0,2,1.3032890677452087,1.0,FINBERT_ALPHA_GUARDIAN,0.0,2.0,
2016-05-16,0.0963467019219226,0.1809256960102616,0.0,4,2.207484242320061,1.0,FINBERT_ALPHA_GUARDIAN,0.0,4.0,
2016-05-17,-0.2217606315131999,0.1397245831738507,0.3580341889256851,7,3.8856104217469696,1.0,FINBERT_ALPHA_GUARDIAN,0.0,7.0,
2016-05-18,0.5263854944045585,0.6412666151724629,0.0,5,3.2705865748226643,1.0,FINBERT_ALPHA_GUARDIAN,0.0,5.0,
2016-05-19,-0.3793552336161817,0.0,0.4869151258880669,6,3.4685939714312557,1.0,FINBERT_ALPHA_GUARDIAN,0.0,6.0,
2016-05-20,-0.5829167936307491,0.0,0.6476272727638225,5,3.0502996295690536,1.0,FINBERT_ALPHA_GUARDIAN,0.0,5.0,
2016-05-21,-0.6000343488568777,0.0,0.728872995248495,4,2.321721071004868,1.0,FINBERT_ALPHA_GUARDIAN,0.0,4.0,
2016-05-22,-0.3106954596746722,0.1682936389231352,0.4646812797156259,5,2.826551650464535,1.0,FINBERT_ALPHA_GUARDIAN,0.0,5.0,
2016-05-23,-0.063462750795922,0.3710463447985681,0.4816953545319324,6,3.541602298617363,1.0,FINBERT_ALPHA_GUARDIAN,0.0,6.0,
2016-05-24,0.0,0.0,0.0,2,1.189261118322611,1.0,FINBERT_ALPHA_GUARDIAN,0.0,2.0,
2016-05-25,-0.2381632260563825,0.2269271007202561,0.4954622497866119,8,4.653642848134041,1.0,FINBERT_ALPHA_GUARDIAN,0.0,8.0,
2016-05-26,-0.4769230973270232,0.0,0.5450069827013426,4,2.235722190141678,1.0,FINBERT_ALPHA_GUARDIAN,0.0,4.0,
2016-05-27,-0.1366332818169486,0.130992741636505,0.2976153411409851,6,3.2782045103609563,1.0,FINBERT_ALPHA_GUARDIAN,0.0,6.0,
2016-05-28,-0.2836577893206378,0.0,0.4263329806701162,4,2.122146108746529,1.0,FINBERT_ALPHA_GUARDIAN,0.0,4.0,
2016-05-29,0.0,0.0,0.0,1,0.655185389518738,1.0,FINBERT_ALPHA_GUARDIAN,0.0,1.0,
2016-05-30,0.0,0.0,0.0,1,0.4987273901700974,1.0,FINBERT_ALPHA_GUARDIAN,0.0,1.0,
2016-05-31,-0.476543979711172,0.0,0.5446723668673753,6,3.3514661520719526,1.0,FINBERT_ALPHA_GUARDIAN,0.0,6.0,
2016-06-01,-0.5584768114383818,0.0,0.6480756747282442,5,2.718335056304932,1.0,FINBERT_ALPHA_GUARDIAN,0.0,5.0,
2016-06-02,-0.3432792277260305,0.0,0.3877187702601175,6,3.299453102052212,1.0,FINBERT_ALPHA_GUARDIAN,0.0,6.0,
2016-06-03,-0.6654317866869728,0.0,0.7172933863780784,6,3.763360445946456,1.0,FINBERT_ALPHA_GUARDIAN,0.0,6.0,
2016-06-04,-0.353343958984713,0.0,0.4632887116671971,2,1.1523708760738374,1.0,FINBERT_ALPHA_GUARDIAN,0.0,2.0,
2016-06-05,-0.5211809996508594,0.0,0.636114059375504,5,2.959579646587372,1.0,FINBERT_ALPHA_GUARDIAN,0.0,5.0,
2016-06-06,-0.3521517427971902,0.0,0.3692437519917745,6,3.74427492916584,1.0,FINBERT_ALPHA_GUARDIAN,0.0,6.0,
2016-06-07,-0.3815042394590321,0.088749152635583,0.5306957786789958,8,4.302246914803982,1.0,FINBERT_ALPHA_GUARDIAN,0.0,8.0,
2016-06-08,0.0706524567630444,0.1384659078934234,0.0,5,2.5795241177082064,1.0,FINBERT_ALPHA_GUARDIAN,0.0,5.0,
2016-06-09,-0.1252534384014839,0.1352547998701442,0.270940177945949,8,4.765166050195694,1.0,FINBERT_ALPHA_GUARDIAN,0.0,8.0,
2016-06-10,-0.3873961879667177,0.0,0.4058513089210316,6,3.821834155917168,1.0,FINBERT_ALPHA_GUARDIAN,0.0,6.0,
2016-06-11,-0.5270722895360043,0.0,0.5876144686686942,2,1.0685214936733247,1.0,FINBERT_ALPHA_GUARDIAN,0.0,2.0,
2016-06-12,-0.3249783294432562,0.0,0.4789786862124189,2,0.9915624342858792,1.0,FINBERT_ALPHA_GUARDIAN,0.0,2.0,
2016-06-13,-0.2399280715918601,0.1633528357502613,0.4668596183021938,7,3.7049782805144784,1.0,FINBERT_ALPHA_GUARDIAN,0.0,7.0,
2016-06-14,-0.2734790534527803,0.0,0.4137900974338329,2,1.118051791191101,1.0,FINBERT_ALPHA_GUARDIAN,0.0,2.0,
2016-06-15,-0.4285070314806721,0.0,0.6177044313383802,3,1.571039628982544,1.0,FINBERT_ALPHA_GUARDIAN,0.0,3.0,
2016-06-16,-0.0636089986332466,0.1362505724336692,0.1833424247236575,7,4.283055806905032,1.0,FINBERT_ALPHA_GUARDIAN,0.0,7.0,
2016-06-17,-0.1618422331243613,0.1187836957076379,0.3240787060333082,9,5.655201234668493,1.0,FINBERT_ALPHA_GUARDIAN,0.0,9.0,
2016-06-18,-0.218411589068887,0.0,0.429696107987289,2,0.9019712328910828,1.0,FINBERT_ALPHA_GUARDIAN,0.0,2.0,
2016-06-19,0.0,0.0,0.0,1,0.6209388613700867,1.0,FINBERT_ALPHA_GUARDIAN,0.0,1.0,
2016-06-20,0.5495808528262475,0.6235975786873915,0.0,5,3.0949461400508884,1.0,FINBERT_ALPHA_GUARDIAN,0.0,5.0,
2016-06-21,-0.441791297279524,0.0,0.4787064860231759,7,4.382582411170006,1.0,FINBERT_ALPHA_GUARDIAN,0.0,7.0,
2016-06-22,-0.1903413565504891,0.1584180924475171,0.3444739727330372,6,3.699143806099892,1.0,FINBERT_ALPHA_GUARDIAN,0.0,6.0,
2016-06-23,-0.0235208463574946,0.1653689081993253,0.1746877030451114,10,5.423079040646552,1.0,FINBERT_ALPHA_GUARDIAN,0.0,10.0,
2016-06-24,-0.4360843504391954,0.0636557261025911,0.5048293164215488,11,7.181659302860499,1.0,FINBERT_ALPHA_GUARDIAN,0.0,11.0,
2016-06-25,-0.7272904472236605,0.0965436341377877,0.9034563658622122,6,3.371543112397194,1.0,FINBERT_ALPHA_GUARDIAN,0.0,6.0,
2016-06-26,-0.9318438172340392,0.0,1.0,1,0.6522906720638275,1.0,FINBERT_ALPHA_GUARDIAN,0.0,1.0,
2016-06-27,-0.6521559797754007,0.0,0.695674200196411,5,2.9633456766605377,1.0,FINBERT_ALPHA_GUARDIAN,0.0,5.0,
2016-06-28,-0.2865353766409399,0.2358390122521603,0.5025070451084263,7,3.597378422319889,1.0,FINBERT_ALPHA_GUARDIAN,0.0,7.0,
2016-06-29,0.2037764963600939,0.2272114200017366,0.0,5,3.207134316116572,1.0,FINBERT_ALPHA_GUARDIAN,0.0,5.0,
2016-06-30,0.2543926572873567,0.3369019354605584,0.0,5,2.9942598126828672,1.0,FINBERT_ALPHA_GUARDIAN,0.0,5.0,
2016-07-01,0.3709833178890311,0.4956166393312154,0.0,4,2.162943572551012,1.0,FINBERT_ALPHA_GUARDIAN,0.0,4.0,
2016-07-02,-0.3819046257627594,0.0,0.4700915706451761,2,1.20972883105278,1.0,FINBERT_ALPHA_GUARDIAN,0.0,2.0,
2016-07-03,0.0,0.0,0.0,1,0.567457413673401,1.0,FINBERT_ALPHA_GUARDIAN,0.0,1.0,
2016-07-04,-0.3318190143645687,0.0,0.3555270916150372,3,1.9688704103231431,1.0,FINBERT_ALPHA_GUARDIAN,0.0,3.0,
2016-07-05,0.0,0.0,0.0,2,0.944991046190262,1.0,FINBERT_ALPHA_GUARDIAN,0.0,2.0,
2016-07-06,-0.516786723879468,0.0,0.6037628768602998,5,3.197956804186106,1.0,FINBERT_ALPHA_GUARDIAN,0.0,5.0,
2016-07-07,-0.321495075561069,0.0,0.4121442084005362,9,5.295770912617445,1.0,FINBERT_ALPHA_GUARDIAN,0.0,9.0,
2016-07-08,-0.1692592691398342,0.1211755087177372,0.2462596771803065,5,2.762044278532267,1.0,FINBERT_ALPHA_GUARDIAN,0.0,5.0,
2016-07-09,0.0,0.0,0.0,1,0.5990886449813844,1.0,FINBERT_ALPHA_GUARDIAN,0.0,1.0,
2016-07-10,0.8242608308792114,1.0,0.0,1,0.6697119250893593,1.0,FINBERT_ALPHA_GUARDIAN,0.0,1.0,
2016-07-11,0.1136640110771999,0.3895194647046832,0.3055126798245552,6,3.75175348892808,1.0,FINBERT_ALPHA_GUARDIAN,0.0,6.0,
2016-07-12,-0.2966832605427156,0.0,0.3586820420942266,6,3.2383809059858324,1.0,FINBERT_ALPHA_GUARDIAN,0.0,6.0,
2016-07-13,0.164072962125534,0.259688135801376,0.1408910637656501,5,2.4134645693004133,1.0,FINBERT_ALPHA_GUARDIAN,0.0,5.0,
2016-07-14,0.0331117051646838,0.2155067403268138,0.1952403011382833,5,2.7843747869133955,1.0,FINBERT_ALPHA_GUARDIAN,0.0,5.0,
2016-07-15,-0.2427083625434132,0.0,0.3236111500578842,3,1.6223174013197423,1.0,FINBERT_ALPHA_GUARDIAN,0.0,3.0,
2016-07-17,-0.6479389071464539,0.0,1.0,1,0.4535572350025177,1.0,FINBERT_ALPHA_GUARDIAN,0.0,1.0,
2016-07-18,-0.3951631776624563,0.0,0.4836880287330546,6,3.694427756220103,1.0,FINBERT_ALPHA_GUARDIAN,0.0,6.0,
2016-07-19,-0.1791645434243107,0.1838047360132189,0.3646383720967747,6,3.840208529680968,1.0,FINBERT_ALPHA_GUARDIAN,0.0,6.0,
2016-07-20,0.0115411242871966,0.193485475050314,0.1807647708723044,6,3.5668699175119403,1.0,FINBERT_ALPHA_GUARDIAN,0.0,6.0,
2016-07-21,0.0840360227528453,0.2994980871900701,0.1837440212741589,6,3.622406700998545,1.0,FINBERT_ALPHA_GUARDIAN,0.0,6.0,
2016-07-22,-0.2475766764925282,0.0,0.2939734111671879,8,3.971383661031724,1.0,FINBERT_ALPHA_GUARDIAN,0.0,8.0,
2016-07-23,0.0,0.0,0.0,3,1.793060690164566,1.0,FINBERT_ALPHA_GUARDIAN,0.0,3.0,
2016-07-24,0.2006806634749244,0.4068392670072259,0.0,2,0.8487071126699448,1.0,FINBERT_ALPHA_GUARDIAN,0.0,2.0,
2016-07-25,-0.3304881961297751,0.0,0.4434927841109009,2,1.1761991918087007,1.0,FINBERT_ALPHA_GUARDIAN,0.0,2.0,
2016-07-26,-0.1779176886766515,0.0,0.2167843017295115,9,5.1238597422838215,1.0,FINBERT_ALPHA_GUARDIAN,0.0,9.0,
2016-07-27,0.0602771007017379,0.2690271896001744,0.2818813737387138,9,5.12053112089634,1.0,FINBERT_ALPHA_GUARDIAN,0.0,9.0,
2016-07-28,-0.2311581212468891,0.1213476144193392,0.3693016025764055,9,5.439232835173607,1.0,FINBERT_ALPHA_GUARDIAN,0.0,9.0,
2016-07-29,-0.0795348944185862,0.0,0.1177884700114053,7,4.012824696302414,1.0,FINBERT_ALPHA_GUARDIAN,0.0,7.0,
2016-07-30,0.0,0.0,0.0,3,1.866941025853157,1.0,FINBERT_ALPHA_GUARDIAN,0.0,3.0,
2016-07-31,0.0,0.0,0.0,3,1.749659451842308,1.0,FINBERT_ALPHA_GUARDIAN,0.0,3.0,
2016-08-01,-0.2302839112979915,0.0,0.2527946398544265,4,2.5224694490432737,1.0,FINBERT_ALPHA_GUARDIAN,0.0,4.0,
2016-08-02,-0.083937206810049,0.1631097249931193,0.2309394896218639,6,3.658156114816666,1.0,FINBERT_ALPHA_GUARDIAN,0.0,6.0,
2016-08-03,-0.2477917935657615,0.0,0.271177297636082,4,2.3587303876876837,1.0,FINBERT_ALPHA_GUARDIAN,0.0,4.0,
2016-08-04,-0.2949333196283567,0.2000101744151174,0.4893565348711116,5,2.7303132832050325,1.0,FINBERT_ALPHA_GUARDIAN,0.0,5.0,
2016-08-05,-0.6267348654176365,0.0,0.7987373667871863,5,2.6980758875608446,1.0,FINBERT_ALPHA_GUARDIAN,0.0,5.0,
2016-08-06,-0.6979459524154663,0.0,1.0,1,0.4885621666908264,1.0,FINBERT_ALPHA_GUARDIAN,0.0,1.0,
2016-08-07,-0.7916774749755859,0.0,1.0,1,0.5541742324829102,1.0,FINBERT_ALPHA_GUARDIAN,0.0,1.0,
2016-08-08,-0.2186609975436579,0.0,0.3810548007688791,2,1.05413076877594,1.0,FINBERT_ALPHA_GUARDIAN,0.0,2.0,
2016-08-09,-0.2632446410421836,0.2387478774178888,0.5025702142338834,4,2.48657807931304,1.0,FINBERT_ALPHA_GUARDIAN,0.0,4.0,
2016-08-10,0.0190795224635327,0.2877835985321489,0.2680311997162533,4,2.4472659409046176,1.0,FINBERT_ALPHA_GUARDIAN,0.0,4.0,
2016-08-11,0.1093763064644628,0.1903621387570337,0.112669752201565,6,3.484317472577096,1.0,FINBERT_ALPHA_GUARDIAN,0.0,6.0,
2016-08-12,-0.3913559891883803,0.1266849803414181,0.527109298111565,6,3.672915330529213,1.0,FINBERT_ALPHA_GUARDIAN,0.0,6.0,
2016-08-13,0.1590817999204407,0.2418232017953438,0.0,4,1.904244027286768,1.0,FINBERT_ALPHA_GUARDIAN,0.0,4.0,
2016-08-14,-0.3096481208890317,0.0,0.3537699656167358,3,1.7319070100784302,1.0,FINBERT_ALPHA_GUARDIAN,0.0,3.0,
2016-08-15,0.0,0.0,0.0,3,1.6844016611576085,1.0,FINBERT_ALPHA_GUARDIAN,0.0,3.0,
2016-08-16,0.1372261457649989,0.2297223849769848,0.0,4,1.820238402485848,1.0,FINBERT_ALPHA_GUARDIAN,0.0,4.0,
2016-08-17,-0.5612236113757415,0.0,0.5766370868992318,2,1.3713684752583504,1.0,FINBERT_ALPHA_GUARDIAN,0.0,2.0,
2016-08-18,-0.4758309244592845,0.1992443383029243,0.8007556616970757,5,2.743545171618462,1.0,FINBERT_ALPHA_GUARDIAN,0.0,5.0,
2016-08-19,-0.4932032420345567,0.0,0.5373802846185424,2,1.280925077199936,1.0,FINBERT_ALPHA_GUARDIAN,0.0,2.0,
2016-08-20,-0.2741257339356383,0.0,0.4196860138351778,2,1.0894288063049316,1.0,FINBERT_ALPHA_GUARDIAN,0.0,2.0,
2016-08-21,0.0,0.0,0.0,3,1.522532218694687,1.0,FINBERT_ALPHA_GUARDIAN,0.0,3.0,
2016-08-22,-0.0848660578014005,0.0,0.1605833563189568,4,2.4682788997888565,1.0,FINBERT_ALPHA_GUARDIAN,0.0,4.0,
2016-08-23,0.1433739273384237,0.178711142905597,0.0,6,3.366884207725525,1.0,FINBERT_ALPHA_GUARDIAN,0.0,6.0,
2016-08-24,-0.5850857168424439,0.0,0.6652613450902741,3,1.884846541285515,1.0,FINBERT_ALPHA_GUARDIAN,0.0,3.0,
2016-08-25,0.2760112467074961,0.2912662526640668,0.0,4,2.440100452303887,1.0,FINBERT_ALPHA_GUARDIAN,0.0,4.0,
2016-08-26,-0.1158956713027608,0.0,0.1341838361146102,7,4.505726728588343,1.0,FINBERT_ALPHA_GUARDIAN,0.0,7.0,
2016-08-27,-0.365874879712178,0.0,0.3861921899345317,3,1.7172109901905062,1.0,FINBERT_ALPHA_GUARDIAN,0.0,3.0,
2016-08-28,0.0,0.0,0.0,1,0.7460994049906732,1.0,FINBERT_ALPHA_GUARDIAN,0.0,1.0,
2016-08-30,-0.3794915076567421,0.0,0.4261911075783819,3,1.566947901248932,1.0,FINBERT_ALPHA_GUARDIAN,0.0,3.0,
2016-08-31,-0.2584567710567654,0.0,0.2842167945870745,4,2.599631613492966,1.0,FINBERT_ALPHA_GUARDIAN,0.0,4.0,
2016-09-01,0.1744813726387965,0.3313567424622699,0.2110486625349258,4,2.1081383109092715,1.0,FINBERT_ALPHA_GUARDIAN,0.0,4.0,
2016-09-02,-0.7520207852528297,0.0,0.796483509370355,4,3.1842050552368164,1.0,FINBERT_ALPHA_GUARDIAN,0.0,4.0,
2016-09-03,0.0,0.0,0.0,2,1.3252592056989672,1.0,FINBERT_ALPHA_GUARDIAN,0.0,2.0,
2016-09-04,-0.2895154955272029,0.0,0.3090159229538584,4,2.6528833225369457,1.0,FINBERT_ALPHA_GUARDIAN,0.0,4.0,
2016-09-05,0.0400786354540903,0.3665218138948469,0.3192074863082794,3,2.026492225378752,1.0,FINBERT_ALPHA_GUARDIAN,0.0,3.0,
2016-09-06,0.4521094560623169,1.0,0.0,1,0.3164766192436218,1.0,FINBERT_ALPHA_GUARDIAN,0.0,1.0,
2016-09-07,-0.3275842844002496,0.1882585142365391,0.5166982474957981,4,2.4073032200336457,1.0,FINBERT_ALPHA_GUARDIAN,0.0,4.0,
2016-09-08,-0.4805825206467217,0.0,0.5595494657506358,6,3.4117890588939197,1.0,FINBERT_ALPHA_GUARDIAN,0.0,6.0,
2016-09-09,-0.1517453708502428,0.0,0.2060130573373533,5,2.681558156013489,1.0,FINBERT_ALPHA_GUARDIAN,0.0,5.0,
2016-09-10,0.1287271317400858,0.3098730796277498,0.0,2,0.938426873087883,1.0,FINBERT_ALPHA_GUARDIAN,0.0,2.0,
2016-09-11,0.0,0.0,0.0,5,2.794187116622925,1.0,FINBERT_ALPHA_GUARDIAN,0.0,5.0,
2016-09-12,-0.7039990138400968,0.0,0.7696356097371131,4,2.608539724349976,1.0,FINBERT_ALPHA_GUARDIAN,0.0,4.0,
2016-09-13,-0.460858907036005,0.0,0.5932705789712428,3,1.7033826529979703,1.0,FINBERT_ALPHA_GUARDIAN,0.0,3.0,
2016-09-14,-0.7071141100139156,0.0,0.8373586337358967,4,2.124465387314558,1.0,FINBERT_ALPHA_GUARDIAN,0.0,4.0,
2016-09-15,-0.604784026703758,0.0,0.6871959007229361,3,1.895415917038917,1.0,FINBERT_ALPHA_GUARDIAN,0.0,3.0,
2016-09-16,-0.433043240483827,0.2045062569646309,0.6036636386969272,4,2.312837854027748,1.0,FINBERT_ALPHA_GUARDIAN,0.0,4.0,
2016-09-17,0.0,0.0,0.0,2,0.9548412591218948,1.0,FINBERT_ALPHA_GUARDIAN,0.0,2.0,
2016-09-18,-0.4458625147956701,0.0,0.5990777980365019,5,2.805585043877364,1.0,FINBERT_ALPHA_GUARDIAN,0.0,5.0,
2016-09-19,-0.7895719255136643,0.0,1.0,2,1.1950939297676086,1.0,FINBERT_ALPHA_GUARDIAN,0.0,2.0,
2016-09-20,-0.1480926568806455,0.0,0.1930203676145243,6,3.726477679610253,1.0,FINBERT_ALPHA_GUARDIAN,0.0,6.0,
2016-09-21,-0.4812682364608051,0.0,0.5772853432180384,7,4.32561133056879,1.0,FINBERT_ALPHA_GUARDIAN,0.0,7.0,
2016-09-22,-0.1662315171100174,0.2592677938161681,0.3619850909162365,3,1.6137441631406546,1.0,FINBERT_ALPHA_GUARDIAN,0.0,3.0,
2016-09-23,-0.3914993111560853,0.1996801085653552,0.5471582483006416,4,2.5536848872900006,1.0,FINBERT_ALPHA_GUARDIAN,0.0,4.0,
2016-09-24,0.0,0.0,0.0,1,0.6543642729520798,1.0,FINBERT_ALPHA_GUARDIAN,0.0,1.0,
2016-09-25,-0.2078014498413509,0.0,0.3100880998362106,3,1.5127822279930117,1.0,FINBERT_ALPHA_GUARDIAN,0.0,3.0,
2016-09-26,-0.5619701050727116,0.0,0.5894465619604864,2,1.213069263100624,1.0,FINBERT_ALPHA_GUARDIAN,0.0,2.0,
2016-09-27,-0.5036251335670421,0.0,0.5378800973788449,4,2.606750512123108,1.0,FINBERT_ALPHA_GUARDIAN,0.0,4.0,
2016-09-28,-0.4750471727637106,0.2654766203951896,0.7345233796048103,3,1.7598814219236374,1.0,FINBERT_ALPHA_GUARDIAN,0.0,3.0,
2016-09-29,-0.2714694803216797,0.0,0.3383783235003064,9,5.100870981067419,1.0,FINBERT_ALPHA_GUARDIAN,0.0,9.0,
2016-09-30,-0.0220565176969706,0.157280591982277,0.2344544507297752,8,4.3741469264030455,1.0,FINBERT_ALPHA_GUARDIAN,0.0,8.0,
2016-10-02,0.0,0.0,0.0,1,0.5122091114521027,1.0,FINBERT_ALPHA_GUARDIAN,0.0,1.0,
2016-10-03,-0.1099797683340844,0.178540330408798,0.3174966174764679,6,3.76560626924038,1.0,FINBERT_ALPHA_GUARDIAN,0.0,6.0,
2016-10-04,0.0,0.0,0.0,1,0.6311245501041413,1.0,FINBERT_ALPHA_GUARDIAN,0.0,1.0,
2016-10-05,0.0210301946747829,0.4014615423446313,0.3671416813738648,5,2.806280430406332,1.0,FINBERT_ALPHA_GUARDIAN,0.0,5.0,
2016-10-06,-0.4532462097316379,0.0961530512928293,0.5636098938107105,10,6.194040048122405,1.0,FINBERT_ALPHA_GUARDIAN,0.0,10.0,
2016-10-07,-0.8141196191721279,0.0,1.0,2,1.1324333280324936,1.0,FINBERT_ALPHA_GUARDIAN,0.0,2.0,
2016-10-08,-0.3652032621403826,0.0,0.463395945301455,4,2.3014342546463014,1.0,FINBERT_ALPHA_GUARDIAN,0.0,4.0,
2016-10-09,-0.2743638635431065,0.0,0.3728412072064874,5,2.757883995771408,1.0,FINBERT_ALPHA_GUARDIAN,0.0,5.0,
2016-10-10,-0.5658470079563008,0.0,0.6681551482994248,3,1.8229355514049528,1.0,FINBERT_ALPHA_GUARDIAN,0.0,3.0,
2016-10-11,-0.5722677880136764,0.0,0.6553007384243799,11,6.522194039821625,1.0,FINBERT_ALPHA_GUARDIAN,0.0,11.0,
2016-10-12,-0.5648385682124455,0.0,0.5975631651028708,6,3.39970872104168,1.0,FINBERT_ALPHA_GUARDIAN,0.0,6.0,
2016-10-13,-0.3248937261107787,0.0,0.3809296629283877,8,4.716013044118881,1.0,FINBERT_ALPHA_GUARDIAN,0.0,8.0,
2016-10-14,-0.2143747239302712,0.0960480368533265,0.3217707521537735,10,5.956650681048632,1.0,FINBERT_ALPHA_GUARDIAN,0.0,10.0,
2016-10-15,-0.5522862185906788,0.0,0.6970092799505491,3,1.5773046672344209,1.0,FINBERT_ALPHA_GUARDIAN,0.0,3.0,
2016-10-16,-0.8795774120710214,0.0,1.0,2,1.274880799651146,1.0,FINBERT_ALPHA_GUARDIAN,0.0,2.0,
2016-10-17,-0.3852209224070961,0.0,0.5440312728302152,5,2.7825885623693467,1.0,FINBERT_ALPHA_GUARDIAN,0.0,5.0,
2016-10-18,-0.4547392847310048,0.0,0.5477290559104697,8,4.344414423406125,1.0,FINBERT_ALPHA_GUARDIAN,0.0,8.0,
2016-10-19,-0.4727833054826555,0.0,0.5227256011457895,6,3.681650960445405,1.0,FINBERT_ALPHA_GUARDIAN,0.0,6.0,
2016-10-20,-0.335631925882852,0.0,0.3949048464521297,5,3.1174177885055547,1.0,FINBERT_ALPHA_GUARDIAN,0.0,5.0,
2016-10-21,-0.4108497194707287,0.0,0.5064047825422671,6,3.3058521419763567,1.0,FINBERT_ALPHA_GUARDIAN,0.0,6.0,
2016-10-22,-0.042818575268264,0.2189526371541771,0.2587529506008982,4,2.0601003110408787,1.0,FINBERT_ALPHA_GUARDIAN,0.0,4.0,
2016-10-23,-0.4445669984537634,0.0,0.5140191372068027,2,1.177813923358917,1.0,FINBERT_ALPHA_GUARDIAN,0.0,2.0,
2016-10-24,-0.3861877130613353,0.3053405557450448,0.6946594442549552,3,1.975302267819643,1.0,FINBERT_ALPHA_GUARDIAN,0.0,3.0,
2016-10-25,0.0817586108169935,0.1317696126762406,0.0,7,3.2961047485470774,1.0,FINBERT_ALPHA_GUARDIAN,0.0,7.0,
2016-10-26,-0.514947455384445,0.1590280258012082,0.6347184160978997,4,2.2149615079164504,1.0,FINBERT_ALPHA_GUARDIAN,0.0,4.0,
2016-10-27,0.0,0.0,0.0,3,1.8286183297634129,1.0,FINBERT_ALPHA_GUARDIAN,0.0,3.0,
2016-10-28,-0.3248204759031077,0.0,0.5558117394645847,3,1.4653198897838593,1.0,FINBERT_ALPHA_GUARDIAN,0.0,3.0,
2016-10-30,0.0,0.0,0.0,2,1.0820008903741836,1.0,FINBERT_ALPHA_GUARDIAN,0.0,2.0,
2016-10-31,-0.2552541933227153,0.0,0.3409706029672352,5,2.9028059214353563,1.0,FINBERT_ALPHA_GUARDIAN,0.0,5.0,
2016-11-01,-0.3230789553937983,0.0,0.3677947650656336,3,1.7912609010934832,1.0,FINBERT_ALPHA_GUARDIAN,0.0,3.0,
2016-11-02,-0.897562674095157,0.0,1.0,3,1.9996249191462996,1.0,FINBERT_ALPHA_GUARDIAN,0.0,3.0,
2016-11-03,-0.2383342096021399,0.0,0.4207933409752997,2,1.1777597814798355,1.0,FINBERT_ALPHA_GUARDIAN,0.0,2.0,
2016-11-04,-0.3529223183531183,0.152940000126226,0.5584505020166938,7,4.493510043621064,1.0,FINBERT_ALPHA_GUARDIAN,0.0,7.0,
2016-11-05,0.0,0.0,0.0,2,0.9826894223690036,1.0,FINBERT_ALPHA_GUARDIAN,0.0,2.0,
2016-11-06,-0.0363039814634389,0.1539539465491484,0.1970410802932129,7,3.671908918768168,1.0,FINBERT_ALPHA_GUARDIAN,0.0,7.0,
2016-11-07,0.0065509318665516,0.4164843947832897,0.5835156052167102,3,1.6920342229306695,1.0,FINBERT_ALPHA_GUARDIAN,0.0,3.0,
2016-11-08,-0.0062495611728666,0.1783210958672513,0.174607615625234,7,4.128072973340751,1.0,FINBERT_ALPHA_GUARDIAN,0.0,7.0,
2016-11-09,0.0445750362122724,0.2357485752067874,0.1706334953970622,17,9.323124478012325,1.0,FINBERT_ALPHA_GUARDIAN,0.0,17.0,
2016-11-10,-0.055372101576635,0.1302379722048096,0.2175463855984234,9,5.274927750229836,1.0,FINBERT_ALPHA_GUARDIAN,0.0,9.0,
2016-11-11,-0.2181321755113483,0.0784842729278742,0.3265609737742427,9,5.18791984319687,1.0,FINBERT_ALPHA_GUARDIAN,0.0,9.0,
2016-11-12,-0.606433393614262,0.0,0.7654346757663429,5,2.773322442173958,1.0,FINBERT_ALPHA_GUARDIAN,0.0,5.0,
2016-11-13,-0.3115343068668719,0.1447355032146881,0.5681221145097403,7,3.668072900176049,1.0,FINBERT_ALPHA_GUARDIAN,0.0,7.0,
2016-11-14,-0.5839614332489201,0.0,0.6784861092670322,3,1.936603496968746,1.0,FINBERT_ALPHA_GUARDIAN,0.0,3.0,
2016-11-15,-0.4659000259448708,0.0,0.6159632016704698,8,4.354162755608559,1.0,FINBERT_ALPHA_GUARDIAN,0.0,8.0,
2016-11-16,-0.5091449543780232,0.0,0.5638065228286129,6,3.520134380459786,1.0,FINBERT_ALPHA_GUARDIAN,0.0,6.0,
2016-11-17,-0.4050574986035165,0.0,0.5262206217021074,8,4.128403659537435,1.0,FINBERT_ALPHA_GUARDIAN,0.0,8.0,
2016-11-18,0.042947480530834,0.1792634714906963,0.1435186428392633,7,4.241262387484312,1.0,FINBERT_ALPHA_GUARDIAN,0.0,7.0,
2016-11-19,-0.4818884487000012,0.0,0.6567759226856525,3,1.4473975509405137,1.0,FINBERT_ALPHA_GUARDIAN,0.0,3.0,
2016-11-20,-0.3909450330604821,0.0,0.4979272405387985,4,2.188862931728363,1.0,FINBERT_ALPHA_GUARDIAN,0.0,4.0,
2016-11-21,-0.0072126474661278,0.1634440482885015,0.1617692960476368,7,4.083911896869541,1.0,FINBERT_ALPHA_GUARDIAN,0.0,7.0,
2016-11-22,-0.2640649145357661,0.0,0.3733370371190079,5,2.709014064073563,1.0,FINBERT_ALPHA_GUARDIAN,0.0,5.0,
2016-11-23,-0.0994621500834768,0.2264366818230004,0.2933912223322648,4,2.3953361153602604,1.0,FINBERT_ALPHA_GUARDIAN,0.0,4.0,
2016-11-24,0.0,0.0,0.0,1,0.6006923198699952,1.0,FINBERT_ALPHA_GUARDIAN,0.0,1.0,
2016-11-25,0.2040834921050878,0.4627005857890666,0.3086725324678597,3,1.6020977988839151,1.0,FINBERT_ALPHA_GUARDIAN,0.0,3.0,
2016-11-26,-0.2643273663604579,0.0,0.3357535839204302,3,1.6413411378860476,1.0,FINBERT_ALPHA_GUARDIAN,0.0,3.0,
2016-11-27,-0.610798760778909,0.0,0.6706739450699362,3,1.895140337944031,1.0,FINBERT_ALPHA_GUARDIAN,0.0,3.0,
2016-11-28,-0.138478367025692,0.0,0.1864005295698931,5,2.9891582876443867,1.0,FINBERT_ALPHA_GUARDIAN,0.0,5.0,
2016-11-29,-0.5645812588057758,0.0,0.6351812445995969,10,6.148033667355777,1.0,FINBERT_ALPHA_GUARDIAN,0.0,10.0,
2016-11-30,0.0,0.0,0.0,4,2.5485455684363845,1.0,FINBERT_ALPHA_GUARDIAN,0.0,4.0,
2016-12-01,0.2249534485820646,0.6461500010458618,0.3538499989541382,3,1.7815010212361813,1.0,FINBERT_ALPHA_GUARDIAN,0.0,3.0,
2016-12-02,-0.4902471485165123,0.0,0.6771609175174551,6,3.3592630952596667,1.0,FINBERT_ALPHA_GUARDIAN,0.0,6.0,
2016-12-03,-0.4990890547168867,0.0,0.5346691950811722,2,1.2220972299575807,1.0,FINBERT_ALPHA_GUARDIAN,0.0,2.0,
2016-12-05,-0.4167489936984969,0.0,0.5576343839276541,5,2.7144754976034164,1.0,FINBERT_ALPHA_GUARDIAN,0.0,5.0,
2016-12-06,-0.4359623598579779,0.0,0.5046473242584151,2,1.2839091926813126,1.0,FINBERT_ALPHA_GUARDIAN,0.0,2.0,
2016-12-07,-0.2354436075750766,0.0,0.3160500484669329,6,3.366027769446373,1.0,FINBERT_ALPHA_GUARDIAN,0.0,6.0,
2016-12-08,0.0777082558997131,0.1332525673037919,0.0,6,3.282292307168246,1.0,FINBERT_ALPHA_GUARDIAN,0.0,6.0,
2016-12-09,-0.2124896016454743,0.0,0.2200269591057273,5,3.2919039309024813,1.0,FINBERT_ALPHA_GUARDIAN,0.0,5.0,
2016-12-10,-0.2271916996955559,0.0,0.3138140828075146,3,1.614900028705597,1.0,FINBERT_ALPHA_GUARDIAN,0.0,3.0,
2016-12-11,0.0,0.0,0.0,1,0.6277979969978333,1.0,FINBERT_ALPHA_GUARDIAN,0.0,1.0,
2016-12-12,0.0489025044273479,0.2807182572912266,0.1797993623535404,6,3.794211679697037,1.0,FINBERT_ALPHA_GUARDIAN,0.0,6.0,
2016-12-13,-0.3046954203917105,0.0,0.3525118123938664,3,1.838992005586624,1.0,FINBERT_ALPHA_GUARDIAN,0.0,3.0,
2016-12-14,0.0151572653291413,0.2782314323512118,0.3297478365148314,5,3.120344088226557,1.0,FINBERT_ALPHA_GUARDIAN,0.0,5.0,
2016-12-15,0.0,0.0,0.0,1,0.4640910513699054,1.0,FINBERT_ALPHA_GUARDIAN,0.0,1.0,
2016-12-16,-0.0781423849657439,0.1821975641498265,0.2376796182350722,4,2.144352462887764,1.0,FINBERT_ALPHA_GUARDIAN,0.0,4.0,
2016-12-17,-0.4192577719731889,0.0,0.5317513944964949,2,1.0379152357578278,1.0,FINBERT_ALPHA_GUARDIAN,0.0,2.0,
2016-12-18,-0.0897683216298471,0.2033789118404781,0.3458987701590185,5,2.8358580134809017,1.0,FINBERT_ALPHA_GUARDIAN,0.0,5.0,
2016-12-19,-0.2975621385467243,0.0,0.4320858841734312,4,2.2295573294162754,1.0,FINBERT_ALPHA_GUARDIAN,0.0,4.0,
2016-12-20,-0.3101299482606419,0.3948528791384267,0.6051471208615733,2,0.9837000876665116,1.0,FINBERT_ALPHA_GUARDIAN,0.0,2.0,
2016-12-21,-0.5429235079330482,0.0,0.6637820535322706,6,3.423112678527832,1.0,FINBERT_ALPHA_GUARDIAN,0.0,6.0,
2016-12-22,0.1146080547892245,0.3891837448786688,0.2270675660613054,5,2.9788313418626786,1.0,FINBERT_ALPHA_GUARDIAN,0.0,5.0,
2016-12-23,-0.7264017741676602,0.0,0.767908775925429,3,2.0168716296553613,1.0,FINBERT_ALPHA_GUARDIAN,0.0,3.0,
2016-12-26,-0.7755751609802246,0.0,1.0,1,0.5429026126861572,1.0,FINBERT_ALPHA_GUARDIAN,0.0,1.0,
2016-12-28,0.4608228149125966,0.7022275395298272,0.0,4,2.091087427735329,1.0,FINBERT_ALPHA_GUARDIAN,0.0,4.0,
2016-12-29,0.0,0.0,0.0,2,1.0684320777654648,1.0,FINBERT_ALPHA_GUARDIAN,0.0,2.0,
2016-12-30,-0.356086056798097,0.0,0.3858498111024843,3,1.7938232466578483,1.0,FINBERT_ALPHA_GUARDIAN,0.0,3.0,
2017-01-01,-0.6317893952442578,0.0,0.6822734959625597,3,1.8946614384651184,1.0,FINBERT_ALPHA_GUARDIAN,0.0,3.0,
2017-01-02,-0.3275426176305172,0.0,0.3885149419843902,3,1.5189742207527162,1.0,FINBERT_ALPHA_GUARDIAN,0.0,3.0,
2017-01-03,0.3307647155718905,0.3589241648061093,0.0,3,1.9256397455930712,1.0,FINBERT_ALPHA_GUARDIAN,0.0,3.0,
2017-01-04,-0.902052640914917,0.0,1.0,1,0.6765394806861877,1.0,FINBERT_ALPHA_GUARDIAN,0.0,1.0,
2017-01-05,-0.3016231953304165,0.2041646193244933,0.6000669930096779,7,3.790568105131388,1.0,FINBERT_ALPHA_GUARDIAN,0.0,7.0,
2017-01-06,-0.2845095324249767,0.0,0.3602570520674989,6,3.0381943911314013,1.0,FINBERT_ALPHA_GUARDIAN,0.0,6.0,
2017-01-08,0.0,0.0,0.0,3,1.5414690256118777,1.0,FINBERT_ALPHA_GUARDIAN,0.0,3.0,
2017-01-09,-0.3527219622983856,0.0,0.4583382834630889,6,3.3525981277227404,1.0,FINBERT_ALPHA_GUARDIAN,0.0,6.0,
2017-01-10,-0.2403087411643955,0.0,0.2609234670202127,4,2.470821247249842,1.0,FINBERT_ALPHA_GUARDIAN,0.0,4.0,
2017-01-11,-0.5122532666703121,0.0,0.5310166472467325,2,1.2716468036174775,1.0,FINBERT_ALPHA_GUARDIAN,0.0,2.0,
2017-01-12,-0.7339566792741611,0.0,0.8473776687960021,6,3.562104943394661,1.0,FINBERT_ALPHA_GUARDIAN,0.0,6.0,
2017-01-13,-0.2345220202425922,0.0,0.2462896766893236,5,2.7063829541206363,1.0,FINBERT_ALPHA_GUARDIAN,0.0,5.0,
2017-01-14,-0.2491508973288748,0.2149437279810643,0.3915235928216429,3,1.6285905539989471,1.0,FINBERT_ALPHA_GUARDIAN,0.0,3.0,
2017-01-15,0.1676331936084739,0.3548111388499504,0.0,2,0.9321022748947144,1.0,FINBERT_ALPHA_GUARDIAN,0.0,2.0,
2017-01-16,0.58917635679245,1.0,0.0,1,0.4418822675943374,1.0,FINBERT_ALPHA_GUARDIAN,0.0,1.0,
2017-01-17,-0.0273946277224097,0.1679779586644746,0.2577154785479746,6,3.118721956014633,1.0,FINBERT_ALPHA_GUARDIAN,0.0,6.0,
2017-01-18,-0.4513496637204157,0.0,0.5159326153220066,6,3.724535186588764,1.0,FINBERT_ALPHA_GUARDIAN,0.0,6.0,
2017-01-19,-0.3363275369806556,0.0,0.3607230930610154,6,4.034802663326264,1.0,FINBERT_ALPHA_GUARDIAN,0.0,6.0,
2017-01-20,-0.0948695258750261,0.2789638711510057,0.3317130899401823,7,3.8843471974134456,1.0,FINBERT_ALPHA_GUARDIAN,0.0,7.0,
2017-01-21,-0.3656383966769752,0.0,0.4757223406748918,4,2.248515748977661,1.0,FINBERT_ALPHA_GUARDIAN,0.0,4.0,
2017-01-22,-0.7664574044602667,0.0,1.0,2,1.033470290899277,1.0,FINBERT_ALPHA_GUARDIAN,0.0,2.0,
2017-01-23,-0.0954204773185498,0.0,0.2018690125984233,7,3.38875474780798,1.0,FINBERT_ALPHA_GUARDIAN,0.0,7.0,
2017-01-24,-0.619417451279795,0.0,0.7997736517104135,5,2.7026032447814945,1.0,FINBERT_ALPHA_GUARDIAN,0.0,5.0,
2017-01-25,0.1793585956996211,0.6406389438396488,0.3593610561603511,3,1.6340778142213823,1.0,FINBERT_ALPHA_GUARDIAN,0.0,3.0,
2017-01-26,-0.4566639083789672,0.0,0.6559917710989454,3,1.512375405430794,1.0,FINBERT_ALPHA_GUARDIAN,0.0,3.0,
2017-01-27,-0.6067885297194031,0.0,0.7438737962281919,4,2.387663881480694,1.0,FINBERT_ALPHA_GUARDIAN,0.0,4.0,
2017-01-29,0.2302538250198648,0.3383210559056913,0.0,3,1.4081432521343231,1.0,FINBERT_ALPHA_GUARDIAN,0.0,3.0,
2017-01-30,-0.8792466855497758,0.0,1.0,2,1.2695232421159743,1.0,FINBERT_ALPHA_GUARDIAN,0.0,2.0,
2017-01-31,-0.3343122056245168,0.0,0.4425927796803412,4,2.3563117295503617,1.0,FINBERT_ALPHA_GUARDIAN,0.0,4.0,
2017-02-01,-0.2372383895189743,0.0,0.3596053776965295,3,1.834562921524048,1.0,FINBERT_ALPHA_GUARDIAN,0.0,3.0,
2017-02-03,-0.4961659519982346,0.1692831543676183,0.6500321818236744,5,3.186019256711006,1.0,FINBERT_ALPHA_GUARDIAN,0.0,5.0,
2017-02-04,0.0,0.0,0.0,2,1.232067082822323,1.0,FINBERT_ALPHA_GUARDIAN,0.0,2.0,
2017-02-05,0.0,0.0,0.0,3,1.6213859617710114,1.0,FINBERT_ALPHA_GUARDIAN,0.0,3.0,
2017-02-06,-0.6698867652294006,0.0,0.7833773386945312,4,2.28844610825181,1.0,FINBERT_ALPHA_GUARDIAN,0.0,4.0,
2017-02-07,-0.8756533618460568,0.0,1.0,3,1.8916201740503311,1.0,FINBERT_ALPHA_GUARDIAN,0.0,3.0,
2017-02-08,-0.381106116349115,0.1221007892910259,0.4807315060734128,5,2.7524217009544376,1.0,FINBERT_ALPHA_GUARDIAN,0.0,5.0,
2017-02-09,-0.9237846126633276,0.0,1.0,3,2.075409919023514,1.0,FINBERT_ALPHA_GUARDIAN,0.0,3.0,
2017-02-10,-0.346920972042642,0.0,0.3815687225226848,6,3.4431770324707034,1.0,FINBERT_ALPHA_GUARDIAN,0.0,6.0,
2017-02-12,-0.1886486478367743,0.0,0.2538804708642194,4,2.0487697184085847,1.0,FINBERT_ALPHA_GUARDIAN,0.0,4.0,
2017-02-13,-0.5290588255523606,0.2638867718278293,0.7361132281721707,3,1.797406104207039,1.0,FINBERT_ALPHA_GUARDIAN,0.0,3.0,
2017-02-14,-0.1926731624548157,0.3548198481023401,0.5294808057892569,6,3.6802445448935033,1.0,FINBERT_ALPHA_GUARDIAN,0.0,6.0,
2017-02-15,-0.4198536206911384,0.0,0.4638777924720498,8,4.41087770909071,1.0,FINBERT_ALPHA_GUARDIAN,0.0,8.0,
2017-02-16,-0.2385631499061836,0.0,0.2759364341344144,8,4.738318181782961,1.0,FINBERT_ALPHA_GUARDIAN,0.0,8.0,
2017-02-17,0.0710752627476734,0.1711181999232378,0.1719868929538091,8,3.968900462985039,1.0,FINBERT_ALPHA_GUARDIAN,0.0,8.0,
2017-02-19,-0.8874323186912827,0.0,1.0,2,1.237217277288437,1.0,FINBERT_ALPHA_GUARDIAN,0.0,2.0,
2017-02-21,-0.0741338079127637,0.2082368135601493,0.2761233699953554,4,2.3244989313185216,1.0,FINBERT_ALPHA_GUARDIAN,0.0,4.0,
2017-02-22,0.1729970791031911,0.4563324798679437,0.2007178168371717,4,1.8588498920202257,1.0,FINBERT_ALPHA_GUARDIAN,0.0,4.0,
2017-02-23,0.0,0.0,0.0,2,1.1433237910270693,1.0,FINBERT_ALPHA_GUARDIAN,0.0,2.0,
2017-02-24,-0.3905776216347563,0.0748373600261226,0.47742838620536,7,4.036869655549527,1.0,FINBERT_ALPHA_GUARDIAN,0.0,7.0,
2017-02-25,0.0,0.0,0.0,2,0.855794793367386,1.0,FINBERT_ALPHA_GUARDIAN,0.0,2.0,
2017-02-26,-0.1112241817853209,0.0,0.2203559481130421,3,1.6034215033054355,1.0,FINBERT_ALPHA_GUARDIAN,0.0,3.0,
2017-02-27,0.2991268586001624,0.3388071082860392,0.0,3,1.82409907579422,1.0,FINBERT_ALPHA_GUARDIAN,0.0,3.0,
2017-02-28,-0.6995962273320597,0.0,0.7590226381460133,4,2.684246749430895,1.0,FINBERT_ALPHA_GUARDIAN,0.0,4.0,
2017-03-01,-0.5233593991168286,0.2417189318230134,0.7582810681769866,3,1.6543660730123522,1.0,FINBERT_ALPHA_GUARDIAN,0.0,3.0,
2017-03-02,-0.0004028498901375,0.2457858456740296,0.237707762688234,4,2.3175638638436795,1.0,FINBERT_ALPHA_GUARDIAN,0.0,4.0,
2017-03-03,-0.1410643281415296,0.2992377611297901,0.4532285363591518,7,3.6760083734989166,1.0,FINBERT_ALPHA_GUARDIAN,0.0,7.0,
2017-03-04,-0.0479637933135374,0.0,0.0938981654069189,7,3.8080035865306856,1.0,FINBERT_ALPHA_GUARDIAN,0.0,7.0,
2017-03-05,0.0,0.0,0.0,3,1.311872634291649,1.0,FINBERT_ALPHA_GUARDIAN,0.0,3.0,
2017-03-06,-0.2410457503938472,0.0,0.3132743153656406,3,1.719285261631012,1.0,FINBERT_ALPHA_GUARDIAN,0.0,3.0,
2017-03-07,-0.8953052453206632,0.0,1.0,2,1.3388383984565737,1.0,FINBERT_ALPHA_GUARDIAN,0.0,2.0,
2017-03-08,-0.1908358842754184,0.0,0.3805547751624166,2,0.9224094212055208,1.0,FINBERT_ALPHA_GUARDIAN,0.0,2.0,
2017-03-09,0.0,0.0,0.0,2,1.2516621172428133,1.0,FINBERT_ALPHA_GUARDIAN,0.0,2.0,
2017-03-10,0.5151310250889316,0.5835606991490259,0.0,4,3.0068650364875795,1.0,FINBERT_ALPHA_GUARDIAN,0.0,4.0,
2017-03-11,-0.5080479549481468,0.0,0.5462074632915763,2,1.192030829191208,1.0,FINBERT_ALPHA_GUARDIAN,0.0,2.0,
2017-03-12,-0.4205633014727347,0.0,0.4941347716763565,2,1.2056981146335604,1.0,FINBERT_ALPHA_GUARDIAN,0.0,2.0,
2017-03-13,0.0,0.0,0.0,3,1.6235072236508132,1.0,FINBERT_ALPHA_GUARDIAN,0.0,3.0,
2017-03-14,-0.2087487764570711,0.1933280033757357,0.4262587607505473,5,2.9010806679725647,1.0,FINBERT_ALPHA_GUARDIAN,0.0,5.0,
2017-03-15,0.4231692451459146,0.5412209545325594,0.1258865487336359,5,3.044425518065691,1.0,FINBERT_ALPHA_GUARDIAN,0.0,5.0,
2017-03-16,-0.7608577865297489,0.0,1.0,2,1.138356886804104,1.0,FINBERT_ALPHA_GUARDIAN,0.0,2.0,
2017-03-17,-0.1291581903034079,0.1612811489272611,0.241049096428462,5,2.6727256864309314,1.0,FINBERT_ALPHA_GUARDIAN,0.0,5.0,
2017-03-18,-0.3906707769814722,0.0,0.5589298016512649,2,0.8753755927085878,1.0,FINBERT_ALPHA_GUARDIAN,0.0,2.0,
2017-03-20,-0.2136597034537303,0.4378057903587123,0.5621942096412877,2,1.151741694658995,1.0,FINBERT_ALPHA_GUARDIAN,0.0,2.0,
2017-03-21,0.4932103073418845,0.5404965591933537,0.0,2,1.3717331893742086,1.0,FINBERT_ALPHA_GUARDIAN,0.0,2.0,
2017-03-22,-0.9059843622637654,0.0,1.0,5,3.324276727437973,1.0,FINBERT_ALPHA_GUARDIAN,0.0,5.0,
2017-03-23,0.0663200236937742,0.3263390704974653,0.2684172485169559,4,2.356117906421423,1.0,FINBERT_ALPHA_GUARDIAN,0.0,4.0,
2017-03-24,-0.5196975706232515,0.0,0.5445439638023318,2,1.3144560009241106,1.0,FINBERT_ALPHA_GUARDIAN,0.0,2.0,
2017-03-25,0.0,0.0,0.0,1,0.6301090896129609,1.0,FINBERT_ALPHA_GUARDIAN,0.0,1.0,
2017-03-26,-0.4306756165528388,0.0,0.549416368958906,2,1.1592322774231434,1.0,FINBERT_ALPHA_GUARDIAN,0.0,2.0,
2017-03-27,-0.9660730957984924,0.0,1.0,1,0.7245548218488693,1.0,FINBERT_ALPHA_GUARDIAN,0.0,1.0,
2017-03-28,-0.3902055082018498,0.0,0.4733926492824809,2,1.3059051632881165,1.0,FINBERT_ALPHA_GUARDIAN,0.0,2.0,
2017-03-29,-0.9488970623489364,0.0,1.0,2,1.42333821952343,1.0,FINBERT_ALPHA_GUARDIAN,0.0,2.0,
2017-03-30,-0.0687754729390533,0.1746786091596214,0.2107902155513933,5,3.017588758468628,1.0,FINBERT_ALPHA_GUARDIAN,0.0,5.0,
2017-03-31,-0.6749246017983462,0.0,0.712204775663784,3,2.012496723979712,1.0,FINBERT_ALPHA_GUARDIAN,0.0,3.0,
2017-04-01,-0.410382480440126,0.0,0.4831297988847627,2,1.230719840526581,1.0,FINBERT_ALPHA_GUARDIAN,0.0,2.0,
2017-04-02,-0.4122100845705799,0.0,0.4961894082084642,2,1.171983975172043,1.0,FINBERT_ALPHA_GUARDIAN,0.0,2.0,
2017-04-03,0.0,0.0,0.0,1,0.4173482805490494,1.0,FINBERT_ALPHA_GUARDIAN,0.0,1.0,
2017-04-04,-0.1433809295170052,0.1719193480463703,0.3952934934331025,7,3.9051813304424288,1.0,FINBERT_ALPHA_GUARDIAN,0.0,7.0,
2017-04-05,-0.6055315188514819,0.0,0.6507902001708973,2,1.0722992643713951,1.0,FINBERT_ALPHA_GUARDIAN,0.0,2.0,
2017-04-06,-0.4292062866909853,0.0,0.4584890153090645,5,3.2156100109219548,1.0,FINBERT_ALPHA_GUARDIAN,0.0,5.0,
2017-04-07,-0.5209738486374149,0.0,0.5357464124315091,4,2.722617167234421,1.0,FINBERT_ALPHA_GUARDIAN,0.0,4.0,
2017-04-09,-0.8425811529159546,0.0,1.0,1,0.5898068070411683,1.0,FINBERT_ALPHA_GUARDIAN,0.0,1.0,
2017-04-10,-0.5036973018931528,0.0,0.59384721505403,5,2.858958971500397,1.0,FINBERT_ALPHA_GUARDIAN,0.0,5.0,
2017-04-11,-0.0217424806170648,0.3324154266769796,0.3493749284214438,3,1.3162645637989046,1.0,FINBERT_ALPHA_GUARDIAN,0.0,3.0,
2017-04-12,-0.2758368145450454,0.0,0.4506010551389627,4,1.986472173035145,1.0,FINBERT_ALPHA_GUARDIAN,0.0,4.0,
2017-04-13,0.0377629944270375,0.3450469453086193,0.3136764365387448,9,5.202349056303502,1.0,FINBERT_ALPHA_GUARDIAN,0.0,9.0,
2017-04-14,-0.6968095898628235,0.0,1.0,1,0.4877667129039765,1.0,FINBERT_ALPHA_GUARDIAN,0.0,1.0,
2017-04-15,-0.4543520223785111,0.0,0.477181673140263,2,1.3967638753354552,1.0,FINBERT_ALPHA_GUARDIAN,0.0,2.0,
2017-04-16,0.0095836267553613,0.1392496302420209,0.1292479870402428,5,2.49813634455204,1.0,FINBERT_ALPHA_GUARDIAN,0.0,5.0,
2017-04-17,0.8449629545211792,1.0,0.0,1,0.5914740681648255,1.0,FINBERT_ALPHA_GUARDIAN,0.0,1.0,
2017-04-18,0.0,0.0,0.0,1,0.4971650838851929,1.0,FINBERT_ALPHA_GUARDIAN,0.0,1.0,
2017-04-19,0.0,0.0,0.0,1,0.3688717186450959,1.0,FINBERT_ALPHA_GUARDIAN,0.0,1.0,
2017-04-20,0.0,0.0,0.0,1,0.6259047836065292,1.0,FINBERT_ALPHA_GUARDIAN,0.0,1.0,
2017-04-21,-0.6960330452224504,0.0,0.7924053992741593,3,1.6424105741083623,1.0,FINBERT_ALPHA_GUARDIAN,0.0,3.0,
2017-04-22,0.3698726376986557,0.5089084863657793,0.0,2,1.0711100190877914,1.0,FINBERT_ALPHA_GUARDIAN,0.0,2.0,
2017-04-23,0.0,0.0,0.0,2,1.2291963160037995,1.0,FINBERT_ALPHA_GUARDIAN,0.0,2.0,
2017-04-24,0.4496016218819895,0.6423214473028366,0.1839375292863292,4,1.9819463878870007,1.0,FINBERT_ALPHA_GUARDIAN,0.0,4.0,
2017-04-25,0.4549645964007555,0.7409023099777431,0.2590976900222569,3,1.478973850607872,1.0,FINBERT_ALPHA_GUARDIAN,0.0,3.0,
2017-04-26,-0.2803327897358062,0.0,0.3810392420752423,5,2.8229830458760263,1.0,FINBERT_ALPHA_GUARDIAN,0.0,5.0,
2017-04-27,-0.7167393820586835,0.0,1.0,2,0.9940909318625928,1.0,FINBERT_ALPHA_GUARDIAN,0.0,2.0,
2017-04-28,0.1359600771371023,0.2542903432718422,0.1467681145793823,5,3.1524380937218672,1.0,FINBERT_ALPHA_GUARDIAN,0.0,5.0,
2017-04-29,0.1670036386367197,0.3645645939343812,0.2236262997378855,3,1.5789505273103717,1.0,FINBERT_ALPHA_GUARDIAN,0.0,3.0,
2017-04-30,0.0,0.0,0.0,1,0.6076616048812867,1.0,FINBERT_ALPHA_GUARDIAN,0.0,1.0,
2017-05-01,-0.4630075509815088,0.0,0.5067690653944551,2,1.26201907992363,1.0,FINBERT_ALPHA_GUARDIAN,0.0,2.0,
2017-05-02,-0.4419231381532749,0.1125106428475904,0.5109541434340247,5,2.833326333761216,1.0,FINBERT_ALPHA_GUARDIAN,0.0,5.0,
2017-05-03,-0.1208106765648902,0.1912837983070668,0.3190414835406638,7,4.14462713226676,1.0,FINBERT_ALPHA_GUARDIAN,0.0,7.0,
2017-05-04,-0.2833905723163784,0.0,0.3386394155305099,3,1.729849922657013,1.0,FINBERT_ALPHA_GUARDIAN,0.0,3.0,
2017-05-05,-0.8062962004922685,0.0,1.0,2,1.2156102165579796,1.0,FINBERT_ALPHA_GUARDIAN,0.0,2.0,
2017-05-06,-0.4518054676020819,0.0,0.5097348732858656,2,1.2171968758106233,1.0,FINBERT_ALPHA_GUARDIAN,0.0,2.0,
2017-05-07,-0.1545204266493583,0.0,0.2599270352050918,3,1.7153164625167847,1.0,FINBERT_ALPHA_GUARDIAN,0.0,3.0,
2017-05-08,-0.8536360121858596,0.0,1.0,2,1.2333490759134291,1.0,FINBERT_ALPHA_GUARDIAN,0.0,2.0,
2017-05-09,-0.2021478060954459,0.3620202788923826,0.6379797211076175,3,1.4802269995212556,1.0,FINBERT_ALPHA_GUARDIAN,0.0,3.0,
2017-05-10,-0.8986972181139841,0.0,1.0,2,1.2994518697261812,1.0,FINBERT_ALPHA_GUARDIAN,0.0,2.0,
2017-05-11,-0.922870916815192,0.0,1.0,5,3.470087507367134,1.0,FINBERT_ALPHA_GUARDIAN,0.0,5.0,
2017-05-12,0.0639273863726559,0.5261711416316796,0.4738288583683204,2,1.3206106126308443,1.0,FINBERT_ALPHA_GUARDIAN,0.0,2.0,
2017-05-14,-0.9140017032623292,0.0,1.0,1,0.6398011922836305,1.0,FINBERT_ALPHA_GUARDIAN,0.0,1.0,
2017-05-15,-0.2070098116049468,0.2611589547839943,0.3809200170770291,3,1.7792429119348523,1.0,FINBERT_ALPHA_GUARDIAN,0.0,3.0,
2017-05-16,0.0585280531414963,0.3203340046807268,0.2530320062670421,4,2.267787897586823,1.0,FINBERT_ALPHA_GUARDIAN,0.0,4.0,
2017-05-17,-0.6259472399002308,0.0,0.6939328125552878,5,3.0129147194325925,1.0,FINBERT_ALPHA_GUARDIAN,0.0,5.0,
2017-05-18,0.2534534486987798,0.3231917029582394,0.0,3,1.819864538311958,1.0,FINBERT_ALPHA_GUARDIAN,0.0,3.0,
2017-05-19,0.0370657882859173,0.294207191609499,0.2633471687938047,4,2.268881091475487,1.0,FINBERT_ALPHA_GUARDIAN,0.0,4.0,
2017-05-20,0.0,0.0,0.0,1,0.6731646358966827,1.0,FINBERT_ALPHA_GUARDIAN,0.0,1.0,
2017-05-21,-0.8709632754325867,0.0,1.0,1,0.65322245657444,1.0,FINBERT_ALPHA_GUARDIAN,0.0,1.0,
2017-05-22,-0.3618219038367293,0.0,0.3744852669062264,3,1.935025289654732,1.0,FINBERT_ALPHA_GUARDIAN,0.0,3.0,
2017-05-23,0.0,0.0,0.0,1,0.529870480298996,1.0,FINBERT_ALPHA_GUARDIAN,0.0,1.0,
2017-05-24,0.0,0.0,0.0,4,1.9030233755707744,1.0,FINBERT_ALPHA_GUARDIAN,0.0,4.0,
2017-05-25,-0.5982468217779763,0.0,0.6744840011207077,3,1.883998042345047,1.0,FINBERT_ALPHA_GUARDIAN,0.0,3.0,
2017-05-26,0.0,0.0,0.0,2,1.206425726413727,1.0,FINBERT_ALPHA_GUARDIAN,0.0,2.0,
2017-05-27,0.895988404750824,1.0,0.0,1,0.7279905788600445,1.0,FINBERT_ALPHA_GUARDIAN,0.0,1.0,
2017-05-28,-0.2447313391952281,0.0,0.3379978664055817,3,1.4995457112789157,1.0,FINBERT_ALPHA_GUARDIAN,0.0,3.0,
2017-05-29,0.0,0.0,0.0,1,0.4252889811992645,1.0,FINBERT_ALPHA_GUARDIAN,0.0,1.0,
2017-05-30,-0.7353517420686608,0.0,1.0,4,2.0430321104824545,1.0,FINBERT_ALPHA_GUARDIAN,0.0,4.0,
2017-05-31,-0.3680241910806922,0.0,0.3919757082418058,3,1.7964673280715944,1.0,FINBERT_ALPHA_GUARDIAN,0.0,3.0,
2017-06-01,-0.2943328350833013,0.0,0.3437474104591047,3,1.7436442553997042,1.0,FINBERT_ALPHA_GUARDIAN,0.0,3.0,
2017-06-02,-0.3921902010721229,0.0,0.4552970079904662,9,5.3777454018592845,1.0,FINBERT_ALPHA_GUARDIAN,0.0,9.0,
2017-06-03,0.0,0.0,0.0,1,0.6123573899269105,1.0,FINBERT_ALPHA_GUARDIAN,0.0,1.0,
2017-06-04,0.0,0.0,0.0,4,2.2618402719497683,1.0,FINBERT_ALPHA_GUARDIAN,0.0,4.0,
2017-06-05,-0.968706488609314,0.0,1.0,1,0.7265298664569855,1.0,FINBERT_ALPHA_GUARDIAN,0.0,1.0,
2017-06-06,-0.9732812643051147,0.0,1.0,1,0.7907910272479057,1.0,FINBERT_ALPHA_GUARDIAN,0.0,1.0,
2017-06-07,0.0,0.0,0.0,1,0.5137858539819717,1.0,FINBERT_ALPHA_GUARDIAN,0.0,1.0,
2017-06-08,-0.9419331550598145,0.0,1.0,1,0.8241915106773376,1.0,FINBERT_ALPHA_GUARDIAN,0.0,1.0,
2017-06-09,-0.2846989900775917,0.0,0.2950813327625193,4,2.452244207262993,1.0,FINBERT_ALPHA_GUARDIAN,0.0,4.0,
2017-06-10,-0.0969411730766296,0.4731993070458306,0.5268006929541695,2,1.2659900486469269,1.0,FINBERT_ALPHA_GUARDIAN,0.0,2.0,
2017-06-11,-0.4601935376674511,0.0,0.5170837618162146,2,1.2048049867153168,1.0,FINBERT_ALPHA_GUARDIAN,0.0,2.0,
2017-06-12,-0.3838200294331764,0.1887257582130772,0.4801571273811801,3,1.4962627381086349,1.0,FINBERT_ALPHA_GUARDIAN,0.0,3.0,
2017-06-14,0.1534178489011343,0.4130240975589384,0.2761238320402983,3,2.1004355527460574,1.0,FINBERT_ALPHA_GUARDIAN,0.0,3.0,
2017-06-15,0.3365121894981869,0.3613701140099521,0.0,3,1.9326695233583453,1.0,FINBERT_ALPHA_GUARDIAN,0.0,3.0,
2017-06-16,-0.6530262389378872,0.0,1.0,2,0.9087209403514862,1.0,FINBERT_ALPHA_GUARDIAN,0.0,2.0,
2017-06-17,0.4498963596589596,0.5187442831056867,0.0,2,1.1703179657459262,1.0,FINBERT_ALPHA_GUARDIAN,0.0,2.0,
2017-06-19,0.0,0.0,0.0,1,0.6653551608324051,1.0,FINBERT_ALPHA_GUARDIAN,0.0,1.0,
2017-06-20,0.0,0.0,0.0,1,0.626134741306305,1.0,FINBERT_ALPHA_GUARDIAN,0.0,1.0,
2017-06-21,-0.5346411704302346,0.0,0.5831168467775797,4,2.1912451431155207,1.0,FINBERT_ALPHA_GUARDIAN,0.0,4.0,
2017-06-22,0.1638611985007721,0.3720718754130983,0.0,2,0.8877357378602029,1.0,FINBERT_ALPHA_GUARDIAN,0.0,2.0,
2017-06-24,0.0,0.0,0.0,1,0.6045182168483735,1.0,FINBERT_ALPHA_GUARDIAN,0.0,1.0,
2017-06-25,-0.4261998079070204,0.0,1.0,2,0.638899527490139,1.0,FINBERT_ALPHA_GUARDIAN,0.0,2.0,
2017-06-26,-0.5058647664116198,0.0,0.6029558292091193,2,0.9740056484937668,1.0,FINBERT_ALPHA_GUARDIAN,0.0,2.0,
2017-06-27,-0.7646070943081881,0.0,1.0,2,1.0364421993494033,1.0,FINBERT_ALPHA_GUARDIAN,0.0,2.0,
2017-06-29,-0.0062040635604197,0.3501695275328471,0.3534960401072517,3,1.9878427773714065,1.0,FINBERT_ALPHA_GUARDIAN,0.0,3.0,
2017-06-30,-0.5309235282207593,0.0,0.6435861107011585,3,1.7103578984737395,1.0,FINBERT_ALPHA_GUARDIAN,0.0,3.0,
2017-07-01,-0.541349292429733,0.0,0.6389991128053121,3,1.8345233052968977,1.0,FINBERT_ALPHA_GUARDIAN,0.0,3.0,
2017-07-02,0.0,0.0,0.0,1,0.6015292465686799,1.0,FINBERT_ALPHA_GUARDIAN,0.0,1.0,
2017-07-03,0.0,0.0,0.0,1,0.5818281322717667,1.0,FINBERT_ALPHA_GUARDIAN,0.0,1.0,
2017-07-04,0.0,0.0,0.0,1,0.4273815304040909,1.0,FINBERT_ALPHA_GUARDIAN,0.0,1.0,
2017-07-05,0.0,0.0,0.0,3,1.755595171451569,1.0,FINBERT_ALPHA_GUARDIAN,0.0,3.0,
2017-07-06,-0.8493155241012573,0.0,1.0,1,0.5945208668708802,1.0,FINBERT_ALPHA_GUARDIAN,0.0,1.0,
2017-07-07,-0.5078321806200703,0.3186754688071451,0.6813245311928549,2,1.0716918349266051,1.0,FINBERT_ALPHA_GUARDIAN,0.0,2.0,
2017-07-08,0.0,0.0,0.0,1,0.3269128143787384,1.0,FINBERT_ALPHA_GUARDIAN,0.0,1.0,
2017-07-10,-0.325894707905137,0.390702784642892,0.6092972153571079,2,0.9971818417310716,1.0,FINBERT_ALPHA_GUARDIAN,0.0,2.0,
2017-07-11,-0.8634075972842356,0.0,1.0,3,1.8759106695652008,1.0,FINBERT_ALPHA_GUARDIAN,0.0,3.0,
2017-07-12,-0.033170939601558,0.2405556698995981,0.2437679739104528,4,2.4267649292945865,1.0,FINBERT_ALPHA_GUARDIAN,0.0,4.0,
2017-07-13,-0.3187545931062072,0.0,0.3631423946794501,3,1.963929595798254,1.0,FINBERT_ALPHA_GUARDIAN,0.0,3.0,
2017-07-14,-0.9623209195470576,0.0,1.0,2,1.5155842438340188,1.0,FINBERT_ALPHA_GUARDIAN,0.0,2.0,
2017-07-15,0.0,0.0,0.0,2,1.1477756023406984,1.0,FINBERT_ALPHA_GUARDIAN,0.0,2.0,
2017-07-16,-0.9349496960639954,0.0,1.0,1,0.7012122720479965,1.0,FINBERT_ALPHA_GUARDIAN,0.0,1.0,
2017-07-17,0.0,0.0,0.0,1,0.5844564586877823,1.0,FINBERT_ALPHA_GUARDIAN,0.0,1.0,
2017-07-18,-0.2869015124641944,0.2300281009633485,0.5375078508713212,4,2.6552903257310394,1.0,FINBERT_ALPHA_GUARDIAN,0.0,4.0,
2017-07-19,-0.8745553639005815,0.0,1.0,2,1.350263778120279,1.0,FINBERT_ALPHA_GUARDIAN,0.0,2.0,
2017-07-20,0.067648981390529,0.1522459789394275,0.0,4,2.188924907147885,1.0,FINBERT_ALPHA_GUARDIAN,0.0,4.0,
2017-07-21,-0.6585616399969394,0.0,0.7437964646011614,4,2.5357097774744037,1.0,FINBERT_ALPHA_GUARDIAN,0.0,4.0,
2017-07-22,-0.5587474801140614,0.0,0.6910829384949994,3,1.4615117847919463,1.0,FINBERT_ALPHA_GUARDIAN,0.0,3.0,
2017-07-23,-0.2508088241364447,0.0,0.4100445826977577,2,1.044187992811203,1.0,FINBERT_ALPHA_GUARDIAN,0.0,2.0,
2017-07-24,-0.1469308350496116,0.2627617521784403,0.5292800510420319,5,2.9071802206337454,1.0,FINBERT_ALPHA_GUARDIAN,0.0,5.0,
2017-07-25,-0.5844590426234261,0.1546284196158433,0.8453715803841567,5,2.5837507247924805,1.0,FINBERT_ALPHA_GUARDIAN,0.0,5.0,
2017-07-26,-0.9638784527778624,0.0,1.0,1,0.7831512428820132,1.0,FINBERT_ALPHA_GUARDIAN,0.0,1.0,
2017-07-27,-0.4130968069813159,0.0,0.6121502880018532,2,1.033491712063551,1.0,FINBERT_ALPHA_GUARDIAN,0.0,2.0,
2017-07-28,-0.0650177744364126,0.3278243963511799,0.4713637640327797,4,2.2337461307644846,1.0,FINBERT_ALPHA_GUARDIAN,0.0,4.0,
2017-07-29,-0.3653602426173105,0.0,0.5127988327407572,4,1.986229079961777,1.0,FINBERT_ALPHA_GUARDIAN,0.0,4.0,
2017-07-30,0.0,0.0,0.0,1,0.5029223918914796,1.0,FINBERT_ALPHA_GUARDIAN,0.0,1.0,
2017-07-31,-0.6656455205932508,0.0,0.745223775629416,3,1.722635579109192,1.0,FINBERT_ALPHA_GUARDIAN,0.0,3.0,
2017-08-01,0.1062646266589666,0.5470443608622628,0.4529556391377372,2,1.4127428479492663,1.0,FINBERT_ALPHA_GUARDIAN,0.0,2.0,
2017-08-02,0.1242792496648551,0.389257933242161,0.2361012968490427,8,4.845173159241677,1.0,FINBERT_ALPHA_GUARDIAN,0.0,8.0,
2017-08-03,-0.1160178537181593,0.0,0.2063346184723649,4,1.9075620263814923,1.0,FINBERT_ALPHA_GUARDIAN,0.0,4.0,
2017-08-04,-0.3540216606851332,0.0,0.40664676744311,8,4.672094938904047,1.0,FINBERT_ALPHA_GUARDIAN,0.0,8.0,
2017-08-05,-0.6580105241625379,0.0,0.7448942802886905,3,1.6602070763707162,1.0,FINBERT_ALPHA_GUARDIAN,0.0,3.0,
2017-08-06,-0.3563780864480694,0.0,0.3840396900545902,3,1.6914408326148989,1.0,FINBERT_ALPHA_GUARDIAN,0.0,3.0,
2017-08-08,-0.5637966461421621,0.0,0.6052652413524615,2,1.173466963320971,1.0,FINBERT_ALPHA_GUARDIAN,0.0,2.0,
2017-08-09,0.1150238066830437,0.495751328518117,0.3520671690608809,6,3.4315689265728,1.0,FINBERT_ALPHA_GUARDIAN,0.0,6.0,
2017-08-10,-0.8297006677009882,0.0,1.0,2,1.2139662951231005,1.0,FINBERT_ALPHA_GUARDIAN,0.0,2.0,
2017-08-11,-0.8055775720972121,0.0,0.8310588350914015,4,2.6388680785894394,1.0,FINBERT_ALPHA_GUARDIAN,0.0,4.0,
2017-08-13,-0.665104306715421,0.0,0.7477865095925644,3,1.7839564383029938,1.0,FINBERT_ALPHA_GUARDIAN,0.0,3.0,
2017-08-14,0.2046540627534521,0.648168282712259,0.351831717287741,3,1.5760441005229948,1.0,FINBERT_ALPHA_GUARDIAN,0.0,3.0,
2017-08-15,-0.3456594142822299,0.0,0.3796368978095904,3,1.678841120004654,1.0,FINBERT_ALPHA_GUARDIAN,0.0,3.0,
2017-08-18,-0.524401484053114,0.0,0.5447358069853661,2,1.4358710341155527,1.0,FINBERT_ALPHA_GUARDIAN,0.0,2.0,
2017-08-20,-0.8518125414848328,0.0,1.0,1,0.596268779039383,1.0,FINBERT_ALPHA_GUARDIAN,0.0,1.0,
2017-08-21,-0.128741221729832,0.0,0.2616521680588398,3,1.4338667660951614,1.0,FINBERT_ALPHA_GUARDIAN,0.0,3.0,
2017-08-22,-0.4673704405008683,0.0,0.6259169770111349,6,3.2493873149156576,1.0,FINBERT_ALPHA_GUARDIAN,0.0,6.0,
2017-08-23,-0.2435316955037834,0.2347274100675956,0.5126810225924248,4,2.263525389879942,1.0,FINBERT_ALPHA_GUARDIAN,0.0,4.0,
2017-08-24,-0.6621346473693848,0.0,1.0,1,0.4634942531585694,1.0,FINBERT_ALPHA_GUARDIAN,0.0,1.0,
2017-08-25,-0.5081008492961967,0.0,0.5489528959161671,2,1.3699449934065342,1.0,FINBERT_ALPHA_GUARDIAN,0.0,2.0,
2017-08-26,-0.216858310476963,0.0,0.4417295502828706,2,0.7779670506715775,1.0,FINBERT_ALPHA_GUARDIAN,0.0,2.0,
2017-08-27,-0.2347815046294959,0.0,0.2597949433829519,4,2.43500879406929,1.0,FINBERT_ALPHA_GUARDIAN,0.0,4.0,
2017-08-28,-0.360911982803527,0.0896549651191942,0.4591703537843224,5,2.6727951735258104,1.0,FINBERT_ALPHA_GUARDIAN,0.0,5.0,
2017-08-29,-0.6802008053688255,0.0,0.7362269284496624,3,1.959883923828602,1.0,FINBERT_ALPHA_GUARDIAN,0.0,3.0,
2017-08-30,-0.1005922261709294,0.4100793168110088,0.5899206831889913,3,1.7068675771355628,1.0,FINBERT_ALPHA_GUARDIAN,0.0,3.0,
2017-08-31,-0.3395014150651669,0.0,0.3527019081666616,4,2.0468557327985764,1.0,FINBERT_ALPHA_GUARDIAN,0.0,4.0,
2017-09-01,-0.6794104583139194,0.0,0.7353343580144038,3,2.0514907106757168,1.0,FINBERT_ALPHA_GUARDIAN,0.0,3.0,
2017-09-02,-0.1217605915316266,0.0,0.1856199456220215,5,2.473748290538788,1.0,FINBERT_ALPHA_GUARDIAN,0.0,5.0,
2017-09-03,0.0,0.0,0.0,3,1.9430469006299973,1.0,FINBERT_ALPHA_GUARDIAN,0.0,3.0,
2017-09-04,0.8573455214500427,1.0,0.0,1,0.60014186501503,1.0,FINBERT_ALPHA_GUARDIAN,0.0,1.0,
2017-09-05,0.0,0.0,0.0,2,1.059849900007248,1.0,FINBERT_ALPHA_GUARDIAN,0.0,2.0,
2017-09-06,-0.2971729941205517,0.0,0.35229275313253,6,3.307192797958851,1.0,FINBERT_ALPHA_GUARDIAN,0.0,6.0,
2017-09-07,-0.2549195071328389,0.0,0.3668654861558417,5,2.4992154061794283,1.0,FINBERT_ALPHA_GUARDIAN,0.0,5.0,
2017-09-08,0.0,0.0,0.0,1,0.4808502912521363,1.0,FINBERT_ALPHA_GUARDIAN,0.0,1.0,
2017-09-09,0.2748310773128552,0.5958656497990483,0.4041343502009517,2,1.1447144746780396,1.0,FINBERT_ALPHA_GUARDIAN,0.0,2.0,
2017-09-10,-0.8364285894468777,0.0,1.0,3,1.738150579482317,1.0,FINBERT_ALPHA_GUARDIAN,0.0,3.0,
2017-09-11,0.1651488876333932,0.3488239407184018,0.0,2,1.0179450809955597,1.0,FINBERT_ALPHA_GUARDIAN,0.0,2.0,
2017-09-12,-0.3289642629003493,0.0,0.4971055929862029,4,1.775167056918144,1.0,FINBERT_ALPHA_GUARDIAN,0.0,4.0,
2017-09-13,0.2670981001668658,0.6495246706980733,0.3504753293019267,3,1.7727054998278615,1.0,FINBERT_ALPHA_GUARDIAN,0.0,3.0,
2017-09-14,-0.4359690575254913,0.1814944449432319,0.662806364553914,5,2.859123306721449,1.0,FINBERT_ALPHA_GUARDIAN,0.0,5.0,
2017-09-15,0.0,0.0,0.0,1,0.5840789556503296,1.0,FINBERT_ALPHA_GUARDIAN,0.0,1.0,
2017-09-16,-0.5639206240134097,0.0,0.6602386705485659,2,0.9702358692884444,1.0,FINBERT_ALPHA_GUARDIAN,0.0,2.0,
2017-09-17,-0.2181564993449638,0.2363921012079846,0.3892467358443757,3,1.7854307621717451,1.0,FINBERT_ALPHA_GUARDIAN,0.0,3.0,
2017-09-18,-0.3243209020366358,0.0,0.3504045361944593,3,2.146144054085016,1.0,FINBERT_ALPHA_GUARDIAN,0.0,3.0,
2017-09-19,-0.4836091995239258,0.0,1.0,1,0.423158049583435,1.0,FINBERT_ALPHA_GUARDIAN,0.0,1.0,
2017-09-20,0.0,0.0,0.0,2,1.3654076218605042,1.0,FINBERT_ALPHA_GUARDIAN,0.0,2.0,
2017-09-21,-0.9004855154630216,0.0,1.0,2,1.3506624698638916,1.0,FINBERT_ALPHA_GUARDIAN,0.0,2.0,
2017-09-22,-0.4809486917726881,0.0,0.6586215113681643,3,1.4991159200668334,1.0,FINBERT_ALPHA_GUARDIAN,0.0,3.0,
2017-09-23,-0.5404389633509725,0.0,0.7132228758947784,3,1.4577262043952943,1.0,FINBERT_ALPHA_GUARDIAN,0.0,3.0,
2017-09-24,0.0,0.0,0.0,1,0.5704759240150452,1.0,FINBERT_ALPHA_GUARDIAN,0.0,1.0,
2017-09-25,-0.3558054159993565,0.0,0.3691916482521672,4,2.120958584547043,1.0,FINBERT_ALPHA_GUARDIAN,0.0,4.0,
2017-09-26,-0.1717063607480161,0.2771012789353956,0.4975553540025862,4,2.5118882805109024,1.0,FINBERT_ALPHA_GUARDIAN,0.0,4.0,
2017-09-27,-0.5510720652899695,0.0,0.5712836764843482,2,1.266385793685913,1.0,FINBERT_ALPHA_GUARDIAN,0.0,2.0,
2017-09-28,0.0,0.0,0.0,1,0.6321071274578571,1.0,FINBERT_ALPHA_GUARDIAN,0.0,1.0,
2017-09-29,-0.9354301840587288,0.0,1.0,2,1.3679311059415342,1.0,FINBERT_ALPHA_GUARDIAN,0.0,2.0,
2017-09-30,0.3666578207318787,0.55721897627903,0.0,2,0.8266224514693022,1.0,FINBERT_ALPHA_GUARDIAN,0.0,2.0,
2017-10-01,0.0,0.0,0.0,2,0.8957987904548645,1.0,FINBERT_ALPHA_GUARDIAN,0.0,2.0,
2017-10-02,-0.9631814483085008,0.0,1.0,2,1.3965465873479843,1.0,FINBERT_ALPHA_GUARDIAN,0.0,2.0,
2017-10-03,-0.9476262001259556,0.0,1.0,2,1.372903546690941,1.0,FINBERT_ALPHA_GUARDIAN,0.0,2.0,
2017-10-04,-0.3791916072368622,0.0,1.0,1,0.3080931808799505,1.0,FINBERT_ALPHA_GUARDIAN,0.0,1.0,
2017-10-05,-0.1322659391759302,0.322523502069121,0.3851243396116416,3,1.896703024953604,1.0,FINBERT_ALPHA_GUARDIAN,0.0,3.0,
2017-10-06,-0.4741888337988443,0.0,0.5561645296987685,8,4.546917133778334,1.0,FINBERT_ALPHA_GUARDIAN,0.0,8.0,
2017-10-07,0.0,0.0,0.0,1,0.6835287362337112,1.0,FINBERT_ALPHA_GUARDIAN,0.0,1.0,
2017-10-08,-0.7169525027275085,0.0,1.0,1,0.5377143770456314,1.0,FINBERT_ALPHA_GUARDIAN,0.0,1.0,
2017-10-09,0.0,0.0,0.0,1,0.5861792206764221,1.0,FINBERT_ALPHA_GUARDIAN,0.0,1.0,
2017-10-10,-0.3817757818690251,0.2789780019767031,0.7210219980232969,3,1.6342847488820555,1.0,FINBERT_ALPHA_GUARDIAN,0.0,3.0,
2017-10-11,0.5517792967903059,0.6464361871193105,0.0,2,0.9903195321559906,1.0,FINBERT_ALPHA_GUARDIAN,0.0,2.0,
2017-10-12,-0.878301203250885,0.0,1.0,1,0.6148108422756196,1.0,FINBERT_ALPHA_GUARDIAN,0.0,1.0,
2017-10-13,-0.0206347661644742,0.2732499602507058,0.2751133500734372,4,2.407583063840866,1.0,FINBERT_ALPHA_GUARDIAN,0.0,4.0,
2017-10-14,-0.371476054242475,0.0,0.4275397981624813,3,1.4225769519805909,1.0,FINBERT_ALPHA_GUARDIAN,0.0,3.0,
2017-10-16,-0.0249684695771741,0.1881081431828416,0.1924210308254787,5,2.672222676873208,1.0,FINBERT_ALPHA_GUARDIAN,0.0,5.0,
2017-10-17,-0.9377174973487854,0.0,1.0,1,0.7618954665958881,1.0,FINBERT_ALPHA_GUARDIAN,0.0,1.0,
2017-10-18,0.0,0.0,0.0,1,0.4808343350887298,1.0,FINBERT_ALPHA_GUARDIAN,0.0,1.0,
2017-10-19,-0.9760501980781556,0.0,1.0,1,0.7930407859385015,1.0,FINBERT_ALPHA_GUARDIAN,0.0,1.0,
2017-10-20,-0.3888371934916736,0.0,0.6540033594289301,3,1.335195353627205,1.0,FINBERT_ALPHA_GUARDIAN,0.0,3.0,
2017-10-21,0.0,0.0,0.0,1,0.6290082633495332,1.0,FINBERT_ALPHA_GUARDIAN,0.0,1.0,
2017-10-22,-0.8172397081071184,0.0,1.0,2,1.1089600920677185,1.0,FINBERT_ALPHA_GUARDIAN,0.0,2.0,
2017-10-23,-0.2313173024101676,0.2351073146391015,0.3934301611170577,3,1.7138626135885715,1.0,FINBERT_ALPHA_GUARDIAN,0.0,3.0,
2017-10-24,-0.1978035080718324,0.0,0.2342594800437344,5,2.9286199010908605,1.0,FINBERT_ALPHA_GUARDIAN,0.0,5.0,
2017-10-25,-0.0853053892871253,0.412679480088765,0.587320519911235,3,1.6968827463686469,1.0,FINBERT_ALPHA_GUARDIAN,0.0,3.0,
2017-10-26,-0.6609887850339282,0.0,0.8129460928784643,5,2.799396589398384,1.0,FINBERT_ALPHA_GUARDIAN,0.0,5.0,
2017-10-27,0.1757717915146902,0.5280502429491671,0.2658449473544825,4,2.4881862714886664,1.0,FINBERT_ALPHA_GUARDIAN,0.0,4.0,
2017-10-28,0.0,0.0,0.0,2,1.1200871348381043,1.0,FINBERT_ALPHA_GUARDIAN,0.0,2.0,
2017-10-29,-0.8154623894077951,0.0,1.0,2,1.1379985511302948,1.0,FINBERT_ALPHA_GUARDIAN,0.0,2.0,
2017-10-30,-0.6827314835807712,0.0,0.8298400982031758,6,3.477659526467324,1.0,FINBERT_ALPHA_GUARDIAN,0.0,6.0,
2017-10-31,-0.1100442133291525,0.2247510892855773,0.4639658398334841,6,3.179680821299553,1.0,FINBERT_ALPHA_GUARDIAN,0.0,6.0,
2017-11-01,-0.6854006609426707,0.0,0.821152794615927,4,2.252278429269791,1.0,FINBERT_ALPHA_GUARDIAN,0.0,4.0,
2017-11-02,-0.2133480116002642,0.0,0.2467699252336763,4,2.452461399883032,1.0,FINBERT_ALPHA_GUARDIAN,0.0,4.0,
2017-11-03,0.3960229388717161,0.4971797774602859,0.0,2,1.2015855431556703,1.0,FINBERT_ALPHA_GUARDIAN,0.0,2.0,
2017-11-04,-0.5453752787781102,0.0,0.6523509821848118,3,1.7667215526103974,1.0,FINBERT_ALPHA_GUARDIAN,0.0,3.0,
2017-11-05,0.0,0.0,0.0,3,1.474477505683899,1.0,FINBERT_ALPHA_GUARDIAN,0.0,3.0,
2017-11-06,0.5677881836891174,1.0,0.0,1,0.3974517285823822,1.0,FINBERT_ALPHA_GUARDIAN,0.0,1.0,
2017-11-07,-0.6324177470968161,0.0,0.7812001686055751,5,2.8688576951622964,1.0,FINBERT_ALPHA_GUARDIAN,0.0,5.0,
2017-11-08,-0.3448675088435309,0.1745436548074943,0.5391929521108074,6,3.6401340283453463,1.0,FINBERT_ALPHA_GUARDIAN,0.0,6.0,
2017-11-09,-0.6486285005712067,0.0,0.706023716659013,3,1.88481784760952,1.0,FINBERT_ALPHA_GUARDIAN,0.0,3.0,
2017-11-10,-0.6759983617454431,0.0,0.8212755883779963,6,3.4375291228294373,1.0,FINBERT_ALPHA_GUARDIAN,0.0,6.0,
2017-11-12,0.0,0.0,0.0,2,1.240335610508919,1.0,FINBERT_ALPHA_GUARDIAN,0.0,2.0,
2017-11-13,-0.5988487310176434,0.0,0.6458518756971182,2,1.0767442137002947,1.0,FINBERT_ALPHA_GUARDIAN,0.0,2.0,
2017-11-14,0.5038033135984523,0.5545265896392731,0.0,2,1.3311887487769127,1.0,FINBERT_ALPHA_GUARDIAN,0.0,2.0,
2017-11-15,-0.5816460697971566,0.0,0.6520831654827106,2,1.0259213894605637,1.0,FINBERT_ALPHA_GUARDIAN,0.0,2.0,
2017-11-16,-0.2584330791600575,0.0,0.264813459254559,5,2.763944107294083,1.0,FINBERT_ALPHA_GUARDIAN,0.0,5.0,
2017-11-17,-0.0843159997637777,0.2827186989669251,0.4494544530330338,4,2.385929125547409,1.0,FINBERT_ALPHA_GUARDIAN,0.0,4.0,
2017-11-18,0.0,0.0,0.0,1,0.6427955865859986,1.0,FINBERT_ALPHA_GUARDIAN,0.0,1.0,
2017-11-20,0.0,0.0,0.0,1,0.6179712116718293,1.0,FINBERT_ALPHA_GUARDIAN,0.0,1.0,
2017-11-21,-0.9653001427650452,0.0,1.0,1,0.7239751070737839,1.0,FINBERT_ALPHA_GUARDIAN,0.0,1.0,
2017-11-22,0.0,0.0,0.0,1,0.5755385398864746,1.0,FINBERT_ALPHA_GUARDIAN,0.0,1.0,
2017-11-23,-0.2920041361371615,0.0,0.3093603426422066,4,2.2883422881364828,1.0,FINBERT_ALPHA_GUARDIAN,0.0,4.0,
2017-11-24,-0.5384736733266721,0.0,0.5722964093483586,2,1.2330585420131683,1.0,FINBERT_ALPHA_GUARDIAN,0.0,2.0,
2017-11-25,-0.9532168634340497,0.0,1.0,2,1.3345033824443815,1.0,FINBERT_ALPHA_GUARDIAN,0.0,2.0,
2017-11-26,-0.1210624654090929,0.0,0.240187081099991,3,1.6001108616590505,1.0,FINBERT_ALPHA_GUARDIAN,0.0,3.0,
2017-11-27,-0.6486555624367117,0.0,0.697656956704118,3,2.015637104213238,1.0,FINBERT_ALPHA_GUARDIAN,0.0,3.0,
2017-11-28,-0.8144377369747442,0.0,1.0,2,1.0706152081489564,1.0,FINBERT_ALPHA_GUARDIAN,0.0,2.0,
2017-11-29,0.5708188848999242,0.8204564090917048,0.1795435909082953,4,2.2443374350667,1.0,FINBERT_ALPHA_GUARDIAN,0.0,4.0,
2017-11-30,-0.5739364624023438,0.0,1.0,1,0.4304523468017578,1.0,FINBERT_ALPHA_GUARDIAN,0.0,1.0,
2017-12-01,-0.069803095871427,0.4027075497224546,0.5972924502775454,3,1.7695350736379625,1.0,FINBERT_ALPHA_GUARDIAN,0.0,3.0,
2017-12-04,0.077667970996593,0.4661422440881411,0.2925763856554367,4,2.35716597661376,1.0,FINBERT_ALPHA_GUARDIAN,0.0,4.0,
2017-12-05,-0.2834632508805647,0.0,0.2911654738099297,4,2.716691865772009,1.0,FINBERT_ALPHA_GUARDIAN,0.0,4.0,
2017-12-06,-0.7876008961953431,0.0,1.0,2,1.1366523385047913,1.0,FINBERT_ALPHA_GUARDIAN,0.0,2.0,
2017-12-07,-0.7737996926354863,0.0,1.0,5,2.592937585711479,1.0,FINBERT_ALPHA_GUARDIAN,0.0,5.0,
2017-12-08,0.2576711719824604,0.6612401230223445,0.3387598769776556,3,1.670885679125786,1.0,FINBERT_ALPHA_GUARDIAN,0.0,3.0,
2017-12-09,0.0,0.0,0.0,2,1.1670307993888858,1.0,FINBERT_ALPHA_GUARDIAN,0.0,2.0,
2017-12-10,-0.8883506655693054,0.0,1.0,1,0.6218454658985139,1.0,FINBERT_ALPHA_GUARDIAN,0.0,1.0,
2017-12-11,0.7752573490142822,1.0,0.0,1,0.5814430117607117,1.0,FINBERT_ALPHA_GUARDIAN,0.0,1.0,
2017-12-12,0.0,0.0,0.0,1,0.5606452584266663,1.0,FINBERT_ALPHA_GUARDIAN,0.0,1.0,
2017-12-13,0.1319140185099829,0.3411505955213946,0.2370946892692723,3,1.534652864933014,1.0,FINBERT_ALPHA_GUARDIAN,0.0,3.0,
2017-12-14,0.0,0.0,0.0,7,4.281970139592886,1.0,FINBERT_ALPHA_GUARDIAN,0.0,7.0,
2017-12-15,-0.0529279607837621,0.3167765926533535,0.3583678761691957,3,1.8981977283954623,1.0,FINBERT_ALPHA_GUARDIAN,0.0,3.0,
2017-12-17,-0.2326728353219996,0.0,0.3247481835068703,3,1.5443661041557788,1.0,FINBERT_ALPHA_GUARDIAN,0.0,3.0,
2017-12-18,0.0,0.0,0.0,2,1.018939545750618,1.0,FINBERT_ALPHA_GUARDIAN,0.0,2.0,
2017-12-19,0.0,0.0,0.0,1,0.4891595542430877,1.0,FINBERT_ALPHA_GUARDIAN,0.0,1.0,
2017-12-20,-0.3706476942383294,0.0,0.4634419781089697,6,3.566314797848463,1.0,FINBERT_ALPHA_GUARDIAN,0.0,6.0,
2017-12-21,-0.9741467833518982,0.0,1.0,1,0.7306100875139236,1.0,FINBERT_ALPHA_GUARDIAN,0.0,1.0,
2017-12-22,-0.4459723111077929,0.0,0.604538028093239,3,1.5828368574380876,1.0,FINBERT_ALPHA_GUARDIAN,0.0,3.0,
2017-12-23,0.0877884591160988,0.3592463888379024,0.3080596874531536,3,1.927597999572754,1.0,FINBERT_ALPHA_GUARDIAN,0.0,3.0,
2017-12-24,-0.0943888709233531,0.4494294438714549,0.5505705561285451,2,0.8163857758045197,1.0,FINBERT_ALPHA_GUARDIAN,0.0,2.0,
2017-12-25,-0.4633010779152353,0.0,0.5163107394925314,2,1.2165754079818727,1.0,FINBERT_ALPHA_GUARDIAN,0.0,2.0,
2017-12-28,-0.2925884391576183,0.0,0.3448280799745525,3,1.7224632084369662,1.0,FINBERT_ALPHA_GUARDIAN,0.0,3.0,
2017-12-29,0.0,0.0,0.0,1,0.4204093515872955,1.0,FINBERT_ALPHA_GUARDIAN,0.0,1.0,
2017-12-30,0.2049584879452172,0.3760079377190781,0.0,2,1.0872593358159066,1.0,FINBERT_ALPHA_GUARDIAN,0.0,2.0,
2017-12-31,0.5699714209574585,0.6432371307272007,0.0,2,1.0331708192825315,1.0,FINBERT_ALPHA_GUARDIAN,0.0,2.0,
2018-01-01,0.0,0.0,0.0,1,0.569790244102478,1.0,FINBERT_ALPHA_GUARDIAN,0.0,1.0,
2018-01-02,0.5332436674818987,0.6166393511865831,0.0,5,3.172764595597983,1.0,FINBERT_ALPHA_GUARDIAN,0.0,5.0,
2018-01-03,-0.5817081492765892,0.0,0.6027602602549563,2,1.200817996263504,1.0,FINBERT_ALPHA_GUARDIAN,0.0,2.0,
2018-01-04,0.5378091961872232,0.7024179664035145,0.0,3,1.6817095041275023,1.0,FINBERT_ALPHA_GUARDIAN,0.0,3.0,
2018-01-05,-0.0627291071127832,0.3766571199408899,0.3998749879658634,5,2.808562733232975,1.0,FINBERT_ALPHA_GUARDIAN,0.0,5.0,
2018-01-06,0.2172942301702022,0.3794409744167393,0.0,2,1.0564714878797532,1.0,FINBERT_ALPHA_GUARDIAN,0.0,2.0,
2018-01-07,0.0,0.0,0.0,1,0.5995177268981934,1.0,FINBERT_ALPHA_GUARDIAN,0.0,1.0,
2018-01-08,-0.7306317742314085,0.0,1.0,2,0.97700332403183,1.0,FINBERT_ALPHA_GUARDIAN,0.0,2.0,
2018-01-09,-0.5943169162082833,0.0,0.6537364154531897,2,1.216804452240467,1.0,FINBERT_ALPHA_GUARDIAN,0.0,2.0,
2018-01-10,-0.0205818668951641,0.2717873700024778,0.2828575972999711,4,2.514052912592888,1.0,FINBERT_ALPHA_GUARDIAN,0.0,4.0,
2018-01-11,-0.1435478509834991,0.3715269876949023,0.6284730123050977,3,1.6085567384958268,1.0,FINBERT_ALPHA_GUARDIAN,0.0,3.0,
2018-01-12,0.0278101667625342,0.3696151955281861,0.3420909623657272,3,1.8572881907224652,1.0,FINBERT_ALPHA_GUARDIAN,0.0,3.0,
2018-01-13,-0.417864106697475,0.0,0.5522443090675667,4,1.8280001163482669,1.0,FINBERT_ALPHA_GUARDIAN,0.0,4.0,
2018-01-14,-0.595520408572593,0.0,0.6693560894766758,3,1.8583708047866825,1.0,FINBERT_ALPHA_GUARDIAN,0.0,3.0,
2018-01-15,-0.8733752965927124,0.0,1.0,1,0.6113627076148987,1.0,FINBERT_ALPHA_GUARDIAN,0.0,1.0,
2018-01-16,-0.3568205770518399,0.0926357727093098,0.412518234733791,6,3.497910194844008,1.0,FINBERT_ALPHA_GUARDIAN,0.0,6.0,
2018-01-17,0.03740907522957,0.2824162891218921,0.2588497251775126,4,2.199536690115929,1.0,FINBERT_ALPHA_GUARDIAN,0.0,4.0,
2018-01-18,0.0,0.0,0.0,2,0.9635752700269224,1.0,FINBERT_ALPHA_GUARDIAN,0.0,2.0,
2018-01-19,-0.5392144467269309,0.0,0.6401646384248575,3,1.8179597824811935,1.0,FINBERT_ALPHA_GUARDIAN,0.0,3.0,
2018-01-20,-0.6599014401435852,0.0,1.0,1,0.4619310081005097,1.0,FINBERT_ALPHA_GUARDIAN,0.0,1.0,
2018-01-22,-0.1135482631169934,0.4596055053050777,0.5403944946949224,2,1.2962008863687515,1.0,FINBERT_ALPHA_GUARDIAN,0.0,2.0,
2018-01-23,-0.2120072237887038,0.0,0.2897136517601496,3,1.7681160986423494,1.0,FINBERT_ALPHA_GUARDIAN,0.0,3.0,
2018-01-24,0.0,0.0,0.0,1,0.6174353063106537,1.0,FINBERT_ALPHA_GUARDIAN,0.0,1.0,
2018-01-25,-0.8087802529335022,0.0,1.0,1,0.6065851897001266,1.0,FINBERT_ALPHA_GUARDIAN,0.0,1.0,
2018-01-26,-0.3353235832808459,0.0,0.364211686944295,3,1.895909518003464,1.0,FINBERT_ALPHA_GUARDIAN,0.0,3.0,
2018-01-27,-0.4916111835252126,0.0,0.6420475847526775,3,1.7412070579826833,1.0,FINBERT_ALPHA_GUARDIAN,0.0,3.0,
2018-01-28,-0.4615278648647328,0.0,0.5876888161382747,5,2.7963869094848635,1.0,FINBERT_ALPHA_GUARDIAN,0.0,5.0,
2018-01-29,-0.3736277224762076,0.0,0.4083864457621947,3,1.6801873743534088,1.0,FINBERT_ALPHA_GUARDIAN,0.0,3.0,
2018-01-30,0.0,0.0,0.0,3,1.9178726047277448,1.0,FINBERT_ALPHA_GUARDIAN,0.0,3.0,
2018-01-31,-0.5088863513272188,0.0,0.6597535024732153,6,3.19710166156292,1.0,FINBERT_ALPHA_GUARDIAN,0.0,6.0,
2018-02-01,-0.309543345496527,0.2949348621616216,0.7050651378383783,3,1.3612919263541698,1.0,FINBERT_ALPHA_GUARDIAN,0.0,3.0,
2018-02-02,-0.6440126089947549,0.0,0.7796954528527051,5,2.939559616148472,1.0,FINBERT_ALPHA_GUARDIAN,0.0,5.0,
2018-02-03,0.0,0.0,0.0,1,0.5733305037021638,1.0,FINBERT_ALPHA_GUARDIAN,0.0,1.0,
2018-02-04,-0.9254810214042664,0.0,1.0,1,0.9254810214042664,1.0,FINBERT_ALPHA_GUARDIAN,0.0,1.0,
2018-02-05,-0.5632725457056115,0.0,0.6058788069163479,4,2.396561925858259,1.0,FINBERT_ALPHA_GUARDIAN,0.0,4.0,
2018-02-06,-0.9211327769114211,0.0,1.0,7,4.954557200521231,1.0,FINBERT_ALPHA_GUARDIAN,0.0,7.0,
2018-02-07,-0.3424421357290707,0.2074941953329167,0.5452443390428857,4,2.550943049043417,1.0,FINBERT_ALPHA_GUARDIAN,0.0,4.0,
2018-02-08,-0.2214335672862256,0.2459701737085046,0.4509280049197529,7,4.061994060873985,1.0,FINBERT_ALPHA_GUARDIAN,0.0,7.0,
2018-02-09,-0.567281998499006,0.0,0.6115828833036971,7,4.6414817802608015,1.0,FINBERT_ALPHA_GUARDIAN,0.0,7.0,
2018-02-10,-0.3187272659787633,0.0,0.3511183254560877,3,1.809715325385332,1.0,FINBERT_ALPHA_GUARDIAN,0.0,3.0,
2018-02-11,0.244250339407284,0.6140317267885522,0.3859682732114479,2,1.1200000062584876,1.0,FINBERT_ALPHA_GUARDIAN,0.0,2.0,
2018-02-12,-0.0601470659942001,0.3500442414814594,0.368825169492789,3,1.9676056690514088,1.0,FINBERT_ALPHA_GUARDIAN,0.0,3.0,
2018-02-13,-0.8276962637901306,0.0,1.0,1,0.6725032143294811,1.0,FINBERT_ALPHA_GUARDIAN,0.0,1.0,
2018-02-14,-0.459752639064463,0.2229997515703407,0.7770002484296593,5,3.2962123945355417,1.0,FINBERT_ALPHA_GUARDIAN,0.0,5.0,
2018-02-15,-0.4542661784183763,0.262217116103782,0.7377828838962179,3,1.7267293594777584,1.0,FINBERT_ALPHA_GUARDIAN,0.0,3.0,
2018-02-16,-0.7126011795830637,0.0,0.8483616571249762,5,2.759189534187317,1.0,FINBERT_ALPHA_GUARDIAN,0.0,5.0,
2018-02-18,0.0,0.0,0.0,1,0.5087553441524506,1.0,FINBERT_ALPHA_GUARDIAN,0.0,1.0,
2018-02-19,-0.9594234824180604,0.0,1.0,1,0.7195676118135453,1.0,FINBERT_ALPHA_GUARDIAN,0.0,1.0,
2018-02-20,0.2692823784969598,0.6753005262512877,0.3246994737487123,3,1.6464509680867194,1.0,FINBERT_ALPHA_GUARDIAN,0.0,3.0,
2018-02-21,-0.5849849924363187,0.0,0.8095957635063556,5,2.4320993900299075,1.0,FINBERT_ALPHA_GUARDIAN,0.0,5.0,
2018-02-22,-0.4501635412463173,0.3431315580854551,0.656868441914545,2,1.105774223804474,1.0,FINBERT_ALPHA_GUARDIAN,0.0,2.0,
2018-02-23,-0.6616875245393311,0.0,0.8052036510023209,4,2.1312426328659058,1.0,FINBERT_ALPHA_GUARDIAN,0.0,4.0,
2018-02-24,0.0,0.0,0.0,1,0.5649037003517151,1.0,FINBERT_ALPHA_GUARDIAN,0.0,1.0,
2018-02-26,-0.0827991134493358,0.4828975627334002,0.5171024372665998,2,1.1649920850992204,1.0,FINBERT_ALPHA_GUARDIAN,0.0,2.0,
2018-02-27,0.0274498952115686,0.531043982168658,0.468956017831342,2,0.8339543044567108,1.0,FINBERT_ALPHA_GUARDIAN,0.0,2.0,
2018-02-28,-0.504046410600304,0.0,0.5238878168072388,2,1.377384501695633,1.0,FINBERT_ALPHA_GUARDIAN,0.0,2.0,
2018-03-01,-0.3755182708852969,0.296229020533529,0.7037709794664708,3,1.5380706697702409,1.0,FINBERT_ALPHA_GUARDIAN,0.0,3.0,
2018-03-02,-0.7367398333611298,0.0,0.7714416488184577,3,1.8569419652223589,1.0,FINBERT_ALPHA_GUARDIAN,0.0,3.0,
2018-03-03,-0.472832079252457,0.0,0.5192566472777795,4,2.4538940727710727,1.0,FINBERT_ALPHA_GUARDIAN,0.0,4.0,
2018-03-05,-0.5829954147338867,0.0,1.0,1,0.437246561050415,1.0,FINBERT_ALPHA_GUARDIAN,0.0,1.0,
2018-03-06,-0.3633736370593442,0.2932873068567466,0.7067126931432534,3,1.5841100521385671,1.0,FINBERT_ALPHA_GUARDIAN,0.0,3.0,
2018-03-07,-0.5152474135787902,0.0,0.7159133574780171,4,2.221525102853775,1.0,FINBERT_ALPHA_GUARDIAN,0.0,4.0,
2018-03-08,0.0,0.0,0.0,2,1.0988718420267105,1.0,FINBERT_ALPHA_GUARDIAN,0.0,2.0,
2018-03-09,-0.161914921207042,0.1982029498405922,0.3924474674345146,5,2.900513899326325,1.0,FINBERT_ALPHA_GUARDIAN,0.0,5.0,
2018-03-11,0.0,0.0,0.0,3,1.6988323718309406,1.0,FINBERT_ALPHA_GUARDIAN,0.0,3.0,
2018-03-12,-0.6200192620124323,0.0,1.0,2,0.9640809409320354,1.0,FINBERT_ALPHA_GUARDIAN,0.0,2.0,
2018-03-13,-0.8294607476138339,0.0,1.0,2,1.175637236982584,1.0,FINBERT_ALPHA_GUARDIAN,0.0,2.0,
2018-03-14,-0.2163801454902827,0.0,0.3309068376296769,5,2.495508901080926,1.0,FINBERT_ALPHA_GUARDIAN,1.0,4.0,
2018-03-15,-0.4347838723137076,0.0,0.5201568257532091,2,1.2052193224430083,1.0,FINBERT_ALPHA_GUARDIAN,0.0,2.0,
2018-03-16,-0.2150294795786354,0.0,0.3027355255578225,3,1.7596751123666765,1.0,FINBERT_ALPHA_GUARDIAN,0.0,3.0,
2018-03-17,-0.1980869607099441,0.0,0.3990357297263356,2,0.8708239406347276,1.0,FINBERT_ALPHA_GUARDIAN,0.0,2.0,
2018-03-18,-0.3304558023146025,0.0,0.4688754410420105,4,2.005008590221405,1.0,FINBERT_ALPHA_GUARDIAN,0.0,4.0,
2018-03-19,-0.5910472013717698,0.0,0.6661676049525286,3,1.9170834690332408,1.0,FINBERT_ALPHA_GUARDIAN,0.0,3.0,
2018-03-20,-0.280283704744432,0.0,0.4537460798117039,2,0.952950006723404,1.0,FINBERT_ALPHA_GUARDIAN,0.0,2.0,
2018-03-21,-0.2680747493190107,0.0,0.2886824387421049,4,2.2517139457166198,1.0,FINBERT_ALPHA_GUARDIAN,0.0,4.0,
2018-03-22,-0.8063369393348694,0.0,1.0,1,0.6551487632095814,1.0,FINBERT_ALPHA_GUARDIAN,0.0,1.0,
2018-03-23,-0.0927685475469066,0.1594358928912851,0.3228301833831148,9,4.759353738278152,1.0,FINBERT_ALPHA_GUARDIAN,0.0,9.0,
2018-03-24,-0.8134689642114635,0.0,1.0,2,1.179368594288826,1.0,FINBERT_ALPHA_GUARDIAN,0.0,2.0,
2018-03-25,-0.1716773741176464,0.0,0.2919751900864767,3,1.4096756637096406,1.0,FINBERT_ALPHA_GUARDIAN,0.0,3.0,
2018-03-26,-0.157506787956912,0.3787496505883745,0.6212503494116255,3,1.6597087398171424,1.0,FINBERT_ALPHA_GUARDIAN,0.0,3.0,
2018-03-27,0.5308371009003027,0.5710346010366227,0.0,2,1.3226952359080313,1.0,FINBERT_ALPHA_GUARDIAN,0.0,2.0,
2018-03-28,-0.9677122831344604,0.0,1.0,1,0.7862662300467491,1.0,FINBERT_ALPHA_GUARDIAN,0.0,1.0,
2018-03-29,0.0,0.0,0.0,2,0.965622025728226,1.0,FINBERT_ALPHA_GUARDIAN,0.0,2.0,
2018-03-30,0.0823770031287783,0.5455277732392106,0.4544722267607892,2,1.156764154136181,1.0,FINBERT_ALPHA_GUARDIAN,0.0,2.0,
2018-03-31,0.0,0.0,0.0,1,0.6483049750328065,1.0,FINBERT_ALPHA_GUARDIAN,0.0,1.0,
2018-04-01,0.0,0.0,0.0,2,0.9934714615345004,1.0,FINBERT_ALPHA_GUARDIAN,0.0,2.0,
2018-04-02,-0.6117767334433483,0.0,0.7353134800499638,3,1.592296057939529,1.0,FINBERT_ALPHA_GUARDIAN,0.0,3.0,
2018-04-03,-0.1877910191871665,0.1831077110685246,0.3223863452657346,4,2.346809216588736,1.0,FINBERT_ALPHA_GUARDIAN,0.0,4.0,
2018-04-04,-0.6509327733345059,0.0,0.7850082559461454,4,2.148862174153328,1.0,FINBERT_ALPHA_GUARDIAN,0.0,4.0,
2018-04-05,-0.209509006522549,0.1910359439608338,0.4152636760792793,5,2.6513046801090243,1.0,FINBERT_ALPHA_GUARDIAN,0.0,5.0,
2018-04-06,-0.7165888635462389,0.0,0.778047893368868,3,1.7870413072407247,1.0,FINBERT_ALPHA_GUARDIAN,0.0,3.0,
2018-04-07,-0.6631617679288627,0.0,0.7218280117900718,3,1.7760195374488832,1.0,FINBERT_ALPHA_GUARDIAN,0.0,3.0,
2018-04-08,0.0,0.0,0.0,1,0.5970143735408784,1.0,FINBERT_ALPHA_GUARDIAN,0.0,1.0,
2018-04-09,0.2152183348391588,0.3896653376341651,0.0,2,1.0630580484867096,1.0,FINBERT_ALPHA_GUARDIAN,0.0,2.0,
2018-04-10,0.1713465332329033,0.5116065945771441,0.2498098188468313,4,2.18592883720994,1.0,FINBERT_ALPHA_GUARDIAN,0.0,4.0,
2018-04-11,-0.6708265810503711,0.0,0.7603675809464844,4,2.535982844233513,1.0,FINBERT_ALPHA_GUARDIAN,0.0,4.0,
2018-04-12,0.3828594005007145,0.4717637812338875,0.0,3,1.2901832133531572,1.0,FINBERT_ALPHA_GUARDIAN,0.0,3.0,
2018-04-13,-0.3860881345744559,0.0,0.488723821485425,6,3.5734560295939453,1.0,FINBERT_ALPHA_GUARDIAN,0.0,6.0,
2018-04-15,0.0,0.0,0.0,1,0.4260704666376114,1.0,FINBERT_ALPHA_GUARDIAN,0.0,1.0,
2018-04-16,-0.4009812145155385,0.0,0.4910763305562733,2,1.2470598191022872,1.0,FINBERT_ALPHA_GUARDIAN,0.0,2.0,
2018-04-17,0.3302271383127728,0.3773092477800379,0.0,3,1.8846956625580789,1.0,FINBERT_ALPHA_GUARDIAN,0.0,3.0,
2018-04-18,-0.5877392400919604,0.0,0.680068045893907,6,3.515437430888414,1.0,FINBERT_ALPHA_GUARDIAN,0.0,6.0,
2018-04-19,0.0,0.0,0.0,1,0.6476347744464875,1.0,FINBERT_ALPHA_GUARDIAN,0.0,1.0,
2018-04-20,-0.8841739892959595,0.0,1.0,1,0.7183913663029671,1.0,FINBERT_ALPHA_GUARDIAN,0.0,1.0,
2018-04-21,0.0,0.0,0.0,1,0.4216363608837128,1.0,FINBERT_ALPHA_GUARDIAN,0.0,1.0,
2018-04-22,0.0,0.0,0.0,2,1.0180669695138933,1.0,FINBERT_ALPHA_GUARDIAN,0.0,2.0,
2018-04-23,-0.3275618047619931,0.22194755749865,0.535757764694136,4,2.02771637737751,1.0,FINBERT_ALPHA_GUARDIAN,1.0,3.0,
2018-04-24,0.0,0.0,0.0,1,0.5744695484638215,1.0,FINBERT_ALPHA_GUARDIAN,0.0,1.0,
2018-04-25,0.6356562736269395,0.6663355113761296,0.0,2,1.0737364172935486,1.0,FINBERT_ALPHA_GUARDIAN,0.0,2.0,
2018-04-26,-0.2482392131665906,0.2623852223393914,0.548450245188755,4,2.426154005527496,1.0,FINBERT_ALPHA_GUARDIAN,0.0,4.0,
2018-04-27,0.0,0.0,0.0,3,1.76637217476964,1.0,FINBERT_ALPHA_GUARDIAN,0.0,3.0,
2018-04-28,-0.5637525320053101,0.0,1.0,1,0.4228143990039825,1.0,FINBERT_ALPHA_GUARDIAN,0.0,1.0,
2018-04-29,-0.5589312603355909,0.0,0.5753455262094397,2,1.3719057887792587,1.0,FINBERT_ALPHA_GUARDIAN,0.0,2.0,
2018-05-01,-0.90669983625412,0.0,1.0,1,0.68002487719059,1.0,FINBERT_ALPHA_GUARDIAN,0.0,1.0,
2018-05-02,-0.2506993612458554,0.0,0.4424264164602778,2,0.8965389609336853,1.0,FINBERT_ALPHA_GUARDIAN,0.0,2.0,
2018-05-03,-0.2121496418869129,0.2898274075036466,0.4374540520672703,3,1.5696785151958466,1.0,FINBERT_ALPHA_GUARDIAN,0.0,3.0,
2018-05-04,-0.7561156059010731,0.0,1.0,3,1.4431894525885585,1.0,FINBERT_ALPHA_GUARDIAN,0.0,3.0,
2018-05-06,-0.7876001596450806,0.0,1.0,1,0.5513201117515565,1.0,FINBERT_ALPHA_GUARDIAN,0.0,1.0,
2018-05-08,-0.3218010834823986,0.0,0.5742286134932817,3,1.4106027066707612,1.0,FINBERT_ALPHA_GUARDIAN,0.0,3.0,
2018-05-09,-0.6899161455395609,0.0,1.0,3,1.3804447472095491,1.0,FINBERT_ALPHA_GUARDIAN,0.0,3.0,
2018-05-10,-0.5030165314674377,0.0,1.0,1,0.3521115720272064,1.0,FINBERT_ALPHA_GUARDIAN,0.0,1.0,
2018-05-11,-0.336174889468762,0.0,0.3578565538319808,3,1.9688316553831104,1.0,FINBERT_ALPHA_GUARDIAN,0.0,3.0,
2018-05-12,-0.5938479900360107,0.0,1.0,1,0.4156935930252076,1.0,FINBERT_ALPHA_GUARDIAN,0.0,1.0,
2018-05-13,0.0,0.0,0.0,1,0.5234443485736847,1.0,FINBERT_ALPHA_GUARDIAN,0.0,1.0,
2018-05-15,-0.4246132442298942,0.0,0.5238111803497314,4,2.2513222679495817,1.0,FINBERT_ALPHA_GUARDIAN,0.0,4.0,
2018-05-16,-0.5271551209773114,0.0,0.5707693386528983,2,1.213607978820801,1.0,FINBERT_ALPHA_GUARDIAN,0.0,2.0,
2018-05-17,-0.2763559204429354,0.4189522535094517,0.5810477464905481,2,1.1130759686231615,1.0,FINBERT_ALPHA_GUARDIAN,0.0,2.0,
2018-05-18,-0.5633532387749313,0.0,0.6913764615773048,3,1.604287686944008,1.0,FINBERT_ALPHA_GUARDIAN,0.0,3.0,
2018-05-20,-0.6378191709518433,0.0,1.0,1,0.4863371178507805,1.0,FINBERT_ALPHA_GUARDIAN,0.0,1.0,
2018-05-21,0.0176889389776217,0.2796572663158966,0.2810133992885453,4,2.4964826591312885,1.0,FINBERT_ALPHA_GUARDIAN,0.0,4.0,
2018-05-22,-0.4478299145556942,0.2258850695488405,0.7741149304511593,4,2.248269779235125,1.0,FINBERT_ALPHA_GUARDIAN,0.0,4.0,
2018-05-23,-0.190538635399942,0.1718621481288033,0.3153691358089837,4,2.277183330059052,1.0,FINBERT_ALPHA_GUARDIAN,0.0,4.0,
2018-05-24,-0.965794151674197,0.0,1.0,2,1.448676511645317,1.0,FINBERT_ALPHA_GUARDIAN,0.0,2.0,
2018-05-25,0.2040334382641324,0.4343590193048017,0.0,2,0.8786724910140038,1.0,FINBERT_ALPHA_GUARDIAN,0.0,2.0,
2018-05-26,-0.1827101025289445,0.0,0.3546519216432508,2,1.0168478310108189,1.0,FINBERT_ALPHA_GUARDIAN,0.0,2.0,
2018-05-29,-0.2039343135487219,0.3492521160945597,0.6507478839054402,3,1.7748384177684784,1.0,FINBERT_ALPHA_GUARDIAN,0.0,3.0,
2018-05-30,-0.5684174887179145,0.0,0.5895117521020988,4,2.4738457493484023,1.0,FINBERT_ALPHA_GUARDIAN,0.0,4.0,
2018-05-31,-0.4178740101588959,0.0,0.4804113679627538,7,4.007905813306571,1.0,FINBERT_ALPHA_GUARDIAN,0.0,7.0,
2018-06-01,-0.5815067909156597,0.0,0.7817125648573283,4,1.919230183959008,1.0,FINBERT_ALPHA_GUARDIAN,0.0,4.0,
2018-06-02,-0.9228769540786744,0.0,1.0,1,0.6460138678550722,1.0,FINBERT_ALPHA_GUARDIAN,0.0,1.0,
2018-06-03,0.0,0.0,0.0,1,0.5784899175167084,1.0,FINBERT_ALPHA_GUARDIAN,0.0,1.0,
2018-06-04,0.0,0.0,0.0,2,0.8760939538478851,1.0,FINBERT_ALPHA_GUARDIAN,0.0,2.0,
2018-06-05,-0.3128527388088735,0.0,0.3471686460707319,3,1.8170087128877643,1.0,FINBERT_ALPHA_GUARDIAN,0.0,3.0,
2018-06-06,-0.5865844126591641,0.0,0.6684478274070138,3,1.9012093275785449,1.0,FINBERT_ALPHA_GUARDIAN,0.0,3.0,
2018-06-07,-0.3499026016022684,0.0,0.3667590704210547,3,1.950952556729317,1.0,FINBERT_ALPHA_GUARDIAN,0.0,3.0,
2018-06-08,-0.8875740766525269,0.0,1.0,1,0.6656805574893951,1.0,FINBERT_ALPHA_GUARDIAN,0.0,1.0,
2018-06-09,0.5424267778595555,0.6588827821545932,0.0,3,1.8875329896807675,1.0,FINBERT_ALPHA_GUARDIAN,0.0,3.0,
2018-06-10,-0.4926744532242835,0.0,0.5447975302132954,2,1.2656966514885424,1.0,FINBERT_ALPHA_GUARDIAN,0.0,2.0,
2018-06-11,-0.5149198081182151,0.0,0.6074196507100416,7,3.9193555541336536,1.0,FINBERT_ALPHA_GUARDIAN,0.0,7.0,
2018-06-12,-0.3242697938030617,0.3857135392372742,0.6142864607627256,2,1.2873340062797072,1.0,FINBERT_ALPHA_GUARDIAN,0.0,2.0,
2018-06-13,0.0129184958872344,0.3860422415221724,0.3789052442993632,3,1.6563909232616427,1.0,FINBERT_ALPHA_GUARDIAN,0.0,3.0,
2018-06-14,-0.6600870529370646,0.0,0.7185302396903795,3,1.9974665977060797,1.0,FINBERT_ALPHA_GUARDIAN,0.0,3.0,
2018-06-15,-0.5848447742445179,0.0,0.7599897212077856,3,1.5813149519264698,1.0,FINBERT_ALPHA_GUARDIAN,0.0,3.0,
2018-06-16,0.0,0.0,0.0,1,0.6126391470432282,1.0,FINBERT_ALPHA_GUARDIAN,0.0,1.0,
2018-06-18,-0.4753847778737193,0.0,0.504859950085146,2,1.3988292165100575,1.0,FINBERT_ALPHA_GUARDIAN,0.0,2.0,
2018-06-19,-0.5203966315613925,0.0,0.5411981361692625,4,2.576221334934235,1.0,FINBERT_ALPHA_GUARDIAN,0.0,4.0,
2018-06-20,-0.8577920794487,0.0,1.0,1,0.643344059586525,1.0,FINBERT_ALPHA_GUARDIAN,0.0,1.0,
2018-06-21,-0.6859064909711342,0.0,0.8500626373191638,5,2.61812938824296,1.0,FINBERT_ALPHA_GUARDIAN,0.0,5.0,
2018-06-22,-0.4741275975454111,0.0,0.5388299768767594,2,1.1431146144866946,1.0,FINBERT_ALPHA_GUARDIAN,0.0,2.0,
2018-06-23,0.0,0.0,0.0,1,0.6082294166088105,1.0,FINBERT_ALPHA_GUARDIAN,0.0,1.0,
2018-06-25,-0.6905214919884313,0.0,0.8142495076768428,4,2.181084764003754,1.0,FINBERT_ALPHA_GUARDIAN,0.0,4.0,
2018-06-26,-0.8975402942713284,0.0,1.0,2,1.357454802840948,1.0,FINBERT_ALPHA_GUARDIAN,0.0,2.0,
2018-06-27,-0.4856438202388902,0.0,0.6142745232694856,5,2.7507522314786907,1.0,FINBERT_ALPHA_GUARDIAN,0.0,5.0,
2018-06-28,-0.2719238807621444,0.4111825980289128,0.5888174019710871,2,1.2318495482206346,1.0,FINBERT_ALPHA_GUARDIAN,0.0,2.0,
2018-06-29,0.9407167434692384,1.0,0.0,1,0.7055375576019288,1.0,FINBERT_ALPHA_GUARDIAN,0.0,1.0,
2018-06-30,0.0,0.0,0.0,1,0.6230046629905701,1.0,FINBERT_ALPHA_GUARDIAN,0.0,1.0,
2018-07-01,0.0,0.0,0.0,1,0.6470197141170502,1.0,FINBERT_ALPHA_GUARDIAN,0.0,1.0,
2018-07-02,-0.6517886086056154,0.0,0.6934722755696284,5,2.97844515144825,1.0,FINBERT_ALPHA_GUARDIAN,0.0,5.0,
2018-07-03,-0.4311103493200829,0.0,0.6416472422421208,3,1.4317083925008776,1.0,FINBERT_ALPHA_GUARDIAN,0.0,3.0,
2018-07-04,0.3750031767219454,0.4782691946176265,0.0,2,1.229564717411995,1.0,FINBERT_ALPHA_GUARDIAN,0.0,2.0,
2018-07-05,0.0,0.0,0.0,1,0.6363397479057312,1.0,FINBERT_ALPHA_GUARDIAN,0.0,1.0,
2018-07-06,-0.2500176606516241,0.0,0.3118822857154859,3,1.7992325961589817,1.0,FINBERT_ALPHA_GUARDIAN,0.0,3.0,
2018-07-07,-0.6367900371551514,0.0,1.0,1,0.445753026008606,1.0,FINBERT_ALPHA_GUARDIAN,0.0,1.0,
2018-07-09,-0.9145067930221558,0.0,1.0,1,0.6858800947666168,1.0,FINBERT_ALPHA_GUARDIAN,0.0,1.0,
2018-07-10,0.1363460453996031,0.2161285393870441,0.0,4,2.1891704261302958,1.0,FINBERT_ALPHA_GUARDIAN,0.0,4.0,
2018-07-11,-0.798326849937439,0.0,1.0,1,0.5987451374530792,1.0,FINBERT_ALPHA_GUARDIAN,0.0,1.0,
2018-07-12,-0.6864755838498281,0.0,0.7296067135815345,3,1.9504437804222108,1.0,FINBERT_ALPHA_GUARDIAN,0.0,3.0,
2018-07-13,-0.4711138031201184,0.0,0.5393588037452309,2,1.2145951658487322,1.0,FINBERT_ALPHA_GUARDIAN,0.0,2.0,
2018-07-14,0.0,0.0,0.0,1,0.5522348940372468,1.0,FINBERT_ALPHA_GUARDIAN,0.0,1.0,
2018-07-16,-0.8632073968413204,0.0,1.0,3,1.8386694371700285,1.0,FINBERT_ALPHA_GUARDIAN,0.0,3.0,
2018-07-17,-0.3666592035607651,0.0,0.378715459623947,3,1.9173340559005736,1.0,FINBERT_ALPHA_GUARDIAN,0.0,3.0,
2018-07-18,-0.349921308616643,0.0,0.4535720833918396,4,2.3349225312471398,1.0,FINBERT_ALPHA_GUARDIAN,0.0,4.0,
2018-07-19,0.0,0.0,0.0,2,0.8584934473037721,1.0,FINBERT_ALPHA_GUARDIAN,0.0,2.0,
2018-07-20,-0.1386462361779719,0.2324996393748226,0.3338907475717538,4,2.311274847388268,1.0,FINBERT_ALPHA_GUARDIAN,0.0,4.0,
2018-07-21,0.4377356511621099,0.5627954228064379,0.0,2,0.9674061536788942,1.0,FINBERT_ALPHA_GUARDIAN,0.0,2.0,
2018-07-22,0.0,0.0,0.0,2,1.0503832280635834,1.0,FINBERT_ALPHA_GUARDIAN,0.0,2.0,
2018-07-23,-0.857430897334444,0.0,1.0,3,1.782696384191513,1.0,FINBERT_ALPHA_GUARDIAN,0.0,3.0,
2018-07-24,0.0,0.0,0.0,2,1.152154687047005,1.0,FINBERT_ALPHA_GUARDIAN,0.0,2.0,
2018-07-25,-0.048735739169508,0.4143814355662227,0.4295065420125727,7,4.058742332458496,1.0,FINBERT_ALPHA_GUARDIAN,0.0,7.0,
2018-07-26,-0.4539096374539471,0.3407919087884494,0.6592080912115504,2,1.0977416664361956,1.0,FINBERT_ALPHA_GUARDIAN,0.0,2.0,
2018-07-27,-0.7359194088470469,0.0,0.8095832110525741,4,2.5224660992622376,1.0,FINBERT_ALPHA_GUARDIAN,0.0,4.0,
2018-07-29,-0.5522267610828506,0.0,0.6561165866010524,6,3.606622847914696,1.0,FINBERT_ALPHA_GUARDIAN,0.0,6.0,
2018-07-30,-0.9045794010162354,0.0,1.0,1,0.6784345507621765,1.0,FINBERT_ALPHA_GUARDIAN,0.0,1.0,
2018-07-31,-0.956638514995575,0.0,1.0,1,0.7772687934339046,1.0,FINBERT_ALPHA_GUARDIAN,0.0,1.0,
2018-08-01,0.2241153447519253,0.5027504162850824,0.2172868911294689,4,2.191299107670784,1.0,FINBERT_ALPHA_GUARDIAN,0.0,4.0,
2018-08-02,-0.2469607890309088,0.0,0.35322283925122,3,1.3855700582265855,1.0,FINBERT_ALPHA_GUARDIAN,0.0,3.0,
2018-08-03,-0.5767280673382137,0.0,0.7226269377699422,3,1.6721874088048936,1.0,FINBERT_ALPHA_GUARDIAN,0.0,3.0,
2018-08-04,-0.2212284097110084,0.1630518393714297,0.4131992543824935,5,2.898107078671456,1.0,FINBERT_ALPHA_GUARDIAN,0.0,5.0,
2018-08-05,-0.5713279247283936,0.0,1.0,1,0.3999295473098755,1.0,FINBERT_ALPHA_GUARDIAN,0.0,1.0,
2018-08-06,-0.6499936148533492,0.0,0.7618376594239328,4,2.4359066374599934,1.0,FINBERT_ALPHA_GUARDIAN,0.0,4.0,
2018-08-07,0.0695938467979431,0.5217298913485892,0.4782701086514109,2,1.2010042816400528,1.0,FINBERT_ALPHA_GUARDIAN,0.0,2.0,
2018-08-08,-0.4092618010865387,0.1395386577004029,0.6156663664888243,5,2.784389698505401,1.0,FINBERT_ALPHA_GUARDIAN,0.0,5.0,
2018-08-09,-0.7113621313985161,0.0,1.0,3,1.5807985067367554,1.0,FINBERT_ALPHA_GUARDIAN,0.0,3.0,
2018-08-10,-0.2893279725839666,0.0,0.4702905048898463,4,1.971881274878979,1.0,FINBERT_ALPHA_GUARDIAN,0.0,4.0,
2018-08-11,0.0,0.0,0.0,1,0.3822222828865051,1.0,FINBERT_ALPHA_GUARDIAN,0.0,1.0,
2018-08-12,0.2171221751455028,0.305781015131124,0.0,3,1.625478333234787,1.0,FINBERT_ALPHA_GUARDIAN,0.0,3.0,
2018-08-13,0.2151268100058801,0.3061329631069661,0.0,3,1.7216133058071137,1.0,FINBERT_ALPHA_GUARDIAN,0.0,3.0,
2018-08-14,0.0,0.0,0.0,1,0.6401406526565552,1.0,FINBERT_ALPHA_GUARDIAN,0.0,1.0,
2018-08-15,0.5370989336177554,0.6035948204375493,0.0,2,1.1056675016880035,1.0,FINBERT_ALPHA_GUARDIAN,0.0,2.0,
2018-08-16,-0.7418159855844673,0.0,1.0,2,1.0122538566589356,1.0,FINBERT_ALPHA_GUARDIAN,0.0,2.0,
2018-08-17,-0.7845337957959142,0.0,0.8470333324117421,4,2.4640398293733594,1.0,FINBERT_ALPHA_GUARDIAN,0.0,4.0,
2018-08-18,-0.2541350642821882,0.1587009258651651,0.429766734475664,5,2.779422998428345,1.0,FINBERT_ALPHA_GUARDIAN,0.0,5.0,
2018-08-19,-0.3249114391503709,0.0,0.5330062086493731,2,0.8005685150623323,1.0,FINBERT_ALPHA_GUARDIAN,0.0,2.0,
2018-08-21,0.3290070876402307,0.3904561101494384,0.0,3,1.5106325805187226,1.0,FINBERT_ALPHA_GUARDIAN,0.0,3.0,
2018-08-22,-0.3696353529142899,0.1113614191448081,0.4957517912551059,6,3.5700100228190426,1.0,FINBERT_ALPHA_GUARDIAN,0.0,6.0,
2018-08-23,-0.3870999528012095,0.0,0.4294559073824096,5,3.043156921863556,1.0,FINBERT_ALPHA_GUARDIAN,0.0,5.0,
2018-08-24,-0.3080623807821632,0.0,0.3837272970688135,3,1.8306331872940067,1.0,FINBERT_ALPHA_GUARDIAN,0.0,3.0,
2018-08-25,0.0,0.0,0.0,1,0.5796703100204468,1.0,FINBERT_ALPHA_GUARDIAN,0.0,1.0,
2018-08-26,-0.7218280964023636,0.0,0.8381665196356624,4,2.3146555513143543,1.0,FINBERT_ALPHA_GUARDIAN,0.0,4.0,
2018-08-27,-0.3060252302743555,0.0,0.44688233036618,4,2.202778498828411,1.0,FINBERT_ALPHA_GUARDIAN,0.0,4.0,
2018-08-28,0.1830889841607627,0.2778402231899792,0.0,3,1.7788250640034675,1.0,FINBERT_ALPHA_GUARDIAN,0.0,3.0,
2018-08-29,0.2877233026508818,0.5535905918474835,0.2494277168860109,4,2.5292499139904976,1.0,FINBERT_ALPHA_GUARDIAN,0.0,4.0,
2018-08-30,0.0949372807976657,0.3494586247811524,0.4254129855232579,4,2.023050256818533,1.0,FINBERT_ALPHA_GUARDIAN,0.0,4.0,
2018-08-31,-0.8805553786859,0.0,1.0,2,1.2604081809520722,1.0,FINBERT_ALPHA_GUARDIAN,0.0,2.0,
2018-09-01,-0.48708215171952,0.0,0.5204057764562137,2,1.258971905708313,1.0,FINBERT_ALPHA_GUARDIAN,0.0,2.0,
2018-09-02,-0.2023924032948803,0.0,0.3774716204743055,2,0.9943141877651216,1.0,FINBERT_ALPHA_GUARDIAN,0.0,2.0,
2018-09-03,-0.8370778143412435,0.0,1.0,2,1.2137472331523895,1.0,FINBERT_ALPHA_GUARDIAN,0.0,2.0,
2018-09-04,0.84974604845047,1.0,0.0,1,0.6904186643660069,1.0,FINBERT_ALPHA_GUARDIAN,0.0,1.0,
2018-09-05,-0.7062758225484037,0.0,1.0,3,1.4161039486527445,1.0,FINBERT_ALPHA_GUARDIAN,0.0,3.0,
2018-09-06,-0.0756247043609619,0.4784717540057199,0.52152824599428,2,1.3173049092292786,1.0,FINBERT_ALPHA_GUARDIAN,0.0,2.0,
2018-09-07,-0.8423946895544708,0.0,1.0,2,1.1757969677448274,1.0,FINBERT_ALPHA_GUARDIAN,0.0,2.0,
2018-09-08,0.3455851207670194,0.5295732753910858,0.0,2,0.8625831186771393,1.0,FINBERT_ALPHA_GUARDIAN,0.0,2.0,
2018-09-10,-0.7266042232513428,0.0,1.0,1,0.50862295627594,1.0,FINBERT_ALPHA_GUARDIAN,0.0,1.0,
2018-09-11,-0.2502451414705573,0.0,0.3266742233174853,3,1.758721947669983,1.0,FINBERT_ALPHA_GUARDIAN,0.0,3.0,
2018-09-12,-0.646913395108089,0.0,0.763868913790012,4,2.484862010926008,1.0,FINBERT_ALPHA_GUARDIAN,0.0,4.0,
2018-09-13,-0.6005419492721558,0.0,1.0,1,0.4504064619541168,1.0,FINBERT_ALPHA_GUARDIAN,0.0,1.0,
2018-09-14,-0.4186539396534484,0.0,0.4606950175337842,5,2.859873455762864,1.0,FINBERT_ALPHA_GUARDIAN,0.0,5.0,
2018-09-15,-0.9610590934753418,0.0,1.0,1,0.6727413654327393,1.0,FINBERT_ALPHA_GUARDIAN,0.0,1.0,
2018-09-16,0.0,0.0,0.0,1,0.5717610001564026,1.0,FINBERT_ALPHA_GUARDIAN,0.0,1.0,
2018-09-17,-0.8704567884625748,0.0,1.0,3,1.9008913516998291,1.0,FINBERT_ALPHA_GUARDIAN,0.0,3.0,
2018-09-18,-0.3765638752858555,0.0,0.4362513254416654,5,2.868875214457512,1.0,FINBERT_ALPHA_GUARDIAN,0.0,5.0,
2018-09-19,-0.335437363981927,0.3964217343767353,0.6035782656232647,2,1.1474743522703648,1.0,FINBERT_ALPHA_GUARDIAN,0.0,2.0,
2018-09-20,-0.4151297188260277,0.0,0.515063097496553,6,3.406222078949213,1.0,FINBERT_ALPHA_GUARDIAN,0.0,6.0,
2018-09-21,-0.4154963710036201,0.0,0.4348198024433484,3,1.648199847340584,1.0,FINBERT_ALPHA_GUARDIAN,0.0,3.0,
2018-09-22,-0.3914818051861359,0.0,0.417144688792851,5,3.1487158834934235,1.0,FINBERT_ALPHA_GUARDIAN,0.0,5.0,
2018-09-23,0.0,0.0,0.0,2,1.0620558917522431,1.0,FINBERT_ALPHA_GUARDIAN,0.0,2.0,
2018-09-24,0.1398769689146397,0.4000548509464239,0.3061124954017298,3,1.7588445812463762,1.0,FINBERT_ALPHA_GUARDIAN,0.0,3.0,
2018-09-26,0.0320790790861808,0.408850472300951,0.3521161520971172,3,2.043472762405872,1.0,FINBERT_ALPHA_GUARDIAN,0.0,3.0,
2018-09-27,-0.2679936758181626,0.4141330592811786,0.5858669407188213,2,1.1189276706427336,1.0,FINBERT_ALPHA_GUARDIAN,0.0,2.0,
2018-09-28,-0.8103657215919531,0.0,0.8351339071688955,4,2.5561592400074007,1.0,FINBERT_ALPHA_GUARDIAN,0.0,4.0,
2018-09-29,0.0,0.0,0.0,2,0.9749776303768158,1.0,FINBERT_ALPHA_GUARDIAN,0.0,2.0,
2018-09-30,0.0,0.0,0.0,1,0.5926701903343201,1.0,FINBERT_ALPHA_GUARDIAN,0.0,1.0,
2018-10-01,0.4277767696268121,0.575818079776973,0.0,2,0.9676267504692078,1.0,FINBERT_ALPHA_GUARDIAN,0.0,2.0,
2018-10-02,0.0,0.0,0.0,2,1.2259484112262726,1.0,FINBERT_ALPHA_GUARDIAN,0.0,2.0,
2018-10-03,-0.6348104060810638,0.0,0.7854996672296214,4,2.1020164757967,1.0,FINBERT_ALPHA_GUARDIAN,0.0,4.0,
2018-10-04,-0.9586028456687928,0.0,1.0,1,0.7189521342515947,1.0,FINBERT_ALPHA_GUARDIAN,0.0,1.0,
2018-10-05,-0.4817050217809319,0.0,0.520255258205591,9,5.328274490684271,1.0,FINBERT_ALPHA_GUARDIAN,0.0,9.0,
2018-10-06,-0.2894064440006815,0.0,0.3959550252627237,5,2.583804547786713,1.0,FINBERT_ALPHA_GUARDIAN,0.0,5.0,
2018-10-07,-0.4387907839752969,0.2912108263917939,0.708789173608206,3,1.845764291286469,1.0,FINBERT_ALPHA_GUARDIAN,0.0,3.0,
2018-10-08,-0.8542942251893663,0.0,1.0,2,1.2648892149329187,1.0,FINBERT_ALPHA_GUARDIAN,0.0,2.0,
2018-10-09,-0.8676890782663463,0.0,1.0,2,1.3121781408786777,1.0,FINBERT_ALPHA_GUARDIAN,0.0,2.0,
2018-10-10,-0.9128641486167908,0.0,1.0,1,0.6390049040317536,1.0,FINBERT_ALPHA_GUARDIAN,0.0,1.0,
2018-10-11,-0.6355434998465546,0.0,0.7429717697066838,10,5.9638596549630165,1.0,FINBERT_ALPHA_GUARDIAN,0.0,10.0,
2018-10-12,-0.8435273821198852,0.0,1.0,3,1.914674621075392,1.0,FINBERT_ALPHA_GUARDIAN,0.0,3.0,
2018-10-15,-0.6511764674334921,0.0,0.7030248056236985,3,2.057995654642582,1.0,FINBERT_ALPHA_GUARDIAN,0.0,3.0,
2018-10-16,-0.1474233899428941,0.4304644017320657,0.5695355982679343,2,0.9688742831349372,1.0,FINBERT_ALPHA_GUARDIAN,0.0,2.0,
2018-10-17,0.209459193354106,0.2389207291239117,0.0,5,2.9813648954033853,1.0,FINBERT_ALPHA_GUARDIAN,0.0,5.0,
2018-10-18,-0.8326665032359529,0.0,1.0,4,2.3711195148527624,1.0,FINBERT_ALPHA_GUARDIAN,0.0,4.0,
2018-10-22,-0.506311297416687,0.0,1.0,1,0.3797334730625152,1.0,FINBERT_ALPHA_GUARDIAN,0.0,1.0,
2018-10-23,-0.0200329118851862,0.1869624039031942,0.205273616941291,6,3.8124137893319134,1.0,FINBERT_ALPHA_GUARDIAN,0.0,6.0,
2018-10-24,-0.4736269013129955,0.0,0.5544316968155182,8,4.422026937454939,1.0,FINBERT_ALPHA_GUARDIAN,0.0,8.0,
2018-10-25,-0.6092888770413745,0.0,0.6913031786511828,9,5.449118015170098,1.0,FINBERT_ALPHA_GUARDIAN,0.0,9.0,
2018-10-26,-0.6245186434714528,0.0,0.671372150491467,5,3.1990274116396904,1.0,FINBERT_ALPHA_GUARDIAN,0.0,5.0,
2018-10-27,0.0,0.0,0.0,1,0.4138308584690094,1.0,FINBERT_ALPHA_GUARDIAN,0.0,1.0,
2018-10-29,-0.337935400370905,0.1593912945357258,0.6100228994182307,5,2.4247186839580537,1.0,FINBERT_ALPHA_GUARDIAN,0.0,5.0,
2018-10-30,0.0,0.0,0.0,3,1.620651200413704,1.0,FINBERT_ALPHA_GUARDIAN,0.0,3.0,
2018-10-31,0.3844186705364614,0.6410864604164893,0.3589135395835107,2,1.0562052458524704,1.0,FINBERT_ALPHA_GUARDIAN,0.0,2.0,
2018-11-01,0.1313157482885159,0.3410374501493995,0.2508079860815557,3,2.0136866457760334,1.0,FINBERT_ALPHA_GUARDIAN,0.0,3.0,
2018-11-02,-0.8835688038140366,0.0,1.0,4,2.5643499955534934,1.0,FINBERT_ALPHA_GUARDIAN,0.0,4.0,
2018-11-03,0.0,0.0,0.0,1,0.4680644512176514,1.0,FINBERT_ALPHA_GUARDIAN,0.0,1.0,
2018-11-04,-0.6077789531904144,0.0,0.7540541928582325,3,1.6024736315011978,1.0,FINBERT_ALPHA_GUARDIAN,0.0,3.0,
2018-11-06,0.6227138042449951,1.0,0.0,1,0.4670353531837463,1.0,FINBERT_ALPHA_GUARDIAN,0.0,1.0,
2018-11-07,-0.803306444932273,0.0,1.0,2,1.1393271654844284,1.0,FINBERT_ALPHA_GUARDIAN,0.0,2.0,
2018-11-08,-0.4013681799493251,0.0,0.4412962720115276,5,2.9734655618667603,1.0,FINBERT_ALPHA_GUARDIAN,0.0,5.0,
2018-11-09,-0.2465912301051327,0.0,0.3033596881684958,7,3.709369359910488,1.0,FINBERT_ALPHA_GUARDIAN,0.0,7.0,
2018-11-10,0.0,0.0,0.0,1,0.3884087145328522,1.0,FINBERT_ALPHA_GUARDIAN,0.0,1.0,
2018-11-11,0.8998632431030273,1.0,0.0,1,0.6748974323272705,1.0,FINBERT_ALPHA_GUARDIAN,0.0,1.0,
2018-11-12,0.0,0.0,0.0,1,0.5884949445724488,1.0,FINBERT_ALPHA_GUARDIAN,0.0,1.0,
2018-11-13,-0.8648828980820675,0.0,1.0,3,1.717588263750076,1.0,FINBERT_ALPHA_GUARDIAN,0.0,3.0,
2018-11-14,-0.1263100209599947,0.0,0.2416260470988256,3,1.5144270181655886,1.0,FINBERT_ALPHA_GUARDIAN,0.0,3.0,
2018-11-15,-0.1285685899569041,0.2172645893035895,0.3820300149751323,5,3.1727202385663986,1.0,FINBERT_ALPHA_GUARDIAN,0.0,5.0,
2018-11-16,-0.2448402638647159,0.0,0.4665633974200777,2,0.7873349845409394,1.0,FINBERT_ALPHA_GUARDIAN,0.0,2.0,
2018-11-17,-0.9596090912818908,0.0,1.0,1,0.6717263638973235,1.0,FINBERT_ALPHA_GUARDIAN,0.0,1.0,
2018-11-19,0.2674151680009405,0.4292240962701952,0.0,2,1.0160518884658811,1.0,FINBERT_ALPHA_GUARDIAN,0.0,2.0,
2018-11-20,-0.4987778655150929,0.0,0.6206145753310063,3,1.8032241687178607,1.0,FINBERT_ALPHA_GUARDIAN,0.0,3.0,
2018-11-21,-0.4522500819803203,0.0,0.4848869262088272,5,3.122855800390244,1.0,FINBERT_ALPHA_GUARDIAN,0.0,5.0,
2018-11-22,-0.9094455163384588,0.0,1.0,2,1.312540102005005,1.0,FINBERT_ALPHA_GUARDIAN,0.0,2.0,
2018-11-23,-0.2437110200423382,0.0,0.3407680851553951,3,1.469113601744175,1.0,FINBERT_ALPHA_GUARDIAN,0.0,3.0,
2018-11-24,0.0,0.0,0.0,1,0.4494122803211212,1.0,FINBERT_ALPHA_GUARDIAN,0.0,1.0,
2018-11-25,-0.6735615134239197,0.0,1.0,1,0.4714930593967438,1.0,FINBERT_ALPHA_GUARDIAN,0.0,1.0,
2018-11-26,-0.2846716935195019,0.2368739575136648,0.5228501639437331,4,2.625903108716011,1.0,FINBERT_ALPHA_GUARDIAN,0.0,4.0,
2018-11-27,-0.1529601245176804,0.3137269562832236,0.5291607287156925,4,2.222944286465645,1.0,FINBERT_ALPHA_GUARDIAN,0.0,4.0,
2018-11-28,-0.616744645850789,0.0,0.6793471694908028,6,4.075258544832468,1.0,FINBERT_ALPHA_GUARDIAN,0.0,6.0,
2018-11-29,-0.5079459127087879,0.0,0.5320631225607154,2,1.255998706817627,1.0,FINBERT_ALPHA_GUARDIAN,0.0,2.0,
2018-11-30,-0.2595821350097753,0.3496491535209139,0.6503508464790861,3,1.8225001692771912,1.0,FINBERT_ALPHA_GUARDIAN,0.0,3.0,
2018-12-01,-0.5679386349712303,0.0,0.7268460236932074,4,2.2527241557836533,1.0,FINBERT_ALPHA_GUARDIAN,0.0,4.0,
2018-12-02,-0.2276482390988948,0.0,0.4543503626878705,2,0.771934723854065,1.0,FINBERT_ALPHA_GUARDIAN,0.0,2.0,
2018-12-03,-0.3891118710107921,0.1891046115716829,0.6174477374475279,5,2.85185239687562,1.0,FINBERT_ALPHA_GUARDIAN,0.0,5.0,
2018-12-04,-0.9649614691734314,0.0,1.0,1,0.784031193703413,1.0,FINBERT_ALPHA_GUARDIAN,0.0,1.0,
2018-12-05,-0.1693697634665961,0.0,0.2353587367106792,4,2.2931712895631797,1.0,FINBERT_ALPHA_GUARDIAN,0.0,4.0,
2018-12-06,-0.7344032210542178,0.0,0.8300064786054063,5,2.970932921767236,1.0,FINBERT_ALPHA_GUARDIAN,0.0,5.0,
2018-12-07,-0.526985016616865,0.0,0.547291217204327,5,2.96881440654397,1.0,FINBERT_ALPHA_GUARDIAN,0.0,5.0,
2018-12-08,0.0,0.0,0.0,2,1.041577035188675,1.0,FINBERT_ALPHA_GUARDIAN,0.0,2.0,
2018-12-09,0.0,0.0,0.0,1,0.6402430415153503,1.0,FINBERT_ALPHA_GUARDIAN,0.0,1.0,
2018-12-10,-0.6608898912677976,0.0,0.7053001007879909,3,1.925707805156708,1.0,FINBERT_ALPHA_GUARDIAN,0.0,3.0,
2018-12-11,-0.3511950879447511,0.0,0.4828330436608439,2,1.129836830496788,1.0,FINBERT_ALPHA_GUARDIAN,0.0,2.0,
2018-12-12,0.1452805916569977,0.4422640117831833,0.2366166925791673,5,2.5395948439836507,1.0,FINBERT_ALPHA_GUARDIAN,0.0,5.0,
2018-12-13,-0.5471934441644387,0.0,0.5669923652861429,2,1.2765790909528731,1.0,FINBERT_ALPHA_GUARDIAN,0.0,2.0,
2018-12-14,-0.9629753295589828,0.0,1.0,2,1.3480832993984224,1.0,FINBERT_ALPHA_GUARDIAN,0.0,2.0,
2018-12-15,-0.7862543860243478,0.0,1.0,2,1.139976018667221,1.0,FINBERT_ALPHA_GUARDIAN,0.0,2.0,
2018-12-16,-0.4464341979020091,0.0,0.6116934384173004,5,2.523987279832363,1.0,FINBERT_ALPHA_GUARDIAN,0.0,5.0,
2018-12-17,-0.6820562356762746,0.0,0.7573276133032876,7,4.314711026847363,1.0,FINBERT_ALPHA_GUARDIAN,0.0,7.0,
2018-12-18,-0.7994791350185679,0.0,0.8828384687303648,5,3.70319464057684,1.0,FINBERT_ALPHA_GUARDIAN,0.0,5.0,
2018-12-19,0.0385957261277572,0.3707275300357721,0.2502932335845639,5,3.322773370891809,1.0,FINBERT_ALPHA_GUARDIAN,0.0,5.0,
2018-12-20,-0.5525240232806876,0.0837617304886859,0.6481624727320501,7,4.373070274293423,1.0,FINBERT_ALPHA_GUARDIAN,0.0,7.0,
2018-12-21,-0.8754575093398779,0.0,1.0,5,3.2431104533374318,1.0,FINBERT_ALPHA_GUARDIAN,0.0,5.0,
2018-12-22,-0.2222581029054742,0.0,0.2729264781715282,4,2.08864341378212,1.0,FINBERT_ALPHA_GUARDIAN,0.0,4.0,
2018-12-23,-0.4694355524307994,0.0,0.546195959261811,4,2.654241421818733,1.0,FINBERT_ALPHA_GUARDIAN,0.0,4.0,
2018-12-24,-0.8437567194091237,0.0,1.0,2,1.3150548085570335,1.0,FINBERT_ALPHA_GUARDIAN,0.0,2.0,
2018-12-26,-0.81550407700104,0.0,1.0,2,1.13333482965827,1.0,FINBERT_ALPHA_GUARDIAN,0.0,2.0,
2018-12-27,-0.2439622488519935,0.2040494708564081,0.4527050302916946,5,2.6641982436180114,1.0,FINBERT_ALPHA_GUARDIAN,0.0,5.0,
2018-12-28,-0.0279584592819789,0.5882137409637527,0.4117862590362473,3,1.5396969005465508,1.0,FINBERT_ALPHA_GUARDIAN,0.0,3.0,
2018-12-30,0.0,0.0,0.0,3,1.524815109372139,1.0,FINBERT_ALPHA_GUARDIAN,0.0,3.0,
2018-12-31,-0.9646325089135313,0.0,1.0,3,2.170373037457466,1.0,FINBERT_ALPHA_GUARDIAN,0.0,3.0,
2019-01-01,0.0,0.0,0.0,2,1.257353001832962,1.0,FINBERT_ALPHA_GUARDIAN,0.0,2.0,
2019-01-02,-0.8838783067612872,0.0,1.0,3,1.935124441981316,1.0,FINBERT_ALPHA_GUARDIAN,0.0,3.0,
2019-01-03,-0.7727518692091713,0.0,0.8067604410002917,4,2.745438738912344,1.0,FINBERT_ALPHA_GUARDIAN,0.0,4.0,
2019-01-04,-0.3778134908823154,0.0,0.4302020424715352,5,3.061153514683247,1.0,FINBERT_ALPHA_GUARDIAN,0.0,5.0,
2019-01-05,-0.5442661643028259,0.0,1.0,1,0.3809863150119781,1.0,FINBERT_ALPHA_GUARDIAN,0.0,1.0,
2019-01-06,-0.3273704450179247,0.0,0.3479532853733146,3,1.892760333418846,1.0,FINBERT_ALPHA_GUARDIAN,0.0,3.0,
2019-01-07,-0.5979138014860287,0.0,0.6163827829007852,2,1.1803174912929535,1.0,FINBERT_ALPHA_GUARDIAN,0.0,2.0,
2019-01-08,-0.96835595369339,0.0,1.0,1,0.7867892123758794,1.0,FINBERT_ALPHA_GUARDIAN,0.0,1.0,
2019-01-09,0.5828975439071655,1.0,0.0,1,0.4371731579303741,1.0,FINBERT_ALPHA_GUARDIAN,0.0,1.0,
2019-01-10,-0.650762440052633,0.0,0.7546580541246327,4,2.4415272116661075,1.0,FINBERT_ALPHA_GUARDIAN,0.0,4.0,
2019-01-11,-0.9659486685201648,0.0,1.0,2,1.4004727691411971,1.0,FINBERT_ALPHA_GUARDIAN,0.0,2.0,
2019-01-12,0.0,0.0,0.0,2,1.2915906190872193,1.0,FINBERT_ALPHA_GUARDIAN,0.0,2.0,
2019-01-13,-0.2781629724818978,0.0,0.4660689176882128,2,0.9604180216789246,1.0,FINBERT_ALPHA_GUARDIAN,0.0,2.0,
2019-01-14,-0.8693745498151019,0.0,1.0,4,2.434840168058872,1.0,FINBERT_ALPHA_GUARDIAN,0.0,4.0,
2019-01-15,0.6046649520344913,0.7122495476160393,0.0,3,1.6978250160813333,1.0,FINBERT_ALPHA_GUARDIAN,0.0,3.0,
2019-01-16,-0.6224863154900314,0.0,0.7469863682202241,4,2.4204603374004363,1.0,FINBERT_ALPHA_GUARDIAN,0.0,4.0,
2019-01-17,-0.6089994106267622,0.0,0.7337642729816716,4,2.431272087991238,1.0,FINBERT_ALPHA_GUARDIAN,0.0,4.0,
2019-01-18,-0.5039941063171822,0.0,0.6485480301168586,6,3.2570543825626377,1.0,FINBERT_ALPHA_GUARDIAN,0.0,6.0,
2019-01-19,-0.4894763235634898,0.0,0.5330751241417789,2,1.2918619871139527,1.0,FINBERT_ALPHA_GUARDIAN,0.0,2.0,
2019-01-20,-0.8933795807342537,0.0,1.0,2,1.2899449080228806,1.0,FINBERT_ALPHA_GUARDIAN,0.0,2.0,
2019-01-21,-0.6277252320622382,0.0,0.6586644344205934,2,1.0128361612558368,1.0,FINBERT_ALPHA_GUARDIAN,0.0,2.0,
2019-01-23,0.0110583527385775,0.2374267587556761,0.230528557713597,4,2.397994849085808,1.0,FINBERT_ALPHA_GUARDIAN,0.0,4.0,
2019-01-24,-0.2381550332826052,0.0,0.3226583290098631,3,1.7156759649515152,1.0,FINBERT_ALPHA_GUARDIAN,0.0,3.0,
2019-01-25,0.4815054868570084,0.6149669490181254,0.0,3,1.7516071885824205,1.0,FINBERT_ALPHA_GUARDIAN,0.0,3.0,
2019-01-27,-0.9048192297772656,0.0,1.0,2,1.304183664917946,1.0,FINBERT_ALPHA_GUARDIAN,0.0,2.0,
2019-01-28,-0.406425861277078,0.0,0.424470627522042,3,1.8327761203050612,1.0,FINBERT_ALPHA_GUARDIAN,0.0,3.0,
2019-01-29,0.0,0.0,0.0,1,0.5985133230686188,1.0,FINBERT_ALPHA_GUARDIAN,0.0,1.0,
2019-01-30,-0.2602346338691813,0.0,0.281088168791486,4,2.4702518090605734,1.0,FINBERT_ALPHA_GUARDIAN,0.0,4.0,
2019-01-31,0.2558824439573683,0.4506750194611065,0.0,2,1.1810948997735975,1.0,FINBERT_ALPHA_GUARDIAN,0.0,2.0,
2019-02-01,0.0,0.0,0.0,2,1.24606369137764,1.0,FINBERT_ALPHA_GUARDIAN,0.0,2.0,
2019-02-02,-0.4498708041340898,0.0,0.5700525139939009,2,0.9690721631050112,1.0,FINBERT_ALPHA_GUARDIAN,0.0,2.0,
2019-02-03,0.0,0.0,0.0,1,0.3203811019659042,1.0,FINBERT_ALPHA_GUARDIAN,0.0,1.0,
2019-02-04,-0.508261081807268,0.0,0.5367864831699567,2,1.3229547113180162,1.0,FINBERT_ALPHA_GUARDIAN,0.0,2.0,
2019-02-05,-0.5890220268496402,0.0,0.7438105548594763,4,2.214264047145844,1.0,FINBERT_ALPHA_GUARDIAN,0.0,4.0,
2019-02-06,-0.302978787887426,0.0,0.3680409257581071,3,1.677572345733643,1.0,FINBERT_ALPHA_GUARDIAN,0.0,3.0,
2019-02-07,-0.5832189070364253,0.0,0.6677555061607563,3,1.8561655402183532,1.0,FINBERT_ALPHA_GUARDIAN,0.0,3.0,
2019-02-08,-0.2761821605113976,0.0,0.3619329199785934,5,2.847783109545708,1.0,FINBERT_ALPHA_GUARDIAN,0.0,5.0,
2019-02-09,0.0,0.0,0.0,2,1.1436487138271332,1.0,FINBERT_ALPHA_GUARDIAN,0.0,2.0,
2019-02-10,-0.5672201547495757,0.0,0.6531005015930729,3,1.8565605998039247,1.0,FINBERT_ALPHA_GUARDIAN,0.0,3.0,
2019-02-11,-0.2949560880663103,0.205195063670636,0.5066998152043498,4,2.349549126625061,1.0,FINBERT_ALPHA_GUARDIAN,0.0,4.0,
2019-02-12,-0.3355481298536917,0.0,0.3582113174762225,3,1.9612704277038573,1.0,FINBERT_ALPHA_GUARDIAN,0.0,3.0,
2019-02-13,0.5146854519844055,1.0,0.0,1,0.4181819297373295,1.0,FINBERT_ALPHA_GUARDIAN,0.0,1.0,
2019-02-14,-0.0977884893769713,0.0,0.1942268664575986,4,2.268178258091212,1.0,FINBERT_ALPHA_GUARDIAN,0.0,4.0,
2019-02-15,0.9487926363945008,1.0,0.0,1,0.7115944772958757,1.0,FINBERT_ALPHA_GUARDIAN,0.0,1.0,
2019-02-17,-0.696911723746014,0.1272812080072091,0.8727187919927909,4,2.135179579257965,1.0,FINBERT_ALPHA_GUARDIAN,0.0,4.0,
2019-02-18,-0.0097122483120277,0.5053971922322643,0.4946028077677357,2,1.0905571818351745,1.0,FINBERT_ALPHA_GUARDIAN,0.0,2.0,
2019-02-19,-0.6571722284191381,0.0,0.6963275345539207,3,1.963461691141129,1.0,FINBERT_ALPHA_GUARDIAN,0.0,3.0,
2019-02-20,-0.4583383475105824,0.0,0.479889505267523,3,1.4926739484071732,1.0,FINBERT_ALPHA_GUARDIAN,0.0,3.0,
2019-02-21,0.9283758997917178,1.0,0.0,1,0.6962819248437883,1.0,FINBERT_ALPHA_GUARDIAN,0.0,1.0,
2019-02-22,-0.948209583759308,0.0,1.0,1,0.711157187819481,1.0,FINBERT_ALPHA_GUARDIAN,0.0,1.0,
2019-02-23,-0.7977173924446106,0.0,1.0,1,0.598288044333458,1.0,FINBERT_ALPHA_GUARDIAN,0.0,1.0,
2019-02-24,-0.8697589039802551,0.0,1.0,1,0.6088312327861787,1.0,FINBERT_ALPHA_GUARDIAN,0.0,1.0,
2019-02-25,0.014155399465147,0.3375388671687412,0.3032795573178662,3,1.603692076355219,1.0,FINBERT_ALPHA_GUARDIAN,0.0,3.0,
2019-02-26,-0.5270708134482207,0.0,0.6067663836998394,2,1.002129817008972,1.0,FINBERT_ALPHA_GUARDIAN,0.0,2.0,
2019-02-27,-0.5686255350597696,0.0,0.643485422550978,5,2.8444512337446213,1.0,FINBERT_ALPHA_GUARDIAN,0.0,5.0,
2019-02-28,-0.5295512350108981,0.0,0.5503948462961697,2,1.420308341085911,1.0,FINBERT_ALPHA_GUARDIAN,0.0,2.0,
2019-03-01,-0.565385317084804,0.0,0.5803829926609073,2,1.258857101202011,1.0,FINBERT_ALPHA_GUARDIAN,0.0,2.0,
2019-03-02,-0.9087505340576172,0.0,1.0,1,0.6929222822189331,1.0,FINBERT_ALPHA_GUARDIAN,0.0,1.0,
2019-03-04,-0.4249500191372442,0.0,0.514033878708758,4,2.33670909255743,1.0,FINBERT_ALPHA_GUARDIAN,0.0,4.0,
2019-03-05,-0.8604284978083157,0.0,1.0,2,1.2414714694023132,1.0,FINBERT_ALPHA_GUARDIAN,0.0,2.0,
2019-03-06,-0.134771687748647,0.0,0.270614625922036,3,1.3802488692104815,1.0,FINBERT_ALPHA_GUARDIAN,0.0,3.0,
2019-03-07,0.0,0.0,0.0,1,0.5432254254817963,1.0,FINBERT_ALPHA_GUARDIAN,0.0,1.0,
2019-03-08,-0.4605660478311085,0.0,0.508540666237706,6,3.7940931200981143,1.0,FINBERT_ALPHA_GUARDIAN,0.0,6.0,
2019-03-09,0.0,0.0,0.0,1,0.4412105321884155,1.0,FINBERT_ALPHA_GUARDIAN,0.0,1.0,
2019-03-10,0.1119231866947998,0.3902724685268745,0.2892666251772194,3,1.3396354705095292,1.0,FINBERT_ALPHA_GUARDIAN,0.0,3.0,
2019-03-11,-0.1067286774144574,0.1847368359960499,0.3868483239777228,7,3.8580928605049856,1.0,FINBERT_ALPHA_GUARDIAN,0.0,7.0,
2019-03-12,-0.2307313557611121,0.0,0.4261821805889903,2,0.9527463793754578,1.0,FINBERT_ALPHA_GUARDIAN,0.0,2.0,
2019-03-13,-0.4656406281057863,0.0,0.685220486918426,4,2.0424000531435014,1.0,FINBERT_ALPHA_GUARDIAN,0.0,4.0,
2019-03-14,-0.2358098179284301,0.0,0.2561077895638671,5,2.516600898653269,1.0,FINBERT_ALPHA_GUARDIAN,0.0,5.0,
2019-03-15,0.0,0.0,0.0,2,0.9056892573833466,1.0,FINBERT_ALPHA_GUARDIAN,1.0,1.0,
2019-03-16,0.0,0.0,0.0,1,0.4754384517669678,1.0,FINBERT_ALPHA_GUARDIAN,0.0,1.0,
2019-03-17,0.0,0.0,0.0,1,0.590806782245636,1.0,FINBERT_ALPHA_GUARDIAN,0.0,1.0,
2019-03-18,0.0,0.0,0.0,1,0.6227838218212128,1.0,FINBERT_ALPHA_GUARDIAN,0.0,1.0,
2019-03-19,-0.1695195241432686,0.0,0.3079648963608175,3,1.340536230802536,1.0,FINBERT_ALPHA_GUARDIAN,0.0,3.0,
2019-03-20,-0.533899851568081,0.0,0.5589848439219852,2,1.4950915522873405,1.0,FINBERT_ALPHA_GUARDIAN,0.0,2.0,
2019-03-21,-0.513983021104374,0.0,0.6076257208480698,5,3.111054666340351,1.0,FINBERT_ALPHA_GUARDIAN,0.0,5.0,
2019-03-22,-0.208542941977288,0.1835447665521837,0.4772921045323936,6,3.6526115864515303,1.0,FINBERT_ALPHA_GUARDIAN,0.0,6.0,
2019-03-23,0.4640118170932942,0.5775838089764749,0.0,2,0.97363697886467,1.0,FINBERT_ALPHA_GUARDIAN,0.0,2.0,
2019-03-24,0.0,0.0,0.0,2,1.0724682658910751,1.0,FINBERT_ALPHA_GUARDIAN,0.0,2.0,
2019-03-25,-0.1432238728734031,0.0,0.2839449597867717,3,1.443346005678177,1.0,FINBERT_ALPHA_GUARDIAN,0.0,3.0,
2019-03-26,-0.263829067952097,0.0,0.2949501149637279,4,2.4640463523566725,1.0,FINBERT_ALPHA_GUARDIAN,0.0,4.0,
2019-03-27,-0.7395446745565782,0.0,0.8610779051939146,5,2.82658511698246,1.0,FINBERT_ALPHA_GUARDIAN,0.0,5.0,
2019-03-28,-0.5081963853375707,0.0,0.5394638864391806,4,2.6184221804142,1.0,FINBERT_ALPHA_GUARDIAN,0.0,4.0,
2019-03-29,-0.658082418186345,0.0,0.684297057591784,2,1.1418638199567794,1.0,FINBERT_ALPHA_GUARDIAN,0.0,2.0,
2019-03-30,-0.5139871700145805,0.0,0.5469831612531879,2,1.3099183097481728,1.0,FINBERT_ALPHA_GUARDIAN,0.0,2.0,
2019-03-31,0.0,0.0,0.0,2,0.9387903451919556,1.0,FINBERT_ALPHA_GUARDIAN,0.0,2.0,
2019-04-01,-0.7227084442033048,0.0,1.0,3,1.5558654069900513,1.0,FINBERT_ALPHA_GUARDIAN,0.0,3.0,
2019-04-02,0.2732843469609207,0.4276318359232443,0.0,2,1.1208202302455903,1.0,FINBERT_ALPHA_GUARDIAN,0.0,2.0,
2019-04-03,-0.7179597290770082,0.0,0.7802334194483859,3,1.702274578809738,1.0,FINBERT_ALPHA_GUARDIAN,0.0,3.0,
2019-04-04,-0.3512063910734208,0.0,0.4040292850943699,5,3.098400038480759,1.0,FINBERT_ALPHA_GUARDIAN,0.0,5.0,
2019-04-05,-0.3753827856716536,0.0,0.533820114368583,4,1.919499332457781,1.0,FINBERT_ALPHA_GUARDIAN,0.0,4.0,
2019-04-08,0.1907461192721568,0.2599072286810469,0.0,4,2.117777146399021,1.0,FINBERT_ALPHA_GUARDIAN,0.0,4.0,
2019-04-09,-0.502090334892273,0.0,1.0,1,0.3765677511692047,1.0,FINBERT_ALPHA_GUARDIAN,0.0,1.0,
2019-04-11,0.0,0.0,0.0,1,0.6667766451835633,1.0,FINBERT_ALPHA_GUARDIAN,0.0,1.0,
2019-04-12,-0.5815130242275763,0.0,0.5977413302992963,2,1.2206583827733992,1.0,FINBERT_ALPHA_GUARDIAN,0.0,2.0,
2019-04-14,0.4775789701180051,0.729619722755557,0.2703802772444429,3,1.72077511548996,1.0,FINBERT_ALPHA_GUARDIAN,0.0,3.0,
2019-04-15,-0.3928866503186208,0.0,0.4088212887017456,3,1.763037419319153,1.0,FINBERT_ALPHA_GUARDIAN,0.0,3.0,
2019-04-16,-0.3570301267746504,0.177527356053715,0.5429551750744791,4,2.2367135711014274,1.0,FINBERT_ALPHA_GUARDIAN,0.0,4.0,
2019-04-17,0.0,0.0,0.0,1,0.636684799194336,1.0,FINBERT_ALPHA_GUARDIAN,0.0,1.0,
2019-04-18,-0.198684021204857,0.0,0.2230334366683766,5,2.795896100997925,1.0,FINBERT_ALPHA_GUARDIAN,0.0,5.0,
2019-04-19,0.457225072110584,0.512512060921198,0.0,2,1.3055187702178956,1.0,FINBERT_ALPHA_GUARDIAN,0.0,2.0,
2019-04-21,0.0,0.0,0.0,1,0.6206097483634949,1.0,FINBERT_ALPHA_GUARDIAN,0.0,1.0,
2019-04-22,-0.9285017848014832,0.0,1.0,1,0.6499512493610383,1.0,FINBERT_ALPHA_GUARDIAN,0.0,1.0,
2019-04-23,0.2718595529663863,0.5361908388743305,0.2541290796437828,4,2.5681392051279546,1.0,FINBERT_ALPHA_GUARDIAN,0.0,4.0,
2019-04-24,-0.1759543679871646,0.2035956437683471,0.3621935137265631,10,6.019401726126671,1.0,FINBERT_ALPHA_GUARDIAN,0.0,10.0,
2019-04-25,-0.5695626593358919,0.0,0.7229441936666501,4,2.2789512246847154,1.0,FINBERT_ALPHA_GUARDIAN,0.0,4.0,
2019-04-26,-0.2854825998432121,0.0,0.4220789329848119,4,2.060787796229124,1.0,FINBERT_ALPHA_GUARDIAN,0.0,4.0,
2019-04-27,-0.6898901168439628,0.0,0.7598407414974303,3,1.671942847967148,1.0,FINBERT_ALPHA_GUARDIAN,0.0,3.0,
2019-04-28,0.0,0.0,0.0,1,0.5572033077478409,1.0,FINBERT_ALPHA_GUARDIAN,0.0,1.0,
2019-04-29,0.0993437131237047,0.3895490543157218,0.306097396269155,3,1.6064674481749537,1.0,FINBERT_ALPHA_GUARDIAN,0.0,3.0,
2019-04-30,-0.0310892653884146,0.3899841593844493,0.3984645518352425,5,2.797238123416901,1.0,FINBERT_ALPHA_GUARDIAN,0.0,5.0,
2019-05-01,-0.4166108014835494,0.2161616327382925,0.7838383672617073,5,3.036182344071198,1.0,FINBERT_ALPHA_GUARDIAN,1.0,4.0,
2019-05-02,-0.5907187965308244,0.0,0.7641800646857998,4,2.408783642202616,1.0,FINBERT_ALPHA_GUARDIAN,0.0,4.0,
2019-05-03,-0.6269993117357447,0.0,0.7072000960458346,3,1.8217409193515777,1.0,FINBERT_ALPHA_GUARDIAN,0.0,3.0,
2019-05-04,0.0,0.0,0.0,2,1.0994530260562898,1.0,FINBERT_ALPHA_GUARDIAN,0.0,2.0,
2019-05-05,-0.1524753420490443,0.0,0.2774100433914877,3,1.386926019191742,1.0,FINBERT_ALPHA_GUARDIAN,0.0,3.0,
2019-05-06,-0.8970525159129359,0.0,1.0,2,1.2931640416383745,1.0,FINBERT_ALPHA_GUARDIAN,0.0,2.0,
2019-05-07,-0.4958190877576108,0.0,0.5489952980275805,6,3.491273811459542,1.0,FINBERT_ALPHA_GUARDIAN,0.0,6.0,
2019-05-08,0.8006268739700317,1.0,0.0,1,0.6004701554775238,1.0,FINBERT_ALPHA_GUARDIAN,0.0,1.0,
2019-05-09,-0.2646704962943794,0.1680569621354223,0.4461206756436421,5,2.948671244084835,1.0,FINBERT_ALPHA_GUARDIAN,0.0,5.0,
2019-05-10,-0.4571539959512932,0.1562987530463826,0.6688292734279029,6,3.717702919244766,1.0,FINBERT_ALPHA_GUARDIAN,0.0,6.0,
2019-05-11,0.0,0.0,0.0,1,0.4334000200033188,1.0,FINBERT_ALPHA_GUARDIAN,0.0,1.0,
2019-05-12,-0.7463634014129639,0.0,1.0,1,0.6064202636480331,1.0,FINBERT_ALPHA_GUARDIAN,0.0,1.0,
2019-05-13,-0.6620584677186451,0.0,0.8252977055687725,5,2.634983121603728,1.0,FINBERT_ALPHA_GUARDIAN,0.0,5.0,
2019-05-14,-0.4797709912456512,0.0967518923745906,0.589500029821466,7,4.40559505969286,1.0,FINBERT_ALPHA_GUARDIAN,0.0,7.0,
2019-05-15,-0.2239185759161537,0.2396982735446796,0.5093736370156403,4,2.184338645637036,1.0,FINBERT_ALPHA_GUARDIAN,0.0,4.0,
2019-05-16,0.0,0.0,0.0,1,0.6428609937429428,1.0,FINBERT_ALPHA_GUARDIAN,0.0,1.0,
2019-05-17,-0.6411744089002324,0.0,0.692186803802303,3,2.090166931599379,1.0,FINBERT_ALPHA_GUARDIAN,0.0,3.0,
2019-05-18,0.0,0.0,0.0,1,0.6379812657833099,1.0,FINBERT_ALPHA_GUARDIAN,0.0,1.0,
2019-05-19,0.2615397638258666,0.4619036942740073,0.0,2,0.9193822592496872,1.0,FINBERT_ALPHA_GUARDIAN,0.0,2.0,
2019-05-20,-0.9565294981002808,0.0,1.0,1,0.7771802172064781,1.0,FINBERT_ALPHA_GUARDIAN,0.0,1.0,
2019-11-22,0.0,0.0,0.0,1,0.8285455226898194,1.0,FINBERT_ALPHA_GUARDIAN,1.0,0.0,
2020-02-27,0.8706114888191224,1.0,0.0,1,0.7835503399372101,1.0,FINBERT_ALPHA_GUARDIAN,1.0,0.0,
2020-10-24,0.0,0.0,0.0,1,0.779719376564026,1.0,FINBERT_ALPHA_GUARDIAN,1.0,0.0,
2020-11-24,-0.9691632390022278,0.0,1.0,1,0.8237887531518937,1.0,FINBERT_ALPHA_GUARDIAN,1.0,0.0,
2020-12-04,0.6547302603721619,1.0,0.0,1,0.5565207213163377,1.0,FINBERT_ALPHA_GUARDIAN,1.0,0.0,
2021-01-17,0.0,0.0,0.0,1,0.8454985320568086,1.0,FINBERT_ALPHA_GUARDIAN,1.0,0.0,
2021-05-25,0.9172910775140792,1.0,0.0,2,1.604249858856201,1.0,FINBERT_ALPHA_GUARDIAN,2.0,0.0,
2021-06-16,0.8647025227546691,1.0,0.0,1,0.6611625738553851,1.0,FINBERT_ALPHA_GUARDIAN,1.0,0.0,
2021-08-13,-0.8348422646522521,0.0,1.0,1,0.7096159249544144,1.0,FINBERT_ALPHA_GUARDIAN,1.0,0.0,
2021-09-14,0.9189439415931704,1.0,0.0,1,0.5977189541553944,1.0,FINBERT_ALPHA_GUARDIAN,1.0,0.0,
2021-10-01,0.0,0.0,0.0,1,0.7534864455461503,1.0,FINBERT_ALPHA_GUARDIAN,1.0,0.0,
2021-11-29,0.0,0.0,0.0,1,0.798568594455719,1.0,FINBERT_ALPHA_GUARDIAN,1.0,0.0,
2022-02-10,0.7837044596672058,1.0,0.0,1,0.7445192366838455,1.0,FINBERT_ALPHA_GUARDIAN,1.0,0.0,
2022-03-21,0.7366228699684143,1.0,0.0,1,0.7366228699684143,1.0,FINBERT_ALPHA_GUARDIAN,1.0,0.0,
2022-03-25,0.9405472278594972,1.0,0.0,1,0.8935198664665223,1.0,FINBERT_ALPHA_GUARDIAN,1.0,0.0,
2022-03-29,0.9143737091823272,1.0,0.0,2,1.6434247076511386,1.0,FINBERT_ALPHA_GUARDIAN,2.0,0.0,
2022-04-13,0.0,0.0,0.0,1,0.7704823791980743,1.0,FINBERT_ALPHA_GUARDIAN,1.0,0.0,
2022-04-18,-0.7735771536827087,0.0,1.0,1,0.6962194383144379,1.0,FINBERT_ALPHA_GUARDIAN,1.0,0.0,
2022-06-02,-0.9576587677001952,0.0,1.0,1,0.8618928909301757,1.0,FINBERT_ALPHA_GUARDIAN,1.0,0.0,
2022-06-03,-0.9458711743354796,0.0,1.0,1,0.8825459504977762,1.0,FINBERT_ALPHA_GUARDIAN,1.0,0.0,
2022-08-30,-0.96876984834671,0.0,1.0,1,0.6900214857330711,1.0,FINBERT_ALPHA_GUARDIAN,1.0,0.0,
2022-09-06,0.5928579568862915,1.0,0.0,1,0.3391154924114049,1.0,FINBERT_ALPHA_GUARDIAN,1.0,0.0,
2022-10-17,0.0,0.0,0.0,1,0.7697521060705186,1.0,FINBERT_ALPHA_GUARDIAN,1.0,0.0,
2022-10-26,-0.9565476179122924,0.0,1.0,1,0.9565476179122924,1.0,FINBERT_ALPHA_GUARDIAN,1.0,0.0,
2022-11-24,0.0,0.0,0.0,1,0.3471523276231706,1.0,FINBERT_ALPHA_GUARDIAN,1.0,0.0,
2022-12-08,0.8082790652788517,1.0,0.0,2,1.2315475270123275,1.0,FINBERT_ALPHA_GUARDIAN,2.0,0.0,
2022-12-21,0.9448436498641968,1.0,0.0,1,0.7930738868083358,1.0,FINBERT_ALPHA_GUARDIAN,1.0,0.0,
2022-12-22,0.0,0.0,0.0,1,0.7465259790420533,1.0,FINBERT_ALPHA_GUARDIAN,1.0,0.0,
2022-12-26,0.8621243834495544,1.0,0.0,1,0.4828081472997755,1.0,FINBERT_ALPHA_GUARDIAN,1.0,0.0,
2022-12-30,0.0,0.0,0.0,2,1.1039814773143948,1.0,FINBERT_ALPHA_GUARDIAN,2.0,0.0,
2023-01-24,0.0,0.0,0.0,1,0.7052335917949677,1.0,FINBERT_ALPHA_GUARDIAN,1.0,0.0,
2023-01-25,0.0,0.0,0.0,1,0.6970546782016754,1.0,FINBERT_ALPHA_GUARDIAN,1.0,0.0,
2023-02-09,0.0,0.0,0.0,1,0.3385667407956869,1.0,FINBERT_ALPHA_GUARDIAN,1.0,0.0,
2023-02-13,0.0,0.0,0.0,1,0.5784972727298737,1.0,FINBERT_ALPHA_GUARDIAN,1.0,0.0,
2023-02-17,0.8437656164169312,1.0,0.0,1,0.5565846731460452,1.0,FINBERT_ALPHA_GUARDIAN,1.0,0.0,
2023-03-16,0.8947783708572388,1.0,0.0,1,0.5065590000588298,1.0,FINBERT_ALPHA_GUARDIAN,1.0,0.0,
2023-03-24,0.0,0.0,0.0,1,0.4572782958983481,1.0,FINBERT_ALPHA_GUARDIAN,1.0,0.0,
2023-03-31,0.952325403690338,1.0,0.0,1,0.8570928633213042,1.0,FINBERT_ALPHA_GUARDIAN,1.0,0.0,
2023-04-09,0.540083646774292,1.0,0.0,1,0.3057341153180599,1.0,FINBERT_ALPHA_GUARDIAN,1.0,0.0,
2023-05-25,0.0,0.0,0.0,1,0.3125319410413384,1.0,FINBERT_ALPHA_GUARDIAN,1.0,0.0,
2023-07-27,0.0,0.0,0.0,1,0.609964942932129,1.0,FINBERT_ALPHA_GUARDIAN,1.0,0.0,
2023-09-22,0.0,0.0,0.0,1,0.524436693422085,1.0,FINBERT_ALPHA_GUARDIAN,1.0,0.0,
2023-10-02,-0.9466811418533324,0.0,1.0,1,0.7169904051104843,1.0,FINBERT_ALPHA_GUARDIAN,1.0,0.0,
2023-10-18,0.4621661603450774,1.0,0.0,1,0.3569245246331826,1.0,FINBERT_ALPHA_GUARDIAN,1.0,0.0,
2023-11-27,0.0,0.0,0.0,1,0.7555770933628083,1.0,FINBERT_ALPHA_GUARDIAN,1.0,0.0,
2023-12-09,0.0,0.0,0.0,1,0.5781773255872429,1.0,FINBERT_ALPHA_GUARDIAN,1.0,0.0,
2024-02-23,0.91348534822464,1.0,0.0,1,0.867811080813408,1.0,FINBERT_ALPHA_GUARDIAN,1.0,0.0,
2024-03-01,0.0,0.0,0.0,1,0.7645403057336808,1.0,FINBERT_ALPHA_GUARDIAN,1.0,0.0,
2024-03-19,0.0,0.0,0.0,1,0.6012345040051311,1.0,FINBERT_ALPHA_GUARDIAN,1.0,0.0,
2024-03-21,0.8710854053497314,1.0,0.0,1,0.7839768648147584,1.0,FINBERT_ALPHA_GUARDIAN,1.0,0.0,
2024-04-18,0.0,0.0,0.0,1,0.773812472820282,1.0,FINBERT_ALPHA_GUARDIAN,1.0,0.0,
2024-05-06,-0.8531636595726013,0.0,1.0,1,0.8531636595726013,1.0,FINBERT_ALPHA_GUARDIAN,1.0,0.0,
2024-05-16,0.0,0.0,0.0,1,0.5013472437858582,1.0,FINBERT_ALPHA_GUARDIAN,1.0,0.0,
2024-05-30,-0.8901745676994324,0.0,1.0,1,0.5522001202143968,1.0,FINBERT_ALPHA_GUARDIAN,1.0,0.0,
2024-06-10,-0.9662797451019288,0.0,1.0,1,0.6824711122127296,1.0,FINBERT_ALPHA_GUARDIAN,1.0,0.0,
2024-07-02,0.7931726574897767,1.0,0.0,1,0.7138553917407989,1.0,FINBERT_ALPHA_GUARDIAN,1.0,0.0,
2024-08-05,0.9590888023376464,1.0,0.0,1,0.8631799221038817,1.0,FINBERT_ALPHA_GUARDIAN,1.0,0.0,
2024-09-20,-0.9694252014160156,0.0,1.0,1,0.8724826812744141,1.0,FINBERT_ALPHA_GUARDIAN,1.0,0.0,
2024-10-18,0.9392044544219972,1.0,0.0,1,0.8452840089797975,1.0,FINBERT_ALPHA_GUARDIAN,1.0,0.0,
2024-11-27,0.9180105924606324,1.0,0.0,1,0.8262095332145692,1.0,FINBERT_ALPHA_GUARDIAN,1.0,0.0,
2025-02-18,0.4110394319474518,0.5422125572406882,0.0,2,1.2563395651233016,1.0,FINBERT_ALPHA_GUARDIAN,2.0,0.0,
2025-03-28,-0.9664952754974364,0.0,1.0,1,0.8698457479476928,1.0,FINBERT_ALPHA_GUARDIAN,1.0,0.0,
2025-04-08,-0.9613640308380128,0.0,1.0,1,0.8652276277542116,1.0,FINBERT_ALPHA_GUARDIAN,1.0,0.0,
2025-04-18,0.0,0.0,0.0,1,0.6781056851148606,1.0,FINBERT_ALPHA_GUARDIAN,1.0,0.0,
2025-05-15,0.9427759051322936,1.0,0.0,1,0.9427759051322936,1.0,FINBERT_ALPHA_GUARDIAN,1.0,0.0,
2026-07-16,-0.1700300693511963,0.2,0.4,5,,1.0,FINBERT_GOOGLE_NEWS,,,
2026-07-17,-0.2955342173576355,0.0,0.4,5,,1.0,FINBERT_GOOGLE_NEWS,,,
2026-07-19,0.0,0.0,0.0,1,,1.0,FINBERT_GOOGLE_NEWS,,,
2026-07-20,0.0,0.0,0.0,6,,1.0,FINBERT_GOOGLE_NEWS,,,
2026-07-21,0.9033320546150208,1.0,0.0,1,,1.0,FINBERT_GOOGLE_NEWS,,,
2026-07-22,-0.1533606549104055,0.16666666666666666,0.3333333333333333,6,,1.0,FINBERT_GOOGLE_NEWS,,,
2026-07-23,0.18679939508438112,0.2,0.0,5,,1.0,FINBERT_GOOGLE_NEWS,,,
2026-07-24,0.0,0.0,0.0,1,,1.0,FINBERT_GOOGLE_NEWS,,,
2026-07-26,-0.2681501805782318,0.0,0.5,2,,1.0,FINBERT_GOOGLE_NEWS,,,
2026-07-27,0.0,0.0,0.0,3,,1.0,FINBERT_GOOGLE_NEWS,,,
2026-07-28,-0.19317935705184935,0.0,0.2,5,,1.0,FINBERT_GOOGLE_NEWS,,,
2026-07-29,0.16154478703226363,0.42857142857142855,0.14285714285714285,7,,1.0,FINBERT_GOOGLE_NEWS,,,
2026-07-30,-0.5827170204032551,0.0,0.8181818181818182,11,,1.0,FINBERT_GOOGLE_NEWS,,,
2026-07-31,-0.09306638836860656,0.0,0.1,10,,1.0,FINBERT_GOOGLE_NEWS,,,
2026-08-02,0.0,0.0,0.0,1,,1.0,FINBERT_GOOGLE_NEWS,,,
2026-08-03,0.021576978266239166,0.25,0.25,8,,1.0,FINBERT_GOOGLE_NEWS,,,
2026-08-04,0.19920353757010567,0.4444444444444444,0.1111111111111111,9,,1.0,FINBERT_GOOGLE_NEWS,,,
2026-08-05,0.0699336479107539,0.25,0.16666666666666666,12,,1.0,FINBERT_GOOGLE_NEWS,,,
2026-08-06,0.4429709017276764,0.5,0.0,2,,1.0,FINBERT_GOOGLE_NEWS,,,
2026-08-07,0.0,0.0,0.0,3,,1.0,FINBERT_GOOGLE_NEWS,,,
2026-08-08,-0.4180963337421417,0.0,0.5,2,,1.0,FINBERT_GOOGLE_NEWS,,,
2026-08-09,0.13128029108047487,0.4,0.2,5,,1.0,FINBERT_GOOGLE_NEWS,,,
2026-08-10,-0.7473622560501099,0.0,1.0,1,,1.0,FINBERT_GOOGLE_NEWS,,,
2026-08-11,-0.21681703627109528,0.0,0.25,4,,1.0,FINBERT_GOOGLE_NEWS,,,
2026-08-12,-0.03161265573850492,0.2926829268292683,0.24390243902439024,41,,1.0,FINBERT_GOOGLE_NEWS,,,
2026-08-13,-0.04950675368309021,0.25,0.25,12,,1.0,FINBERT_GOOGLE_NEWS,,,
2026-08-14,0.03652787208557129,0.2,0.2,5,,1.0,FINBERT_GOOGLE_NEWS,,,
