date,sentiment_mean,sentiment_positive_ratio,sentiment_negative_ratio,news_count,relevance_weight_sum,sentiment_available,sentiment_source,n_alpha,n_guardian,gdelt_tone
2015-01-01,0.0,0.0,0.0,3,1.502424344420433,1.0,FINBERT_ALPHA_GUARDIAN,0.0,3.0,
2015-01-02,0.2475113224117506,0.375952185674336,0.0,2,1.168910103589296,1.0,FINBERT_ALPHA_GUARDIAN,0.0,2.0,
2015-01-04,0.0,0.0,0.0,3,1.9902269826829435,1.0,FINBERT_ALPHA_GUARDIAN,0.0,3.0,
2015-01-05,-0.2898053594150287,0.0,0.3500815680870739,3,1.9922224555909631,1.0,FINBERT_ALPHA_GUARDIAN,0.0,3.0,
2015-01-06,-0.2956738041570652,0.0,0.3071054717536206,7,4.443841661065816,1.0,FINBERT_ALPHA_GUARDIAN,0.0,7.0,
2015-01-07,0.0,0.0,0.0,4,2.256672814190388,1.0,FINBERT_ALPHA_GUARDIAN,0.0,4.0,
2015-01-08,0.0,0.0,0.0,1,0.6539451783895492,1.0,FINBERT_ALPHA_GUARDIAN,0.0,1.0,
2015-01-09,0.1806361098014151,0.2001647403089682,0.0,5,3.00940533682704,1.0,FINBERT_ALPHA_GUARDIAN,0.0,5.0,
2015-01-10,0.0,0.0,0.0,1,0.5355283114314079,1.0,FINBERT_ALPHA_GUARDIAN,0.0,1.0,
2015-01-11,0.0,0.0,0.0,4,2.3634390568733217,1.0,FINBERT_ALPHA_GUARDIAN,0.0,4.0,
2015-01-12,0.1672655498995104,0.1781399757001456,0.0,6,3.781861592233181,1.0,FINBERT_ALPHA_GUARDIAN,0.0,6.0,
2015-01-13,-0.076451197285849,0.1703086208441587,0.2226312483196824,5,2.4821036903560163,1.0,FINBERT_ALPHA_GUARDIAN,0.0,5.0,
2015-01-14,-0.2966350115003125,0.0844291625180573,0.353917743139756,7,4.605770006179809,1.0,FINBERT_ALPHA_GUARDIAN,0.0,7.0,
2015-01-15,-0.1648141273437294,0.0,0.2633234053493956,3,1.5865975512564183,1.0,FINBERT_ALPHA_GUARDIAN,0.0,3.0,
2015-01-16,-0.4815304155935002,0.0826667693279515,0.5819354054338365,8,4.700022300034761,1.0,FINBERT_ALPHA_GUARDIAN,0.0,8.0,
2015-01-18,-0.3044707754996873,0.0,0.4269783351131737,4,2.410329062491655,1.0,FINBERT_ALPHA_GUARDIAN,0.0,4.0,
2015-01-19,0.0,0.0,0.0,2,1.2174460396170614,1.0,FINBERT_ALPHA_GUARDIAN,0.0,2.0,
2015-01-20,0.1847558064267679,0.2145355151305721,0.0,6,3.632856810390949,1.0,FINBERT_ALPHA_GUARDIAN,0.0,6.0,
2015-01-21,-0.1072311940241358,0.2266900870610939,0.3189368133991087,4,2.7316495414078235,1.0,FINBERT_ALPHA_GUARDIAN,0.0,4.0,
2015-01-22,0.23606856413322,0.3716794416010991,0.0888286319529477,9,5.026788960397243,1.0,FINBERT_ALPHA_GUARDIAN,0.0,9.0,
2015-01-23,0.0,0.0,0.0,2,1.038029942214489,1.0,FINBERT_ALPHA_GUARDIAN,0.0,2.0,
2015-01-25,0.0,0.0,0.0,1,0.5220375886559486,1.0,FINBERT_ALPHA_GUARDIAN,0.0,1.0,
2015-01-26,-0.2306310882636467,0.0,0.238609388298119,5,3.1596384941041467,1.0,FINBERT_ALPHA_GUARDIAN,0.0,5.0,
2015-01-27,-0.4578669614591163,0.1816244680170459,0.6373975577693681,9,5.389991819560528,1.0,FINBERT_ALPHA_GUARDIAN,0.0,9.0,
2015-01-28,-0.1252975883904164,0.2132960772375522,0.3810651341612258,10,5.80766139537096,1.0,FINBERT_ALPHA_GUARDIAN,0.0,10.0,
2015-01-29,-0.2880521010290216,0.0,0.3597886110341958,5,3.20880362406373,1.0,FINBERT_ALPHA_GUARDIAN,0.0,5.0,
2015-01-30,-0.0389985459926088,0.2717033321909514,0.2986047180964932,4,2.5832365891337394,1.0,FINBERT_ALPHA_GUARDIAN,0.0,4.0,
2015-01-31,0.0,0.0,0.0,1,0.5791716241836548,1.0,FINBERT_ALPHA_GUARDIAN,0.0,1.0,
2015-02-01,0.0184665390323406,0.1948377863861868,0.1725065846637708,5,2.587734497785568,1.0,FINBERT_ALPHA_GUARDIAN,0.0,5.0,
2015-02-02,0.1022056314372151,0.2126100322764531,0.0,3,1.5092409797757864,1.0,FINBERT_ALPHA_GUARDIAN,0.0,3.0,
2015-02-03,-0.3488663202455256,0.1476498831578624,0.5187562977882688,6,3.663788692802191,1.0,FINBERT_ALPHA_GUARDIAN,0.0,6.0,
2015-02-05,0.0,0.0,0.0,2,1.0402100820839404,1.0,FINBERT_ALPHA_GUARDIAN,0.0,2.0,
2015-02-06,0.2378864086881288,0.2628222601403064,0.0,5,2.9014510503411293,1.0,FINBERT_ALPHA_GUARDIAN,0.0,5.0,
2015-02-07,0.0,0.0,0.0,1,0.7757578556239604,1.0,FINBERT_ALPHA_GUARDIAN,0.0,1.0,
2015-02-08,-0.1010264192225378,0.0,0.1481937413067034,6,3.645646090656519,1.0,FINBERT_ALPHA_GUARDIAN,0.0,6.0,
2015-02-09,0.0,0.0,0.0,5,2.887207375764847,1.0,FINBERT_ALPHA_GUARDIAN,0.0,5.0,
2015-02-10,0.0,0.0,0.0,5,2.9674855360388754,1.0,FINBERT_ALPHA_GUARDIAN,0.0,5.0,
2015-02-11,-0.3851575330096436,0.0,0.4585257268022473,4,2.5400277429819105,1.0,FINBERT_ALPHA_GUARDIAN,0.0,4.0,
2015-02-12,-0.2390604816345508,0.0,0.2496599634587153,5,3.116257627904415,1.0,FINBERT_ALPHA_GUARDIAN,0.0,5.0,
2015-02-13,-0.3891452764019205,0.0,0.4749809613418431,9,5.26048532962799,1.0,FINBERT_ALPHA_GUARDIAN,0.0,9.0,
2015-02-14,0.0,0.0,0.0,2,1.1633987867832185,1.0,FINBERT_ALPHA_GUARDIAN,0.0,2.0,
2015-02-15,-0.8839386882980989,0.0,1.0,2,1.3332674203813075,1.0,FINBERT_ALPHA_GUARDIAN,0.0,2.0,
2015-02-16,0.0698306702098309,0.1220020778824286,0.0,6,3.424795273840428,1.0,FINBERT_ALPHA_GUARDIAN,0.0,6.0,
2015-02-17,0.0,0.0,0.0,4,2.662950846850872,1.0,FINBERT_ALPHA_GUARDIAN,0.0,4.0,
2015-02-18,-0.5497120892811249,0.0,0.6689557232064278,3,1.8355330348014829,1.0,FINBERT_ALPHA_GUARDIAN,0.0,3.0,
2015-02-19,-0.0482819343101705,0.1868706403821201,0.2179696527188328,5,3.230905407071113,1.0,FINBERT_ALPHA_GUARDIAN,0.0,5.0,
2015-02-20,-0.3413998818736796,0.0,0.3712048563015575,3,1.932549695819616,1.0,FINBERT_ALPHA_GUARDIAN,0.0,3.0,
2015-02-22,-0.3239777722751004,0.0,0.3637840661342204,3,1.940113510042429,1.0,FINBERT_ALPHA_GUARDIAN,0.0,3.0,
2015-02-23,0.0512215173178469,0.2681124835455453,0.1211359522073248,9,5.048191263079644,1.0,FINBERT_ALPHA_GUARDIAN,0.0,9.0,
2015-02-24,-0.4429742105122706,0.0,0.5389778011766599,4,2.3470611548423763,1.0,FINBERT_ALPHA_GUARDIAN,0.0,4.0,
2015-02-25,-0.9358688053334272,0.0,1.0,2,1.459829567670822,1.0,FINBERT_ALPHA_GUARDIAN,0.0,2.0,
2015-02-26,-0.2100331519317977,0.0,0.2905208746366986,3,1.661056610494852,1.0,FINBERT_ALPHA_GUARDIAN,0.0,3.0,
2015-02-27,-0.2195640508129422,0.1683165878868767,0.3308033184431218,4,2.3465942947566507,1.0,FINBERT_ALPHA_GUARDIAN,0.0,4.0,
2015-02-28,-0.9295724630355836,0.0,1.0,1,0.7366861769557,1.0,FINBERT_ALPHA_GUARDIAN,0.0,1.0,
2015-03-01,0.1995034097446812,0.3089306398677616,0.0,3,1.7611577747762202,1.0,FINBERT_ALPHA_GUARDIAN,0.0,3.0,
2015-03-02,-0.4125829245249306,0.0,0.4263799301942676,5,3.613956195712089,1.0,FINBERT_ALPHA_GUARDIAN,0.0,5.0,
2015-03-03,0.3038039608906756,0.4772420165411347,0.0,6,2.8589588153362278,1.0,FINBERT_ALPHA_GUARDIAN,0.0,6.0,
2015-03-04,0.5126535159468816,0.6677645359896982,0.1155642807202363,5,2.9047821098566056,1.0,FINBERT_ALPHA_GUARDIAN,0.0,5.0,
2015-03-05,0.2046106792058332,0.3237316722875544,0.0,3,1.3031943418085574,1.0,FINBERT_ALPHA_GUARDIAN,0.0,3.0,
2015-03-06,0.0023452192817227,0.2350231914987632,0.2526326712294842,4,2.5334219726920124,1.0,FINBERT_ALPHA_GUARDIAN,0.0,4.0,
2015-03-08,0.0,0.0,0.0,3,1.7079221417009829,1.0,FINBERT_ALPHA_GUARDIAN,0.0,3.0,
2015-03-09,-0.0003955719507991,0.0865990257259331,0.1138646719032911,13,7.866617661863564,1.0,FINBERT_ALPHA_GUARDIAN,0.0,13.0,
2015-03-10,-0.2201909194004626,0.0830964110585563,0.2891768485327314,10,5.865452646240592,1.0,FINBERT_ALPHA_GUARDIAN,0.0,10.0,
2015-03-11,-0.1786644590084721,0.0,0.1944193378380113,5,3.545034881085157,1.0,FINBERT_ALPHA_GUARDIAN,0.0,5.0,
2015-03-12,0.0,0.0,0.0,3,1.7603794494271274,1.0,FINBERT_ALPHA_GUARDIAN,0.0,3.0,
2015-03-13,-0.0099552884231921,0.1826069984979649,0.1841572790081702,6,3.547423796653748,1.0,FINBERT_ALPHA_GUARDIAN,0.0,6.0,
2015-03-14,0.0,0.0,0.0,1,0.5950233319401741,1.0,FINBERT_ALPHA_GUARDIAN,0.0,1.0,
2015-03-15,-0.3711339741006276,0.0,0.3998650781892354,5,3.243700698167085,1.0,FINBERT_ALPHA_GUARDIAN,0.0,5.0,
2015-03-16,-0.3477468033495982,0.0,0.4123011447883979,3,1.5956170481443404,1.0,FINBERT_ALPHA_GUARDIAN,0.0,3.0,
2015-03-17,0.0,0.0,0.0,1,0.636861489266157,1.0,FINBERT_ALPHA_GUARDIAN,0.0,1.0,
2015-03-18,-0.0144724080952958,0.2317511363867704,0.2346790921247427,9,5.155475625395773,1.0,FINBERT_ALPHA_GUARDIAN,0.0,9.0,
2015-03-19,-0.046564302099964,0.1056353734105464,0.1231020371960479,8,4.9233317704498765,1.0,FINBERT_ALPHA_GUARDIAN,0.0,8.0,
2015-03-20,-0.504606306552887,0.0,1.0,1,0.3683626037836074,1.0,FINBERT_ALPHA_GUARDIAN,0.0,1.0,
2015-03-23,0.0549861556175918,0.1124617411893352,0.0,6,3.173705398440361,1.0,FINBERT_ALPHA_GUARDIAN,0.0,6.0,
2015-03-24,-0.4166590058806468,0.0,0.5065291882310431,6,3.379140408784151,1.0,FINBERT_ALPHA_GUARDIAN,0.0,6.0,
2015-03-25,-0.4217434510783136,0.0,0.451082806608534,5,3.1035343949496745,1.0,FINBERT_ALPHA_GUARDIAN,0.0,5.0,
2015-03-26,-0.0985157232419873,0.1533283872536119,0.2872116400309559,7,4.336858531236648,1.0,FINBERT_ALPHA_GUARDIAN,0.0,7.0,
2015-03-27,-0.4369406475320253,0.0,0.4770117801685598,7,4.417973792850971,1.0,FINBERT_ALPHA_GUARDIAN,0.0,7.0,
2015-03-28,-0.3167170749931433,0.0,0.4675968487773626,2,1.0574289265275,1.0,FINBERT_ALPHA_GUARDIAN,0.0,2.0,
2015-03-29,-0.8260967135429382,0.0,1.0,1,0.6030506008863449,1.0,FINBERT_ALPHA_GUARDIAN,0.0,1.0,
2015-03-30,0.4040309121521908,0.5575675303090095,0.0,5,3.0294558024406437,1.0,FINBERT_ALPHA_GUARDIAN,0.0,5.0,
2015-03-31,0.0,0.0,0.0,3,1.3974986505508422,1.0,FINBERT_ALPHA_GUARDIAN,0.0,3.0,
2015-04-01,-0.0129060763090705,0.1299995605391151,0.1350918312539418,6,3.408281966596842,1.0,FINBERT_ALPHA_GUARDIAN,0.0,6.0,
2015-04-02,-0.2572526194520376,0.0,0.2697445899220642,5,2.9786826032400127,1.0,FINBERT_ALPHA_GUARDIAN,0.0,5.0,
2015-04-03,0.0,0.0,0.0,4,2.387093565016985,1.0,FINBERT_ALPHA_GUARDIAN,0.0,4.0,
2015-04-04,0.0,0.0,0.0,1,0.5782763278484344,1.0,FINBERT_ALPHA_GUARDIAN,0.0,1.0,
2015-04-06,0.0,0.0,0.0,1,0.6077254101634025,1.0,FINBERT_ALPHA_GUARDIAN,0.0,1.0,
2015-04-07,-0.204793154927064,0.2236753587518994,0.5356410025092685,5,2.719442400187254,1.0,FINBERT_ALPHA_GUARDIAN,0.0,5.0,
2015-04-08,-0.0962343857001609,0.0,0.1976808835824227,4,2.1055572092533112,1.0,FINBERT_ALPHA_GUARDIAN,0.0,4.0,
2015-04-09,-0.2593706349981788,0.0,0.2731332339739624,4,2.494558062404394,1.0,FINBERT_ALPHA_GUARDIAN,0.0,4.0,
2015-04-10,0.1409744766562321,0.2045620975283439,0.0,4,2.2487512858211995,1.0,FINBERT_ALPHA_GUARDIAN,0.0,4.0,
2015-04-11,0.0,0.0,0.0,1,0.6490897341072559,1.0,FINBERT_ALPHA_GUARDIAN,0.0,1.0,
2015-04-13,-0.0458055009124415,0.150428872550766,0.1969571909035523,5,2.8931104357540605,1.0,FINBERT_ALPHA_GUARDIAN,0.0,5.0,
2015-04-14,0.2587540751234927,0.2881637273761865,0.0,4,2.430542249828577,1.0,FINBERT_ALPHA_GUARDIAN,0.0,4.0,
2015-04-15,-0.3139673185725858,0.0985208449246071,0.3845836521291021,6,3.7188883684575553,1.0,FINBERT_ALPHA_GUARDIAN,0.0,6.0,
2015-04-16,-0.1377234505598726,0.0,0.1427895592370658,8,5.066129097044468,1.0,FINBERT_ALPHA_GUARDIAN,0.0,8.0,
2015-04-17,0.0005788828470214,0.3765414204342244,0.349219028079455,6,3.4463231065869326,1.0,FINBERT_ALPHA_GUARDIAN,0.0,6.0,
2015-04-18,0.0,0.0,0.0,4,2.300084772109985,1.0,FINBERT_ALPHA_GUARDIAN,0.0,4.0,
2015-04-19,-0.7329387664794922,0.0,1.0,1,0.5716922378540038,1.0,FINBERT_ALPHA_GUARDIAN,0.0,1.0,
2015-04-20,-0.2578465846142349,0.0,0.3088736297448246,3,1.9729795318841936,1.0,FINBERT_ALPHA_GUARDIAN,0.0,3.0,
2015-04-21,-0.1573619256384036,0.2659962922469144,0.4595906738099562,4,2.4197853249311443,1.0,FINBERT_ALPHA_GUARDIAN,0.0,4.0,
2015-04-22,-0.4625315753217349,0.1532518913505013,0.5868548824921898,4,2.5160468691587448,1.0,FINBERT_ALPHA_GUARDIAN,0.0,4.0,
2015-04-23,0.6296372412657476,0.8197202993554341,0.0,6,3.566164071410894,1.0,FINBERT_ALPHA_GUARDIAN,0.0,6.0,
2015-04-24,0.1145246999888216,0.1850449049957604,0.0,4,2.441562012732029,1.0,FINBERT_ALPHA_GUARDIAN,0.0,4.0,
2015-04-25,0.0,0.0,0.0,4,2.4084172795712946,1.0,FINBERT_ALPHA_GUARDIAN,0.0,4.0,
2015-04-26,0.0,0.0,0.0,1,0.455695795416832,1.0,FINBERT_ALPHA_GUARDIAN,0.0,1.0,
2015-04-27,0.0,0.0,0.0,1,0.5901733267307281,1.0,FINBERT_ALPHA_GUARDIAN,0.0,1.0,
2015-04-28,-0.2087314728060131,0.0,0.2234359728375654,5,3.261191862076521,1.0,FINBERT_ALPHA_GUARDIAN,0.0,5.0,
2015-04-29,-0.5226172482280291,0.0,0.6356180060749558,2,1.0089879006147384,1.0,FINBERT_ALPHA_GUARDIAN,0.0,2.0,
2015-04-30,-0.095189702577947,0.0938938079156706,0.1811604155078378,6,3.0045340800285336,1.0,FINBERT_ALPHA_GUARDIAN,0.0,6.0,
2015-05-01,-0.1525917929741015,0.1182632869166693,0.2792892278715088,8,5.129131563603878,1.0,FINBERT_ALPHA_GUARDIAN,0.0,8.0,
2015-05-02,0.0,0.0,0.0,1,0.613254238218069,1.0,FINBERT_ALPHA_GUARDIAN,0.0,1.0,
2015-05-03,0.0,0.0,0.0,1,0.6175353021919726,1.0,FINBERT_ALPHA_GUARDIAN,0.0,1.0,
2015-05-04,0.0,0.0,0.0,2,1.4750756400823593,1.0,FINBERT_ALPHA_GUARDIAN,0.0,2.0,
2015-05-05,0.7408804297447205,1.0,0.0,1,0.6241917620599269,1.0,FINBERT_ALPHA_GUARDIAN,0.0,1.0,
2015-05-06,-0.795705767630826,0.0,1.0,2,1.0842697092890738,1.0,FINBERT_ALPHA_GUARDIAN,0.0,2.0,
2015-05-07,0.4804631384513577,0.5340438863028424,0.0,2,1.2634772948920725,1.0,FINBERT_ALPHA_GUARDIAN,0.0,2.0,
2015-05-08,-0.4415613995776896,0.0,0.5010846723144432,9,5.472878252118826,1.0,FINBERT_ALPHA_GUARDIAN,0.0,9.0,
2015-05-10,0.0,0.0,0.0,1,0.6035094720125198,1.0,FINBERT_ALPHA_GUARDIAN,0.0,1.0,
2015-05-11,-0.2522660033901769,0.0,0.2830289873603398,4,2.2595335653424264,1.0,FINBERT_ALPHA_GUARDIAN,0.0,4.0,
2015-05-12,0.0,0.0,0.0,2,0.9289351187646387,1.0,FINBERT_ALPHA_GUARDIAN,0.0,2.0,
2015-05-13,0.0,0.0,0.0,1,0.8039593324065208,1.0,FINBERT_ALPHA_GUARDIAN,0.0,1.0,
2015-05-14,0.1868545547764063,0.2063443159474332,0.0,5,2.929341056346893,1.0,FINBERT_ALPHA_GUARDIAN,0.0,5.0,
2015-05-15,0.0439997037907061,0.2574195480168819,0.1614163932461475,8,4.360722914636135,1.0,FINBERT_ALPHA_GUARDIAN,0.0,8.0,
2015-05-16,-0.8506981730461121,0.0,1.0,1,0.5678410305082798,1.0,FINBERT_ALPHA_GUARDIAN,0.0,1.0,
2015-05-17,0.0,0.0,0.0,2,1.19484462082386,1.0,FINBERT_ALPHA_GUARDIAN,0.0,2.0,
2015-05-18,0.0852859437261931,0.1693288598618381,0.0,4,2.320118108987808,1.0,FINBERT_ALPHA_GUARDIAN,0.0,4.0,
2015-05-19,0.0350089805619579,0.367422761045716,0.298715159919291,3,1.318220558166504,1.0,FINBERT_ALPHA_GUARDIAN,0.0,3.0,
2015-05-20,0.0,0.0,0.0,7,4.0365095652639855,1.0,FINBERT_ALPHA_GUARDIAN,0.0,7.0,
2015-05-21,0.0937535818344189,0.4398295164991674,0.250428820164457,4,2.36012869477272,1.0,FINBERT_ALPHA_GUARDIAN,0.0,4.0,
2015-05-22,-0.2023957412570966,0.0,0.2188250845557048,5,3.2968695452809333,1.0,FINBERT_ALPHA_GUARDIAN,0.0,5.0,
2015-05-23,-0.2292603984071257,0.0,0.3993589684316566,2,0.9595186690986156,1.0,FINBERT_ALPHA_GUARDIAN,0.0,2.0,
2015-05-25,-0.391706463179208,0.0,0.4491883974021531,2,1.2958506408333776,1.0,FINBERT_ALPHA_GUARDIAN,0.0,2.0,
2015-05-26,-0.5285615996709205,0.0,0.5482131730642585,2,1.3718015107512471,1.0,FINBERT_ALPHA_GUARDIAN,0.0,2.0,
2015-05-27,-0.3226563355365748,0.161142438436806,0.4715009704301031,5,3.0185923159122465,1.0,FINBERT_ALPHA_GUARDIAN,0.0,5.0,
2015-05-28,-0.0251747842863855,0.1346600305567389,0.1449836131077194,7,4.538442771136761,1.0,FINBERT_ALPHA_GUARDIAN,0.0,7.0,
2015-05-29,0.0,0.0,0.0,3,1.7640592597424982,1.0,FINBERT_ALPHA_GUARDIAN,0.0,3.0,
2015-05-30,-0.5050769346071098,0.0,0.5488714154461258,2,1.307708392739296,1.0,FINBERT_ALPHA_GUARDIAN,0.0,2.0,
2015-05-31,0.0148367734916777,0.2702049041049471,0.2618613618791823,4,2.4397545337677,1.0,FINBERT_ALPHA_GUARDIAN,0.0,4.0,
2015-06-01,0.759099543094635,1.0,0.0,1,0.5446539221704005,1.0,FINBERT_ALPHA_GUARDIAN,0.0,1.0,
2015-06-02,0.0,0.0,0.0,1,0.6411058580875396,1.0,FINBERT_ALPHA_GUARDIAN,0.0,1.0,
2015-06-03,-0.3798349521174048,0.1468894883108776,0.5479032607219653,4,2.163633317351341,1.0,FINBERT_ALPHA_GUARDIAN,0.0,4.0,
2015-06-04,-0.0263035945115892,0.1878622640616448,0.199441521316864,6,3.7223882156610486,1.0,FINBERT_ALPHA_GUARDIAN,0.0,6.0,
2015-06-05,-0.3851555378924532,0.0,0.4935346715976427,10,5.443670849055051,1.0,FINBERT_ALPHA_GUARDIAN,0.0,10.0,
2015-06-06,0.0,0.0,0.0,2,1.06489115729928,1.0,FINBERT_ALPHA_GUARDIAN,0.0,2.0,
2015-06-07,0.3517127713867862,0.4843409885055864,0.0,2,1.1694463258981704,1.0,FINBERT_ALPHA_GUARDIAN,0.0,2.0,
2015-06-08,-0.1199371105028389,0.1175625723613403,0.2460231141765445,8,5.150861964076757,1.0,FINBERT_ALPHA_GUARDIAN,0.0,8.0,
2015-06-09,-0.2854627009820637,0.0,0.3442740153127708,8,4.873394743651151,1.0,FINBERT_ALPHA_GUARDIAN,0.0,8.0,
2015-06-10,-0.0598844569251344,0.1485321433611484,0.189851044750187,5,2.728174704313278,1.0,FINBERT_ALPHA_GUARDIAN,0.0,5.0,
2015-06-11,0.2327519117422001,0.3532715811593781,0.0827967819485942,11,6.527474654316902,1.0,FINBERT_ALPHA_GUARDIAN,0.0,11.0,
2015-06-12,0.0114773427709323,0.1644432368442881,0.1452214054211413,6,3.733321448415517,1.0,FINBERT_ALPHA_GUARDIAN,0.0,6.0,
2015-06-13,0.0,0.0,0.0,3,1.7694056396186353,1.0,FINBERT_ALPHA_GUARDIAN,0.0,3.0,
2015-06-14,0.0,0.0,0.0,2,1.3342617845535276,1.0,FINBERT_ALPHA_GUARDIAN,0.0,2.0,
2015-06-15,-0.1964002784536633,0.0,0.2254421228757451,5,3.255681248009205,1.0,FINBERT_ALPHA_GUARDIAN,0.0,5.0,
2015-06-16,0.0,0.0,0.0,2,1.436609865427017,1.0,FINBERT_ALPHA_GUARDIAN,0.0,2.0,
2015-06-17,0.0316417359131929,0.4186673567856867,0.3818910310773611,5,3.343872650563717,1.0,FINBERT_ALPHA_GUARDIAN,0.0,5.0,
2015-06-18,-0.1498995822645186,0.0,0.166613456618722,7,4.211869205832481,1.0,FINBERT_ALPHA_GUARDIAN,0.0,7.0,
2015-06-19,-0.2263229334446357,0.0,0.2615660267740584,4,2.208091991841793,1.0,FINBERT_ALPHA_GUARDIAN,0.0,4.0,
2015-06-20,0.0,0.0,0.0,3,1.7657868665456773,1.0,FINBERT_ALPHA_GUARDIAN,0.0,3.0,
2015-06-21,0.2005594406241908,0.2408735295456755,0.0,4,2.523409983217716,1.0,FINBERT_ALPHA_GUARDIAN,0.0,4.0,
2015-06-22,-0.2868183173307554,0.0,0.3177434446773023,7,4.111581204533577,1.0,FINBERT_ALPHA_GUARDIAN,0.0,7.0,
2015-06-23,-0.6609749794006348,0.0,1.0,1,0.4412007987499237,1.0,FINBERT_ALPHA_GUARDIAN,0.0,1.0,
2015-06-24,0.2222618606646824,0.2355610534400774,0.0,5,3.374643338471651,1.0,FINBERT_ALPHA_GUARDIAN,0.0,5.0,
2015-06-25,-0.1434409813901943,0.0933428900093039,0.2435748567523857,8,4.902255016118287,1.0,FINBERT_ALPHA_GUARDIAN,0.0,8.0,
2015-06-26,0.0,0.0,0.0,5,3.228655490875244,1.0,FINBERT_ALPHA_GUARDIAN,0.0,5.0,
2015-06-27,0.0,0.0,0.0,1,0.6167142570018769,1.0,FINBERT_ALPHA_GUARDIAN,0.0,1.0,
2015-06-28,-0.0561102381900164,0.1747699221199114,0.2158437536563263,4,2.0609989959001536,1.0,FINBERT_ALPHA_GUARDIAN,0.0,4.0,
2015-06-29,-0.4946793072120305,0.0,0.5176631595182354,5,2.907018049657345,1.0,FINBERT_ALPHA_GUARDIAN,0.0,5.0,
2015-06-30,0.0,0.0,0.0,5,3.168158347904682,1.0,FINBERT_ALPHA_GUARDIAN,0.0,5.0,
2015-07-01,-0.6811843292885058,0.0,0.727644838392918,3,2.0874520315229894,1.0,FINBERT_ALPHA_GUARDIAN,0.0,3.0,
2015-07-02,-0.3165639998463275,0.0,0.334235269356456,3,1.8915082639455796,1.0,FINBERT_ALPHA_GUARDIAN,0.0,3.0,
2015-07-03,0.0,0.0,0.0,2,1.271828008890152,1.0,FINBERT_ALPHA_GUARDIAN,0.0,2.0,
2015-07-04,-0.497523838372913,0.0,0.5197351756940576,2,1.229421893209219,1.0,FINBERT_ALPHA_GUARDIAN,0.0,2.0,
2015-07-05,-0.4164027554275962,0.0,0.4816122156051317,2,1.2880731055140493,1.0,FINBERT_ALPHA_GUARDIAN,0.0,2.0,
2015-07-06,-0.2926913303176914,0.1543224125349044,0.4334677168576616,5,3.057765381932259,1.0,FINBERT_ALPHA_GUARDIAN,0.0,5.0,
2015-07-07,0.1726942352772608,0.270799141429583,0.0,3,1.5719348573684693,1.0,FINBERT_ALPHA_GUARDIAN,0.0,3.0,
2015-07-08,-0.9254006000220312,0.0,1.0,4,2.825455333888531,1.0,FINBERT_ALPHA_GUARDIAN,0.0,4.0,
2015-07-09,-0.1200199273422186,0.0,0.2003245868081767,4,2.3328104437887665,1.0,FINBERT_ALPHA_GUARDIAN,0.0,4.0,
2015-07-10,-0.1825069096708147,0.0,0.2080193900273742,5,2.952362730205059,1.0,FINBERT_ALPHA_GUARDIAN,0.0,5.0,
2015-07-12,0.3989986728647071,0.4838175060568215,0.0,2,1.2230105394124982,1.0,FINBERT_ALPHA_GUARDIAN,0.0,2.0,
2015-07-13,0.0,0.0,0.0,3,1.6126896379888058,1.0,FINBERT_ALPHA_GUARDIAN,0.0,3.0,
2015-07-14,-0.1691686364122708,0.0,0.1787824631316918,7,4.128236968368292,1.0,FINBERT_ALPHA_GUARDIAN,0.0,7.0,
2015-07-15,0.1169545499490804,0.213193039114184,0.1312152385034942,6,3.207037062942981,1.0,FINBERT_ALPHA_GUARDIAN,0.0,6.0,
2015-07-16,0.0,0.0,0.0,3,1.9113168209791185,1.0,FINBERT_ALPHA_GUARDIAN,0.0,3.0,
2015-07-17,0.0,0.0,0.0,2,1.019075645059347,1.0,FINBERT_ALPHA_GUARDIAN,0.0,2.0,
2015-07-18,-0.0578087786724629,0.0,0.1180213936264071,5,2.770279491767287,1.0,FINBERT_ALPHA_GUARDIAN,0.0,5.0,
2015-07-19,-0.3300642022690842,0.0,0.3531939278798118,3,1.9315005122125148,1.0,FINBERT_ALPHA_GUARDIAN,0.0,3.0,
2015-07-20,0.3148482827834375,0.3504291567929372,0.0,3,1.999840983748436,1.0,FINBERT_ALPHA_GUARDIAN,0.0,3.0,
2015-07-21,-0.4842958197908712,0.0,0.5306289670075099,4,2.6753233850002287,1.0,FINBERT_ALPHA_GUARDIAN,0.0,4.0,
2015-07-22,-0.5064739634538659,0.1555471238500379,0.6568823878555531,5,3.179435421824455,1.0,FINBERT_ALPHA_GUARDIAN,0.0,5.0,
2015-07-23,0.2589575852116663,0.295139394965076,0.0,8,4.808870918899774,1.0,FINBERT_ALPHA_GUARDIAN,0.0,8.0,
2015-07-24,0.0,0.0,0.0,3,1.8627064411342145,1.0,FINBERT_ALPHA_GUARDIAN,0.0,3.0,
2015-07-26,0.0,0.0,0.0,1,0.6764851927757263,1.0,FINBERT_ALPHA_GUARDIAN,0.0,1.0,
2015-07-27,0.0,0.0,0.0,2,1.21935494184494,1.0,FINBERT_ALPHA_GUARDIAN,0.0,2.0,
2015-07-28,0.0,0.0,0.0,3,1.7889871102571488,1.0,FINBERT_ALPHA_GUARDIAN,0.0,3.0,
2015-07-29,0.9527876377105712,1.0,0.0,1,0.7431743574142454,1.0,FINBERT_ALPHA_GUARDIAN,0.0,1.0,
2015-07-30,-0.0282447882426116,0.2578779757160256,0.2959663202358747,4,2.502373984158039,1.0,FINBERT_ALPHA_GUARDIAN,0.0,4.0,
2015-07-31,-0.1025109151449,0.0,0.1654384276247816,5,2.7341364404559134,1.0,FINBERT_ALPHA_GUARDIAN,0.0,5.0,
2015-08-01,0.0,0.0,0.0,3,1.7478453247249126,1.0,FINBERT_ALPHA_GUARDIAN,0.0,3.0,
2015-08-02,0.0,0.0,0.0,3,1.729419919848442,1.0,FINBERT_ALPHA_GUARDIAN,0.0,3.0,
2015-08-03,0.0425063879165063,0.2802085356703975,0.235132340323354,4,2.383272662311792,1.0,FINBERT_ALPHA_GUARDIAN,0.0,4.0,
2015-08-04,-0.1299813474835624,0.4497680610208169,0.5502319389791831,2,1.4333649303019047,1.0,FINBERT_ALPHA_GUARDIAN,0.0,2.0,
2015-08-05,0.1812389473033569,0.219384642517212,0.0,5,2.7018484871089457,1.0,FINBERT_ALPHA_GUARDIAN,0.0,5.0,
2015-08-06,0.3776880285644211,0.4977040251783137,0.0,2,1.1130476915836334,1.0,FINBERT_ALPHA_GUARDIAN,0.0,2.0,
2015-08-07,0.0,0.0,0.0,3,1.9447481681406495,1.0,FINBERT_ALPHA_GUARDIAN,0.0,3.0,
2015-08-08,0.0,0.0,0.0,1,0.6725295761227607,1.0,FINBERT_ALPHA_GUARDIAN,0.0,1.0,
2015-08-09,0.0,0.0,0.0,4,2.5134913946688178,1.0,FINBERT_ALPHA_GUARDIAN,0.0,4.0,
2015-08-10,0.0,0.0,0.0,4,2.44013200968504,1.0,FINBERT_ALPHA_GUARDIAN,0.0,4.0,
2015-08-11,0.087234364775967,0.112515502007658,0.0,9,6.02935605943203,1.0,FINBERT_ALPHA_GUARDIAN,0.0,9.0,
2015-08-12,-0.4757217632950067,0.0,0.5681558549584168,7,4.287925596535205,1.0,FINBERT_ALPHA_GUARDIAN,0.0,7.0,
2015-08-13,0.0043204544765504,0.2959555815754103,0.4125004384603538,4,2.4745640981197354,1.0,FINBERT_ALPHA_GUARDIAN,0.0,4.0,
2015-08-14,0.1306713645675145,0.14437098529146,0.0,7,4.576605156958102,1.0,FINBERT_ALPHA_GUARDIAN,0.0,7.0,
2015-08-15,0.0,0.0,0.0,2,1.4163360214233398,1.0,FINBERT_ALPHA_GUARDIAN,0.0,2.0,
2015-08-16,-0.4625953674446601,0.0,0.533043624418767,2,1.086743478924036,1.0,FINBERT_ALPHA_GUARDIAN,0.0,2.0,
2015-08-17,-0.2067759631955088,0.0,0.2924090438050998,7,3.833620399087667,1.0,FINBERT_ALPHA_GUARDIAN,0.0,7.0,
2015-08-18,-0.3253661830630285,0.0,0.385341384837507,5,3.203544452637434,1.0,FINBERT_ALPHA_GUARDIAN,0.0,5.0,
2015-08-19,-0.512125471142147,0.0,0.6377859996465732,3,1.726098531335592,1.0,FINBERT_ALPHA_GUARDIAN,0.0,3.0,
2015-08-20,0.0,0.0,0.0,6,3.3935779774188988,1.0,FINBERT_ALPHA_GUARDIAN,0.0,6.0,
2015-08-21,-0.3839360423788095,0.1698504740831877,0.5556264405242255,6,3.747210242748261,1.0,FINBERT_ALPHA_GUARDIAN,0.0,6.0,
2015-08-22,-0.491532359962535,0.0,0.5602731075787686,6,3.610892697572708,1.0,FINBERT_ALPHA_GUARDIAN,0.0,6.0,
2015-08-23,-0.5971112582589312,0.0,0.7206997470214386,4,2.4996334087848666,1.0,FINBERT_ALPHA_GUARDIAN,0.0,4.0,
2015-08-24,-0.1939886980069966,0.0862936640229349,0.2607747038375269,10,5.478804313987494,1.0,FINBERT_ALPHA_GUARDIAN,0.0,10.0,
2015-08-25,-0.5141309319459774,0.1925297666114445,0.6968419616782231,8,5.064791802018881,1.0,FINBERT_ALPHA_GUARDIAN,0.0,8.0,
2015-08-26,0.2523025644875094,0.3722505563216758,0.0950521875747604,9,5.941567275524139,1.0,FINBERT_ALPHA_GUARDIAN,0.0,9.0,
2015-08-27,0.6374088013387532,0.7575233122479732,0.0935469871137551,6,4.031847847402096,1.0,FINBERT_ALPHA_GUARDIAN,0.0,6.0,
2015-08-28,-0.0679074595680401,0.1609828004019516,0.1967081870137783,6,3.697214198112488,1.0,FINBERT_ALPHA_GUARDIAN,0.0,6.0,
2015-08-29,0.0,0.0,0.0,2,1.1628918731212616,1.0,FINBERT_ALPHA_GUARDIAN,0.0,2.0,
2015-08-30,-0.1700559115831206,0.0,0.2793550951241664,3,1.5635092160105704,1.0,FINBERT_ALPHA_GUARDIAN,0.0,3.0,
2015-08-31,-0.4402772150917042,0.0,0.4992249224451198,4,2.577718303203582,1.0,FINBERT_ALPHA_GUARDIAN,0.0,4.0,
2015-09-01,-0.5125124162275709,0.0,0.5405284417004593,6,4.01897481456399,1.0,FINBERT_ALPHA_GUARDIAN,0.0,6.0,
2015-09-02,-0.0627599723831252,0.2314565265726399,0.2717162642315019,4,2.639784566760063,1.0,FINBERT_ALPHA_GUARDIAN,0.0,4.0,
2015-09-03,-0.4939550703220935,0.0,0.5217344614463475,6,4.100900967717171,1.0,FINBERT_ALPHA_GUARDIAN,0.0,6.0,
2015-09-04,0.2821981007488573,0.5956314139214262,0.4043685860785738,2,0.9907627479732036,1.0,FINBERT_ALPHA_GUARDIAN,0.0,2.0,
2015-09-05,-0.3485499145755859,0.0,0.4773570262316872,4,2.2314295627176763,1.0,FINBERT_ALPHA_GUARDIAN,0.0,4.0,
2015-09-06,0.209122424284418,0.3765052045957412,0.2356979293093011,3,1.5346397405862806,1.0,FINBERT_ALPHA_GUARDIAN,0.0,3.0,
2015-09-07,-0.4038243097489347,0.0,0.4820432964121918,2,1.160036446005106,1.0,FINBERT_ALPHA_GUARDIAN,0.0,2.0,
2015-09-08,-0.6068562912926994,0.0,0.7085774223014295,3,1.975526103526354,1.0,FINBERT_ALPHA_GUARDIAN,0.0,3.0,
2015-09-09,0.092480753537556,0.359671476511816,0.1819930528713787,7,4.409441753327847,1.0,FINBERT_ALPHA_GUARDIAN,0.0,7.0,
2015-09-10,0.0234377950294614,0.1683834740887232,0.1539250812008072,6,3.671535709947347,1.0,FINBERT_ALPHA_GUARDIAN,0.0,6.0,
2015-09-11,-0.2460748214416086,0.0,0.2637429338588088,4,2.653180374354124,1.0,FINBERT_ALPHA_GUARDIAN,0.0,4.0,
2015-09-12,0.0,0.0,0.0,1,0.6052303367853163,1.0,FINBERT_ALPHA_GUARDIAN,0.0,1.0,
2015-09-13,0.173678893894992,0.218213714503592,0.0,4,2.6625993433594703,1.0,FINBERT_ALPHA_GUARDIAN,0.0,4.0,
2015-09-14,-0.0594531900306049,0.2253321450709223,0.2669268318902812,5,3.052945188879966,1.0,FINBERT_ALPHA_GUARDIAN,0.0,5.0,
2015-09-15,-0.4630985335862518,0.0,0.4922501929272317,7,4.723573868721724,1.0,FINBERT_ALPHA_GUARDIAN,0.0,7.0,
2015-09-16,-0.0717097950196897,0.326079629805736,0.3760628043588224,3,2.01109187528491,1.0,FINBERT_ALPHA_GUARDIAN,0.0,3.0,
2015-09-17,-0.1372109145650232,0.4062732304789487,0.5937267695210512,5,3.2526375679671764,1.0,FINBERT_ALPHA_GUARDIAN,0.0,5.0,
2015-09-18,-0.3430378350043933,0.0703582979097632,0.4130229825806621,9,5.872494707405567,1.0,FINBERT_ALPHA_GUARDIAN,0.0,9.0,
2015-09-19,-0.6116904020309449,0.0,1.0,1,0.4465339934825897,1.0,FINBERT_ALPHA_GUARDIAN,0.0,1.0,
2015-09-20,-0.3304199556802169,0.0,0.3641335527226447,3,1.9001361471414568,1.0,FINBERT_ALPHA_GUARDIAN,0.0,3.0,
2015-09-21,-0.3448881238072104,0.0,0.4812100706208116,4,2.3436832948029043,1.0,FINBERT_ALPHA_GUARDIAN,0.0,4.0,
2015-09-22,-0.096759906100886,0.0,0.1221641062669298,8,4.943653710931539,1.0,FINBERT_ALPHA_GUARDIAN,0.0,8.0,
2015-09-23,0.1706683105280727,0.4096432178495943,0.1926680909644862,5,3.0382243041694164,1.0,FINBERT_ALPHA_GUARDIAN,0.0,5.0,
2015-09-24,0.0,0.0,0.0,1,0.3312050224095583,1.0,FINBERT_ALPHA_GUARDIAN,0.0,1.0,
2015-09-25,-0.0813292600574127,0.1867700071501641,0.3095937624230806,6,3.6833924674987792,1.0,FINBERT_ALPHA_GUARDIAN,0.0,6.0,
2015-09-26,0.2741422779794478,0.4021555649690781,0.0,2,1.1314597825706003,1.0,FINBERT_ALPHA_GUARDIAN,0.0,2.0,
2015-09-27,-0.4593415567626726,0.0,0.566210496865433,2,1.045930350124836,1.0,FINBERT_ALPHA_GUARDIAN,0.0,2.0,
2015-09-28,-0.3538147385937492,0.1094126182525688,0.4748654803998025,7,4.157978176176548,1.0,FINBERT_ALPHA_GUARDIAN,0.0,7.0,
2015-09-29,-0.0583733046990869,0.0,0.1153067947319282,5,2.930594640523195,1.0,FINBERT_ALPHA_GUARDIAN,0.0,5.0,
2015-09-30,-0.0989152199938669,0.0,0.1397526820053165,6,3.3806023484468457,1.0,FINBERT_ALPHA_GUARDIAN,0.0,6.0,
2015-10-01,-0.5246317308628587,0.0,0.7112154271704296,4,2.088981325179338,1.0,FINBERT_ALPHA_GUARDIAN,0.0,4.0,
2015-10-02,-0.7210733565953974,0.0,0.745790063736297,3,2.1876475967466837,1.0,FINBERT_ALPHA_GUARDIAN,0.0,3.0,
2015-10-03,0.0,0.0,0.0,1,0.5743202471733093,1.0,FINBERT_ALPHA_GUARDIAN,0.0,1.0,
2015-10-04,0.0,0.0,0.0,1,0.7020323395729064,1.0,FINBERT_ALPHA_GUARDIAN,0.0,1.0,
2015-10-05,-0.2962937433600683,0.4006818634485342,0.5993181365514657,2,1.251596671193838,1.0,FINBERT_ALPHA_GUARDIAN,0.0,2.0,
2015-10-06,-0.1134953842079121,0.2079337879242825,0.3387141136083763,6,3.549642211198806,1.0,FINBERT_ALPHA_GUARDIAN,0.0,6.0,
2015-10-07,-0.1198741156690647,0.0,0.1511810600332967,6,3.8287190940976137,1.0,FINBERT_ALPHA_GUARDIAN,0.0,6.0,
2015-10-08,-0.1076352463372181,0.0,0.1811338563347525,4,2.353841133117676,1.0,FINBERT_ALPHA_GUARDIAN,0.0,4.0,
2015-10-09,0.2807909029327097,0.3464912346797311,0.0,3,1.6781100319325923,1.0,FINBERT_ALPHA_GUARDIAN,0.0,3.0,
2015-10-11,0.2253238735419539,0.4137314963364259,0.0,2,1.0432041634619236,1.0,FINBERT_ALPHA_GUARDIAN,0.0,2.0,
2015-10-12,0.0,0.0,0.0,4,2.435871072411537,1.0,FINBERT_ALPHA_GUARDIAN,0.0,4.0,
2015-10-13,-0.4984494442075687,0.0,0.6060891376628221,5,2.6974501249194143,1.0,FINBERT_ALPHA_GUARDIAN,0.0,5.0,
2015-10-14,-0.4425084242539783,0.0,0.5415426628173627,9,5.489373416006565,1.0,FINBERT_ALPHA_GUARDIAN,0.0,9.0,
2015-10-15,-0.0847711557342726,0.4835812710646722,0.5164187289353277,2,1.401072534620762,1.0,FINBERT_ALPHA_GUARDIAN,0.0,2.0,
2015-10-16,0.0,0.0,0.0,6,3.781693923026324,1.0,FINBERT_ALPHA_GUARDIAN,0.0,6.0,
2015-10-17,0.0,0.0,0.0,2,1.1023262344300746,1.0,FINBERT_ALPHA_GUARDIAN,0.0,2.0,
2015-10-18,-0.2705872545582827,0.0,0.4182182357352428,2,1.0326488721370697,1.0,FINBERT_ALPHA_GUARDIAN,0.0,2.0,
2015-10-19,0.0,0.0,0.0,2,1.238691598623991,1.0,FINBERT_ALPHA_GUARDIAN,0.0,2.0,
2015-10-20,-0.1973850554412795,0.0,0.2789723518237625,4,2.136790037304163,1.0,FINBERT_ALPHA_GUARDIAN,0.0,4.0,
2015-10-21,-0.1616259259189368,0.164064009179545,0.364998242566957,6,3.661545995175838,1.0,FINBERT_ALPHA_GUARDIAN,0.0,6.0,
2015-10-22,0.0832684332167096,0.3887999441165855,0.3121090957701838,3,2.0680268113315106,1.0,FINBERT_ALPHA_GUARDIAN,0.0,3.0,
2015-10-23,-0.0075340886999051,0.2319714074209944,0.2359864525832593,5,3.1277220414578912,1.0,FINBERT_ALPHA_GUARDIAN,0.0,5.0,
2015-10-24,0.0,0.0,0.0,2,1.2019355066120625,1.0,FINBERT_ALPHA_GUARDIAN,0.0,2.0,
2015-10-25,0.0,0.0,0.0,3,1.6847574959695335,1.0,FINBERT_ALPHA_GUARDIAN,0.0,3.0,
2015-10-26,-0.340110786908564,0.0,0.3787682210491366,6,3.415810318589211,1.0,FINBERT_ALPHA_GUARDIAN,0.0,6.0,
2015-10-27,-0.3546638190746307,0.0,1.0,1,0.2544712901860474,1.0,FINBERT_ALPHA_GUARDIAN,0.0,1.0,
2015-10-28,0.2220346969523627,0.2360894439441767,0.0,4,2.65900392010808,1.0,FINBERT_ALPHA_GUARDIAN,0.0,4.0,
2015-10-29,0.0,0.0,0.0,2,1.0674664103984832,1.0,FINBERT_ALPHA_GUARDIAN,0.0,2.0,
2015-10-31,0.0,0.0,0.0,1,0.5398163777589798,1.0,FINBERT_ALPHA_GUARDIAN,0.0,1.0,
2015-11-01,-0.1520353019483717,0.0,0.1692521624351711,6,3.874349977970123,1.0,FINBERT_ALPHA_GUARDIAN,0.0,6.0,
2015-11-02,-0.3902225458682389,0.0,0.4014102069883511,3,2.040353628247976,1.0,FINBERT_ALPHA_GUARDIAN,0.0,3.0,
2015-11-03,0.0800727802506551,0.156810403098693,0.0,4,2.3364531178772445,1.0,FINBERT_ALPHA_GUARDIAN,0.0,4.0,
2015-11-04,0.0,0.0,0.0,4,2.3600049355626105,1.0,FINBERT_ALPHA_GUARDIAN,0.0,4.0,
2015-11-05,-0.4168811742715718,0.0,0.4484448943141893,5,3.02643501535058,1.0,FINBERT_ALPHA_GUARDIAN,0.0,5.0,
2015-11-06,0.0474141233467019,0.1279222637159264,0.0967731226139553,7,3.9417176143825055,1.0,FINBERT_ALPHA_GUARDIAN,0.0,7.0,
2015-11-07,-0.173158529691903,0.0,0.2589654847252203,3,1.8074161575734615,1.0,FINBERT_ALPHA_GUARDIAN,0.0,3.0,
2015-11-08,0.0,0.0,0.0,3,1.998925091475248,1.0,FINBERT_ALPHA_GUARDIAN,0.0,3.0,
2015-11-09,0.2513340918172596,0.5742621616613799,0.42573783833862,2,1.145687215924263,1.0,FINBERT_ALPHA_GUARDIAN,0.0,2.0,
2015-11-10,-0.0427128083931622,0.2290660372390301,0.2603000227737477,8,4.454363947361707,1.0,FINBERT_ALPHA_GUARDIAN,0.0,8.0,
2015-11-11,-0.3999098260606418,0.0,0.4385519057813639,5,2.8768189924955365,1.0,FINBERT_ALPHA_GUARDIAN,0.0,5.0,
2015-11-12,-0.2418578324329184,0.0,0.258595102901977,4,2.4141865935921665,1.0,FINBERT_ALPHA_GUARDIAN,0.0,4.0,
2015-11-13,-0.5138330142665505,0.0,0.537650526604843,2,1.4442594680190086,1.0,FINBERT_ALPHA_GUARDIAN,0.0,2.0,
2015-11-14,-0.4244704268158855,0.0,0.4407064016628558,3,1.5954073186218738,1.0,FINBERT_ALPHA_GUARDIAN,0.0,3.0,
2015-11-16,0.6183061340375837,0.6573450386394876,0.0,2,1.0016472804546357,1.0,FINBERT_ALPHA_GUARDIAN,0.0,2.0,
2015-11-17,0.0,0.0,0.0,2,1.0258520935475826,1.0,FINBERT_ALPHA_GUARDIAN,0.0,2.0,
2015-11-18,-0.8434756758169838,0.0,1.0,3,1.7882873193919655,1.0,FINBERT_ALPHA_GUARDIAN,0.0,3.0,
2015-11-19,0.2674606921948002,0.284658297722546,0.0,4,2.574582844823599,1.0,FINBERT_ALPHA_GUARDIAN,0.0,4.0,
2015-11-20,0.2112532430190792,0.3874998777696646,0.1202241755043558,8,4.652485617250204,1.0,FINBERT_ALPHA_GUARDIAN,0.0,8.0,
2015-11-21,0.0,0.0,0.0,2,1.313674932718277,1.0,FINBERT_ALPHA_GUARDIAN,0.0,2.0,
2015-11-22,-0.4004410864616554,0.0,0.4837437985863927,2,1.227805898040533,1.0,FINBERT_ALPHA_GUARDIAN,0.0,2.0,
2015-11-23,0.0,0.0,0.0,2,1.1066317969560624,1.0,FINBERT_ALPHA_GUARDIAN,0.0,2.0,
2015-11-24,-0.2595787597701726,0.0,0.2817448608953941,4,2.346275751441717,1.0,FINBERT_ALPHA_GUARDIAN,0.0,4.0,
2015-11-25,0.0,0.0,0.0,2,1.22902164503932,1.0,FINBERT_ALPHA_GUARDIAN,0.0,2.0,
2015-11-26,-0.1103019605723895,0.0,0.1410715616964374,6,4.046011788547038,1.0,FINBERT_ALPHA_GUARDIAN,0.0,6.0,
2015-11-27,-0.9523845911026,0.0,1.0,1,0.6357167145609854,1.0,FINBERT_ALPHA_GUARDIAN,0.0,1.0,
2015-11-28,-0.3386019348760846,0.0,0.3686633559614555,3,1.9432294954359528,1.0,FINBERT_ALPHA_GUARDIAN,0.0,3.0,
2015-11-29,0.0,0.0,0.0,3,1.96264484256506,1.0,FINBERT_ALPHA_GUARDIAN,0.0,3.0,
2015-11-30,0.073116002407778,0.2211186064593131,0.118969058178204,8,4.543781826347113,1.0,FINBERT_ALPHA_GUARDIAN,0.0,8.0,
2015-12-01,0.0,0.0,0.0,4,2.3135629960894586,1.0,FINBERT_ALPHA_GUARDIAN,0.0,4.0,
2015-12-02,0.1116421862616848,0.3837762346926827,0.2224086313073958,5,3.0900109151005744,1.0,FINBERT_ALPHA_GUARDIAN,0.0,5.0,
2015-12-03,-0.16781741330098,0.1316088320724105,0.2624954123000207,5,2.689839956611395,1.0,FINBERT_ALPHA_GUARDIAN,0.0,5.0,
2015-12-04,0.1367789709010829,0.1440477823909531,0.0,8,5.141629528850316,1.0,FINBERT_ALPHA_GUARDIAN,0.0,8.0,
2015-12-05,0.0,0.0,0.0,2,1.1706137901544569,1.0,FINBERT_ALPHA_GUARDIAN,0.0,2.0,
2015-12-06,0.0,0.0,0.0,3,1.6658250403404231,1.0,FINBERT_ALPHA_GUARDIAN,0.0,3.0,
2015-12-07,0.0,0.0,0.0,3,1.8189698065817357,1.0,FINBERT_ALPHA_GUARDIAN,0.0,3.0,
2015-12-08,-0.2594279545534768,0.0,0.2679746002545641,4,2.7095100823044778,1.0,FINBERT_ALPHA_GUARDIAN,0.0,4.0,
2015-12-09,-0.1152179971567877,0.0,0.1989682491066223,4,2.27011243596673,1.0,FINBERT_ALPHA_GUARDIAN,0.0,4.0,
2015-12-10,-0.2487572609721918,0.0,0.3025634806294556,6,3.616451607644558,1.0,FINBERT_ALPHA_GUARDIAN,0.0,6.0,
2015-12-11,0.1992343174226556,0.2482470906556018,0.0,4,2.319624658077955,1.0,FINBERT_ALPHA_GUARDIAN,0.0,4.0,
2015-12-12,0.0,0.0,0.0,1,0.6041168910264969,1.0,FINBERT_ALPHA_GUARDIAN,0.0,1.0,
2015-12-13,0.3915202484391766,0.4891187509256845,0.0,2,1.194671389311552,1.0,FINBERT_ALPHA_GUARDIAN,0.0,2.0,
2015-12-14,-0.955961287021637,0.0,1.0,1,0.7456498038768767,1.0,FINBERT_ALPHA_GUARDIAN,0.0,1.0,
2015-12-15,-0.324875200605002,0.0,0.3548545802071372,4,2.334878626018763,1.0,FINBERT_ALPHA_GUARDIAN,0.0,4.0,
2015-12-16,-0.164136352827134,0.1444713278639576,0.3320226758971921,6,3.9414598545432087,1.0,FINBERT_ALPHA_GUARDIAN,0.0,6.0,
2015-12-17,0.0,0.0,0.0,3,1.5063896234333516,1.0,FINBERT_ALPHA_GUARDIAN,0.0,3.0,
2015-12-18,-0.6504986258820092,0.0,0.7029250319214134,3,2.1114857724308966,1.0,FINBERT_ALPHA_GUARDIAN,0.0,3.0,
2015-12-19,0.0,0.0,0.0,1,0.6791336345672606,1.0,FINBERT_ALPHA_GUARDIAN,0.0,1.0,
2015-12-20,0.0,0.0,0.0,2,1.0695579002797604,1.0,FINBERT_ALPHA_GUARDIAN,0.0,2.0,
2015-12-21,-0.169830080691908,0.0,0.1782714442039437,7,4.341846045404672,1.0,FINBERT_ALPHA_GUARDIAN,0.0,7.0,
2015-12-22,0.0,0.0,0.0,1,0.6851337969303131,1.0,FINBERT_ALPHA_GUARDIAN,0.0,1.0,
2015-12-23,-0.1722356782741941,0.0,0.1791255546813315,6,4.02595843270421,1.0,FINBERT_ALPHA_GUARDIAN,0.0,6.0,
2015-12-24,-0.6519293785095215,0.0,1.0,1,0.5492505013942718,1.0,FINBERT_ALPHA_GUARDIAN,0.0,1.0,
2015-12-25,0.0,0.0,0.0,1,0.6643624815344811,1.0,FINBERT_ALPHA_GUARDIAN,0.0,1.0,
2015-12-26,0.0,0.0,0.0,1,0.6111386919021606,1.0,FINBERT_ALPHA_GUARDIAN,0.0,1.0,
2015-12-27,-0.2721723995484463,0.0,0.2818314488053233,4,2.6727588634192943,1.0,FINBERT_ALPHA_GUARDIAN,0.0,4.0,
2015-12-28,0.0,0.0,0.0,3,1.622425890266895,1.0,FINBERT_ALPHA_GUARDIAN,0.0,3.0,
2015-12-29,-0.1962956767423783,0.240477464144599,0.5529976346600208,5,3.107112377136945,1.0,FINBERT_ALPHA_GUARDIAN,0.0,5.0,
2015-12-30,-0.7172972903686152,0.0,0.8000560808893492,4,2.6665258225798603,1.0,FINBERT_ALPHA_GUARDIAN,0.0,4.0,
2015-12-31,-0.4069043677309603,0.1851057798290218,0.6220218616762792,5,3.5094976025819777,1.0,FINBERT_ALPHA_GUARDIAN,0.0,5.0,
2016-01-01,0.0,0.0,0.0,3,1.8795171740651129,1.0,FINBERT_ALPHA_GUARDIAN,0.0,3.0,
2016-01-02,0.0,0.0,0.0,1,0.6614565497636796,1.0,FINBERT_ALPHA_GUARDIAN,0.0,1.0,
2016-01-03,-0.185016459786151,0.0,0.3714014222201926,2,0.9623768048733472,1.0,FINBERT_ALPHA_GUARDIAN,0.0,2.0,
2016-01-04,-0.6440451562898066,0.0,0.6656763018461683,3,2.180076997876167,1.0,FINBERT_ALPHA_GUARDIAN,0.0,3.0,
2016-01-05,-0.1724179460884682,0.1239417065193372,0.2448356557723091,5,2.928155508190393,1.0,FINBERT_ALPHA_GUARDIAN,0.0,5.0,
2016-01-06,-0.3260410104432544,0.0,0.3603192053747091,6,3.826790440827608,1.0,FINBERT_ALPHA_GUARDIAN,0.0,6.0,
2016-01-07,-0.2072581587341321,0.1015880435400816,0.3165026516034702,10,6.450024229437112,1.0,FINBERT_ALPHA_GUARDIAN,0.0,10.0,
2016-01-08,0.1120879804632843,0.2569919033413533,0.094499826798608,10,6.179195179343222,1.0,FINBERT_ALPHA_GUARDIAN,0.0,10.0,
2016-01-09,-0.3318288142727026,0.0,0.3633071063428093,3,2.042629873603582,1.0,FINBERT_ALPHA_GUARDIAN,0.0,3.0,
2016-01-10,0.0,0.0,0.0,4,2.20068622097373,1.0,FINBERT_ALPHA_GUARDIAN,0.0,4.0,
2016-01-11,-0.4341357777953186,0.0,0.4891543202645724,4,2.643650617003441,1.0,FINBERT_ALPHA_GUARDIAN,0.0,4.0,
2016-01-12,-0.3329867375204227,0.0,0.3973997365347992,5,3.238178985863924,1.0,FINBERT_ALPHA_GUARDIAN,0.0,5.0,
2016-01-13,-0.4282626768197963,0.0,0.4930793369338608,6,3.8119323532283302,1.0,FINBERT_ALPHA_GUARDIAN,0.0,6.0,
2016-01-14,-0.2610587347134068,0.1179997807658214,0.3459791291749606,7,4.380573780536651,1.0,FINBERT_ALPHA_GUARDIAN,0.0,7.0,
2016-01-15,-0.5094015632120739,0.077120440591096,0.5696704571810839,8,5.084078294485806,1.0,FINBERT_ALPHA_GUARDIAN,0.0,8.0,
2016-01-16,0.0,0.0,0.0,2,0.9988971158862112,1.0,FINBERT_ALPHA_GUARDIAN,0.0,2.0,
2016-01-17,0.0,0.0,0.0,1,0.6082584169507026,1.0,FINBERT_ALPHA_GUARDIAN,0.0,1.0,
2016-01-18,0.0,0.0,0.0,1,0.6517425447702407,1.0,FINBERT_ALPHA_GUARDIAN,0.0,1.0,
2016-01-19,-0.1769886233092591,0.0,0.2250499524682649,4,2.332591937035322,1.0,FINBERT_ALPHA_GUARDIAN,0.0,4.0,
2016-01-20,-0.7973673652330294,0.0,0.8356533874305687,4,2.640338718444109,1.0,FINBERT_ALPHA_GUARDIAN,0.0,4.0,
2016-01-21,0.0,0.0,0.0,3,1.8699883455038069,1.0,FINBERT_ALPHA_GUARDIAN,0.0,3.0,
2016-01-22,0.0711982221090856,0.1491379065347697,0.1034702179424161,8,4.409405913800001,1.0,FINBERT_ALPHA_GUARDIAN,0.0,8.0,
2016-01-23,-0.3286989933401962,0.0,0.4322010374456165,2,1.1745676465332506,1.0,FINBERT_ALPHA_GUARDIAN,0.0,2.0,
2016-01-25,-0.3508534372541114,0.1553354933778517,0.4612264019738618,8,4.733957099020481,1.0,FINBERT_ALPHA_GUARDIAN,0.0,8.0,
2016-01-26,-0.0636626092376929,0.4028659731702022,0.4207499807647682,5,3.184384727030993,1.0,FINBERT_ALPHA_GUARDIAN,0.0,5.0,
2016-01-27,-0.2791408041542159,0.0,0.3187248795641998,11,7.298099547028541,1.0,FINBERT_ALPHA_GUARDIAN,0.0,11.0,
2016-01-28,-0.4088943402020641,0.0,0.4653540924297888,5,2.9333862048387527,1.0,FINBERT_ALPHA_GUARDIAN,0.0,5.0,
2016-01-29,0.0,0.0,0.0,6,3.713673641234637,1.0,FINBERT_ALPHA_GUARDIAN,0.0,6.0,
2016-01-30,-0.3494084906880344,0.0,0.5484126918669379,2,0.9787873990833758,1.0,FINBERT_ALPHA_GUARDIAN,0.0,2.0,
2016-01-31,0.0,0.0,0.0,2,1.419570084065199,1.0,FINBERT_ALPHA_GUARDIAN,0.0,2.0,
2016-02-01,0.1180702538725171,0.3996723872281407,0.227763964579711,5,3.325096691697836,1.0,FINBERT_ALPHA_GUARDIAN,0.0,5.0,
2016-02-02,0.0034684017901037,0.3469799227299291,0.2672633475970375,8,5.05999625891447,1.0,FINBERT_ALPHA_GUARDIAN,0.0,8.0,
2016-02-03,-0.4094293791580436,0.3365079972668491,0.6634920027331508,5,3.133508821874857,1.0,FINBERT_ALPHA_GUARDIAN,0.0,5.0,
2016-02-04,0.0,0.0,0.0,3,1.860034245550632,1.0,FINBERT_ALPHA_GUARDIAN,0.0,3.0,
2016-02-05,-0.2478799362341802,0.2131098691780102,0.4165426525111811,6,3.732347551435232,1.0,FINBERT_ALPHA_GUARDIAN,0.0,6.0,
2016-02-06,-0.1653759885186219,0.0,0.3050496938716421,3,1.386199918091297,1.0,FINBERT_ALPHA_GUARDIAN,0.0,3.0,
2016-02-07,-0.1288197002766953,0.0,0.1710307403570185,5,2.93957945227623,1.0,FINBERT_ALPHA_GUARDIAN,0.0,5.0,
2016-02-08,-0.77220820407171,0.0,0.8031631342534228,4,2.953539843857288,1.0,FINBERT_ALPHA_GUARDIAN,0.0,4.0,
2016-02-09,-0.2464225861002204,0.0,0.253906878134818,5,2.8667699465155603,1.0,FINBERT_ALPHA_GUARDIAN,0.0,5.0,
2016-02-10,-0.4958616291183305,0.0,0.6148438434495915,6,4.107008492052555,1.0,FINBERT_ALPHA_GUARDIAN,0.0,6.0,
2016-02-11,-0.3503006597018536,0.0,0.3930133996474864,9,5.59561056226492,1.0,FINBERT_ALPHA_GUARDIAN,0.0,9.0,
2016-02-12,-0.2910573712023777,0.2072769100130943,0.4356006371724501,3,1.910060293376446,1.0,FINBERT_ALPHA_GUARDIAN,0.0,3.0,
2016-02-13,0.0,0.0,0.0,3,2.0071656638383866,1.0,FINBERT_ALPHA_GUARDIAN,0.0,3.0,
2016-02-14,0.0,0.0,0.0,1,0.5703822483122348,1.0,FINBERT_ALPHA_GUARDIAN,0.0,1.0,
2016-02-15,0.0,0.0,0.0,1,0.6526342505216598,1.0,FINBERT_ALPHA_GUARDIAN,0.0,1.0,
2016-02-16,-0.2024336031019727,0.0,0.2752360559582383,3,2.004163814932108,1.0,FINBERT_ALPHA_GUARDIAN,0.0,3.0,
2016-02-17,-0.5775996004655864,0.0,0.6215547211337064,7,4.818982324451208,1.0,FINBERT_ALPHA_GUARDIAN,0.0,7.0,
2016-02-18,-0.3353275472899101,0.0,0.522963327259219,9,4.675432240962982,1.0,FINBERT_ALPHA_GUARDIAN,0.0,9.0,
2016-02-19,-0.2288517275213749,0.0,0.2935414540660577,7,4.041648914515972,1.0,FINBERT_ALPHA_GUARDIAN,0.0,7.0,
2016-02-20,-0.5451789631622705,0.0,0.6744581531828365,3,1.9222590366005896,1.0,FINBERT_ALPHA_GUARDIAN,0.0,3.0,
2016-02-21,-0.115065897792864,0.1880336300552753,0.2661342474773259,5,2.7708793877065183,1.0,FINBERT_ALPHA_GUARDIAN,0.0,5.0,
2016-02-22,-0.2534743718480935,0.1196078190038679,0.4115108559502847,8,4.482009441256523,1.0,FINBERT_ALPHA_GUARDIAN,0.0,8.0,
2016-02-23,-0.4321318333216972,0.0,0.4763080544893243,7,4.233087014853954,1.0,FINBERT_ALPHA_GUARDIAN,0.0,7.0,
2016-02-24,-0.1887935119999687,0.0,0.2424243502651012,4,2.304923364222049,1.0,FINBERT_ALPHA_GUARDIAN,0.0,4.0,
2016-02-25,-0.1882889109306118,0.0884008804211499,0.3178588585760647,9,5.188177307099105,1.0,FINBERT_ALPHA_GUARDIAN,0.0,9.0,
2016-02-26,0.0444633970857312,0.2095192752304727,0.1880599776574325,6,3.3711552961170668,1.0,FINBERT_ALPHA_GUARDIAN,0.0,6.0,
2016-02-27,-0.2992662165711826,0.0,0.4686198465874047,2,1.0629453608393669,1.0,FINBERT_ALPHA_GUARDIAN,0.0,2.0,
2016-02-29,-0.3333818556521661,0.2380134274449633,0.6511749924112632,8,4.348841845244169,1.0,FINBERT_ALPHA_GUARDIAN,0.0,8.0,
2016-03-01,-0.3112126384272632,0.0,0.3307034235638144,10,6.381730803698302,1.0,FINBERT_ALPHA_GUARDIAN,0.0,10.0,
2016-03-02,-0.2949374538478835,0.0,0.377785324340245,13,7.747821817994117,1.0,FINBERT_ALPHA_GUARDIAN,0.0,13.0,
2016-03-03,-0.0429254377756172,0.1898891605301064,0.3267416864177237,6,3.159135935753584,1.0,FINBERT_ALPHA_GUARDIAN,0.0,6.0,
2016-03-04,-0.4567279507136451,0.0,0.5105405447311026,7,4.353404081463814,1.0,FINBERT_ALPHA_GUARDIAN,0.0,7.0,
2016-03-05,0.3146971975389929,0.5227493537054144,0.0,2,0.970232405513525,1.0,FINBERT_ALPHA_GUARDIAN,0.0,2.0,
2016-03-06,-0.5386311697180041,0.0,0.6633611811946121,3,1.7074394147098064,1.0,FINBERT_ALPHA_GUARDIAN,0.0,3.0,
2016-03-07,-0.2815189169209882,0.0,0.4122446239546687,5,2.592373095154762,1.0,FINBERT_ALPHA_GUARDIAN,0.0,5.0,
2016-03-08,0.2804030602542984,0.3291777399308288,0.0,7,4.27839664414525,1.0,FINBERT_ALPHA_GUARDIAN,0.0,7.0,
2016-03-09,-0.0139874278106501,0.3516242391959532,0.3759887685437489,3,1.5680188615620136,1.0,FINBERT_ALPHA_GUARDIAN,0.0,3.0,
2016-03-10,-0.0323302961951332,0.2505171449945804,0.2793321095334811,4,2.573020350635052,1.0,FINBERT_ALPHA_GUARDIAN,0.0,4.0,
2016-03-11,-0.0310468922862973,0.4863530896585752,0.5136469103414247,6,3.671967495828867,1.0,FINBERT_ALPHA_GUARDIAN,0.0,6.0,
2016-03-13,0.0,0.0,0.0,2,1.2660064721107482,1.0,FINBERT_ALPHA_GUARDIAN,0.0,2.0,
2016-03-14,-0.6720935982492486,0.0,0.7638077992140508,4,2.520399996042252,1.0,FINBERT_ALPHA_GUARDIAN,0.0,4.0,
2016-03-15,-0.4129304022660284,0.0,0.5134482248808097,8,4.689899701923132,1.0,FINBERT_ALPHA_GUARDIAN,0.0,8.0,
2016-03-16,-0.3555411622596622,0.1852343274053596,0.5238729036973649,4,2.4788571882247923,1.0,FINBERT_ALPHA_GUARDIAN,0.0,4.0,
2016-03-17,-0.9296087622642516,0.0,1.0,1,0.7831953822076319,1.0,FINBERT_ALPHA_GUARDIAN,0.0,1.0,
2016-03-18,-0.4674396092852465,0.0,0.5294452537223004,4,2.757129765599966,1.0,FINBERT_ALPHA_GUARDIAN,0.0,4.0,
2016-03-20,0.0,0.0,0.0,4,2.33764337182045,1.0,FINBERT_ALPHA_GUARDIAN,0.0,4.0,
2016-03-21,-0.0926188628236977,0.2045868244083999,0.272795990481707,13,8.016348238140345,1.0,FINBERT_ALPHA_GUARDIAN,0.0,13.0,
2016-03-22,-0.4098280141456041,0.0,0.4684896971549362,5,3.0792049708962432,1.0,FINBERT_ALPHA_GUARDIAN,0.0,5.0,
2016-03-23,0.1263313014748588,0.3872989934864336,0.2297417538096793,5,3.2643661597371096,1.0,FINBERT_ALPHA_GUARDIAN,0.0,5.0,
2016-03-24,-0.4473142168129247,0.0,0.518698659374751,4,2.60791617885232,1.0,FINBERT_ALPHA_GUARDIAN,0.0,4.0,
2016-03-25,0.0,0.0,0.0,3,1.8358252528309824,1.0,FINBERT_ALPHA_GUARDIAN,0.0,3.0,
2016-03-26,0.0,0.0,0.0,1,0.6029232430458069,1.0,FINBERT_ALPHA_GUARDIAN,0.0,1.0,
2016-03-27,-0.1719782249388775,0.0,0.2702590444064408,3,1.7188415701687334,1.0,FINBERT_ALPHA_GUARDIAN,0.0,3.0,
2016-03-28,0.3077487139346005,0.344899967034359,0.0,3,2.179615313708782,1.0,FINBERT_ALPHA_GUARDIAN,0.0,3.0,
2016-03-29,-0.4455534577799707,0.0,0.606083896538329,5,2.720391908586025,1.0,FINBERT_ALPHA_GUARDIAN,0.0,5.0,
2016-03-30,-0.3836720709884874,0.0,0.4162848401627686,3,1.7269254827499387,1.0,FINBERT_ALPHA_GUARDIAN,0.0,3.0,
2016-03-31,-0.2934338830068353,0.0,0.3611234509305508,5,3.116036924272775,1.0,FINBERT_ALPHA_GUARDIAN,0.0,5.0,
2016-04-01,0.0,0.0,0.0,2,1.0030609475076198,1.0,FINBERT_ALPHA_GUARDIAN,0.0,2.0,
2016-04-02,-0.3098638471260499,0.0,0.3561912312059381,3,1.630255714505911,1.0,FINBERT_ALPHA_GUARDIAN,0.0,3.0,
2016-04-03,-0.194778855585277,0.0,0.3358627959222415,3,1.4547485111653804,1.0,FINBERT_ALPHA_GUARDIAN,0.0,3.0,
2016-04-04,0.0,0.0,0.0,3,1.590129673629999,1.0,FINBERT_ALPHA_GUARDIAN,0.0,3.0,
2016-04-05,-0.3448300090956582,0.0,0.3593910258333631,6,4.084518711268902,1.0,FINBERT_ALPHA_GUARDIAN,0.0,6.0,
2016-04-06,0.2856072195240267,0.3383835892909171,0.0,3,1.870733223259449,1.0,FINBERT_ALPHA_GUARDIAN,0.0,3.0,
2016-04-07,-0.1116046974761193,0.2902354959562981,0.3643331577047589,3,1.9288004213571548,1.0,FINBERT_ALPHA_GUARDIAN,0.0,3.0,
2016-04-08,-0.2939866141476587,0.0,0.3016178963274166,4,2.423676247596741,1.0,FINBERT_ALPHA_GUARDIAN,0.0,4.0,
2016-04-09,0.0,0.0,0.0,1,0.6089358548820019,1.0,FINBERT_ALPHA_GUARDIAN,0.0,1.0,
2016-04-10,0.1730147451081223,0.2879021479661476,0.0,3,1.497666834592819,1.0,FINBERT_ALPHA_GUARDIAN,0.0,3.0,
2016-04-11,0.0,0.0,0.0,1,0.6207972002029419,1.0,FINBERT_ALPHA_GUARDIAN,0.0,1.0,
2016-04-12,-0.1424421958439769,0.3117971130145365,0.5298014593837831,7,4.663971454948187,1.0,FINBERT_ALPHA_GUARDIAN,0.0,7.0,
2016-04-13,0.0538547924392876,0.2863255866611133,0.2539717232043238,8,5.031918670237063,1.0,FINBERT_ALPHA_GUARDIAN,0.0,8.0,
2016-04-14,-0.1759216700848679,0.0,0.1826382107691627,6,3.955462894886732,1.0,FINBERT_ALPHA_GUARDIAN,0.0,6.0,
2016-04-15,-0.2646655905014751,0.0,0.2723989953451556,4,2.3808813267946243,1.0,FINBERT_ALPHA_GUARDIAN,0.0,4.0,
2016-04-17,-0.040570508278017,0.2649408462770165,0.2575830585971668,4,2.5225095200538634,1.0,FINBERT_ALPHA_GUARDIAN,0.0,4.0,
2016-04-18,-0.317838810592001,0.180959717065537,0.4679923776330564,5,3.0829869884252545,1.0,FINBERT_ALPHA_GUARDIAN,0.0,5.0,
2016-04-19,-0.1983893965002278,0.383127443067092,0.6168725569329079,3,2.074253635853529,1.0,FINBERT_ALPHA_GUARDIAN,0.0,3.0,
2016-04-20,-0.4849185372572212,0.1469485237467105,0.6441248084291221,5,2.7810836506634944,1.0,FINBERT_ALPHA_GUARDIAN,0.0,5.0,
2016-04-21,0.0,0.0,0.0,6,3.202601811289787,1.0,FINBERT_ALPHA_GUARDIAN,0.0,6.0,
2016-04-22,-0.1124867247854909,0.09215222936593,0.1704726025848172,7,4.0490727186203,1.0,FINBERT_ALPHA_GUARDIAN,0.0,7.0,
2016-04-23,0.0024082714622097,0.3474182449715944,0.3292882055221394,3,2.042343325763941,1.0,FINBERT_ALPHA_GUARDIAN,0.0,3.0,
2016-04-24,0.0,0.0,0.0,1,0.4625880432128906,1.0,FINBERT_ALPHA_GUARDIAN,0.0,1.0,
2016-04-25,0.1021879154338815,0.1801943541615237,0.0,4,2.494114870131016,1.0,FINBERT_ALPHA_GUARDIAN,0.0,4.0,
2016-04-26,-0.0515581493121455,0.2229208890488157,0.2391250521842659,4,2.348440761268139,1.0,FINBERT_ALPHA_GUARDIAN,0.0,4.0,
2016-04-27,-0.3449383359037258,0.0813488813976409,0.4418566392640946,12,8.351719838827847,1.0,FINBERT_ALPHA_GUARDIAN,0.0,12.0,
2016-04-28,0.0976187523102844,0.1587457999329395,0.0,5,2.779397552013397,1.0,FINBERT_ALPHA_GUARDIAN,0.0,5.0,
2016-04-29,-0.2183965041604042,0.2324684590688412,0.5728016056670955,5,2.7033634996414184,1.0,FINBERT_ALPHA_GUARDIAN,0.0,5.0,
2016-04-30,-0.584172263413739,0.0,0.6036868545264482,2,1.250293856859207,1.0,FINBERT_ALPHA_GUARDIAN,0.0,2.0,
2016-05-01,-0.2567694200509418,0.0,0.2819545419903055,4,2.3578054666519166,1.0,FINBERT_ALPHA_GUARDIAN,0.0,4.0,
2016-05-02,0.0,0.0,0.0,3,1.5961356051266191,1.0,FINBERT_ALPHA_GUARDIAN,0.0,3.0,
2016-05-03,-0.1457601080540888,0.0808338498418805,0.2685852154800135,11,6.3260996322333805,1.0,FINBERT_ALPHA_GUARDIAN,0.0,11.0,
2016-05-04,-0.2638501854476561,0.3362051719686199,0.6637948280313799,3,1.7624893844127656,1.0,FINBERT_ALPHA_GUARDIAN,0.0,3.0,
2016-05-05,-0.2792054686822997,0.0,0.3657277733544545,5,3.002724691480398,1.0,FINBERT_ALPHA_GUARDIAN,0.0,5.0,
2016-05-06,-0.3499701647052496,0.0,0.3818677893578749,3,1.6019768571853636,1.0,FINBERT_ALPHA_GUARDIAN,0.0,3.0,
2016-05-07,0.0,0.0,0.0,2,1.2780206152796745,1.0,FINBERT_ALPHA_GUARDIAN,0.0,2.0,
2016-05-08,0.0,0.0,0.0,3,1.9026480536162853,1.0,FINBERT_ALPHA_GUARDIAN,0.0,3.0,
2016-05-09,0.4869339971053724,0.6027178493188717,0.0,2,0.9617537681758402,1.0,FINBERT_ALPHA_GUARDIAN,0.0,2.0,
2016-05-11,-0.6311527967520699,0.0,0.7024470490237344,3,1.8609653709828853,1.0,FINBERT_ALPHA_GUARDIAN,0.0,3.0,
2016-05-12,-0.2617416228207294,0.0,0.3207955272656586,7,4.127825180143118,1.0,FINBERT_ALPHA_GUARDIAN,0.0,7.0,
2016-05-13,-0.1022944069444644,0.3079704764669586,0.3658241374610999,3,1.962148045748472,1.0,FINBERT_ALPHA_GUARDIAN,0.0,3.0,
2016-05-16,0.1580023064233885,0.4549048788951111,0.2009196010255065,4,1.941809372603893,1.0,FINBERT_ALPHA_GUARDIAN,0.0,4.0,
2016-05-17,-0.3676205330930135,0.0,0.3820481591259567,3,2.046382943540812,1.0,FINBERT_ALPHA_GUARDIAN,0.0,3.0,
2016-05-18,0.3548838206693958,0.4607649365557257,0.0,4,2.6785646282136444,1.0,FINBERT_ALPHA_GUARDIAN,0.0,4.0,
2016-05-19,-0.1610742846279596,0.1313573440618569,0.2481943367676787,6,3.33632096990943,1.0,FINBERT_ALPHA_GUARDIAN,0.0,6.0,
2016-05-20,-0.3174289738843585,0.0,0.4352346025753583,7,3.593939100801945,1.0,FINBERT_ALPHA_GUARDIAN,0.0,7.0,
2016-05-21,0.2899184226989746,0.5925319758797114,0.4074680241202885,2,1.0456955301761628,1.0,FINBERT_ALPHA_GUARDIAN,0.0,2.0,
2016-05-24,-0.3675331371465963,0.0,0.3961745062303481,3,1.972846794426441,1.0,FINBERT_ALPHA_GUARDIAN,0.0,3.0,
2016-05-25,-0.0110412687377524,0.3479226457742677,0.3538915461935052,3,2.141538421064616,1.0,FINBERT_ALPHA_GUARDIAN,0.0,3.0,
2016-05-26,-0.0569410295141818,0.2237947895786287,0.2466055988642237,4,2.386436200886965,1.0,FINBERT_ALPHA_GUARDIAN,0.0,4.0,
2016-05-27,-0.0687804528143459,0.113919268065512,0.2182746349650976,7,3.7695203256607055,1.0,FINBERT_ALPHA_GUARDIAN,0.0,7.0,
2016-05-28,0.0,0.0,0.0,1,0.4402212251722812,1.0,FINBERT_ALPHA_GUARDIAN,0.0,1.0,
2016-05-29,0.0,0.0,0.0,1,0.6666432181000708,1.0,FINBERT_ALPHA_GUARDIAN,0.0,1.0,
2016-05-31,-0.1962686273642117,0.0,0.2610178380792418,7,4.193796930760144,1.0,FINBERT_ALPHA_GUARDIAN,0.0,7.0,
2016-06-01,0.0,0.0,0.0,5,2.7541499549150465,1.0,FINBERT_ALPHA_GUARDIAN,0.0,5.0,
2016-06-02,-0.292544848908608,0.0,0.3070440521371884,4,2.2652385182678696,1.0,FINBERT_ALPHA_GUARDIAN,0.0,4.0,
2016-06-03,-0.3653645226931608,0.0,0.3951315250694423,6,3.6025943084061143,1.0,FINBERT_ALPHA_GUARDIAN,0.0,6.0,
2016-06-04,-0.5177849705312735,0.0,0.6422034544541445,3,1.8229807724058624,1.0,FINBERT_ALPHA_GUARDIAN,0.0,3.0,
2016-06-05,-0.2130044608414036,0.0,0.4054895350162934,2,0.9456975376605988,1.0,FINBERT_ALPHA_GUARDIAN,0.0,2.0,
2016-06-06,-0.5880952811910641,0.0,0.7031931500643235,4,2.577559439986944,1.0,FINBERT_ALPHA_GUARDIAN,0.0,4.0,
2016-06-07,-0.2158065028329925,0.0,0.4005913457323536,2,0.981712366491556,1.0,FINBERT_ALPHA_GUARDIAN,0.0,2.0,
2016-06-09,-0.2922337280442237,0.0,0.3351511645774004,6,3.6536602562665936,1.0,FINBERT_ALPHA_GUARDIAN,0.0,6.0,
2016-06-10,-0.1206860786566438,0.1488453196809742,0.2265514911481731,5,3.1688706716895103,1.0,FINBERT_ALPHA_GUARDIAN,0.0,5.0,
2016-06-11,0.0,0.0,0.0,1,0.4208183608949184,1.0,FINBERT_ALPHA_GUARDIAN,0.0,1.0,
2016-06-12,-0.1703418711871483,0.0,0.2693403930759941,3,1.714120285511017,1.0,FINBERT_ALPHA_GUARDIAN,0.0,3.0,
2016-06-13,0.0,0.0,0.0,5,2.952976209670305,1.0,FINBERT_ALPHA_GUARDIAN,0.0,5.0,
2016-06-14,0.0766245642593487,0.2605342049297092,0.1483620728434306,8,4.905331255942583,1.0,FINBERT_ALPHA_GUARDIAN,0.0,8.0,
2016-06-15,0.2801697070056132,0.4252302762861417,0.0,4,2.2570205783843997,1.0,FINBERT_ALPHA_GUARDIAN,0.0,4.0,
2016-06-16,-0.8827252146029747,0.0,1.0,2,1.396127804815769,1.0,FINBERT_ALPHA_GUARDIAN,0.0,2.0,
2016-06-17,0.0478971572980508,0.340251783468692,0.3185572120266411,3,1.9742606365680693,1.0,FINBERT_ALPHA_GUARDIAN,0.0,3.0,
2016-06-18,0.5450825691223145,1.0,0.0,1,0.4251644039154052,1.0,FINBERT_ALPHA_GUARDIAN,0.0,1.0,
2016-06-19,-0.9557961225509644,0.0,1.0,1,0.6379939118027687,1.0,FINBERT_ALPHA_GUARDIAN,0.0,1.0,
2016-06-20,0.2906700170720847,0.4125519333483624,0.0,2,1.139972179681063,1.0,FINBERT_ALPHA_GUARDIAN,0.0,2.0,
2016-06-21,-0.595603484330819,0.0,0.6499885450839584,3,1.9962954238057136,1.0,FINBERT_ALPHA_GUARDIAN,0.0,3.0,
2016-06-22,0.0,0.0,0.0,1,0.6417325991392134,1.0,FINBERT_ALPHA_GUARDIAN,0.0,1.0,
2016-06-23,-0.1904810082333362,0.1578014000346509,0.3860652060044848,5,2.7787719909846778,1.0,FINBERT_ALPHA_GUARDIAN,0.0,5.0,
2016-06-24,-0.2897690361083042,0.0,0.2999632583735209,7,4.669466776251793,1.0,FINBERT_ALPHA_GUARDIAN,0.0,7.0,
2016-06-25,-0.3747777402860511,0.0,0.6024004569597662,3,1.468064612746239,1.0,FINBERT_ALPHA_GUARDIAN,0.0,3.0,
2016-06-26,0.329626381844077,0.4724339841648072,0.0,2,1.170412558019161,1.0,FINBERT_ALPHA_GUARDIAN,0.0,2.0,
2016-06-27,-0.6328144100222775,0.0,0.6901927187651437,6,4.0205942448973655,1.0,FINBERT_ALPHA_GUARDIAN,0.0,6.0,
2016-06-28,-0.6503850812160816,0.1631248049736849,0.836875195026315,4,2.359545525163412,1.0,FINBERT_ALPHA_GUARDIAN,0.0,4.0,
2016-06-29,0.4697017759377406,0.5237189243825427,0.0,2,1.3913905115425589,1.0,FINBERT_ALPHA_GUARDIAN,0.0,2.0,
2016-06-30,-0.1737547674261316,0.1337702096071678,0.3487550607009456,9,5.091801678538323,1.0,FINBERT_ALPHA_GUARDIAN,0.0,9.0,
2016-07-01,0.0,0.0,0.0,2,1.137707865834236,1.0,FINBERT_ALPHA_GUARDIAN,0.0,2.0,
2016-07-02,-0.8124048113822937,0.0,1.0,1,0.5930555123090744,1.0,FINBERT_ALPHA_GUARDIAN,0.0,1.0,
2016-07-04,0.0,0.0,0.0,1,0.5847659978270531,1.0,FINBERT_ALPHA_GUARDIAN,0.0,1.0,
2016-07-05,0.2414784208015941,0.2692809117070555,0.0,4,2.5975372941792005,1.0,FINBERT_ALPHA_GUARDIAN,0.0,4.0,
2016-07-06,-0.5714447427966254,0.0,0.5914451457499473,2,1.327298696488142,1.0,FINBERT_ALPHA_GUARDIAN,0.0,2.0,
2016-07-07,0.0,0.0,0.0,4,2.42939666479826,1.0,FINBERT_ALPHA_GUARDIAN,0.0,4.0,
2016-07-08,0.7482426059816492,1.0,0.0,2,1.1155005262792108,1.0,FINBERT_ALPHA_GUARDIAN,0.0,2.0,
2016-07-11,0.5628249312364222,0.6162641788754171,0.0,5,3.3019747494161127,1.0,FINBERT_ALPHA_GUARDIAN,0.0,5.0,
2016-07-12,-0.3703556333959596,0.0,0.4869199715459349,4,2.178729121237993,1.0,FINBERT_ALPHA_GUARDIAN,0.0,4.0,
2016-07-13,-0.5944045240046981,0.0,0.6320020798720035,2,1.1793544824421407,1.0,FINBERT_ALPHA_GUARDIAN,0.0,2.0,
2016-07-14,-0.3564531260953529,0.0,0.4036622460715125,5,3.144512409120798,1.0,FINBERT_ALPHA_GUARDIAN,0.0,5.0,
2016-07-15,-0.97404807806015,0.0,1.0,1,0.7914140634238719,1.0,FINBERT_ALPHA_GUARDIAN,0.0,1.0,
2016-07-16,0.0,0.0,0.0,1,0.6596037590503692,1.0,FINBERT_ALPHA_GUARDIAN,0.0,1.0,
2016-07-18,-0.5044614657101566,0.0,0.5170688377170096,4,2.849102119356394,1.0,FINBERT_ALPHA_GUARDIAN,0.0,4.0,
2016-07-19,-0.3734768078210752,0.1002397594911776,0.455865116053175,5,2.844517882764339,1.0,FINBERT_ALPHA_GUARDIAN,0.0,5.0,
2016-07-20,0.3201869505129326,0.4610047857688673,0.1512342443870536,5,3.484348192214966,1.0,FINBERT_ALPHA_GUARDIAN,0.0,5.0,
2016-07-21,0.0,0.0,0.0,1,0.624745776951313,1.0,FINBERT_ALPHA_GUARDIAN,0.0,1.0,
2016-07-22,-0.4988926702855636,0.0,0.5349412156924932,4,2.5438622894883154,1.0,FINBERT_ALPHA_GUARDIAN,0.0,4.0,
2016-07-23,-0.9454113245010376,0.0,1.0,1,0.7374208331108092,1.0,FINBERT_ALPHA_GUARDIAN,0.0,1.0,
2016-07-24,0.0,0.0,0.0,3,2.0209174650907515,1.0,FINBERT_ALPHA_GUARDIAN,0.0,3.0,
2016-07-25,-0.0187980750446949,0.134153323408928,0.1473207955293051,6,3.385507445037365,1.0,FINBERT_ALPHA_GUARDIAN,0.0,6.0,
2016-07-26,-0.6459818876471918,0.0,0.7288741235690515,4,2.650071899294853,1.0,FINBERT_ALPHA_GUARDIAN,0.0,4.0,
2016-07-27,-0.4025252655721298,0.0,0.5982163393269242,3,1.5821962206065654,1.0,FINBERT_ALPHA_GUARDIAN,0.0,3.0,
2016-07-28,-0.0114366326945015,0.3067260414885115,0.3071741152531905,4,2.5632891352474685,1.0,FINBERT_ALPHA_GUARDIAN,0.0,4.0,
2016-07-29,-0.5610468388773036,0.0,0.5772802836655632,4,2.470595718473196,1.0,FINBERT_ALPHA_GUARDIAN,0.0,4.0,
2016-07-30,0.0,0.0,0.0,3,2.0012021116912364,1.0,FINBERT_ALPHA_GUARDIAN,0.0,3.0,
2016-07-31,0.6623585820198059,1.0,0.0,1,0.4421243534982204,1.0,FINBERT_ALPHA_GUARDIAN,0.0,1.0,
2016-08-01,0.1490851923846119,0.1924835542445063,0.0,6,3.641630103588104,1.0,FINBERT_ALPHA_GUARDIAN,0.0,6.0,
2016-08-02,-0.40747186194807,0.0,0.4220318617662102,3,2.0017747062444684,1.0,FINBERT_ALPHA_GUARDIAN,0.0,3.0,
2016-08-03,-0.5353399819816496,0.2219755966620583,0.7780244033379419,4,2.498422184288501,1.0,FINBERT_ALPHA_GUARDIAN,0.0,4.0,
2016-08-04,0.0,0.0,0.0,4,2.420334737598896,1.0,FINBERT_ALPHA_GUARDIAN,0.0,4.0,
2016-08-05,-0.1011803144855038,0.0,0.1782484885394118,4,2.3883918274939058,1.0,FINBERT_ALPHA_GUARDIAN,0.0,4.0,
2016-08-06,0.0,0.0,0.0,2,1.2167527849972248,1.0,FINBERT_ALPHA_GUARDIAN,0.0,2.0,
2016-08-07,0.0,0.0,0.0,2,1.2691598926484584,1.0,FINBERT_ALPHA_GUARDIAN,0.0,2.0,
2016-08-09,-0.006320497144579,0.341912927248747,0.3138014256922616,3,1.7363053314387795,1.0,FINBERT_ALPHA_GUARDIAN,0.0,3.0,
2016-08-10,0.0,0.0,0.0,3,1.3541268096864223,1.0,FINBERT_ALPHA_GUARDIAN,0.0,3.0,
2016-08-11,-0.3623408348049853,0.0,0.4550855945845307,4,2.477111250758171,1.0,FINBERT_ALPHA_GUARDIAN,0.0,4.0,
2016-08-12,-0.7530520234335254,0.0,0.797431729508059,3,1.885826979130507,1.0,FINBERT_ALPHA_GUARDIAN,0.0,3.0,
2016-08-13,0.0,0.0,0.0,1,0.5866338756680488,1.0,FINBERT_ALPHA_GUARDIAN,0.0,1.0,
2016-08-14,0.303227355712083,0.3668953566081736,0.0,3,1.785184957832098,1.0,FINBERT_ALPHA_GUARDIAN,0.0,3.0,
2016-08-15,-0.4500330198721015,0.0,0.5083021058571664,2,1.3063568459451198,1.0,FINBERT_ALPHA_GUARDIAN,0.0,2.0,
2016-08-16,0.0,0.0,0.0,3,1.4048193258047104,1.0,FINBERT_ALPHA_GUARDIAN,0.0,3.0,
2016-08-17,-0.5352542424049274,0.0,0.5800477392029634,4,2.524456479400396,1.0,FINBERT_ALPHA_GUARDIAN,0.0,4.0,
2016-08-18,-0.3736481709962007,0.278546831741965,0.7214531682580351,3,1.5059357906877993,1.0,FINBERT_ALPHA_GUARDIAN,0.0,3.0,
2016-08-19,-0.5789700461118212,0.0,0.6308293653580276,2,1.0911728596687316,1.0,FINBERT_ALPHA_GUARDIAN,0.0,2.0,
2016-08-21,0.275947657067833,0.3413601178943979,0.0,3,1.9240861834585663,1.0,FINBERT_ALPHA_GUARDIAN,0.0,3.0,
2016-08-22,-0.2695816523490142,0.0,0.3522703983588378,5,2.920874310433865,1.0,FINBERT_ALPHA_GUARDIAN,0.0,5.0,
2016-08-23,0.4165609904087021,0.5192303235867058,0.0,2,1.2553992687165736,1.0,FINBERT_ALPHA_GUARDIAN,0.0,2.0,
2016-08-24,-0.5164749165850308,0.0,0.5304016616167299,2,1.3768947553634645,1.0,FINBERT_ALPHA_GUARDIAN,0.0,2.0,
2016-08-25,-0.3550772759430638,0.0,0.3698452810141331,3,1.9469014981389048,1.0,FINBERT_ALPHA_GUARDIAN,0.0,3.0,
2016-08-26,-0.2096593877976332,0.0,0.3361250420701989,2,1.2386934587359428,1.0,FINBERT_ALPHA_GUARDIAN,0.0,2.0,
2016-08-28,0.0,0.0,0.0,3,1.9499751511216163,1.0,FINBERT_ALPHA_GUARDIAN,0.0,3.0,
2016-08-30,-0.4823856735278055,0.0,0.5454278734921804,12,7.930455781668425,1.0,FINBERT_ALPHA_GUARDIAN,0.0,12.0,
2016-08-31,-0.4353539327834504,0.122685321014759,0.6090483681452609,9,5.929574349075555,1.0,FINBERT_ALPHA_GUARDIAN,0.0,9.0,
2016-09-01,0.151655174859396,0.4511863718322467,0.2074166249621695,6,3.644528658390045,1.0,FINBERT_ALPHA_GUARDIAN,0.0,6.0,
2016-09-02,-0.3594445006179924,0.0,0.3858714774841528,6,4.168395323604345,1.0,FINBERT_ALPHA_GUARDIAN,0.0,6.0,
2016-09-03,-0.4640643553926167,0.0,0.4895249259851977,2,1.3894742292165754,1.0,FINBERT_ALPHA_GUARDIAN,0.0,2.0,
2016-09-04,-0.3807397347614695,0.0,0.3916082707505782,3,1.93650710478425,1.0,FINBERT_ALPHA_GUARDIAN,0.0,3.0,
2016-09-05,0.0,0.0,0.0,1,0.6951311230659484,1.0,FINBERT_ALPHA_GUARDIAN,0.0,1.0,
2016-09-06,-0.3372266843405692,0.0,0.3659191341578931,3,1.9644740483164784,1.0,FINBERT_ALPHA_GUARDIAN,0.0,3.0,
2016-09-07,-0.1497182106412951,0.0,0.1565970026811622,7,4.7621419878304,1.0,FINBERT_ALPHA_GUARDIAN,0.0,7.0,
2016-09-08,-0.0447314598112041,0.2039890775421851,0.2873940743568899,17,10.557798490524291,1.0,FINBERT_ALPHA_GUARDIAN,0.0,17.0,
2016-09-09,-0.0774749104265389,0.1809724386856442,0.2312554020657468,5,2.388856602758169,1.0,FINBERT_ALPHA_GUARDIAN,0.0,5.0,
2016-09-10,0.0,0.0,0.0,2,1.2856611625850205,1.0,FINBERT_ALPHA_GUARDIAN,0.0,2.0,
2016-09-11,0.5114685482043523,0.6559367919165014,0.0,3,1.6654972860217092,1.0,FINBERT_ALPHA_GUARDIAN,0.0,3.0,
2016-09-12,-0.6877670937944921,0.0,0.7215920020453851,3,1.8721571914851665,1.0,FINBERT_ALPHA_GUARDIAN,0.0,3.0,
2016-09-13,-0.0360061411063362,0.1693180172592786,0.1889163940699814,6,4.000219083428383,1.0,FINBERT_ALPHA_GUARDIAN,0.0,6.0,
2016-09-14,0.0,0.0,0.0,3,1.7717399266362188,1.0,FINBERT_ALPHA_GUARDIAN,0.0,3.0,
2016-09-15,-0.4011073921170068,0.2054934216714048,0.6094139491750821,5,3.270970996022224,1.0,FINBERT_ALPHA_GUARDIAN,0.0,5.0,
2016-09-16,-0.9452244639396666,0.0,1.0,1,0.6781985528767108,1.0,FINBERT_ALPHA_GUARDIAN,0.0,1.0,
2016-09-17,-0.9698081612586976,0.0,1.0,1,0.756450365781784,1.0,FINBERT_ALPHA_GUARDIAN,0.0,1.0,
2016-09-18,-0.3231158716966075,0.0,0.3432770680194733,3,1.8302902959287164,1.0,FINBERT_ALPHA_GUARDIAN,0.0,3.0,
2016-09-19,-0.1620417126949971,0.0,0.2942357444395522,3,1.7547176310420034,1.0,FINBERT_ALPHA_GUARDIAN,0.0,3.0,
2016-09-20,-0.2247373483239546,0.0,0.2929171945720719,4,2.370468013882637,1.0,FINBERT_ALPHA_GUARDIAN,0.0,4.0,
2016-09-21,-0.2541414863252446,0.0,0.3495584863749504,8,4.8014131526649,1.0,FINBERT_ALPHA_GUARDIAN,0.0,8.0,
2016-09-22,-0.0112391268384172,0.1389982245542931,0.1377935984046272,6,3.010052037015557,1.0,FINBERT_ALPHA_GUARDIAN,0.0,6.0,
2016-09-23,0.1469878792054182,0.4944056675321156,0.2727729153214698,4,2.648805097490549,1.0,FINBERT_ALPHA_GUARDIAN,0.0,4.0,
2016-09-25,0.0,0.0,0.0,2,1.3699979111552238,1.0,FINBERT_ALPHA_GUARDIAN,0.0,2.0,
2016-09-26,-0.2437637840789809,0.0,0.2757934455103722,7,4.50357309103012,1.0,FINBERT_ALPHA_GUARDIAN,0.0,7.0,
2016-09-27,-0.8964530825614929,0.0,1.0,1,0.6723398119211197,1.0,FINBERT_ALPHA_GUARDIAN,0.0,1.0,
2016-09-28,-0.0926453803165113,0.2685573507561808,0.353500552997334,6,3.655106205046176,1.0,FINBERT_ALPHA_GUARDIAN,0.0,6.0,
2016-09-29,0.0,0.0,0.0,2,0.9332180759310722,1.0,FINBERT_ALPHA_GUARDIAN,0.0,2.0,
2016-09-30,0.007092793519175,0.2668999022284885,0.2594748923499466,4,2.5776270888745785,1.0,FINBERT_ALPHA_GUARDIAN,0.0,4.0,
2016-10-01,0.0,0.0,0.0,2,1.0599164535105228,1.0,FINBERT_ALPHA_GUARDIAN,0.0,2.0,
2016-10-02,0.0,0.0,0.0,3,1.9341179609298704,1.0,FINBERT_ALPHA_GUARDIAN,0.0,3.0,
2016-10-03,0.0789279875268947,0.299723868288985,0.1736683108154841,6,3.3052394714951507,1.0,FINBERT_ALPHA_GUARDIAN,0.0,6.0,
2016-10-04,0.0,0.0,0.0,4,2.5490410907566545,1.0,FINBERT_ALPHA_GUARDIAN,0.0,4.0,
2016-10-05,0.2030421661260996,0.2544503670338063,0.0,4,2.35202177464962,1.0,FINBERT_ALPHA_GUARDIAN,0.0,4.0,
2016-10-07,-0.0729631526235467,0.3380655986458675,0.3851315550288137,3,1.896056828796864,1.0,FINBERT_ALPHA_GUARDIAN,0.0,3.0,
2016-10-08,0.1992972504312804,0.2845099419222687,0.0,3,1.797336000204086,1.0,FINBERT_ALPHA_GUARDIAN,0.0,3.0,
2016-10-09,-0.5877850051125669,0.0,0.6940273410412447,3,1.7914746294915678,1.0,FINBERT_ALPHA_GUARDIAN,0.0,3.0,
2016-10-10,-0.0718122400080609,0.3497925669939273,0.4025648625222506,3,2.0235021024942395,1.0,FINBERT_ALPHA_GUARDIAN,0.0,3.0,
2016-10-11,-0.4856739938661904,0.0,0.5240357389491233,6,4.131109280735254,1.0,FINBERT_ALPHA_GUARDIAN,0.0,6.0,
2016-10-12,0.0,0.0,0.0,2,1.26939901009202,1.0,FINBERT_ALPHA_GUARDIAN,0.0,2.0,
2016-10-13,-0.2861393867858744,0.0,0.3466845313210706,6,3.1183100947737694,1.0,FINBERT_ALPHA_GUARDIAN,0.0,6.0,
2016-10-14,0.2991530866030908,0.4618509248470583,0.0,4,2.055440150499344,1.0,FINBERT_ALPHA_GUARDIAN,0.0,4.0,
2016-10-15,-0.8063992857933044,0.0,1.0,1,0.5886714786291122,1.0,FINBERT_ALPHA_GUARDIAN,0.0,1.0,
2016-10-16,-0.3674514456371076,0.0,0.3829774106625035,3,1.8288433328270912,1.0,FINBERT_ALPHA_GUARDIAN,0.0,3.0,
2016-10-17,0.0,0.0,0.0,4,2.332435937970877,1.0,FINBERT_ALPHA_GUARDIAN,0.0,4.0,
2016-10-18,-0.2697292921525537,0.0,0.279405332123163,4,2.591313731223345,1.0,FINBERT_ALPHA_GUARDIAN,0.0,4.0,
2016-10-19,-0.5664503730149378,0.0,0.6697302261499168,6,3.710275248289108,1.0,FINBERT_ALPHA_GUARDIAN,0.0,6.0,
2016-10-20,0.1277726661569204,0.2254826476258608,0.0,3,1.6775017261505123,1.0,FINBERT_ALPHA_GUARDIAN,0.0,3.0,
2016-10-21,-0.163221242596449,0.0,0.2585315806246402,4,1.7826756693422794,1.0,FINBERT_ALPHA_GUARDIAN,0.0,4.0,
2016-10-22,-0.3101788818167545,0.0,0.4364151423161477,2,1.168515586256981,1.0,FINBERT_ALPHA_GUARDIAN,0.0,2.0,
2016-10-23,0.0,0.0,0.0,1,0.6196784718334674,1.0,FINBERT_ALPHA_GUARDIAN,0.0,1.0,
2016-10-24,0.1665761506719902,0.4123365555683208,0.1950357280414258,5,3.3159458042681216,1.0,FINBERT_ALPHA_GUARDIAN,0.0,5.0,
2016-10-25,0.0,0.0,0.0,4,2.4556447729468345,1.0,FINBERT_ALPHA_GUARDIAN,0.0,4.0,
2016-10-26,-0.4002656959797989,0.0,0.4815369785083237,7,3.7687877987325193,1.0,FINBERT_ALPHA_GUARDIAN,0.0,7.0,
2016-10-27,-0.4903299599647896,0.0,0.5066148662301205,4,2.7651816503703595,1.0,FINBERT_ALPHA_GUARDIAN,0.0,4.0,
2016-10-28,-0.0055348373514041,0.1721973794622691,0.1598312642693678,7,4.260336814373732,1.0,FINBERT_ALPHA_GUARDIAN,0.0,7.0,
2016-10-30,0.088511947314963,0.1378668710414496,0.0,6,3.3994207215309147,1.0,FINBERT_ALPHA_GUARDIAN,0.0,6.0,
2016-11-01,-0.2138251494395159,0.0,0.2434196634917694,4,2.7065043671429154,1.0,FINBERT_ALPHA_GUARDIAN,0.0,4.0,
2016-11-02,0.0,0.0,0.0,4,2.2993357814848423,1.0,FINBERT_ALPHA_GUARDIAN,0.0,4.0,
2016-11-03,0.0,0.0,0.0,2,1.0813256143033505,1.0,FINBERT_ALPHA_GUARDIAN,0.0,2.0,
2016-11-04,-0.5310405087466503,0.0,0.5615833969539795,2,1.3681146761775018,1.0,FINBERT_ALPHA_GUARDIAN,0.0,2.0,
2016-11-06,-0.4283239687154219,0.0,0.5017782855090672,2,1.2205921056866644,1.0,FINBERT_ALPHA_GUARDIAN,0.0,2.0,
2016-11-07,-0.0892908285703549,0.225476871506337,0.3656421178842956,5,3.3858520904183385,1.0,FINBERT_ALPHA_GUARDIAN,0.0,5.0,
2016-11-08,0.1398245179262127,0.2340962242995048,0.1289126913835336,5,2.902642667740583,1.0,FINBERT_ALPHA_GUARDIAN,0.0,5.0,
2016-11-09,0.1656386822154137,0.2114358677977121,0.0,5,2.7788538417220114,1.0,FINBERT_ALPHA_GUARDIAN,0.0,5.0,
2016-11-10,-0.0117380892767314,0.23589359843608,0.2442102542983631,9,5.536358582675456,1.0,FINBERT_ALPHA_GUARDIAN,0.0,9.0,
2016-11-11,-0.2894658163414645,0.0,0.4588899816331007,4,2.0637275518476965,1.0,FINBERT_ALPHA_GUARDIAN,0.0,4.0,
2016-11-12,0.0,0.0,0.0,3,1.828341995179653,1.0,FINBERT_ALPHA_GUARDIAN,0.0,3.0,
2016-11-13,0.5041295289993286,1.0,0.0,1,0.3365064606070518,1.0,FINBERT_ALPHA_GUARDIAN,0.0,1.0,
2016-11-14,-0.6240928091554332,0.0,0.6453524699082162,2,1.2175269839167593,1.0,FINBERT_ALPHA_GUARDIAN,0.0,2.0,
2016-11-15,-0.1488314992540489,0.1741222327755798,0.3462558010731257,6,3.624390996843577,1.0,FINBERT_ALPHA_GUARDIAN,0.0,6.0,
2016-11-16,-0.5426052551581905,0.0,0.5885180937643366,4,2.3968657137453557,1.0,FINBERT_ALPHA_GUARDIAN,0.0,4.0,
2016-11-17,0.1757803165401512,0.2745672519930316,0.0,3,1.5564100915193555,1.0,FINBERT_ALPHA_GUARDIAN,0.0,3.0,
2016-11-18,0.1261301275754827,0.229033459595506,0.149828168728013,5,3.0642620599269863,1.0,FINBERT_ALPHA_GUARDIAN,0.0,5.0,
2016-11-19,0.0,0.0,0.0,3,1.928167830556631,1.0,FINBERT_ALPHA_GUARDIAN,0.0,3.0,
2016-11-21,0.2227926847538462,0.2503321995576194,0.0,5,2.6664212372899057,1.0,FINBERT_ALPHA_GUARDIAN,0.0,5.0,
2016-11-22,-0.3983946852252185,0.0,0.4934667690657759,4,2.397701315432787,1.0,FINBERT_ALPHA_GUARDIAN,0.0,4.0,
2016-11-23,-0.0920523977477508,0.1601229760248657,0.2079811826245652,5,3.379010456204414,1.0,FINBERT_ALPHA_GUARDIAN,0.0,5.0,
2016-11-24,0.124831027884408,0.2284398240907461,0.0,3,1.5967252109944818,1.0,FINBERT_ALPHA_GUARDIAN,0.0,3.0,
2016-11-25,0.356378274861263,0.3946184430499964,0.0,3,1.785052798986435,1.0,FINBERT_ALPHA_GUARDIAN,0.0,3.0,
2016-11-26,0.0,0.0,0.0,2,1.3420937950909138,1.0,FINBERT_ALPHA_GUARDIAN,0.0,2.0,
2016-11-27,0.0,0.0,0.0,1,0.5569570255279541,1.0,FINBERT_ALPHA_GUARDIAN,0.0,1.0,
2016-11-28,0.1722268320138877,0.247440485276107,0.0,4,2.053440653383732,1.0,FINBERT_ALPHA_GUARDIAN,0.0,4.0,
2016-11-29,0.0,0.0,0.0,2,1.2499332866072654,1.0,FINBERT_ALPHA_GUARDIAN,0.0,2.0,
2016-11-30,-0.5440359464475284,0.0,0.5705226918611312,2,1.324588626474142,1.0,FINBERT_ALPHA_GUARDIAN,0.0,2.0,
2016-12-01,0.0,0.0,0.0,3,1.6679918339848516,1.0,FINBERT_ALPHA_GUARDIAN,0.0,3.0,
2016-12-02,-0.0298861786599383,0.2582751533143997,0.3966082545224234,4,1.8970749735832213,1.0,FINBERT_ALPHA_GUARDIAN,0.0,4.0,
2016-12-03,-0.3222660924374507,0.0,0.3552592509414369,3,1.864003320932388,1.0,FINBERT_ALPHA_GUARDIAN,0.0,3.0,
2016-12-04,-0.1257049816660526,0.0,0.1835642382848202,4,2.4901620264351365,1.0,FINBERT_ALPHA_GUARDIAN,0.0,4.0,
2016-12-05,-0.1380824329269734,0.0,0.2399138705426456,3,1.7992395097017289,1.0,FINBERT_ALPHA_GUARDIAN,0.0,3.0,
2016-12-06,0.3349264335407476,0.3525541228733231,0.0,3,2.1018050538003443,1.0,FINBERT_ALPHA_GUARDIAN,0.0,3.0,
2016-12-07,0.067662239074707,0.5324504728825482,0.4675495271174518,2,0.6958996367454529,1.0,FINBERT_ALPHA_GUARDIAN,0.0,2.0,
2016-12-08,-0.2159310926064263,0.2413556558683987,0.3757971187509022,3,1.8121550746262072,1.0,FINBERT_ALPHA_GUARDIAN,0.0,3.0,
2016-12-09,-0.2382564630291541,0.0,0.2467078136607136,5,3.1805501721799376,1.0,FINBERT_ALPHA_GUARDIAN,0.0,5.0,
2016-12-10,0.0,0.0,0.0,3,2.0964156053960323,1.0,FINBERT_ALPHA_GUARDIAN,0.0,3.0,
2016-12-11,0.0,0.0,0.0,1,0.6169787187874316,1.0,FINBERT_ALPHA_GUARDIAN,0.0,1.0,
2016-12-12,-0.5226906004272688,0.0,0.5837763337660404,2,1.0237713947892189,1.0,FINBERT_ALPHA_GUARDIAN,0.0,2.0,
2016-12-13,-0.4680759158344595,0.0,0.5415318983678865,2,1.2968554712831972,1.0,FINBERT_ALPHA_GUARDIAN,0.0,2.0,
2016-12-14,0.0704482659236733,0.1680956407175484,0.1174269741158149,7,4.8204657854139805,1.0,FINBERT_ALPHA_GUARDIAN,0.0,7.0,
2016-12-15,0.0,0.0,0.0,1,0.4997903630137443,1.0,FINBERT_ALPHA_GUARDIAN,0.0,1.0,
2016-12-16,-0.0504321885881167,0.3719967984131521,0.2811372624015149,4,2.0284253630042075,1.0,FINBERT_ALPHA_GUARDIAN,0.0,4.0,
2016-12-17,-0.9053280092275784,0.0,1.0,3,1.9463423553109167,1.0,FINBERT_ALPHA_GUARDIAN,0.0,3.0,
2016-12-18,-0.2385891478367927,0.0,0.2940942987007768,6,3.71505897372961,1.0,FINBERT_ALPHA_GUARDIAN,0.0,6.0,
2016-12-19,0.216228131913729,0.4922411588206904,0.258696101738851,4,2.774576322138309,1.0,FINBERT_ALPHA_GUARDIAN,0.0,4.0,
2016-12-20,0.5889027461623433,1.0,0.0,2,0.89132059648633,1.0,FINBERT_ALPHA_GUARDIAN,0.0,2.0,
2016-12-21,-0.7847085135434885,0.0,1.0,2,1.1385464073717593,1.0,FINBERT_ALPHA_GUARDIAN,0.0,2.0,
2016-12-22,0.0043914398663038,0.2866940047488752,0.2726653432764888,4,2.498600604832172,1.0,FINBERT_ALPHA_GUARDIAN,0.0,4.0,
2016-12-23,-0.0702276997421796,0.0,0.113155411209357,7,3.9353167553246022,1.0,FINBERT_ALPHA_GUARDIAN,0.0,7.0,
2016-12-24,0.0,0.0,0.0,1,0.6276421946287155,1.0,FINBERT_ALPHA_GUARDIAN,0.0,1.0,
2016-12-25,0.0,0.0,0.0,1,0.5578163015842437,1.0,FINBERT_ALPHA_GUARDIAN,0.0,1.0,
2016-12-26,0.0,0.0,0.0,2,1.3802271312475205,1.0,FINBERT_ALPHA_GUARDIAN,0.0,2.0,
2016-12-28,0.2778100137389628,0.3935854130847334,0.0,2,1.3450275206565858,1.0,FINBERT_ALPHA_GUARDIAN,0.0,2.0,
2016-12-29,-0.3475098649283152,0.0,0.5564169481431132,2,0.8755098581314087,1.0,FINBERT_ALPHA_GUARDIAN,0.0,2.0,
2016-12-30,-0.4210260046429816,0.0,0.5100394319555731,2,1.161243562549353,1.0,FINBERT_ALPHA_GUARDIAN,0.0,2.0,
2017-01-01,0.0,0.0,0.0,5,3.1457633133232594,1.0,FINBERT_ALPHA_GUARDIAN,0.0,5.0,
2017-01-02,-0.6448742747306824,0.0,1.0,1,0.4304535783827304,1.0,FINBERT_ALPHA_GUARDIAN,0.0,1.0,
2017-01-03,0.0678047057631292,0.3570509493494426,0.3244428265695253,3,1.9357423321902756,1.0,FINBERT_ALPHA_GUARDIAN,0.0,3.0,
2017-01-04,0.0,0.0,0.0,4,2.543169390112161,1.0,FINBERT_ALPHA_GUARDIAN,0.0,4.0,
2017-01-05,0.218428808679066,0.4268287774764399,0.1947824826548203,5,3.2966584028303623,1.0,FINBERT_ALPHA_GUARDIAN,0.0,5.0,
2017-01-06,-0.1759263296228531,0.3117091418413228,0.4294667638753328,3,1.5920354801416396,1.0,FINBERT_ALPHA_GUARDIAN,0.0,3.0,
2017-01-07,0.244966907376827,0.3050119907048402,0.0,3,1.7576195067167282,1.0,FINBERT_ALPHA_GUARDIAN,0.0,3.0,
2017-01-08,-0.4167407479887342,0.0,0.4864270068639005,2,1.2637248151004312,1.0,FINBERT_ALPHA_GUARDIAN,0.0,2.0,
2017-01-09,-0.3428341587629404,0.3811479554620088,0.6188520445379913,2,1.275020501613617,1.0,FINBERT_ALPHA_GUARDIAN,0.0,2.0,
2017-01-10,-0.2339862986634364,0.4280852654615319,0.5719147345384681,4,2.392822880372405,1.0,FINBERT_ALPHA_GUARDIAN,0.0,4.0,
2017-01-11,-0.2773963506500249,0.0,0.3163766503921931,3,1.9884459997713568,1.0,FINBERT_ALPHA_GUARDIAN,0.0,3.0,
2017-01-12,-0.581981684033016,0.0,0.650794301188063,5,3.233682168275118,1.0,FINBERT_ALPHA_GUARDIAN,0.0,5.0,
2017-01-13,0.3489092961574683,0.4991705507719825,0.0,2,1.0502093797922134,1.0,FINBERT_ALPHA_GUARDIAN,0.0,2.0,
2017-01-14,0.0,0.0,0.0,1,0.5245155188441276,1.0,FINBERT_ALPHA_GUARDIAN,0.0,1.0,
2017-01-15,0.0,0.0,0.0,3,1.9628696309030056,1.0,FINBERT_ALPHA_GUARDIAN,0.0,3.0,
2017-01-16,0.0,0.0,0.0,1,0.3634746961295604,1.0,FINBERT_ALPHA_GUARDIAN,0.0,1.0,
2017-01-17,0.0,0.0,0.0,3,1.818801288753748,1.0,FINBERT_ALPHA_GUARDIAN,0.0,3.0,
2017-01-18,0.0,0.0,0.0,3,1.545765873938799,1.0,FINBERT_ALPHA_GUARDIAN,0.0,3.0,
2017-01-19,-0.3220872594879778,0.0,0.3563283199075619,3,1.9786431166529652,1.0,FINBERT_ALPHA_GUARDIAN,0.0,3.0,
2017-01-20,0.0,0.0,0.0,2,1.2655149985849858,1.0,FINBERT_ALPHA_GUARDIAN,0.0,2.0,
2017-01-21,0.0,0.0,0.0,3,1.7108731432259083,1.0,FINBERT_ALPHA_GUARDIAN,0.0,3.0,
2017-01-22,-0.3624078976154586,0.0,0.4320146046366064,3,1.7573140242695808,1.0,FINBERT_ALPHA_GUARDIAN,0.0,3.0,
2017-01-23,-0.0995510172083472,0.0,0.220320691111911,3,1.5381418721377849,1.0,FINBERT_ALPHA_GUARDIAN,0.0,3.0,
2017-01-24,-0.5140564793675209,0.0,0.5766707334646342,7,4.442930165231228,1.0,FINBERT_ALPHA_GUARDIAN,0.0,7.0,
2017-01-25,0.3331017304635237,0.4438176472330616,0.0,4,2.358747768551112,1.0,FINBERT_ALPHA_GUARDIAN,0.0,4.0,
2017-01-26,-0.2241413134583912,0.0,0.3754961330616055,2,1.2916187603771687,1.0,FINBERT_ALPHA_GUARDIAN,0.0,2.0,
2017-01-27,-0.5504767656849395,0.0,0.5649031428786152,2,1.2937556952238085,1.0,FINBERT_ALPHA_GUARDIAN,0.0,2.0,
2017-01-28,0.0538056082232974,0.4303992151392111,0.3848679841097082,3,1.7952064677327868,1.0,FINBERT_ALPHA_GUARDIAN,0.0,3.0,
2017-01-29,0.0,0.0,0.0,2,1.184631463289261,1.0,FINBERT_ALPHA_GUARDIAN,0.0,2.0,
2017-01-30,-0.4185485264651574,0.3039322280912394,0.6960677719087606,3,2.0027114433050155,1.0,FINBERT_ALPHA_GUARDIAN,0.0,3.0,
2017-01-31,-0.3278410488760189,0.0,0.4115674160026509,5,2.7194101057946685,1.0,FINBERT_ALPHA_GUARDIAN,0.0,5.0,
2017-02-01,-0.9535397887229922,0.0,1.0,1,0.6364878089725972,1.0,FINBERT_ALPHA_GUARDIAN,0.0,1.0,
2017-02-02,0.1851208260151649,0.2404214832886386,0.0,4,2.2978974352777004,1.0,FINBERT_ALPHA_GUARDIAN,0.0,4.0,
2017-02-03,0.2809454943529996,0.423236758774039,0.0,2,1.17629587829113,1.0,FINBERT_ALPHA_GUARDIAN,0.0,2.0,
2017-02-05,0.0,0.0,0.0,1,0.5555114386975765,1.0,FINBERT_ALPHA_GUARDIAN,0.0,1.0,
2017-02-06,-0.5447773313816568,0.0,0.668643727250625,6,3.823571667820215,1.0,FINBERT_ALPHA_GUARDIAN,0.0,6.0,
2017-02-07,-0.8380491414623533,0.0,1.0,3,1.7868956941366196,1.0,FINBERT_ALPHA_GUARDIAN,0.0,3.0,
2017-02-08,-0.9448016006451718,0.0,1.0,2,1.3863052837550638,1.0,FINBERT_ALPHA_GUARDIAN,0.0,2.0,
2017-02-09,-0.1329460721105894,0.1704902993997195,0.2639389573690588,4,2.5052351877093315,1.0,FINBERT_ALPHA_GUARDIAN,0.0,4.0,
2017-02-10,-0.5340988058833762,0.0,0.5578320131070126,2,1.3945629033446312,1.0,FINBERT_ALPHA_GUARDIAN,0.0,2.0,
2017-02-11,-0.831538200378418,0.0,1.0,1,0.648599796295166,1.0,FINBERT_ALPHA_GUARDIAN,0.0,1.0,
2017-02-12,0.0,0.0,0.0,2,1.2879288648068905,1.0,FINBERT_ALPHA_GUARDIAN,0.0,2.0,
2017-02-13,0.3818118525563749,0.6232201808233276,0.1859339855412566,4,2.064184849262237,1.0,FINBERT_ALPHA_GUARDIAN,0.0,4.0,
2017-02-14,0.327129779418881,0.4609782613438935,0.0,2,1.3469989050924778,1.0,FINBERT_ALPHA_GUARDIAN,0.0,2.0,
2017-02-15,-0.5126583400421802,0.0,0.5279993935506024,2,1.4941168005764485,1.0,FINBERT_ALPHA_GUARDIAN,0.0,2.0,
2017-02-16,0.3310886147823972,0.3531587641524342,0.0,4,2.4024416548013683,1.0,FINBERT_ALPHA_GUARDIAN,0.0,4.0,
2017-02-17,0.4367034396715962,0.4822602486470226,0.0,2,1.4082668119668955,1.0,FINBERT_ALPHA_GUARDIAN,0.0,2.0,
2017-02-18,0.0,0.0,0.0,3,1.6517469938099385,1.0,FINBERT_ALPHA_GUARDIAN,0.0,3.0,
2017-02-19,0.2620772575440639,0.2881737637768386,0.0,4,2.303792277127504,1.0,FINBERT_ALPHA_GUARDIAN,0.0,4.0,
2017-02-20,-0.7103538137874693,0.0,1.0,2,1.054048637151718,1.0,FINBERT_ALPHA_GUARDIAN,0.0,2.0,
2017-02-21,-0.3757550563549277,0.0,0.484204312152354,6,3.5947335408627983,1.0,FINBERT_ALPHA_GUARDIAN,0.0,6.0,
2017-02-22,0.1173664691146216,0.3728154982747089,0.2852811745974299,3,1.4492967157065868,1.0,FINBERT_ALPHA_GUARDIAN,0.0,3.0,
2017-02-23,-0.244684288380687,0.0,0.4483436194087933,2,0.949464429616928,1.0,FINBERT_ALPHA_GUARDIAN,0.0,2.0,
2017-02-24,-0.4006381389681817,0.2418887957564758,0.7581112042435241,3,1.3530365847796202,1.0,FINBERT_ALPHA_GUARDIAN,0.0,3.0,
2017-02-25,-0.3676776993647671,0.0,0.3945265592032577,3,1.5767617274820802,1.0,FINBERT_ALPHA_GUARDIAN,0.0,3.0,
2017-02-26,-0.3534564887449926,0.0,0.3949147541340111,3,1.7677621981501577,1.0,FINBERT_ALPHA_GUARDIAN,0.0,3.0,
2017-02-27,-0.3977824268645799,0.0,0.4747183872724168,4,2.4023550646007057,1.0,FINBERT_ALPHA_GUARDIAN,0.0,4.0,
2017-02-28,-0.4888782775599765,0.0,0.5183197387054254,2,1.478524802327156,1.0,FINBERT_ALPHA_GUARDIAN,0.0,2.0,
2017-03-01,-0.3830111870069598,0.145726374909376,0.4985750760408466,5,2.548117418885231,1.0,FINBERT_ALPHA_GUARDIAN,0.0,5.0,
2017-03-02,0.759499192237854,1.0,0.0,1,0.5696243941783905,1.0,FINBERT_ALPHA_GUARDIAN,0.0,1.0,
2017-03-03,-0.4852853406290997,0.0,0.5395631255720517,4,2.53995000064373,1.0,FINBERT_ALPHA_GUARDIAN,0.0,4.0,
2017-03-04,0.0,0.0,0.0,1,0.6582370984554291,1.0,FINBERT_ALPHA_GUARDIAN,0.0,1.0,
2017-03-06,0.5610070326659091,0.6053793573999459,0.0,2,1.0983354340493676,1.0,FINBERT_ALPHA_GUARDIAN,0.0,2.0,
2017-03-07,-0.068910119048391,0.4681637003435118,0.5318362996564882,2,1.4392230431735515,1.0,FINBERT_ALPHA_GUARDIAN,0.0,2.0,
2017-03-08,0.0,0.0,0.0,2,0.9872917617857456,1.0,FINBERT_ALPHA_GUARDIAN,0.0,2.0,
2017-03-09,-0.3975074155783133,0.0,0.4814748893865648,4,2.427278510928154,1.0,FINBERT_ALPHA_GUARDIAN,0.0,4.0,
2017-03-10,-0.1059880658629501,0.3081808471234488,0.4623775900865787,4,2.6863026171922684,1.0,FINBERT_ALPHA_GUARDIAN,0.0,4.0,
2017-03-11,0.0011696368657313,0.3500791102027393,0.3522147083083188,3,1.99680049225688,1.0,FINBERT_ALPHA_GUARDIAN,0.0,3.0,
2017-03-12,0.0,0.0,0.0,1,0.6670005100965499,1.0,FINBERT_ALPHA_GUARDIAN,0.0,1.0,
2017-03-13,0.0,0.0,0.0,1,0.5952319702506065,1.0,FINBERT_ALPHA_GUARDIAN,0.0,1.0,
2017-03-14,-0.1964826578294676,0.0,0.4063904651123656,2,0.9279654508829116,1.0,FINBERT_ALPHA_GUARDIAN,0.0,2.0,
2017-03-15,0.4076446514807105,0.4536143916955738,0.0,3,1.9811077587306496,1.0,FINBERT_ALPHA_GUARDIAN,0.0,3.0,
2017-03-17,-0.7473974550199459,0.0,1.0,3,1.5227615149319171,1.0,FINBERT_ALPHA_GUARDIAN,0.0,3.0,
2017-03-18,0.0,0.0,0.0,1,0.2638184922933578,1.0,FINBERT_ALPHA_GUARDIAN,0.0,1.0,
2017-03-19,0.0,0.0,0.0,1,0.6033495680987834,1.0,FINBERT_ALPHA_GUARDIAN,0.0,1.0,
2017-03-20,0.6206020712852478,1.0,0.0,1,0.4654515534639358,1.0,FINBERT_ALPHA_GUARDIAN,0.0,1.0,
2017-03-21,0.4894193355235996,0.6260333173355164,0.0,3,1.7517512941360474,1.0,FINBERT_ALPHA_GUARDIAN,0.0,3.0,
2017-03-22,-0.6864658056759713,0.0,0.7221150602378038,3,1.948156175017357,1.0,FINBERT_ALPHA_GUARDIAN,0.0,3.0,
2017-03-23,-0.1193983535030848,0.2035666066362798,0.3517615693786122,6,3.7771093219518654,1.0,FINBERT_ALPHA_GUARDIAN,0.0,6.0,
2017-03-24,-0.5148318607093372,0.0,0.539445627552544,2,1.437452262341976,1.0,FINBERT_ALPHA_GUARDIAN,0.0,2.0,
2017-03-26,0.0,0.0,0.0,2,1.1962451241910457,1.0,FINBERT_ALPHA_GUARDIAN,0.0,2.0,
2017-03-27,-0.6053410010035724,0.0,0.6265995850999633,2,1.2526889723539352,1.0,FINBERT_ALPHA_GUARDIAN,0.0,2.0,
2017-03-28,-0.2358182431830467,0.0,0.2860918476817939,4,2.2472999243438245,1.0,FINBERT_ALPHA_GUARDIAN,0.0,4.0,
2017-03-29,-0.3140759618482016,0.252344001083268,0.5762410267839739,4,2.622480639964342,1.0,FINBERT_ALPHA_GUARDIAN,0.0,4.0,
2017-03-30,0.0,0.0,0.0,3,1.689483232498169,1.0,FINBERT_ALPHA_GUARDIAN,0.0,3.0,
2017-03-31,-0.5231850209275812,0.0,0.5541145665782753,2,1.3844572086632252,1.0,FINBERT_ALPHA_GUARDIAN,0.0,2.0,
2017-04-02,0.0,0.0,0.0,2,1.2818990015983582,1.0,FINBERT_ALPHA_GUARDIAN,0.0,2.0,
2017-04-03,-0.6676065585952631,0.0,0.7578086010446463,3,1.8653480322659013,1.0,FINBERT_ALPHA_GUARDIAN,0.0,3.0,
2017-04-04,-0.2456967853289377,0.0,0.2654558136145395,5,2.832946427166462,1.0,FINBERT_ALPHA_GUARDIAN,0.0,5.0,
2017-04-05,-0.8230772570974959,0.0,1.0,2,1.1765572589635849,1.0,FINBERT_ALPHA_GUARDIAN,0.0,2.0,
2017-04-06,-0.8577156617906665,0.0,1.0,2,1.4053417721390722,1.0,FINBERT_ALPHA_GUARDIAN,0.0,2.0,
2017-04-07,-0.532101495378978,0.2206226351837698,0.7793773648162302,4,2.2474376762658355,1.0,FINBERT_ALPHA_GUARDIAN,0.0,4.0,
2017-04-09,0.447581216574695,0.596677934723059,0.0,2,0.9020150882005692,1.0,FINBERT_ALPHA_GUARDIAN,0.0,2.0,
2017-04-10,-0.8345126509666443,0.0,1.0,1,0.6091942352056503,1.0,FINBERT_ALPHA_GUARDIAN,0.0,1.0,
2017-04-12,-0.140620862043407,0.2047131108318191,0.3893119570977956,5,3.0654205743968483,1.0,FINBERT_ALPHA_GUARDIAN,0.0,5.0,
2017-04-13,0.8113863468170166,1.0,0.0,1,0.659251406788826,1.0,FINBERT_ALPHA_GUARDIAN,0.0,1.0,
2017-04-14,0.0,0.0,0.0,2,1.2139948531985283,1.0,FINBERT_ALPHA_GUARDIAN,0.0,2.0,
2017-04-15,0.0149889588356018,0.504780874964016,0.4952191250359839,2,1.0463701830804348,1.0,FINBERT_ALPHA_GUARDIAN,0.0,2.0,
2017-04-16,0.0,0.0,0.0,2,1.2840309636294842,1.0,FINBERT_ALPHA_GUARDIAN,0.0,2.0,
2017-04-17,0.0,0.0,0.0,3,1.9466691681742667,1.0,FINBERT_ALPHA_GUARDIAN,0.0,3.0,
2017-04-18,0.0,0.0,0.0,4,2.684061278402805,1.0,FINBERT_ALPHA_GUARDIAN,0.0,4.0,
2017-04-19,-0.6824069619178772,0.0,1.0,1,0.4896269951760768,1.0,FINBERT_ALPHA_GUARDIAN,0.0,1.0,
2017-04-20,0.0,0.0,0.0,3,1.6635018709301947,1.0,FINBERT_ALPHA_GUARDIAN,0.0,3.0,
2017-04-21,0.2224930507551177,0.3362709157121091,0.0,3,1.534731618762016,1.0,FINBERT_ALPHA_GUARDIAN,0.0,3.0,
2017-04-22,0.7267959713935852,1.0,0.0,1,0.5669008576869964,1.0,FINBERT_ALPHA_GUARDIAN,0.0,1.0,
2017-04-24,0.2181012893222792,0.4678022756687011,0.3082224878709032,5,2.8322570814192294,1.0,FINBERT_ALPHA_GUARDIAN,0.0,5.0,
2017-04-25,0.1189660013580596,0.4927534812649016,0.2960594894247139,4,2.2237796057760715,1.0,FINBERT_ALPHA_GUARDIAN,0.0,4.0,
2017-04-26,-0.3298334664005226,0.0,0.3616660262644442,3,1.92273369923234,1.0,FINBERT_ALPHA_GUARDIAN,0.0,3.0,
2017-04-27,-0.0989715677887089,0.2766644523223707,0.4392008020973225,4,2.094225362464785,1.0,FINBERT_ALPHA_GUARDIAN,0.0,4.0,
2017-04-28,0.1339103378265967,0.4124588566961747,0.2199872426396645,6,3.600754959434271,1.0,FINBERT_ALPHA_GUARDIAN,0.0,6.0,
2017-04-29,-0.1596992247770479,0.463334556702234,0.5366654432977659,2,1.395587158948183,1.0,FINBERT_ALPHA_GUARDIAN,0.0,2.0,
2017-05-02,-0.0102749868395462,0.4188123143282581,0.3152518913553287,4,2.596342518478632,1.0,FINBERT_ALPHA_GUARDIAN,0.0,4.0,
2017-05-03,-0.2689143358729728,0.2892786751175518,0.5390577503676285,4,2.557902636379003,1.0,FINBERT_ALPHA_GUARDIAN,0.0,4.0,
2017-05-05,-0.3367401199178465,0.0,0.3963114590126472,3,1.7419872513413428,1.0,FINBERT_ALPHA_GUARDIAN,0.0,3.0,
2017-05-07,-0.2387869794498755,0.0,0.401676289406253,2,1.1543907859921454,1.0,FINBERT_ALPHA_GUARDIAN,0.0,2.0,
2017-05-08,-0.4570334666428507,0.0,0.5079299877018298,2,1.3286223638057708,1.0,FINBERT_ALPHA_GUARDIAN,0.0,2.0,
2017-05-09,0.6682539728795431,1.0,0.0,2,1.1009561508893966,1.0,FINBERT_ALPHA_GUARDIAN,0.0,2.0,
2017-05-10,-0.1036217950866918,0.2200589725764372,0.3675213481633364,5,3.21064944088459,1.0,FINBERT_ALPHA_GUARDIAN,0.0,5.0,
2017-05-11,-0.5024200231132524,0.0,0.5441109546108475,4,2.503690896630287,1.0,FINBERT_ALPHA_GUARDIAN,0.0,4.0,
2017-05-12,-0.0884601012064576,0.268643013359654,0.4474115832400135,4,2.586582040637732,1.0,FINBERT_ALPHA_GUARDIAN,0.0,4.0,
2017-05-13,-0.0027838094103732,0.2248556207555854,0.168584137305934,7,3.771371567472815,1.0,FINBERT_ALPHA_GUARDIAN,0.0,7.0,
2017-05-14,0.0,0.0,0.0,3,1.4087549395859242,1.0,FINBERT_ALPHA_GUARDIAN,0.0,3.0,
2017-05-15,-0.1878310037024853,0.1940128850215483,0.314134002907493,8,4.488830133378506,1.0,FINBERT_ALPHA_GUARDIAN,0.0,8.0,
2017-05-16,0.6025402826961249,0.7735733534621834,0.0,4,2.570952344387769,1.0,FINBERT_ALPHA_GUARDIAN,0.0,4.0,
2017-05-17,-0.8778371343980717,0.0,1.0,3,2.0536920756101607,1.0,FINBERT_ALPHA_GUARDIAN,0.0,3.0,
2017-05-18,0.7842201590538025,1.0,0.0,1,0.6371788792312145,1.0,FINBERT_ALPHA_GUARDIAN,0.0,1.0,
2017-05-19,-0.9572123289108276,0.0,1.0,1,0.7466256165504455,1.0,FINBERT_ALPHA_GUARDIAN,0.0,1.0,
2017-05-20,0.0,0.0,0.0,1,0.5191951623558998,1.0,FINBERT_ALPHA_GUARDIAN,0.0,1.0,
2017-05-21,0.0,0.0,0.0,4,2.138131282180548,1.0,FINBERT_ALPHA_GUARDIAN,0.0,4.0,
2017-05-22,-0.8736337079633726,0.0,1.0,2,1.2731317400932312,1.0,FINBERT_ALPHA_GUARDIAN,0.0,2.0,
2017-05-23,-0.4707578125211119,0.0,0.5273614468172041,2,1.2145144525170326,1.0,FINBERT_ALPHA_GUARDIAN,0.0,2.0,
2017-05-24,0.0,0.0,0.0,1,0.2817873489111661,1.0,FINBERT_ALPHA_GUARDIAN,0.0,1.0,
2017-05-25,-0.3754509843166395,0.0,0.3872603692020505,3,2.034091601073742,1.0,FINBERT_ALPHA_GUARDIAN,0.0,3.0,
2017-05-26,0.0,0.0,0.0,2,0.9986392860114572,1.0,FINBERT_ALPHA_GUARDIAN,0.0,2.0,
2017-05-27,0.585974545615999,0.6539979117017253,0.0,2,1.0686134362220765,1.0,FINBERT_ALPHA_GUARDIAN,0.0,2.0,
2017-05-30,-0.4500434537255744,0.0,0.5345945673793248,4,2.364217285066843,1.0,FINBERT_ALPHA_GUARDIAN,0.0,4.0,
2017-05-31,-0.9258735645098252,0.0,1.0,2,1.3121244129538536,1.0,FINBERT_ALPHA_GUARDIAN,0.0,2.0,
2017-06-01,0.1372645235378683,0.4674838427919911,0.2093951412401801,4,1.607989707738161,1.0,FINBERT_ALPHA_GUARDIAN,0.0,4.0,
2017-06-02,-0.2142910487120463,0.2778541271909311,0.513700093171147,6,3.032036943435669,1.0,FINBERT_ALPHA_GUARDIAN,0.0,6.0,
2017-06-03,-0.8175845742225647,0.0,1.0,1,0.5968367391824723,1.0,FINBERT_ALPHA_GUARDIAN,0.0,1.0,
2017-06-04,0.0,0.0,0.0,4,2.592398886680603,1.0,FINBERT_ALPHA_GUARDIAN,0.0,4.0,
2017-06-05,0.0833051956384234,0.3693642519148042,0.2073162420650769,5,3.504452228248119,1.0,FINBERT_ALPHA_GUARDIAN,0.0,5.0,
2017-06-06,-0.2546557145261565,0.0,0.2616465803520535,5,2.7898738338053226,1.0,FINBERT_ALPHA_GUARDIAN,0.0,5.0,
2017-06-07,0.0,0.0,0.0,1,0.5566013418138027,1.0,FINBERT_ALPHA_GUARDIAN,0.0,1.0,
2017-06-08,-0.4038566393423084,0.0,0.4287529716656622,3,1.7849921494722365,1.0,FINBERT_ALPHA_GUARDIAN,0.0,3.0,
2017-06-09,-0.9048774475367264,0.0,1.0,2,1.4345747125148771,1.0,FINBERT_ALPHA_GUARDIAN,0.0,2.0,
2017-06-10,-0.9527491927146912,0.0,1.0,1,0.6955069106817245,1.0,FINBERT_ALPHA_GUARDIAN,0.0,1.0,
2017-06-11,0.0,0.0,0.0,2,1.236202674806118,1.0,FINBERT_ALPHA_GUARDIAN,0.0,2.0,
2017-06-12,-0.5502041425209294,0.0,0.5703515849969821,4,2.8540581467747685,1.0,FINBERT_ALPHA_GUARDIAN,0.0,4.0,
2017-06-13,-0.0141952536062193,0.3827877385907761,0.2594348575097484,4,2.066289386898279,1.0,FINBERT_ALPHA_GUARDIAN,0.0,4.0,
2017-06-14,0.0848878981890682,0.441759964088387,0.3359730783277037,3,2.094725508093834,1.0,FINBERT_ALPHA_GUARDIAN,0.0,3.0,
2017-06-15,0.0,0.0,0.0,1,0.6565557093918322,1.0,FINBERT_ALPHA_GUARDIAN,0.0,1.0,
2017-06-16,0.0913843244705071,0.3728800520808051,0.2846896621258344,3,1.838532009869814,1.0,FINBERT_ALPHA_GUARDIAN,0.0,3.0,
2017-06-17,-0.0516217147576247,0.5045766961260933,0.4954233038739067,2,1.249935346841812,1.0,FINBERT_ALPHA_GUARDIAN,0.0,2.0,
2017-06-18,0.0,0.0,0.0,3,1.875659027993679,1.0,FINBERT_ALPHA_GUARDIAN,0.0,3.0,
2017-06-19,0.0,0.0,0.0,2,1.2902115742862224,1.0,FINBERT_ALPHA_GUARDIAN,0.0,2.0,
2017-06-20,-0.0935044834430361,0.244766694157011,0.2878232710714447,4,2.614780989140272,1.0,FINBERT_ALPHA_GUARDIAN,0.0,4.0,
2017-06-21,0.0,0.0,0.0,1,0.5815601134300232,1.0,FINBERT_ALPHA_GUARDIAN,0.0,1.0,
2017-06-22,-0.0482770459708084,0.1517773307400328,0.2076781063487178,4,2.0819211556762456,1.0,FINBERT_ALPHA_GUARDIAN,0.0,4.0,
2017-06-23,0.0,0.0,0.0,3,1.7060208457708357,1.0,FINBERT_ALPHA_GUARDIAN,0.0,3.0,
2017-06-24,0.0,0.0,0.0,1,0.6720318083465099,1.0,FINBERT_ALPHA_GUARDIAN,0.0,1.0,
2017-06-26,-0.2111857001204517,0.0,0.2859166121385567,3,1.724395970851183,1.0,FINBERT_ALPHA_GUARDIAN,0.0,3.0,
2017-06-27,-0.1729830388412118,0.1334534295459923,0.2536251110119477,5,2.900660440474748,1.0,FINBERT_ALPHA_GUARDIAN,0.0,5.0,
2017-06-28,0.0,0.0,0.0,1,0.6520475596189499,1.0,FINBERT_ALPHA_GUARDIAN,0.0,1.0,
2017-06-29,-0.1241455477451716,0.115419652147967,0.2445677298195579,9,6.030879085212946,1.0,FINBERT_ALPHA_GUARDIAN,0.0,9.0,
2017-06-30,-0.5187130550569956,0.0,0.5319776032861351,2,1.374680413603783,1.0,FINBERT_ALPHA_GUARDIAN,0.0,2.0,
2017-07-01,-0.3133522502172444,0.0,0.3565742191127304,3,1.9223282173275944,1.0,FINBERT_ALPHA_GUARDIAN,0.0,3.0,
2017-07-02,-0.2168223450696609,0.0,0.3273930800907743,3,1.5778279626369474,1.0,FINBERT_ALPHA_GUARDIAN,0.0,3.0,
2017-07-04,0.0,0.0,0.0,1,0.4377992123365402,1.0,FINBERT_ALPHA_GUARDIAN,0.0,1.0,
2017-07-05,0.436985529275535,0.532420858452126,0.0,2,1.1060603864490983,1.0,FINBERT_ALPHA_GUARDIAN,0.0,2.0,
2017-07-06,-0.5036887733947361,0.3236613304005487,0.6763386695994512,2,1.0799276822805406,1.0,FINBERT_ALPHA_GUARDIAN,0.0,2.0,
2017-07-07,-0.9735599160194396,0.0,1.0,1,0.7910174317657946,1.0,FINBERT_ALPHA_GUARDIAN,0.0,1.0,
2017-07-10,-0.3427458561630353,0.0,0.4170260464407593,5,2.9004600043594837,1.0,FINBERT_ALPHA_GUARDIAN,0.0,5.0,
2017-07-11,-0.557293586060441,0.0,0.5826497952869346,2,1.3830527925491332,1.0,FINBERT_ALPHA_GUARDIAN,0.0,2.0,
2017-07-12,-0.4328138167990613,0.0,0.4690699727794379,5,2.8471518923342223,1.0,FINBERT_ALPHA_GUARDIAN,0.0,5.0,
2017-07-13,-0.3961463063122339,0.0,0.4170428757686418,3,1.6627121016383168,1.0,FINBERT_ALPHA_GUARDIAN,0.0,3.0,
2017-07-14,-0.4552027275265907,0.0,0.5049385390277515,4,2.8237263832986352,1.0,FINBERT_ALPHA_GUARDIAN,0.0,4.0,
2017-07-16,0.0,0.0,0.0,1,0.3851269909739493,1.0,FINBERT_ALPHA_GUARDIAN,0.0,1.0,
2017-07-17,-0.342973819147573,0.0,0.3625276753431966,3,1.9050285875797268,1.0,FINBERT_ALPHA_GUARDIAN,0.0,3.0,
2017-07-18,-0.2393624481092177,0.1892868067559832,0.440619974397504,5,3.0769879284501074,1.0,FINBERT_ALPHA_GUARDIAN,0.0,5.0,
2017-07-19,-0.709989364716014,0.0,1.0,2,0.9948759926855564,1.0,FINBERT_ALPHA_GUARDIAN,0.0,2.0,
2017-07-20,0.0509610224760247,0.1146892472752408,0.0,6,3.390008454173804,1.0,FINBERT_ALPHA_GUARDIAN,0.0,6.0,
2017-07-21,0.0,0.0,0.0,3,1.702932069003582,1.0,FINBERT_ALPHA_GUARDIAN,0.0,3.0,
2017-07-22,0.6130239963531494,1.0,0.0,1,0.4980819970369339,1.0,FINBERT_ALPHA_GUARDIAN,0.0,1.0,
2017-07-23,-0.285374503874522,0.0,0.3014870609832029,3,2.095699854642153,1.0,FINBERT_ALPHA_GUARDIAN,0.0,3.0,
2017-07-24,0.0,0.0,0.0,2,1.400458992868662,1.0,FINBERT_ALPHA_GUARDIAN,0.0,2.0,
2017-07-25,0.2036996340717447,0.4366804639020392,0.1730761758650324,6,4.021723908036947,1.0,FINBERT_ALPHA_GUARDIAN,0.0,6.0,
2017-07-26,-0.5267166625087762,0.0,0.5464554799319334,2,1.4331473864614963,1.0,FINBERT_ALPHA_GUARDIAN,0.0,2.0,
2017-07-27,-0.137454817267568,0.4316099486222874,0.5683900513777125,2,1.1130600327253342,1.0,FINBERT_ALPHA_GUARDIAN,0.0,2.0,
2017-07-28,0.4950220052747229,0.5492534472465984,0.0,2,1.2798925912380217,1.0,FINBERT_ALPHA_GUARDIAN,0.0,2.0,
2017-07-29,0.0,0.0,0.0,1,0.4559039908647537,1.0,FINBERT_ALPHA_GUARDIAN,0.0,1.0,
2017-07-30,0.0,0.0,0.0,3,1.6052519200742243,1.0,FINBERT_ALPHA_GUARDIAN,0.0,3.0,
2017-07-31,-0.2696586327785747,0.0,0.2791514915564999,4,2.5953485216200347,1.0,FINBERT_ALPHA_GUARDIAN,0.0,4.0,
2017-08-01,0.6181039067182729,0.659663887282019,0.0,2,1.1079257901012896,1.0,FINBERT_ALPHA_GUARDIAN,0.0,2.0,
2017-08-02,0.1677330826178327,0.3239642879391801,0.1351764535084822,7,4.789285820871592,1.0,FINBERT_ALPHA_GUARDIAN,0.0,7.0,
2017-08-03,-0.4656599781785079,0.0,0.5163935696446921,2,1.3620776443183422,1.0,FINBERT_ALPHA_GUARDIAN,0.0,2.0,
2017-08-04,-0.5939917674169529,0.0,0.6268615169744268,3,2.111217971444129,1.0,FINBERT_ALPHA_GUARDIAN,0.0,3.0,
2017-08-05,0.0,0.0,0.0,1,0.406587141752243,1.0,FINBERT_ALPHA_GUARDIAN,0.0,1.0,
2017-08-06,-0.3591463343529045,0.0,0.4874526350375381,2,1.1033910411596295,1.0,FINBERT_ALPHA_GUARDIAN,0.0,2.0,
2017-08-07,0.0,0.0,0.0,1,0.5482830083370208,1.0,FINBERT_ALPHA_GUARDIAN,0.0,1.0,
2017-08-08,-0.3020491078586518,0.0,0.4691036558416797,4,2.0283591479063032,1.0,FINBERT_ALPHA_GUARDIAN,0.0,4.0,
2017-08-09,-0.9290633797645568,0.0,1.0,1,0.6967975348234176,1.0,FINBERT_ALPHA_GUARDIAN,0.0,1.0,
2017-08-10,-0.1406626881026457,0.0,0.2484312094071037,3,1.7093376906216144,1.0,FINBERT_ALPHA_GUARDIAN,0.0,3.0,
2017-08-11,-0.5027646968960803,0.0,0.5590116318271021,2,1.0739259964227676,1.0,FINBERT_ALPHA_GUARDIAN,0.0,2.0,
2017-08-12,0.0,0.0,0.0,1,0.4390063168108463,1.0,FINBERT_ALPHA_GUARDIAN,0.0,1.0,
2017-08-13,-0.9083060904953704,0.0,1.0,2,1.360031813085079,1.0,FINBERT_ALPHA_GUARDIAN,0.0,2.0,
2017-08-14,0.0,0.0,0.0,1,0.5322388762235641,1.0,FINBERT_ALPHA_GUARDIAN,0.0,1.0,
2017-08-15,0.0,0.0,0.0,2,1.3267923448979857,1.0,FINBERT_ALPHA_GUARDIAN,0.0,2.0,
2017-08-16,-0.2788264130616079,0.2000088520929896,0.4596991002011256,5,3.201662316173315,1.0,FINBERT_ALPHA_GUARDIAN,0.0,5.0,
2017-08-17,-0.4915214806498647,0.0,0.613837876044883,3,1.8138412602245808,1.0,FINBERT_ALPHA_GUARDIAN,0.0,3.0,
2017-08-18,-0.9626712203025818,0.0,1.0,1,0.7821703664958477,1.0,FINBERT_ALPHA_GUARDIAN,0.0,1.0,
2017-08-19,0.0,0.0,0.0,2,0.945323498249054,1.0,FINBERT_ALPHA_GUARDIAN,0.0,2.0,
2017-08-22,0.0,0.0,0.0,1,0.4906381398439407,1.0,FINBERT_ALPHA_GUARDIAN,0.0,1.0,
2017-08-23,-0.1400895610772731,0.1780539774925927,0.2545273590623723,4,2.483426228314638,1.0,FINBERT_ALPHA_GUARDIAN,0.0,4.0,
2017-08-25,0.0,0.0,0.0,1,0.5247636647522449,1.0,FINBERT_ALPHA_GUARDIAN,0.0,1.0,
2017-08-27,-0.672915518283844,0.0,1.0,1,0.4491711084544658,1.0,FINBERT_ALPHA_GUARDIAN,0.0,1.0,
2017-08-28,-0.8499234775851404,0.0,1.0,3,1.9196250528097152,1.0,FINBERT_ALPHA_GUARDIAN,0.0,3.0,
2017-08-29,-0.268605432528122,0.223233612830695,0.4365267469402681,3,1.6801131112873553,1.0,FINBERT_ALPHA_GUARDIAN,0.0,3.0,
2017-08-30,0.3574471733486895,0.5348114587762776,0.16629933880772,4,2.4021720811724663,1.0,FINBERT_ALPHA_GUARDIAN,0.0,4.0,
2017-08-31,-0.962573230266571,0.0,1.0,1,0.782090749591589,1.0,FINBERT_ALPHA_GUARDIAN,0.0,1.0,
2017-09-01,-0.2340814651629598,0.1789658553748241,0.4193066017663388,5,3.298387678861617,1.0,FINBERT_ALPHA_GUARDIAN,0.0,5.0,
2017-09-02,-0.5379058718681335,0.0,1.0,1,0.3926712864637375,1.0,FINBERT_ALPHA_GUARDIAN,0.0,1.0,
2017-09-03,0.0,0.0,0.0,1,0.6402860707044601,1.0,FINBERT_ALPHA_GUARDIAN,0.0,1.0,
2017-09-04,0.0,0.0,0.0,1,0.6630705614387988,1.0,FINBERT_ALPHA_GUARDIAN,0.0,1.0,
2017-09-05,-0.8748521453420622,0.0,1.0,2,1.3889275704324244,1.0,FINBERT_ALPHA_GUARDIAN,0.0,2.0,
2017-09-06,-0.5219191864936578,0.0,0.5763400010628807,2,1.4219827096164226,1.0,FINBERT_ALPHA_GUARDIAN,0.0,2.0,
2017-09-07,-0.2681215697591884,0.0,0.4126732759929085,2,1.0509216333925724,1.0,FINBERT_ALPHA_GUARDIAN,0.0,2.0,
2017-09-08,0.9481034874916076,1.0,0.0,1,0.7110776156187056,1.0,FINBERT_ALPHA_GUARDIAN,0.0,1.0,
2017-09-09,0.9094613790512084,1.0,0.0,1,0.7093798756599424,1.0,FINBERT_ALPHA_GUARDIAN,0.0,1.0,
2017-09-10,-0.4557416262686239,0.0,0.5138982150245506,2,1.1519025756418704,1.0,FINBERT_ALPHA_GUARDIAN,0.0,2.0,
2017-09-11,0.0,0.0,0.0,1,0.6893759250640868,1.0,FINBERT_ALPHA_GUARDIAN,0.0,1.0,
2017-09-12,0.1724991120142643,0.2269280609397331,0.0,4,2.612793350368738,1.0,FINBERT_ALPHA_GUARDIAN,0.0,4.0,
2017-09-13,0.1174032231392221,0.1666892833171774,0.0750815978064655,7,4.319965565130114,1.0,FINBERT_ALPHA_GUARDIAN,0.0,7.0,
2017-09-14,-0.5500355240995527,0.0,0.576434344819717,2,1.3946362559497354,1.0,FINBERT_ALPHA_GUARDIAN,0.0,2.0,
2017-09-15,0.2980147779066778,0.3310469457823994,0.0,4,2.3793957549333573,1.0,FINBERT_ALPHA_GUARDIAN,0.0,4.0,
2017-09-16,0.0,0.0,0.0,1,0.6779804563522338,1.0,FINBERT_ALPHA_GUARDIAN,0.0,1.0,
2017-09-18,-0.6975802163222145,0.0,0.7541830576167347,4,2.846570732146501,1.0,FINBERT_ALPHA_GUARDIAN,0.0,4.0,
2017-09-19,0.0,0.0,0.0,3,1.7359381476044655,1.0,FINBERT_ALPHA_GUARDIAN,0.0,3.0,
2017-09-20,0.2444021599501712,0.2844250879120277,0.0,3,2.167659897953272,1.0,FINBERT_ALPHA_GUARDIAN,0.0,3.0,
2017-09-21,-0.2222634118052195,0.1500032289283289,0.4246856211133074,7,4.25767098531127,1.0,FINBERT_ALPHA_GUARDIAN,0.0,7.0,
2017-09-22,-0.35333112860952,0.0,0.3657088751723507,3,2.146516692191362,1.0,FINBERT_ALPHA_GUARDIAN,0.0,3.0,
2017-09-23,0.3184428164817831,0.5058976671749618,0.0,2,1.0482768920063972,1.0,FINBERT_ALPHA_GUARDIAN,0.0,2.0,
2017-09-24,0.0,0.0,0.0,1,0.637373821735382,1.0,FINBERT_ALPHA_GUARDIAN,0.0,1.0,
2017-09-25,-0.369896998742284,0.1928109765019122,0.6140201514088055,5,3.1414612320065496,1.0,FINBERT_ALPHA_GUARDIAN,0.0,5.0,
2017-09-26,-0.2556255550885435,0.2631977082343121,0.5237663481680228,4,2.864961912930012,1.0,FINBERT_ALPHA_GUARDIAN,0.0,4.0,
2017-09-27,0.0,0.0,0.0,2,1.1958456695079802,1.0,FINBERT_ALPHA_GUARDIAN,0.0,2.0,
2017-09-28,0.0,0.0,0.0,2,1.1732743160426615,1.0,FINBERT_ALPHA_GUARDIAN,0.0,2.0,
2017-09-29,0.0,0.0,0.0,2,1.2235947807133196,1.0,FINBERT_ALPHA_GUARDIAN,0.0,2.0,
2017-09-30,0.0,0.0,0.0,1,0.6021365296840667,1.0,FINBERT_ALPHA_GUARDIAN,0.0,1.0,
2017-10-01,0.0,0.0,0.0,2,1.051211119443178,1.0,FINBERT_ALPHA_GUARDIAN,0.0,2.0,
2017-10-02,-0.7340459823608398,0.0,1.0,1,0.6184337401390075,1.0,FINBERT_ALPHA_GUARDIAN,0.0,1.0,
2017-10-03,-0.6006413542207137,0.0,0.6767073024230134,6,3.811251382082701,1.0,FINBERT_ALPHA_GUARDIAN,0.0,6.0,
2017-10-04,-0.0313918620317397,0.0,0.082786278579554,6,3.4352758730947963,1.0,FINBERT_ALPHA_GUARDIAN,0.0,6.0,
2017-10-05,-0.1824415449253001,0.0,0.3644501520181422,2,1.0713763922452926,1.0,FINBERT_ALPHA_GUARDIAN,0.0,2.0,
2017-10-06,-0.567601540002595,0.0,0.6529571835492103,3,2.082175086587667,1.0,FINBERT_ALPHA_GUARDIAN,0.0,3.0,
2017-10-07,0.0,0.0,0.0,2,1.5218132790923118,1.0,FINBERT_ALPHA_GUARDIAN,0.0,2.0,
2017-10-08,-0.7169525027275085,0.0,1.0,1,0.5144134207069874,1.0,FINBERT_ALPHA_GUARDIAN,0.0,1.0,
2017-10-09,-0.5571505501743829,0.0,0.7347125864332956,4,2.107011973708868,1.0,FINBERT_ALPHA_GUARDIAN,0.0,4.0,
2017-10-10,-0.523162787724145,0.0,0.6426020958598767,3,1.8319652004539968,1.0,FINBERT_ALPHA_GUARDIAN,0.0,3.0,
2017-10-11,0.0,0.0,0.0,2,1.3164448012411594,1.0,FINBERT_ALPHA_GUARDIAN,0.0,2.0,
2017-10-12,-0.7816233038902283,0.0,1.0,1,0.609666177034378,1.0,FINBERT_ALPHA_GUARDIAN,0.0,1.0,
2017-10-13,0.8578104612045755,1.0,0.0,2,1.2152128583192825,1.0,FINBERT_ALPHA_GUARDIAN,0.0,2.0,
2017-10-14,-0.3513260766809725,0.0,0.3787299036313488,3,1.634942416548729,1.0,FINBERT_ALPHA_GUARDIAN,0.0,3.0,
2017-10-15,0.0,0.0,0.0,3,1.7152667695283892,1.0,FINBERT_ALPHA_GUARDIAN,0.0,3.0,
2017-10-16,0.0980153683984322,0.67213895029596,0.32786104970404,4,2.062949398458004,1.0,FINBERT_ALPHA_GUARDIAN,0.0,4.0,
2017-10-17,-0.0870068790560272,0.1546181959770931,0.2051625754670986,6,3.713618162870407,1.0,FINBERT_ALPHA_GUARDIAN,0.0,6.0,
2017-10-18,-0.2945283146113418,0.0,0.3306366337288169,3,1.7983589512109757,1.0,FINBERT_ALPHA_GUARDIAN,0.0,3.0,
2017-10-19,-0.9760501980781556,0.0,1.0,1,0.7613191545009613,1.0,FINBERT_ALPHA_GUARDIAN,0.0,1.0,
2017-10-20,0.9488558769226072,1.0,0.0,1,0.7994110763072967,1.0,FINBERT_ALPHA_GUARDIAN,0.0,1.0,
2017-10-21,-0.6218211054801941,0.0,1.0,1,0.4150655879080295,1.0,FINBERT_ALPHA_GUARDIAN,0.0,1.0,
2017-10-22,0.0,0.0,0.0,3,1.3760762380063531,1.0,FINBERT_ALPHA_GUARDIAN,0.0,3.0,
2017-10-23,-0.9679862856864928,0.0,1.0,1,0.7259897142648696,1.0,FINBERT_ALPHA_GUARDIAN,0.0,1.0,
2017-10-24,0.0,0.0,0.0,3,1.882250380665064,1.0,FINBERT_ALPHA_GUARDIAN,0.0,3.0,
2017-10-25,0.2315530442676769,0.2686638018761976,0.0,4,2.6064869351685047,1.0,FINBERT_ALPHA_GUARDIAN,0.0,4.0,
2017-10-26,0.0,0.0,0.0,1,0.5378385709226131,1.0,FINBERT_ALPHA_GUARDIAN,0.0,1.0,
2017-10-27,0.5999567681294342,0.7429150013729874,0.0,3,1.902162040770054,1.0,FINBERT_ALPHA_GUARDIAN,0.0,3.0,
2017-10-29,-0.2129979550807271,0.0,0.2782861852677488,3,1.8358762724697588,1.0,FINBERT_ALPHA_GUARDIAN,0.0,3.0,
2017-10-30,-0.9673741459846495,0.0,1.0,1,0.7859914936125277,1.0,FINBERT_ALPHA_GUARDIAN,0.0,1.0,
2017-10-31,0.0910103051235903,0.2514242779561074,0.2019099918687383,5,2.842353705763817,1.0,FINBERT_ALPHA_GUARDIAN,0.0,5.0,
2017-11-01,-0.4641869114459974,0.1764993485017784,0.6565019260122161,5,3.2056924706697463,1.0,FINBERT_ALPHA_GUARDIAN,0.0,5.0,
2017-11-02,-0.0713795550664961,0.2319973440525955,0.27380337802435,4,2.578556971549988,1.0,FINBERT_ALPHA_GUARDIAN,0.0,4.0,
2017-11-03,0.1390292724295887,0.3752491005852481,0.1728953825420656,6,2.822240847051144,1.0,FINBERT_ALPHA_GUARDIAN,0.0,6.0,
2017-11-04,0.2019435745646815,0.460557218956474,0.2839601277705145,3,1.5419414600729942,1.0,FINBERT_ALPHA_GUARDIAN,0.0,3.0,
2017-11-06,-0.2671428593726002,0.0,0.2742979931643117,5,2.8848396560549734,1.0,FINBERT_ALPHA_GUARDIAN,0.0,5.0,
2017-11-07,-0.3120060769491941,0.2520833095241251,0.57539221586483,7,3.8740813139080994,1.0,FINBERT_ALPHA_GUARDIAN,0.0,7.0,
2017-11-08,0.1608395053350973,0.1898595958787669,0.0,6,3.4803444415330884,1.0,FINBERT_ALPHA_GUARDIAN,0.0,6.0,
2017-11-10,0.0,0.0,0.0,1,0.5602839839458464,1.0,FINBERT_ALPHA_GUARDIAN,0.0,1.0,
2017-11-11,-0.2724195246470096,0.0,0.311606473399776,3,2.0480858090519902,1.0,FINBERT_ALPHA_GUARDIAN,0.0,3.0,
2017-11-12,0.0,0.0,0.0,3,1.8702948972582816,1.0,FINBERT_ALPHA_GUARDIAN,0.0,3.0,
2017-11-14,0.242515292115238,0.5890549247214772,0.4109450752785226,2,1.1567622739076615,1.0,FINBERT_ALPHA_GUARDIAN,0.0,2.0,
2017-11-15,-0.0573177099517574,0.4801391729107565,0.5198608270892434,2,1.2868560820817947,1.0,FINBERT_ALPHA_GUARDIAN,0.0,2.0,
2017-11-16,-0.3756601824864285,0.0,0.3849347488787158,3,2.0598912826180458,1.0,FINBERT_ALPHA_GUARDIAN,0.0,3.0,
2017-11-17,0.1873271779848745,0.3045264768786012,0.1745898567243719,4,2.215067750811577,1.0,FINBERT_ALPHA_GUARDIAN,0.0,4.0,
2017-11-18,0.8351326375744554,1.0,0.0,2,1.354807861596346,1.0,FINBERT_ALPHA_GUARDIAN,0.0,2.0,
2017-11-19,0.1537768162851864,0.1768493086460933,0.0,5,3.2819760125875472,1.0,FINBERT_ALPHA_GUARDIAN,0.0,5.0,
2017-11-20,0.0,0.0,0.0,5,3.0679988406598566,1.0,FINBERT_ALPHA_GUARDIAN,0.0,5.0,
2017-11-21,-0.5767162240801057,0.0,0.6400200145032208,7,4.459156637340784,1.0,FINBERT_ALPHA_GUARDIAN,0.0,7.0,
2017-11-22,0.0,0.0,0.0,3,1.465219994187355,1.0,FINBERT_ALPHA_GUARDIAN,0.0,3.0,
2017-11-23,-0.943896472454071,0.0,1.0,1,0.7362392485141753,1.0,FINBERT_ALPHA_GUARDIAN,0.0,1.0,
2017-11-24,-0.6325831864609909,0.0,0.7306996261464556,4,2.6360684254765507,1.0,FINBERT_ALPHA_GUARDIAN,0.0,4.0,
2017-11-25,0.0,0.0,0.0,1,0.6103905373811722,1.0,FINBERT_ALPHA_GUARDIAN,0.0,1.0,
2017-11-26,-0.504730889840898,0.0,0.5218966416985812,2,1.329574831724167,1.0,FINBERT_ALPHA_GUARDIAN,0.0,2.0,
2017-11-27,-0.5432458381641014,0.0,0.5873221207412078,2,1.279578873068094,1.0,FINBERT_ALPHA_GUARDIAN,0.0,2.0,
2017-11-28,0.0,0.0,0.0,1,0.6220155608654021,1.0,FINBERT_ALPHA_GUARDIAN,0.0,1.0,
2017-11-29,-0.0026952386997675,0.3461551094048949,0.3280179016949718,3,1.8878901945054527,1.0,FINBERT_ALPHA_GUARDIAN,0.0,3.0,
2017-11-30,-0.3543412620139899,0.0,0.5935722454550578,3,1.423399778455496,1.0,FINBERT_ALPHA_GUARDIAN,0.0,3.0,
2017-12-01,0.5274355161562431,0.5551133698539706,0.0,2,1.39068690598011,1.0,FINBERT_ALPHA_GUARDIAN,0.0,2.0,
2017-12-02,0.0,0.0,0.0,4,2.383965537548065,1.0,FINBERT_ALPHA_GUARDIAN,0.0,4.0,
2017-12-04,0.7537197870831006,1.0,0.0,2,1.0473825760185718,1.0,FINBERT_ALPHA_GUARDIAN,0.0,2.0,
2017-12-05,-0.3891398543022579,0.0,0.4545165545281319,5,2.6775786283612253,1.0,FINBERT_ALPHA_GUARDIAN,0.0,5.0,
2017-12-06,-0.1534545785412625,0.2951371391167319,0.4329793141854045,3,2.001896664947272,1.0,FINBERT_ALPHA_GUARDIAN,0.0,3.0,
2017-12-07,-0.5496069862044485,0.0,0.7691169607174232,5,2.668380784392357,1.0,FINBERT_ALPHA_GUARDIAN,0.0,5.0,
2017-12-08,0.3159034105141997,0.3660538179443996,0.0,3,1.9155249029397965,1.0,FINBERT_ALPHA_GUARDIAN,0.0,3.0,
2017-12-10,0.0,0.0,0.0,1,0.5759690487384795,1.0,FINBERT_ALPHA_GUARDIAN,0.0,1.0,
2017-12-11,-0.3373403278323335,0.0,0.4514009370891063,2,1.1878599925339222,1.0,FINBERT_ALPHA_GUARDIAN,0.0,2.0,
2017-12-12,0.4118022023966401,0.5440456954086731,0.0,2,1.015642271786928,1.0,FINBERT_ALPHA_GUARDIAN,0.0,2.0,
2017-12-13,0.0,0.0,0.0,1,0.6311414241790771,1.0,FINBERT_ALPHA_GUARDIAN,0.0,1.0,
2017-12-14,0.0,0.0,0.0,1,0.4477010124921798,1.0,FINBERT_ALPHA_GUARDIAN,0.0,1.0,
2017-12-15,-0.0524317421133685,0.3757839273166696,0.4016711723316257,3,1.6687110877037048,1.0,FINBERT_ALPHA_GUARDIAN,0.0,3.0,
2017-12-16,0.0,0.0,0.0,1,0.4715888464450836,1.0,FINBERT_ALPHA_GUARDIAN,0.0,1.0,
2017-12-17,0.0,0.0,0.0,1,0.6060945588350295,1.0,FINBERT_ALPHA_GUARDIAN,0.0,1.0,
2017-12-18,0.0,0.0,0.0,1,0.6249757558107376,1.0,FINBERT_ALPHA_GUARDIAN,0.0,1.0,
2017-12-19,0.0,0.0,0.0,3,1.826465058922768,1.0,FINBERT_ALPHA_GUARDIAN,0.0,3.0,
2017-12-21,0.0,0.0,0.0,2,1.3895152600109577,1.0,FINBERT_ALPHA_GUARDIAN,0.0,2.0,
2017-12-22,0.3111023925460854,0.4428460312912798,0.0,2,1.1580323648452755,1.0,FINBERT_ALPHA_GUARDIAN,0.0,2.0,
2017-12-23,0.1315565109252931,0.5383532408915328,0.4616467591084672,2,1.3377497720718383,1.0,FINBERT_ALPHA_GUARDIAN,0.0,2.0,
2017-12-24,-0.2644567408462387,0.0,0.5217748035672615,2,0.7698173692822456,1.0,FINBERT_ALPHA_GUARDIAN,0.0,2.0,
2017-12-26,0.0,0.0,0.0,3,1.6913596996665,1.0,FINBERT_ALPHA_GUARDIAN,0.0,3.0,
2017-12-27,-0.4726707367793366,0.2497831608627255,0.7502168391372744,3,1.5810209360718726,1.0,FINBERT_ALPHA_GUARDIAN,0.0,3.0,
2017-12-28,0.0,0.0,0.0,4,2.1270734733343124,1.0,FINBERT_ALPHA_GUARDIAN,0.0,4.0,
2017-12-29,-0.617228810762657,0.0,0.7549210475678785,3,1.7154037399590014,1.0,FINBERT_ALPHA_GUARDIAN,0.0,3.0,
2017-12-30,0.2161503193490357,0.3965399853919425,0.0,2,0.9862881481647492,1.0,FINBERT_ALPHA_GUARDIAN,0.0,2.0,
2017-12-31,-0.4737534018019393,0.0,0.5211348084015012,2,1.273429883569479,1.0,FINBERT_ALPHA_GUARDIAN,0.0,2.0,
2018-01-01,0.4121632480570656,0.7046960251940253,0.2953039748059747,3,1.385755045086145,1.0,FINBERT_ALPHA_GUARDIAN,1.0,2.0,
2018-01-02,0.3003652796620009,0.5372953761522049,0.2330358380986956,4,2.6573501622676847,1.0,FINBERT_ALPHA_GUARDIAN,0.0,4.0,
2018-01-03,0.0376734511835247,0.2707136477287619,0.2196294911825679,5,3.295574579030275,1.0,FINBERT_ALPHA_GUARDIAN,1.0,4.0,
2018-01-04,-0.1042600507110319,0.2501196096113403,0.3682832325405269,6,3.227873465716838,1.0,FINBERT_ALPHA_GUARDIAN,1.0,5.0,
2018-01-05,0.5915550589561462,1.0,0.0,1,0.4436662942171097,1.0,FINBERT_ALPHA_GUARDIAN,0.0,1.0,
2018-01-06,0.0,0.0,0.0,2,1.3213567176461218,1.0,FINBERT_ALPHA_GUARDIAN,0.0,2.0,
2018-01-08,-0.6469480230495503,0.0,0.6669675658496264,2,1.2252645532786846,1.0,FINBERT_ALPHA_GUARDIAN,0.0,2.0,
2018-01-09,0.06633366584799,0.4055544164293935,0.2493078952144983,5,3.044014686346053,1.0,FINBERT_ALPHA_GUARDIAN,0.0,5.0,
2018-01-10,-0.8097041845321656,0.0,1.0,1,0.631569263935089,1.0,FINBERT_ALPHA_GUARDIAN,0.0,1.0,
2018-01-11,-0.315236046662701,0.0,0.3708397923861496,3,1.8624584105312825,1.0,FINBERT_ALPHA_GUARDIAN,1.0,2.0,
2018-01-12,0.0768240183438461,0.2431926551416502,0.1764216388489942,4,1.8398638436198231,1.0,FINBERT_ALPHA_GUARDIAN,2.0,2.0,
2018-01-13,-0.607570505579552,0.0,0.7678820006109371,5,2.864664986133576,1.0,FINBERT_ALPHA_GUARDIAN,0.0,5.0,
2018-01-15,0.0,0.0,0.0,3,1.858615392148495,1.0,FINBERT_ALPHA_GUARDIAN,0.0,3.0,
2018-01-16,0.0445370440798016,0.2594130376168579,0.1960982174142239,7,4.169342281013726,1.0,FINBERT_ALPHA_GUARDIAN,1.0,6.0,
2018-01-17,-0.6914401650428772,0.0,1.0,1,0.5047513204813003,1.0,FINBERT_ALPHA_GUARDIAN,0.0,1.0,
2018-01-19,-0.4013314776423702,0.0,0.4758895332036408,4,2.4617028115689754,1.0,FINBERT_ALPHA_GUARDIAN,0.0,4.0,
2018-01-20,0.0,0.0,0.0,1,0.7036853089928626,1.0,FINBERT_ALPHA_GUARDIAN,0.0,1.0,
2018-01-21,-0.4898751778114286,0.0,0.5190338499888029,2,1.3274462032318115,1.0,FINBERT_ALPHA_GUARDIAN,0.0,2.0,
2018-01-22,-0.0039329342656026,0.2310526581153103,0.2077307834245786,5,3.0679775045812128,1.0,FINBERT_ALPHA_GUARDIAN,0.0,5.0,
2018-01-23,-0.0784635618137169,0.0,0.1380802695520952,3,1.5185571208000184,1.0,FINBERT_ALPHA_GUARDIAN,1.0,2.0,
2018-01-24,0.0,0.0,0.0,3,1.82603340536356,1.0,FINBERT_ALPHA_GUARDIAN,0.0,3.0,
2018-01-25,0.0,0.0,0.0,1,0.6659354352951049,1.0,FINBERT_ALPHA_GUARDIAN,0.0,1.0,
2018-01-26,-0.1189376747705074,0.0,0.1996007531092347,4,2.179304686337709,1.0,FINBERT_ALPHA_GUARDIAN,0.0,4.0,
2018-01-27,-0.2326436639361166,0.0,0.4240166830348851,2,1.090172568410635,1.0,FINBERT_ALPHA_GUARDIAN,0.0,2.0,
2018-01-28,-0.9375548013023116,0.0,1.0,2,1.298510555028915,1.0,FINBERT_ALPHA_GUARDIAN,0.0,2.0,
2018-01-29,-0.6584061756393548,0.0,0.7064681621250732,3,1.9516424590349195,1.0,FINBERT_ALPHA_GUARDIAN,0.0,3.0,
2018-01-30,-0.3142306774647462,0.0,0.355286911198919,3,1.7861259098351,1.0,FINBERT_ALPHA_GUARDIAN,0.0,3.0,
2018-01-31,-0.4374277869435229,0.0,0.4498827858370973,2,1.0136323407888412,1.0,FINBERT_ALPHA_GUARDIAN,1.0,1.0,
2018-02-01,-0.1752586958085148,0.2788602774895689,0.3692801101382194,3,1.7373128817975518,1.0,FINBERT_ALPHA_GUARDIAN,0.0,3.0,
2018-02-02,-0.1546001433443782,0.1807973214056186,0.3431289482331516,10,5.524003516827112,1.0,FINBERT_ALPHA_GUARDIAN,4.0,6.0,
2018-02-04,-0.198894703623937,0.0,0.2420272854247583,4,2.2664483630657197,1.0,FINBERT_ALPHA_GUARDIAN,1.0,3.0,
2018-02-05,0.0,0.0,0.0,2,1.048618357628584,1.0,FINBERT_ALPHA_GUARDIAN,0.0,2.0,
2018-02-06,-0.9674786950057778,0.0,1.0,2,1.5116680040955544,1.0,FINBERT_ALPHA_GUARDIAN,0.0,2.0,
2018-02-07,-0.0364448459386069,0.3513334956017296,0.3867905831764627,5,2.5270612354576585,1.0,FINBERT_ALPHA_GUARDIAN,0.0,5.0,
2018-02-08,-0.3212354459921397,0.1842414266818141,0.590113015302727,4,1.6007869979441165,1.0,FINBERT_ALPHA_GUARDIAN,2.0,2.0,
2018-02-09,-0.7620230308819884,0.0,0.7944514059541526,4,2.866696297824382,1.0,FINBERT_ALPHA_GUARDIAN,0.0,4.0,
2018-02-10,-0.939962127176265,0.0,1.0,2,1.3605906839668749,1.0,FINBERT_ALPHA_GUARDIAN,0.0,2.0,
2018-02-11,0.0,0.0,0.0,3,1.619218572825193,1.0,FINBERT_ALPHA_GUARDIAN,0.0,3.0,
2018-02-12,0.8476911187171936,1.0,0.0,1,0.6887490339577198,1.0,FINBERT_ALPHA_GUARDIAN,0.0,1.0,
2018-02-13,-0.3008029016568069,0.1690366096514498,0.4610329363635781,5,2.7381983590126038,1.0,FINBERT_ALPHA_GUARDIAN,0.0,5.0,
2018-02-14,-0.1685677654252788,0.3224692517998956,0.5631027756874472,5,2.11720852124691,1.0,FINBERT_ALPHA_GUARDIAN,3.0,2.0,
2018-02-15,-0.5426476793074556,0.1343536111464779,0.6803351448354684,5,3.1108126755058763,1.0,FINBERT_ALPHA_GUARDIAN,0.0,5.0,
2018-02-16,-0.9738730192184448,0.0,1.0,1,0.7912718281149864,1.0,FINBERT_ALPHA_GUARDIAN,0.0,1.0,
2018-02-17,-0.938716471195221,0.0,1.0,1,0.7321988475322723,1.0,FINBERT_ALPHA_GUARDIAN,0.0,1.0,
2018-02-18,0.0,0.0,0.0,1,0.6751300913095474,1.0,FINBERT_ALPHA_GUARDIAN,0.0,1.0,
2018-02-19,0.0,0.0,0.0,1,0.6325983092188835,1.0,FINBERT_ALPHA_GUARDIAN,0.0,1.0,
2018-02-20,-0.383596805334325,0.0,0.5174442472840701,4,2.1601683907210827,1.0,FINBERT_ALPHA_GUARDIAN,0.0,4.0,
2018-02-21,-0.2129773876419984,0.0,0.4021557639042843,2,0.8790147659182549,1.0,FINBERT_ALPHA_GUARDIAN,0.0,2.0,
2018-02-22,0.2171975668425714,0.3940120877498866,0.1834892314517782,3,1.53675096270442,1.0,FINBERT_ALPHA_GUARDIAN,1.0,2.0,
2018-02-23,-0.540970027987734,0.0,0.5611541938110268,2,1.395828777104616,1.0,FINBERT_ALPHA_GUARDIAN,0.0,2.0,
2018-02-24,0.0,0.0,0.0,1,0.4894293504953384,1.0,FINBERT_ALPHA_GUARDIAN,0.0,1.0,
2018-02-25,0.0,0.0,0.0,1,0.6790021097660064,1.0,FINBERT_ALPHA_GUARDIAN,0.0,1.0,
2018-02-26,-0.0756189356817442,0.2641552397808864,0.2929218652214631,4,2.129701267927885,1.0,FINBERT_ALPHA_GUARDIAN,0.0,4.0,
2018-02-27,-0.2896826606698852,0.3034934985957055,0.5124795551374967,5,2.69618052315712,1.0,FINBERT_ALPHA_GUARDIAN,1.0,4.0,
2018-02-28,-0.4001369372891583,0.2215597345610529,0.5961015795324833,4,2.5068668504059315,1.0,FINBERT_ALPHA_GUARDIAN,0.0,4.0,
2018-03-01,0.4206366572382063,0.5782006310297425,0.0,3,1.4121922015845774,1.0,FINBERT_ALPHA_GUARDIAN,1.0,2.0,
2018-03-02,-0.5512439491862093,0.0,0.5854641346182731,5,3.2645853896737096,1.0,FINBERT_ALPHA_GUARDIAN,1.0,4.0,
2018-03-04,-0.089893145184745,0.0,0.1915799593231918,4,1.6348491747677325,1.0,FINBERT_ALPHA_GUARDIAN,0.0,4.0,
2018-03-05,-0.4757021016598783,0.0,0.7182873201102468,3,1.3945929287075995,1.0,FINBERT_ALPHA_GUARDIAN,1.0,2.0,
2018-03-06,-0.248750631991093,0.3214415769789154,0.4715198351672416,3,1.4453617833852763,1.0,FINBERT_ALPHA_GUARDIAN,1.0,2.0,
2018-03-07,-0.317012627963324,0.0,0.3998629804535784,5,2.8680873852968216,1.0,FINBERT_ALPHA_GUARDIAN,0.0,5.0,
2018-03-08,-0.266602042911166,0.0,0.2798353298175238,3,1.426502074211836,1.0,FINBERT_ALPHA_GUARDIAN,1.0,2.0,
2018-03-09,-0.5588422961382582,0.0,0.5814449182021793,2,1.2397478775680066,1.0,FINBERT_ALPHA_GUARDIAN,0.0,2.0,
2018-03-12,-0.8190921869200839,0.0,1.0,2,1.3035954870283604,1.0,FINBERT_ALPHA_GUARDIAN,0.0,2.0,
2018-03-13,0.0,0.0,0.0,2,1.035246567428112,1.0,FINBERT_ALPHA_GUARDIAN,0.0,2.0,
2018-03-14,-0.2587887191331502,0.0,0.3414647416722711,3,1.8033373478055,1.0,FINBERT_ALPHA_GUARDIAN,0.0,3.0,
2018-03-15,0.0462603153979676,0.1929204683135586,0.1518412489665781,5,2.343631236106157,1.0,FINBERT_ALPHA_GUARDIAN,0.0,5.0,
2018-03-16,0.0786995460719636,0.1256824540733056,0.0,5,2.336661300301552,1.0,FINBERT_ALPHA_GUARDIAN,2.0,3.0,
2018-03-17,-0.6215236208029212,0.0,0.8301452274225694,5,2.3497657200843096,1.0,FINBERT_ALPHA_GUARDIAN,1.0,4.0,
2018-03-18,0.0,0.0,0.0,2,1.168788427710533,1.0,FINBERT_ALPHA_GUARDIAN,0.0,2.0,
2018-03-19,-0.5017782149295178,0.0,0.5417607959786573,4,2.5619993689656257,1.0,FINBERT_ALPHA_GUARDIAN,0.0,4.0,
2018-03-20,-0.4234852037280339,0.0,0.4740768959748439,3,1.5309606542289256,1.0,FINBERT_ALPHA_GUARDIAN,1.0,2.0,
2018-03-21,-0.1339011277054445,0.0655080266336745,0.2354616344243633,8,4.548400812089444,1.0,FINBERT_ALPHA_GUARDIAN,2.0,6.0,
2018-03-22,0.5153609979442193,0.6058718695602121,0.0,3,1.585807106256485,1.0,FINBERT_ALPHA_GUARDIAN,1.0,2.0,
2018-03-23,-0.2143390650504749,0.1608229821968056,0.4269383724988798,7,4.355358070284128,1.0,FINBERT_ALPHA_GUARDIAN,0.0,7.0,
2018-03-24,0.0,0.0,0.0,1,0.6720630604028701,1.0,FINBERT_ALPHA_GUARDIAN,0.0,1.0,
2018-03-25,0.0,0.0,0.0,1,0.5380385786294937,1.0,FINBERT_ALPHA_GUARDIAN,0.0,1.0,
2018-03-26,-0.0341955423355102,0.4891892541745022,0.5108107458254978,2,1.1861650049686432,1.0,FINBERT_ALPHA_GUARDIAN,0.0,2.0,
2018-03-27,0.1906292812944367,0.3814285395959806,0.2558834781381101,3,1.827876807451248,1.0,FINBERT_ALPHA_GUARDIAN,0.0,3.0,
2018-03-28,-0.3855988898676644,0.1413301386533217,0.5261314809575489,6,3.781074874848127,1.0,FINBERT_ALPHA_GUARDIAN,0.0,6.0,
2018-03-29,-0.9562071628778498,0.0,1.0,2,1.5222444312274457,1.0,FINBERT_ALPHA_GUARDIAN,0.0,2.0,
2018-03-30,0.9053997993469238,1.0,0.0,1,0.6685002668581724,1.0,FINBERT_ALPHA_GUARDIAN,1.0,0.0,
2018-03-31,-0.4833272590343009,0.0,0.6401643780975751,3,1.627856462150812,1.0,FINBERT_ALPHA_GUARDIAN,0.0,3.0,
2018-04-01,-0.8967096209526062,0.0,1.0,1,0.8115222069621086,1.0,FINBERT_ALPHA_GUARDIAN,0.0,1.0,
2018-04-02,-0.4399471746721603,0.0,0.4663349676488075,3,1.6437203769385813,1.0,FINBERT_ALPHA_GUARDIAN,0.0,3.0,
2018-04-03,-0.6800827266657119,0.0,0.7140979541030096,3,2.206338502913713,1.0,FINBERT_ALPHA_GUARDIAN,0.0,3.0,
2018-04-04,-0.1894648064129557,0.0,0.2031624433516105,6,3.442729962736368,1.0,FINBERT_ALPHA_GUARDIAN,1.0,5.0,
2018-04-05,-0.4141289325155177,0.1623469007806731,0.691057721077964,7,4.063002705425024,1.0,FINBERT_ALPHA_GUARDIAN,0.0,7.0,
2018-04-06,-0.684397582343787,0.0,0.760870733761065,4,2.518024981319904,1.0,FINBERT_ALPHA_GUARDIAN,0.0,4.0,
2018-04-07,-0.3187876158561357,0.0,0.3693647998301241,3,1.5597022600471973,1.0,FINBERT_ALPHA_GUARDIAN,0.0,3.0,
2018-04-08,0.0,0.0,0.0,1,0.6112640011310577,1.0,FINBERT_ALPHA_GUARDIAN,0.0,1.0,
2018-04-09,0.7233386686946175,1.0,0.0,2,0.7952274669408799,1.0,FINBERT_ALPHA_GUARDIAN,1.0,1.0,
2018-04-10,0.251442559383062,0.355184565652255,0.0,3,1.7439686378836632,1.0,FINBERT_ALPHA_GUARDIAN,0.0,3.0,
2018-04-11,0.0257795535336805,0.2123357807378579,0.1805119376904164,6,4.044968539923429,1.0,FINBERT_ALPHA_GUARDIAN,0.0,6.0,
2018-04-12,0.0706611263886988,0.5926013068339224,0.4073986931660777,3,1.8081795315444469,1.0,FINBERT_ALPHA_GUARDIAN,0.0,3.0,
2018-04-13,-0.2464967785863774,0.1167841471850795,0.4823078858151356,6,2.3617342559695245,1.0,FINBERT_ALPHA_GUARDIAN,3.0,3.0,
2018-04-14,0.4138179075738495,0.5430486904056624,0.0,2,1.006824197024107,1.0,FINBERT_ALPHA_GUARDIAN,0.0,2.0,
2018-04-15,0.0,0.0,0.0,2,0.979719570726156,1.0,FINBERT_ALPHA_GUARDIAN,0.0,2.0,
2018-04-16,-0.2990120693348586,0.0,0.421417453040799,4,2.3575059814006085,1.0,FINBERT_ALPHA_GUARDIAN,0.0,4.0,
2018-04-17,0.4534430959117188,0.5180927112884857,0.0,2,1.372559557855129,1.0,FINBERT_ALPHA_GUARDIAN,0.0,2.0,
2018-04-18,-0.4255541204516341,0.0,0.4524409383621117,5,2.3607141037881374,1.0,FINBERT_ALPHA_GUARDIAN,3.0,2.0,
2018-04-19,-0.802918473501834,0.0,1.0,3,1.4568611217141147,1.0,FINBERT_ALPHA_GUARDIAN,1.0,2.0,
2018-04-20,-0.7026762060527969,0.0,0.8021696911348588,5,3.240156040638685,1.0,FINBERT_ALPHA_GUARDIAN,0.0,5.0,
2018-04-21,-0.7055086961872503,0.0,0.7533846153537522,4,2.5663285724818703,1.0,FINBERT_ALPHA_GUARDIAN,0.0,4.0,
2018-04-22,-0.1943704226171175,0.0,0.4003832149227979,2,0.8093376127630472,1.0,FINBERT_ALPHA_GUARDIAN,0.0,2.0,
2018-04-23,-0.0644616325831318,0.4472676726624406,0.5527323273375594,4,2.1452943328320977,1.0,FINBERT_ALPHA_GUARDIAN,1.0,3.0,
2018-04-24,-0.1591861419571815,0.0,0.1653824682231431,6,3.8848798255622383,1.0,FINBERT_ALPHA_GUARDIAN,0.0,6.0,
2018-04-25,0.272086726923912,0.3709976272527961,0.0,4,1.5213875225186348,1.0,FINBERT_ALPHA_GUARDIAN,3.0,1.0,
2018-04-26,0.5082470718654393,0.5381289624465859,0.0,3,1.3689789004325863,1.0,FINBERT_ALPHA_GUARDIAN,2.0,1.0,
2018-04-28,-0.2678194618598985,0.0,0.4434432895953376,2,0.9942344757914544,1.0,FINBERT_ALPHA_GUARDIAN,0.0,2.0,
2018-04-29,0.0,0.0,0.0,2,1.1178777381777762,1.0,FINBERT_ALPHA_GUARDIAN,0.0,2.0,
2018-04-30,-0.4448585943310639,0.0965272160595363,0.6142459135370878,7,4.110754153728485,1.0,FINBERT_ALPHA_GUARDIAN,1.0,6.0,
2018-05-01,-0.96375572681427,0.0,1.0,1,0.7517294669151305,1.0,FINBERT_ALPHA_GUARDIAN,0.0,1.0,
2018-05-02,0.0,0.0,0.0,2,0.6698309586048126,1.0,FINBERT_ALPHA_GUARDIAN,2.0,0.0,
2018-05-03,-0.915549635887146,0.0,1.0,1,0.6866622269153595,1.0,FINBERT_ALPHA_GUARDIAN,0.0,1.0,
2018-05-04,-0.3786899149417877,0.0,1.0,1,0.3076855558902025,1.0,FINBERT_ALPHA_GUARDIAN,0.0,1.0,
2018-05-06,-0.4737551213186325,0.0,0.5325166592244973,2,1.303113136589527,1.0,FINBERT_ALPHA_GUARDIAN,0.0,2.0,
2018-05-07,0.0,0.0,0.0,1,0.3850604915618896,1.0,FINBERT_ALPHA_GUARDIAN,0.0,1.0,
2018-05-09,0.0,0.0,0.0,2,1.257286869287491,1.0,FINBERT_ALPHA_GUARDIAN,0.0,2.0,
2018-05-10,0.4296424247406967,0.6102212525079201,0.0,2,1.1163065542280677,1.0,FINBERT_ALPHA_GUARDIAN,0.0,2.0,
2018-05-11,-0.6271701616621645,0.0,0.6798878009998046,3,2.0073166030645373,1.0,FINBERT_ALPHA_GUARDIAN,0.0,3.0,
2018-05-12,-0.8912844947476078,0.0,1.0,2,1.3363496249914169,1.0,FINBERT_ALPHA_GUARDIAN,0.0,2.0,
2018-05-14,0.0,0.0,0.0,2,1.1122987733781335,1.0,FINBERT_ALPHA_GUARDIAN,0.0,2.0,
2018-05-15,-0.0172335684036844,0.4902384737667143,0.5097615262332856,2,1.4725060161948205,1.0,FINBERT_ALPHA_GUARDIAN,0.0,2.0,
2018-05-16,-0.1223452749573941,0.3843907307742288,0.4806088173634009,3,1.5613829410374165,1.0,FINBERT_ALPHA_GUARDIAN,1.0,2.0,
2018-05-17,0.2461757124751864,0.4155311094405348,0.0,4,1.729754066467285,1.0,FINBERT_ALPHA_GUARDIAN,2.0,2.0,
2018-05-18,-0.6465307102806186,0.1418960023544492,0.8581039976455508,4,1.7826368849575518,1.0,FINBERT_ALPHA_GUARDIAN,2.0,2.0,
2018-05-19,-0.8650738596916198,0.0,1.0,1,0.6206904943287372,1.0,FINBERT_ALPHA_GUARDIAN,0.0,1.0,
2018-05-20,0.0,0.0,0.0,2,1.0927472622692584,1.0,FINBERT_ALPHA_GUARDIAN,0.0,2.0,
2018-05-21,0.0140293815924232,0.2811993370070991,0.2621655855573482,4,2.4701185356080533,1.0,FINBERT_ALPHA_GUARDIAN,0.0,4.0,
2018-05-22,-0.519641745502625,0.1091763324438132,0.635026202776788,7,4.182484533369541,1.0,FINBERT_ALPHA_GUARDIAN,1.0,6.0,
2018-05-23,-0.6934473907332144,0.0,0.8002059292173278,5,2.737488262385129,1.0,FINBERT_ALPHA_GUARDIAN,1.0,4.0,
2018-05-24,-0.2134755896293237,0.1587002551573635,0.5089989262845477,4,1.7952739744484425,1.0,FINBERT_ALPHA_GUARDIAN,1.0,3.0,
2018-05-25,0.0,0.0,0.0,1,0.6142740595340729,1.0,FINBERT_ALPHA_GUARDIAN,0.0,1.0,
2018-05-26,-0.3874511134396078,0.0,0.4723266425664818,2,1.3546485263109207,1.0,FINBERT_ALPHA_GUARDIAN,0.0,2.0,
2018-05-28,0.0,0.0,0.0,1,0.6059983670711517,1.0,FINBERT_ALPHA_GUARDIAN,0.0,1.0,
2018-05-29,-0.564942816001582,0.0,0.65254976782224,3,1.6310821110904217,1.0,FINBERT_ALPHA_GUARDIAN,1.0,2.0,
2018-05-30,-0.5197658795797037,0.0,0.5462641091027076,4,2.231730056017637,1.0,FINBERT_ALPHA_GUARDIAN,1.0,3.0,
2018-05-31,-0.2228458366664363,0.3836444691341333,0.6163555308658667,2,1.1564252616167068,1.0,FINBERT_ALPHA_GUARDIAN,1.0,1.0,
2018-06-01,-0.3550219937464509,0.3044950659376368,0.6955049340623634,3,2.000316498576116,1.0,FINBERT_ALPHA_GUARDIAN,1.0,2.0,
2018-06-02,0.0,0.0,0.0,1,0.5435017971694469,1.0,FINBERT_ALPHA_GUARDIAN,0.0,1.0,
2018-06-03,0.0,0.0,0.0,3,1.5533932649195197,1.0,FINBERT_ALPHA_GUARDIAN,1.0,2.0,
2018-06-04,0.0,0.0,0.0,4,2.5864168836176398,1.0,FINBERT_ALPHA_GUARDIAN,0.0,4.0,
2018-06-05,-0.5054539841435057,0.0,0.6577045338795885,6,3.4896712148189546,1.0,FINBERT_ALPHA_GUARDIAN,0.0,6.0,
2018-06-06,-0.2899669119630745,0.0,0.3424400690405808,3,1.8545585760474204,1.0,FINBERT_ALPHA_GUARDIAN,0.0,3.0,
2018-06-07,0.2487811105675522,0.4928350864612338,0.1579812837528817,10,4.71658890748024,1.0,FINBERT_ALPHA_GUARDIAN,5.0,5.0,
2018-06-08,-0.407106950469993,0.0,0.4586737729039937,3,1.4513159391582011,1.0,FINBERT_ALPHA_GUARDIAN,1.0,2.0,
2018-06-09,0.7956966161727905,1.0,0.0,1,0.6206433606147765,1.0,FINBERT_ALPHA_GUARDIAN,0.0,1.0,
2018-06-10,-0.5188410165929495,0.0,0.6334804356122185,3,1.88217763915658,1.0,FINBERT_ALPHA_GUARDIAN,0.0,3.0,
2018-06-11,-0.3140289849429196,0.0,0.3603308985400351,3,1.813961183428764,1.0,FINBERT_ALPHA_GUARDIAN,0.0,3.0,
2018-06-12,0.0,0.0,0.0,1,0.755907453596592,1.0,FINBERT_ALPHA_GUARDIAN,0.0,1.0,
2018-06-13,-0.6627312827396342,0.0,0.7355082685898461,2,0.8177369500994681,1.0,FINBERT_ALPHA_GUARDIAN,1.0,1.0,
2018-06-14,-0.0415994567255455,0.3427737247207469,0.359865444664117,4,2.1748763140439986,1.0,FINBERT_ALPHA_GUARDIAN,2.0,2.0,
2018-06-15,-0.4118091834888062,0.0,0.5229728532337582,2,1.223379236459732,1.0,FINBERT_ALPHA_GUARDIAN,0.0,2.0,
2018-06-16,0.8163262605667114,1.0,0.0,1,0.5448977789282798,1.0,FINBERT_ALPHA_GUARDIAN,0.0,1.0,
2018-06-17,-0.3580194287907037,0.0,0.4834839232296317,2,1.1946401949226857,1.0,FINBERT_ALPHA_GUARDIAN,0.0,2.0,
2018-06-18,-0.5565525255100321,0.2520667141743816,0.7479332858256184,3,1.470739591538906,1.0,FINBERT_ALPHA_GUARDIAN,1.0,2.0,
2018-06-19,-0.9652037620544434,0.0,1.0,1,0.7842280566692352,1.0,FINBERT_ALPHA_GUARDIAN,0.0,1.0,
2018-06-20,-0.91212395649518,0.0,1.0,2,1.3905756437778471,1.0,FINBERT_ALPHA_GUARDIAN,0.0,2.0,
2018-06-21,-0.3881145816777304,0.0,0.4025975399505297,2,1.123027959406376,1.0,FINBERT_ALPHA_GUARDIAN,1.0,1.0,
2018-06-22,0.2097048776929041,0.3210779844557565,0.0,3,1.4849448899328708,1.0,FINBERT_ALPHA_GUARDIAN,1.0,2.0,
2018-06-23,0.0,0.0,0.0,1,0.6028021499514579,1.0,FINBERT_ALPHA_GUARDIAN,0.0,1.0,
2018-06-24,-0.2999815153930069,0.0,0.4624618345182181,2,0.9362546107172964,1.0,FINBERT_ALPHA_GUARDIAN,0.0,2.0,
2018-06-25,-0.351231934554574,0.2040268738453073,0.5737857137933274,4,1.9631898169219493,1.0,FINBERT_ALPHA_GUARDIAN,0.0,4.0,
2018-06-26,-0.7450080534003747,0.0,0.8130751620941254,4,2.544933158099651,1.0,FINBERT_ALPHA_GUARDIAN,1.0,3.0,
2018-06-27,-0.8660957278065389,0.0,1.0,3,1.935133094340563,1.0,FINBERT_ALPHA_GUARDIAN,0.0,3.0,
2018-06-28,-0.3478369700583016,0.0,0.3596654306534269,4,2.016692149937153,1.0,FINBERT_ALPHA_GUARDIAN,2.0,2.0,
2018-06-29,0.2012721798072162,0.4372034168790371,0.1825023336032807,5,3.073290893137455,1.0,FINBERT_ALPHA_GUARDIAN,0.0,5.0,
2018-06-30,0.0,0.0,0.0,2,1.230447766035795,1.0,FINBERT_ALPHA_GUARDIAN,0.0,2.0,
2018-07-01,-0.5811179876327515,0.0,1.0,1,0.3878962567448616,1.0,FINBERT_ALPHA_GUARDIAN,0.0,1.0,
2018-07-02,0.8160000443458557,1.0,0.0,1,0.6976800379157067,1.0,FINBERT_ALPHA_GUARDIAN,0.0,1.0,
2018-07-03,-0.2664308005952765,0.0,0.2799861478270023,4,2.4810424737632277,1.0,FINBERT_ALPHA_GUARDIAN,0.0,4.0,
2018-07-04,-0.2895688532791492,0.0,0.3128409599289875,4,2.159869375824928,1.0,FINBERT_ALPHA_GUARDIAN,0.0,4.0,
2018-07-06,0.0,0.0,0.0,1,0.3721968710422516,1.0,FINBERT_ALPHA_GUARDIAN,0.0,1.0,
2018-07-09,-0.3279126794314632,0.0,0.3585677896911137,3,1.912832425236702,1.0,FINBERT_ALPHA_GUARDIAN,0.0,3.0,
2018-07-10,0.491830803581274,0.6277752042737711,0.0,3,1.8497300527989864,1.0,FINBERT_ALPHA_GUARDIAN,0.0,3.0,
2018-07-11,0.1296880928377571,0.4567714173800679,0.2472255552118494,4,2.4218577927351,1.0,FINBERT_ALPHA_GUARDIAN,0.0,4.0,
2018-07-12,0.0,0.0,0.0,3,1.884634475708008,1.0,FINBERT_ALPHA_GUARDIAN,0.0,3.0,
2018-07-13,-0.4300257299527601,0.0,0.4923187598217195,2,1.4415345028042794,1.0,FINBERT_ALPHA_GUARDIAN,0.0,2.0,
2018-07-14,-0.9280961155891418,0.0,1.0,1,0.7239149701595305,1.0,FINBERT_ALPHA_GUARDIAN,0.0,1.0,
2018-07-17,-0.4265778456183554,0.0,0.4406043085782659,3,1.785353366434574,1.0,FINBERT_ALPHA_GUARDIAN,0.0,3.0,
2018-07-18,-0.5951319158274931,0.0,0.687860258352605,3,1.8579985578358171,1.0,FINBERT_ALPHA_GUARDIAN,0.0,3.0,
2018-07-19,0.3199224005520681,0.3538862469812381,0.0,3,1.8648338332772252,1.0,FINBERT_ALPHA_GUARDIAN,0.0,3.0,
2018-07-20,0.0654547978258436,0.27587503547666,0.2049361993379938,5,3.09090907946229,1.0,FINBERT_ALPHA_GUARDIAN,0.0,5.0,
2018-07-21,0.0,0.0,0.0,2,1.2334641630947591,1.0,FINBERT_ALPHA_GUARDIAN,0.0,2.0,
2018-07-22,0.4765412511194262,0.501736017924407,0.0,2,1.3582254026830194,1.0,FINBERT_ALPHA_GUARDIAN,0.0,2.0,
2018-07-23,-0.9344846977241668,0.0,1.0,2,1.4570689977705475,1.0,FINBERT_ALPHA_GUARDIAN,0.0,2.0,
2018-07-24,0.0,0.0,0.0,2,1.246220946311951,1.0,FINBERT_ALPHA_GUARDIAN,0.0,2.0,
2018-07-25,0.0,0.0,0.0,4,2.339834764748812,1.0,FINBERT_ALPHA_GUARDIAN,0.0,4.0,
2018-07-26,-0.0781772549000593,0.3891701516800955,0.513969409477784,6,3.737774591892957,1.0,FINBERT_ALPHA_GUARDIAN,0.0,6.0,
2018-07-27,0.0,0.0,0.0,1,0.4281708776950835,1.0,FINBERT_ALPHA_GUARDIAN,0.0,1.0,
2018-07-29,-0.7165650725364685,0.0,1.0,1,0.5141354395449161,1.0,FINBERT_ALPHA_GUARDIAN,0.0,1.0,
2018-07-30,-0.9045794010162354,0.0,1.0,1,0.7349707633256912,1.0,FINBERT_ALPHA_GUARDIAN,0.0,1.0,
2018-07-31,0.0162119547818851,0.5091443679713962,0.4908556320286039,2,1.4616902393102644,1.0,FINBERT_ALPHA_GUARDIAN,0.0,2.0,
2018-08-01,-0.0484183065578225,0.2588553099856048,0.2818236550241802,4,2.5012861603498457,1.0,FINBERT_ALPHA_GUARDIAN,0.0,4.0,
2018-08-02,0.16167029964254,0.2634696924184051,0.0,4,2.107742213457823,1.0,FINBERT_ALPHA_GUARDIAN,0.0,4.0,
2018-08-03,-0.8544238805770874,0.0,1.0,1,0.6237294328212738,1.0,FINBERT_ALPHA_GUARDIAN,0.0,1.0,
2018-08-04,-0.8039650134664398,0.0,1.0,2,1.1987834367156027,1.0,FINBERT_ALPHA_GUARDIAN,0.0,2.0,
2018-08-07,-0.765872597694397,0.0,1.0,1,0.6222714856266975,1.0,FINBERT_ALPHA_GUARDIAN,0.0,1.0,
2018-08-09,-0.7058812379837036,0.0,1.0,1,0.5735285058617592,1.0,FINBERT_ALPHA_GUARDIAN,0.0,1.0,
2018-08-16,0.0,0.0,0.0,1,0.4222102351486683,1.0,FINBERT_ALPHA_GUARDIAN,0.0,1.0,
2018-08-17,-0.9602715969085692,0.0,1.0,1,0.7202036976814269,1.0,FINBERT_ALPHA_GUARDIAN,0.0,1.0,
2018-08-19,0.0,0.0,0.0,1,0.4099759645760059,1.0,FINBERT_ALPHA_GUARDIAN,0.0,1.0,
2018-08-22,-0.3881000074212959,0.0,0.5021431230811664,2,1.1736225903034212,1.0,FINBERT_ALPHA_GUARDIAN,0.0,2.0,
2018-08-27,-0.7657728791236877,0.0,1.0,1,0.5839018203318119,1.0,FINBERT_ALPHA_GUARDIAN,0.0,1.0,
2018-08-28,0.6589722037315369,1.0,0.0,1,0.5354149155318737,1.0,FINBERT_ALPHA_GUARDIAN,0.0,1.0,
2018-08-29,0.6755005960404791,0.7293778981810929,0.0,3,1.8410023510456088,1.0,FINBERT_ALPHA_GUARDIAN,0.0,3.0,
2018-08-31,-0.9623660482475868,0.0,1.0,2,1.4555656149983407,1.0,FINBERT_ALPHA_GUARDIAN,0.0,2.0,
2018-09-04,0.84974604845047,1.0,0.0,1,0.7966369204223156,1.0,FINBERT_ALPHA_GUARDIAN,0.0,1.0,
2018-09-12,-0.8427854776382446,0.0,1.0,1,0.6847632005810738,1.0,FINBERT_ALPHA_GUARDIAN,0.0,1.0,
2018-09-24,0.938179075717926,1.0,0.0,1,0.7036343067884445,1.0,FINBERT_ALPHA_GUARDIAN,0.0,1.0,
2018-09-26,0.8911731243133545,1.0,0.0,1,0.8911731243133545,1.0,FINBERT_ALPHA_GUARDIAN,0.0,1.0,
2018-09-27,0.4942772686481476,1.0,0.0,1,0.4633849393576383,1.0,FINBERT_ALPHA_GUARDIAN,0.0,1.0,
2018-09-28,-0.9666658043861388,0.0,1.0,1,0.7854159660637378,1.0,FINBERT_ALPHA_GUARDIAN,0.0,1.0,
2018-10-05,-0.960006515194184,0.0,1.0,3,2.219916421920061,1.0,FINBERT_ALPHA_GUARDIAN,0.0,3.0,
2018-10-10,-0.0796354753616834,0.4697493207337472,0.5302506792662528,2,1.6008630394935608,1.0,FINBERT_ALPHA_GUARDIAN,0.0,2.0,
2018-10-11,-0.8621361341169967,0.0,1.0,2,1.3825159519910812,1.0,FINBERT_ALPHA_GUARDIAN,0.0,2.0,
2018-10-12,-0.8454757394059499,0.0,1.0,3,1.918313916772604,1.0,FINBERT_ALPHA_GUARDIAN,0.0,3.0,
2018-10-15,-0.941534161567688,0.0,1.0,1,0.706150621175766,1.0,FINBERT_ALPHA_GUARDIAN,0.0,1.0,
2018-10-16,-0.67914879322052,0.0,1.0,1,0.5518083944916725,1.0,FINBERT_ALPHA_GUARDIAN,0.0,1.0,
2018-10-17,0.876689076423645,1.0,0.0,1,0.7671029418706894,1.0,FINBERT_ALPHA_GUARDIAN,0.0,1.0,
2018-10-19,-0.9635236263275146,0.0,1.0,1,0.6744665384292603,1.0,FINBERT_ALPHA_GUARDIAN,0.0,1.0,
2018-10-20,0.0,0.0,0.0,1,0.6193084418773652,1.0,FINBERT_ALPHA_GUARDIAN,0.0,1.0,
2018-10-21,0.3653294146060943,1.0,0.0,1,0.3653294146060943,1.0,FINBERT_ALPHA_GUARDIAN,0.0,1.0,
2018-10-22,-0.506311297416687,0.0,1.0,1,0.3797334730625152,1.0,FINBERT_ALPHA_GUARDIAN,0.0,1.0,
2018-10-23,-0.96318519115448,0.0,1.0,1,0.72238889336586,1.0,FINBERT_ALPHA_GUARDIAN,0.0,1.0,
2018-10-24,-0.9678905010223388,0.0,1.0,1,0.8469041883945464,1.0,FINBERT_ALPHA_GUARDIAN,0.0,1.0,
2018-10-25,-0.8648852655139936,0.0,1.0,3,1.8552055805921557,1.0,FINBERT_ALPHA_GUARDIAN,0.0,3.0,
2018-10-26,-0.9564079760560756,0.0,1.0,2,1.613717805594206,1.0,FINBERT_ALPHA_GUARDIAN,0.0,2.0,
2018-10-30,0.0,0.0,0.0,1,0.5047094374895096,1.0,FINBERT_ALPHA_GUARDIAN,0.0,1.0,
2018-10-31,0.4947325479486358,0.54798266675315,0.0,2,1.3386289395391942,1.0,FINBERT_ALPHA_GUARDIAN,0.0,2.0,
2018-11-01,0.0,0.0,0.0,1,0.7671024203300476,1.0,FINBERT_ALPHA_GUARDIAN,0.0,1.0,
2018-11-02,0.0,0.0,0.0,1,0.3431689739227294,1.0,FINBERT_ALPHA_GUARDIAN,0.0,1.0,
2018-11-04,0.0,0.0,0.0,1,0.4059682801365852,1.0,FINBERT_ALPHA_GUARDIAN,0.0,1.0,
2018-11-05,-0.97169029712677,0.0,1.0,1,0.7287677228450775,1.0,FINBERT_ALPHA_GUARDIAN,0.0,1.0,
2018-11-06,0.6227138638496399,1.0,0.0,1,0.5059550143778324,1.0,FINBERT_ALPHA_GUARDIAN,0.0,1.0,
2018-11-07,-0.933467626571655,0.0,1.0,1,0.7001007199287413,1.0,FINBERT_ALPHA_GUARDIAN,0.0,1.0,
2018-11-15,-0.9708135724067688,0.0,1.0,1,0.7281101793050766,1.0,FINBERT_ALPHA_GUARDIAN,0.0,1.0,
2018-11-16,0.7403966188430786,1.0,0.0,1,0.6015722528100014,1.0,FINBERT_ALPHA_GUARDIAN,0.0,1.0,
2018-11-19,-0.9545881152153016,0.0,1.0,1,0.7159410864114762,1.0,FINBERT_ALPHA_GUARDIAN,0.0,1.0,
2018-11-20,-0.9582358747806188,0.0,1.0,2,1.616581194102764,1.0,FINBERT_ALPHA_GUARDIAN,0.0,2.0,
2018-11-21,-0.9623548984527588,0.0,1.0,1,0.7217661738395691,1.0,FINBERT_ALPHA_GUARDIAN,0.0,1.0,
2018-11-27,-0.9597198367118835,0.0,1.0,1,0.7797723673284054,1.0,FINBERT_ALPHA_GUARDIAN,0.0,1.0,
2018-11-30,0.8496474027633667,1.0,0.0,1,0.637235552072525,1.0,FINBERT_ALPHA_GUARDIAN,0.0,1.0,
2018-12-03,-0.9302154183387756,0.0,1.0,1,0.7558000274002552,1.0,FINBERT_ALPHA_GUARDIAN,0.0,1.0,
2018-12-04,-0.9649614691734314,0.0,1.0,1,0.8443412855267525,1.0,FINBERT_ALPHA_GUARDIAN,0.0,1.0,
2018-12-05,-0.5968758463859558,0.0,1.0,1,0.4178130924701691,1.0,FINBERT_ALPHA_GUARDIAN,0.0,1.0,
2018-12-06,-0.971924126148224,0.0,1.0,1,0.728943094611168,1.0,FINBERT_ALPHA_GUARDIAN,0.0,1.0,
2018-12-07,-0.5163415793168901,0.0,0.532608418947963,2,1.3651560813188557,1.0,FINBERT_ALPHA_GUARDIAN,0.0,2.0,
2018-12-08,0.0,0.0,0.0,1,0.5680461876094342,1.0,FINBERT_ALPHA_GUARDIAN,0.0,1.0,
2018-12-12,0.7877708155965396,1.0,0.0,2,1.123171404004097,1.0,FINBERT_ALPHA_GUARDIAN,0.0,2.0,
2018-12-18,-0.8746639490127563,0.0,1.0,1,0.6559979617595673,1.0,FINBERT_ALPHA_GUARDIAN,0.0,1.0,
2018-12-19,-0.9504773616790771,0.0,1.0,1,0.7722628563642502,1.0,FINBERT_ALPHA_GUARDIAN,0.0,1.0,
2018-12-20,-0.9724071025848388,0.0,1.0,1,0.8508562147617339,1.0,FINBERT_ALPHA_GUARDIAN,0.0,1.0,
2018-12-21,-0.7867325703026218,0.0,1.0,2,1.1521655246615408,1.0,FINBERT_ALPHA_GUARDIAN,0.0,2.0,
2018-12-22,0.0,0.0,0.0,1,0.3750786334276199,1.0,FINBERT_ALPHA_GUARDIAN,0.0,1.0,
2018-12-27,0.0282324378442534,0.4436679793009788,0.300285295155333,4,2.62298971042037,1.0,FINBERT_ALPHA_GUARDIAN,0.0,4.0,
2018-12-28,0.6404861211776733,1.0,0.0,1,0.480364590883255,1.0,FINBERT_ALPHA_GUARDIAN,0.0,1.0,
2018-12-31,-0.9687381982803344,0.0,1.0,1,0.7265536487102507,1.0,FINBERT_ALPHA_GUARDIAN,0.0,1.0,
2019-01-02,-0.8811342529581548,0.0,1.0,2,1.3673253059387207,1.0,FINBERT_ALPHA_GUARDIAN,0.0,2.0,
2019-01-03,-0.9581161226306036,0.0,1.0,3,2.395170196890831,1.0,FINBERT_ALPHA_GUARDIAN,0.0,3.0,
2019-01-04,-0.7955003976821899,0.0,1.0,1,0.5966252982616425,1.0,FINBERT_ALPHA_GUARDIAN,0.0,1.0,
2019-01-08,-0.96835595369339,0.0,1.0,1,0.7262669652700425,1.0,FINBERT_ALPHA_GUARDIAN,0.0,1.0,
2019-01-09,0.5828975439071655,1.0,0.0,1,0.4371731579303741,1.0,FINBERT_ALPHA_GUARDIAN,0.0,1.0,
2019-01-11,-0.9755898118019104,0.0,1.0,1,0.7316923588514328,1.0,FINBERT_ALPHA_GUARDIAN,0.0,1.0,
2019-01-14,-0.971114993095398,0.0,1.0,1,0.7890309318900108,1.0,FINBERT_ALPHA_GUARDIAN,0.0,1.0,
2019-01-15,0.726043164730072,1.0,0.0,1,0.544532373547554,1.0,FINBERT_ALPHA_GUARDIAN,0.0,1.0,
2019-01-22,-0.9713358879089355,0.0,1.0,1,0.7285019159317017,1.0,FINBERT_ALPHA_GUARDIAN,0.0,1.0,
2019-01-28,-0.957488775253296,0.0,1.0,1,0.777959629893303,1.0,FINBERT_ALPHA_GUARDIAN,0.0,1.0,
2019-01-30,0.0,0.0,0.0,1,0.6743397936224937,1.0,FINBERT_ALPHA_GUARDIAN,0.0,1.0,
2019-01-31,0.5677759647369385,1.0,0.0,1,0.5322899669408798,1.0,FINBERT_ALPHA_GUARDIAN,0.0,1.0,
2019-02-01,0.8214629292488098,1.0,0.0,1,0.6160971969366074,1.0,FINBERT_ALPHA_GUARDIAN,0.0,1.0,
2019-02-08,-0.8970056176185608,0.0,1.0,1,0.7288170643150806,1.0,FINBERT_ALPHA_GUARDIAN,0.0,1.0,
2019-02-12,-0.9367323517799376,0.0,1.0,1,0.7025492638349532,1.0,FINBERT_ALPHA_GUARDIAN,0.0,1.0,
2019-02-14,-0.5034756064414978,0.0,1.0,1,0.4090739302337169,1.0,FINBERT_ALPHA_GUARDIAN,0.0,1.0,
2019-02-15,0.9487926363945008,1.0,0.0,1,0.770894017070532,1.0,FINBERT_ALPHA_GUARDIAN,0.0,1.0,
2019-02-19,-0.9704750776290894,0.0,1.0,1,0.7885110005736351,1.0,FINBERT_ALPHA_GUARDIAN,0.0,1.0,
2019-02-20,-0.9550914168357848,0.0,1.0,1,0.7760117761790751,1.0,FINBERT_ALPHA_GUARDIAN,0.0,1.0,
2019-02-21,0.9283758997917178,1.0,0.0,1,0.6962819248437883,1.0,FINBERT_ALPHA_GUARDIAN,0.0,1.0,
2019-02-22,-0.948209583759308,0.0,1.0,1,0.7704202868044377,1.0,FINBERT_ALPHA_GUARDIAN,0.0,1.0,
2019-02-25,0.6662257313728333,1.0,0.0,1,0.4996692985296249,1.0,FINBERT_ALPHA_GUARDIAN,0.0,1.0,
2019-02-27,0.0,0.0,0.0,1,0.5252759903669357,1.0,FINBERT_ALPHA_GUARDIAN,0.0,1.0,
2019-02-28,-0.9621297121047974,0.0,1.0,1,0.721597284078598,1.0,FINBERT_ALPHA_GUARDIAN,0.0,1.0,
2019-03-04,-0.9715396165847778,0.0,1.0,1,0.7286547124385834,1.0,FINBERT_ALPHA_GUARDIAN,0.0,1.0,
2019-03-06,-0.4980207085609436,0.0,1.0,1,0.3735155314207077,1.0,FINBERT_ALPHA_GUARDIAN,0.0,1.0,
2019-03-08,-0.97594153881073,0.0,1.0,1,0.7319561541080475,1.0,FINBERT_ALPHA_GUARDIAN,0.0,1.0,
2019-03-11,-0.1659380977137993,0.0,0.3600326990714691,2,1.0401251178234816,1.0,FINBERT_ALPHA_GUARDIAN,1.0,1.0,
2019-03-18,-0.8956177830696106,0.0,1.0,1,0.8396416716277599,1.0,FINBERT_ALPHA_GUARDIAN,0.0,1.0,
2019-03-20,-0.955124020576477,0.0,1.0,1,0.7760382667183876,1.0,FINBERT_ALPHA_GUARDIAN,0.0,1.0,
2019-03-22,0.8938903212547302,1.0,0.0,1,0.7262858860194683,1.0,FINBERT_ALPHA_GUARDIAN,0.0,1.0,
2019-03-25,-0.8061455190775937,0.0,1.0,2,1.1013236045837402,1.0,FINBERT_ALPHA_GUARDIAN,0.0,2.0,
2019-03-26,-0.8944870829582214,0.0,1.0,1,0.7267707549035549,1.0,FINBERT_ALPHA_GUARDIAN,0.0,1.0,
2019-03-29,0.8645315170288086,1.0,0.0,1,0.702431857585907,1.0,FINBERT_ALPHA_GUARDIAN,0.0,1.0,
2019-03-30,0.0,0.0,0.0,1,0.6428663060069084,1.0,FINBERT_ALPHA_GUARDIAN,0.0,1.0,
2019-04-05,-0.882544554819923,0.0,1.0,2,1.2604091197252274,1.0,FINBERT_ALPHA_GUARDIAN,0.0,2.0,
2019-04-08,0.733900785446167,1.0,0.0,1,0.5504255890846252,1.0,FINBERT_ALPHA_GUARDIAN,0.0,1.0,
2019-04-09,-0.502090334892273,0.0,1.0,1,0.4079483970999717,1.0,FINBERT_ALPHA_GUARDIAN,0.0,1.0,
2019-04-16,-0.9695010781288148,0.0,1.0,1,0.787719625979662,1.0,FINBERT_ALPHA_GUARDIAN,0.0,1.0,
2019-04-17,0.0,0.0,0.0,1,0.6474630385637283,1.0,FINBERT_ALPHA_GUARDIAN,0.0,1.0,
2019-04-18,0.8128010034561157,1.0,0.0,1,0.6096007525920868,1.0,FINBERT_ALPHA_GUARDIAN,0.0,1.0,
2019-04-23,-0.870185136795044,0.0,1.0,1,0.7070254236459732,1.0,FINBERT_ALPHA_GUARDIAN,0.0,1.0,
2019-04-24,0.0,0.0,0.0,1,0.4353340119123459,1.0,FINBERT_ALPHA_GUARDIAN,0.0,1.0,
2019-04-25,0.1739951364720083,0.5588874933813277,0.4411125066186722,2,1.570332083851099,1.0,FINBERT_ALPHA_GUARDIAN,0.0,2.0,
2019-04-26,0.0,0.0,0.0,1,0.6003515087068081,1.0,FINBERT_ALPHA_GUARDIAN,0.0,1.0,
2019-04-29,-0.296712303960213,0.3878226164387268,0.6121773835612732,2,1.489494301378727,1.0,FINBERT_ALPHA_GUARDIAN,0.0,2.0,
2019-05-03,-0.9736478328704834,0.0,1.0,1,0.7910888642072678,1.0,FINBERT_ALPHA_GUARDIAN,0.0,1.0,
2019-05-06,-0.9624302983283994,0.0,1.0,1,0.6737012088298797,1.0,FINBERT_ALPHA_GUARDIAN,0.0,1.0,
2019-05-07,-0.9674705266952516,0.0,1.0,1,0.7256028950214387,1.0,FINBERT_ALPHA_GUARDIAN,0.0,1.0,
2019-05-08,0.8006268739700317,1.0,0.0,1,0.6505093351006508,1.0,FINBERT_ALPHA_GUARDIAN,0.0,1.0,
2019-05-09,0.6607263088226318,1.0,0.0,1,0.4955447316169739,1.0,FINBERT_ALPHA_GUARDIAN,0.0,1.0,
2019-05-10,0.7747631072998047,1.0,0.0,1,0.5810723304748535,1.0,FINBERT_ALPHA_GUARDIAN,0.0,1.0,
2019-05-13,-0.9270638823509216,0.0,1.0,1,0.6952979117631912,1.0,FINBERT_ALPHA_GUARDIAN,0.0,1.0,
2019-05-14,-0.5034912026974805,0.0,0.5201411156172808,2,1.395760104060173,1.0,FINBERT_ALPHA_GUARDIAN,0.0,2.0,
2019-05-15,0.0,0.0,0.0,1,0.505949467420578,1.0,FINBERT_ALPHA_GUARDIAN,0.0,1.0,
2019-05-17,-0.944934070110321,0.0,1.0,1,0.8268173113465309,1.0,FINBERT_ALPHA_GUARDIAN,0.0,1.0,
2019-05-20,-0.9565294981002808,0.0,1.0,1,0.8369633108377457,1.0,FINBERT_ALPHA_GUARDIAN,0.0,1.0,
2019-05-21,-0.9382252097129822,0.0,1.0,1,0.762307982891798,1.0,FINBERT_ALPHA_GUARDIAN,0.0,1.0,
2019-05-23,-0.9198243618011476,0.0,1.0,1,0.6898682713508607,1.0,FINBERT_ALPHA_GUARDIAN,0.0,1.0,
2019-05-28,0.0,0.0,0.0,1,0.5850343108177185,1.0,FINBERT_ALPHA_GUARDIAN,0.0,1.0,
2019-05-29,-0.9561418294906616,0.0,1.0,1,0.7171063721179962,1.0,FINBERT_ALPHA_GUARDIAN,0.0,1.0,
2019-05-30,-0.583038866519928,0.0,1.0,1,0.4737190790474415,1.0,FINBERT_ALPHA_GUARDIAN,0.0,1.0,
2019-05-31,-0.8290252685546875,0.0,1.0,1,0.6217689514160156,1.0,FINBERT_ALPHA_GUARDIAN,0.0,1.0,
2019-06-01,-0.899747908115387,0.0,1.0,1,0.629823535680771,1.0,FINBERT_ALPHA_GUARDIAN,0.0,1.0,
2019-06-03,-0.9612634778022766,0.0,1.0,1,0.7209476083517075,1.0,FINBERT_ALPHA_GUARDIAN,0.0,1.0,
2019-06-04,-0.931904737523053,0.0,1.0,2,1.5240401647984982,1.0,FINBERT_ALPHA_GUARDIAN,0.0,2.0,
2019-06-07,-0.973580241203308,0.0,1.0,1,0.730185180902481,1.0,FINBERT_ALPHA_GUARDIAN,0.0,1.0,
2019-06-14,-0.7692795395851135,0.0,1.0,1,0.6250396259129047,1.0,FINBERT_ALPHA_GUARDIAN,0.0,1.0,
2019-06-17,-0.7668970823287964,0.0,1.0,1,0.6231038793921471,1.0,FINBERT_ALPHA_GUARDIAN,0.0,1.0,
2019-06-18,-0.594546748817113,0.0,0.6182973995202462,2,1.1664132170379162,1.0,FINBERT_ALPHA_GUARDIAN,0.0,2.0,
2019-06-20,-0.4899127185344696,0.0,1.0,1,0.3674345389008522,1.0,FINBERT_ALPHA_GUARDIAN,0.0,1.0,
2019-06-21,0.0,0.0,0.0,1,0.4851901084184646,1.0,FINBERT_ALPHA_GUARDIAN,0.0,1.0,
2019-06-24,0.0,0.0,0.0,1,0.4754985459148884,1.0,FINBERT_ALPHA_GUARDIAN,0.0,1.0,
2019-06-28,0.5911208716751896,0.6279910357162901,0.0,2,1.2178471237421036,1.0,FINBERT_ALPHA_GUARDIAN,0.0,2.0,
2019-07-01,0.9416191577911376,1.0,0.0,1,0.7062143683433532,1.0,FINBERT_ALPHA_GUARDIAN,0.0,1.0,
2019-07-10,0.0881231405042442,0.5336638041357049,0.466336195864295,2,1.52389295399189,1.0,FINBERT_ALPHA_GUARDIAN,0.0,2.0,
2019-07-12,-0.9398539066314696,0.0,1.0,1,0.8223721683025359,1.0,FINBERT_ALPHA_GUARDIAN,0.0,1.0,
2019-07-21,0.6326220035552979,1.0,0.0,1,0.4744665026664734,1.0,FINBERT_ALPHA_GUARDIAN,0.0,1.0,
2019-07-22,0.0184956313753266,0.5243900881218415,0.4756099118781585,2,1.209391575306654,1.0,FINBERT_ALPHA_GUARDIAN,0.0,2.0,
2019-07-24,-0.9725916385650636,0.0,1.0,1,0.7294437289237977,1.0,FINBERT_ALPHA_GUARDIAN,0.0,1.0,
2019-07-25,0.0,0.0,0.0,1,0.3702604919672012,1.0,FINBERT_ALPHA_GUARDIAN,0.0,1.0,
2019-07-26,-0.9430756568908693,0.0,1.0,1,0.707306742668152,1.0,FINBERT_ALPHA_GUARDIAN,0.0,1.0,
2019-07-29,-0.8744933605194092,0.0,1.0,1,0.6558700203895569,1.0,FINBERT_ALPHA_GUARDIAN,0.0,1.0,
2019-07-30,0.0,0.0,0.0,1,0.5743221938610077,1.0,FINBERT_ALPHA_GUARDIAN,0.0,1.0,
2019-07-31,0.8669764995574951,1.0,0.0,1,0.7586044371128082,1.0,FINBERT_ALPHA_GUARDIAN,0.0,1.0,
2019-08-01,-0.5694589618139227,0.0,0.5940397902061704,2,1.4120153337717056,1.0,FINBERT_ALPHA_GUARDIAN,0.0,2.0,
2019-08-02,-0.9602501392364502,0.0,1.0,1,0.7201876044273376,1.0,FINBERT_ALPHA_GUARDIAN,0.0,1.0,
2019-08-05,-0.9307067804815278,0.0,1.0,2,1.395500421524048,1.0,FINBERT_ALPHA_GUARDIAN,0.0,2.0,
2019-08-06,0.7092596871702959,1.0,0.0,2,1.0236848652362824,1.0,FINBERT_ALPHA_GUARDIAN,0.0,2.0,
2019-08-07,-0.9260397553443906,0.0,1.0,1,0.694529816508293,1.0,FINBERT_ALPHA_GUARDIAN,0.0,1.0,
2019-08-08,0.7894161939620972,1.0,0.0,1,0.5920621454715729,1.0,FINBERT_ALPHA_GUARDIAN,0.0,1.0,
2019-08-09,-0.9748274087905884,0.0,1.0,1,0.7311205565929413,1.0,FINBERT_ALPHA_GUARDIAN,0.0,1.0,
2019-08-12,-0.870259165763855,0.0,1.0,1,0.7070855721831322,1.0,FINBERT_ALPHA_GUARDIAN,0.0,1.0,
2019-08-13,0.9071440696716306,1.0,0.0,1,0.680358052253723,1.0,FINBERT_ALPHA_GUARDIAN,0.0,1.0,
2019-08-14,-0.9666973354893218,0.0,1.0,2,1.51045660674572,1.0,FINBERT_ALPHA_GUARDIAN,0.0,2.0,
2019-08-15,-0.9359735675486884,0.0,1.0,2,1.4612440764904022,1.0,FINBERT_ALPHA_GUARDIAN,0.0,2.0,
2019-08-16,-0.9651062488555908,0.0,1.0,1,0.7841488271951675,1.0,FINBERT_ALPHA_GUARDIAN,0.0,1.0,
2019-08-19,0.0,0.0,0.0,1,0.4525450319051742,1.0,FINBERT_ALPHA_GUARDIAN,0.0,1.0,
2019-08-21,0.7893353700637817,1.0,0.0,1,0.5920015275478363,1.0,FINBERT_ALPHA_GUARDIAN,0.0,1.0,
2019-08-22,-0.9631884694099426,0.0,1.0,1,0.7825906313955784,1.0,FINBERT_ALPHA_GUARDIAN,0.0,1.0,
2019-08-23,0.0,0.0,0.0,1,0.6472153067588806,1.0,FINBERT_ALPHA_GUARDIAN,0.0,1.0,
2019-08-26,0.8704634308815002,1.0,0.0,1,0.7398939162492753,1.0,FINBERT_ALPHA_GUARDIAN,1.0,0.0,
2019-08-28,0.7930111289024353,1.0,0.0,1,0.5947583466768265,1.0,FINBERT_ALPHA_GUARDIAN,0.0,1.0,
2019-08-29,0.0,0.0,0.0,2,1.1015189521014692,1.0,FINBERT_ALPHA_GUARDIAN,0.0,2.0,
2019-09-04,-0.904506266117096,0.0,1.0,1,0.678379699587822,1.0,FINBERT_ALPHA_GUARDIAN,0.0,1.0,
2019-09-06,0.0,0.0,0.0,1,0.3533489182591438,1.0,FINBERT_ALPHA_GUARDIAN,0.0,1.0,
2019-09-07,0.0,0.0,0.0,1,0.5497613310813905,1.0,FINBERT_ALPHA_GUARDIAN,0.0,1.0,
2019-09-20,-0.9687966704368592,0.0,1.0,1,0.7871472947299482,1.0,FINBERT_ALPHA_GUARDIAN,0.0,1.0,
2019-09-22,0.0,0.0,0.0,1,0.5771912634372711,1.0,FINBERT_ALPHA_GUARDIAN,0.0,1.0,
2019-09-29,-0.9658300876617432,0.0,1.0,1,0.6760810613632203,1.0,FINBERT_ALPHA_GUARDIAN,0.0,1.0,
2019-10-02,-0.9574562907218932,0.0,1.0,1,0.7180922180414199,1.0,FINBERT_ALPHA_GUARDIAN,0.0,1.0,
2019-10-03,-0.9709131717681884,0.0,1.0,1,0.7281848788261412,1.0,FINBERT_ALPHA_GUARDIAN,0.0,1.0,
2019-10-04,0.0,0.0,0.0,1,0.5539326444268227,1.0,FINBERT_ALPHA_GUARDIAN,0.0,1.0,
2019-10-07,-0.9193062782287598,0.0,1.0,1,0.7469363510608673,1.0,FINBERT_ALPHA_GUARDIAN,0.0,1.0,
2019-10-09,0.0,0.0,0.0,1,0.4330245852470398,1.0,FINBERT_ALPHA_GUARDIAN,0.0,1.0,
2019-10-10,-0.6581154465675354,0.0,1.0,1,0.4935865849256515,1.0,FINBERT_ALPHA_GUARDIAN,0.0,1.0,
2019-10-11,-0.4951691925525665,0.0,1.0,1,0.4023249689489602,1.0,FINBERT_ALPHA_GUARDIAN,0.0,1.0,
2019-10-18,-0.8754440546035767,0.0,1.0,1,0.6565830409526825,1.0,FINBERT_ALPHA_GUARDIAN,0.0,1.0,
2019-10-22,-0.7982542514801025,0.0,1.0,1,0.5986906886100769,1.0,FINBERT_ALPHA_GUARDIAN,0.0,1.0,
2019-10-24,-0.9012453556060792,0.0,1.0,1,0.6871995836496355,1.0,FINBERT_ALPHA_GUARDIAN,0.0,1.0,
2019-10-28,0.8401939272880554,1.0,0.0,1,0.6301454454660416,1.0,FINBERT_ALPHA_GUARDIAN,0.0,1.0,
2019-10-30,0.0,0.0,0.0,1,0.6262293197214603,1.0,FINBERT_ALPHA_GUARDIAN,0.0,1.0,
2019-10-31,0.0,0.0,0.0,1,0.6483364813029766,1.0,FINBERT_ALPHA_GUARDIAN,0.0,1.0,
2019-11-01,0.4726798410929027,0.5214021757534585,0.0,2,1.3040152370929718,1.0,FINBERT_ALPHA_GUARDIAN,0.0,2.0,
2019-11-03,0.0,0.0,0.0,1,0.6567774660885335,1.0,FINBERT_ALPHA_GUARDIAN,0.0,1.0,
2019-11-04,0.0,0.0,0.0,1,0.657170981168747,1.0,FINBERT_ALPHA_GUARDIAN,0.0,1.0,
2019-11-05,0.0,0.0,0.0,2,1.0466962285339831,1.0,FINBERT_ALPHA_GUARDIAN,0.0,2.0,
2019-11-08,0.0,0.0,0.0,1,0.68695467710495,1.0,FINBERT_ALPHA_GUARDIAN,0.0,1.0,
2019-11-11,-0.8222441673278809,0.0,1.0,1,0.6680733859539032,1.0,FINBERT_ALPHA_GUARDIAN,0.0,1.0,
2019-11-13,-0.7243990302085876,0.0,1.0,1,0.5885742120444775,1.0,FINBERT_ALPHA_GUARDIAN,0.0,1.0,
2019-11-15,0.0,0.0,0.0,1,0.7450375072658063,1.0,FINBERT_ALPHA_GUARDIAN,0.0,1.0,
2019-11-18,-0.548186719417572,0.0,1.0,1,0.411140039563179,1.0,FINBERT_ALPHA_GUARDIAN,0.0,1.0,
2019-11-19,0.896805465221405,1.0,0.0,1,0.6726040989160538,1.0,FINBERT_ALPHA_GUARDIAN,0.0,1.0,
2019-11-20,0.0,0.0,0.0,1,0.4520593285560608,1.0,FINBERT_ALPHA_GUARDIAN,0.0,1.0,
2019-11-21,0.8102667331695557,1.0,0.0,1,0.658341720700264,1.0,FINBERT_ALPHA_GUARDIAN,0.0,1.0,
2019-11-22,-0.9658493399620056,0.0,1.0,1,0.7243870049715042,1.0,FINBERT_ALPHA_GUARDIAN,0.0,1.0,
2019-12-02,-0.8854188919067383,0.0,1.0,1,0.6640641689300537,1.0,FINBERT_ALPHA_GUARDIAN,0.0,1.0,
2019-12-12,0.7392442797780225,1.0,0.0,2,1.2007479593157768,1.0,FINBERT_ALPHA_GUARDIAN,0.0,2.0,
2019-12-13,-0.5588424801826477,0.0,1.0,1,0.3911897361278534,1.0,FINBERT_ALPHA_GUARDIAN,0.0,1.0,
2019-12-16,0.0,0.0,0.0,1,0.6279214471578598,1.0,FINBERT_ALPHA_GUARDIAN,0.0,1.0,
2019-12-17,-0.5493561029434204,0.0,1.0,1,0.4120170772075653,1.0,FINBERT_ALPHA_GUARDIAN,0.0,1.0,
2019-12-18,0.0,0.0,0.0,1,0.6403720825910568,1.0,FINBERT_ALPHA_GUARDIAN,0.0,1.0,
2019-12-23,0.8004313111305237,1.0,0.0,1,0.6003234833478928,1.0,FINBERT_ALPHA_GUARDIAN,0.0,1.0,
2019-12-24,0.0,0.0,0.0,1,0.6408375278115273,1.0,FINBERT_ALPHA_GUARDIAN,0.0,1.0,
2019-12-26,0.8328255414962769,1.0,0.0,1,0.676670752465725,1.0,FINBERT_ALPHA_GUARDIAN,0.0,1.0,
2019-12-30,-0.8433535099029541,0.0,1.0,1,0.6325151324272156,1.0,FINBERT_ALPHA_GUARDIAN,0.0,1.0,
2019-12-31,0.5177340974200029,0.5853915752372636,0.0,2,1.133117888122797,1.0,FINBERT_ALPHA_GUARDIAN,0.0,2.0,
2020-01-01,0.0,0.0,0.0,1,0.6375679552555086,1.0,FINBERT_ALPHA_GUARDIAN,0.0,1.0,
2020-01-02,0.8934023976325989,1.0,0.0,1,0.7258894480764866,1.0,FINBERT_ALPHA_GUARDIAN,0.0,1.0,
2020-01-03,-0.9724287390708924,0.0,1.0,1,0.7293215543031694,1.0,FINBERT_ALPHA_GUARDIAN,0.0,1.0,
2020-01-06,-0.8122396469116211,0.0,1.0,1,0.6091797351837158,1.0,FINBERT_ALPHA_GUARDIAN,0.0,1.0,
2020-01-09,-0.9635347723960876,0.0,1.0,1,0.7226510792970657,1.0,FINBERT_ALPHA_GUARDIAN,0.0,1.0,
2020-01-10,-0.9751335978507996,0.0,1.0,1,0.7313501983880997,1.0,FINBERT_ALPHA_GUARDIAN,0.0,1.0,
2020-01-13,-0.901500940322876,0.0,1.0,1,0.7324695140123367,1.0,FINBERT_ALPHA_GUARDIAN,0.0,1.0,
2020-01-15,0.9288018941879272,1.0,0.0,1,0.6966014206409454,1.0,FINBERT_ALPHA_GUARDIAN,0.0,1.0,
2020-01-16,0.0,0.0,0.0,1,0.3759978711605072,1.0,FINBERT_ALPHA_GUARDIAN,0.0,1.0,
2020-01-27,-0.9684358835220336,0.0,1.0,1,0.7263269126415252,1.0,FINBERT_ALPHA_GUARDIAN,0.0,1.0,
2020-01-31,-0.9558191299438475,0.0,1.0,1,0.7168643474578856,1.0,FINBERT_ALPHA_GUARDIAN,0.0,1.0,
2020-02-03,-0.944980838276279,0.0,1.0,2,1.4282943844795228,1.0,FINBERT_ALPHA_GUARDIAN,0.0,2.0,
2020-02-04,0.555379331111908,1.0,0.0,1,0.4165344983339309,1.0,FINBERT_ALPHA_GUARDIAN,0.0,1.0,
2020-02-05,0.7164018154144287,1.0,0.0,1,0.5373013615608215,1.0,FINBERT_ALPHA_GUARDIAN,0.0,1.0,
2020-02-11,0.0,0.0,0.0,1,0.6068294763565064,1.0,FINBERT_ALPHA_GUARDIAN,0.0,1.0,
2020-02-12,0.612224817276001,1.0,0.0,1,0.4974326640367508,1.0,FINBERT_ALPHA_GUARDIAN,0.0,1.0,
2020-02-13,-0.6788122057914734,0.0,1.0,1,0.5515349172055721,1.0,FINBERT_ALPHA_GUARDIAN,0.0,1.0,
2020-02-19,0.0,0.0,0.0,1,0.5479409247636795,1.0,FINBERT_ALPHA_GUARDIAN,0.0,1.0,
2020-02-20,0.9388407468795776,1.0,0.0,1,0.7628081068396568,1.0,FINBERT_ALPHA_GUARDIAN,0.0,1.0,
2020-02-24,-0.9377188682556152,0.0,1.0,1,0.7032891511917114,1.0,FINBERT_ALPHA_GUARDIAN,0.0,1.0,
2020-02-25,-0.9612628405021796,0.0,1.0,3,2.294604162871837,1.0,FINBERT_ALPHA_GUARDIAN,0.0,3.0,
2020-02-26,-0.825759768486023,0.0,1.0,1,0.6709298118948936,1.0,FINBERT_ALPHA_GUARDIAN,0.0,1.0,
2020-02-27,-0.9521509676450132,0.0,1.0,2,1.42822627723217,1.0,FINBERT_ALPHA_GUARDIAN,0.0,2.0,
2020-02-28,-0.8719861659536061,0.0,1.0,2,1.2492160111665729,1.0,FINBERT_ALPHA_GUARDIAN,0.0,2.0,
2020-02-29,-0.4581876695156097,0.0,1.0,1,0.3207313686609268,1.0,FINBERT_ALPHA_GUARDIAN,0.0,1.0,
2020-03-02,0.0,0.0,0.0,1,0.4748971313238144,1.0,FINBERT_ALPHA_GUARDIAN,0.0,1.0,
2020-03-03,-0.9269979000091552,0.0,1.0,1,0.8111231625080108,1.0,FINBERT_ALPHA_GUARDIAN,0.0,1.0,
2020-03-05,0.0,0.0,0.0,2,1.044887942075729,1.0,FINBERT_ALPHA_GUARDIAN,0.0,2.0,
2020-03-06,0.0,0.0,0.0,1,0.4575328268110752,1.0,FINBERT_ALPHA_GUARDIAN,0.0,1.0,
2020-03-09,-0.9598239121859986,0.0,1.0,2,1.4995387867093086,1.0,FINBERT_ALPHA_GUARDIAN,0.0,2.0,
2020-03-11,-0.9113888740539552,0.0,1.0,1,0.7405034601688386,1.0,FINBERT_ALPHA_GUARDIAN,0.0,1.0,
2020-03-12,-0.9532635807991028,0.0,1.0,1,0.774526659399271,1.0,FINBERT_ALPHA_GUARDIAN,0.0,1.0,
2020-03-13,0.0,0.0,0.0,2,1.1572373978793622,1.0,FINBERT_ALPHA_GUARDIAN,0.0,2.0,
2020-03-16,-0.9295055270195008,0.0,1.0,1,0.7552232407033445,1.0,FINBERT_ALPHA_GUARDIAN,0.0,1.0,
2020-03-17,-0.3714353327529058,0.0,0.3882597677929059,3,1.724790981411934,1.0,FINBERT_ALPHA_GUARDIAN,0.0,3.0,
2020-03-18,-0.3571607284486783,0.0,0.5116460079460788,2,1.1085311204195023,1.0,FINBERT_ALPHA_GUARDIAN,0.0,2.0,
2020-03-19,-0.4497960746114875,0.0,0.6544889672498925,3,1.6618313297629357,1.0,FINBERT_ALPHA_GUARDIAN,0.0,3.0,
2020-03-20,-0.854642391204834,0.0,1.0,1,0.6943969428539276,1.0,FINBERT_ALPHA_GUARDIAN,0.0,1.0,
2020-03-24,0.8958566188812256,1.0,0.0,1,0.7278835028409958,1.0,FINBERT_ALPHA_GUARDIAN,0.0,1.0,
2020-03-25,0.3344817296215735,0.4403692652258199,0.0,2,1.2073590427637102,1.0,FINBERT_ALPHA_GUARDIAN,0.0,2.0,
2020-03-26,-0.967652440071106,0.0,1.0,1,0.7862176075577736,1.0,FINBERT_ALPHA_GUARDIAN,0.0,1.0,
2020-03-27,0.0,0.0,0.0,1,0.6215435981750489,1.0,FINBERT_ALPHA_GUARDIAN,0.0,1.0,
2020-04-01,0.791004478931427,1.0,0.0,1,0.6426911391317844,1.0,FINBERT_ALPHA_GUARDIAN,0.0,1.0,
2020-04-02,0.8010789752006531,1.0,0.0,1,0.610822718590498,1.0,FINBERT_ALPHA_GUARDIAN,0.0,1.0,
2020-04-03,-0.957724153995514,0.0,1.0,1,0.7182931154966355,1.0,FINBERT_ALPHA_GUARDIAN,0.0,1.0,
2020-04-05,0.0,0.0,0.0,1,0.6600439369678498,1.0,FINBERT_ALPHA_GUARDIAN,0.0,1.0,
2020-04-06,-0.4747650325298309,0.0,1.0,1,0.3857465889304876,1.0,FINBERT_ALPHA_GUARDIAN,0.0,1.0,
2020-04-07,0.0,0.0,0.0,2,0.8939042419195176,1.0,FINBERT_ALPHA_GUARDIAN,0.0,2.0,
2020-04-08,-0.875863126776043,0.0,1.0,2,1.3181070931255818,1.0,FINBERT_ALPHA_GUARDIAN,0.0,2.0,
2020-04-09,-0.5164120197296143,0.0,1.0,1,0.4518605172634125,1.0,FINBERT_ALPHA_GUARDIAN,0.0,1.0,
2020-04-14,0.0,0.0,0.0,1,0.6345815062522888,1.0,FINBERT_ALPHA_GUARDIAN,0.0,1.0,
2020-04-16,-0.9404526352882384,0.0,1.0,1,0.7641177661716937,1.0,FINBERT_ALPHA_GUARDIAN,0.0,1.0,
2020-04-17,0.6143568158149719,1.0,0.0,1,0.4991649128496647,1.0,FINBERT_ALPHA_GUARDIAN,0.0,1.0,
2020-04-20,-0.8225952982902527,0.0,1.0,1,0.6169464737176895,1.0,FINBERT_ALPHA_GUARDIAN,0.0,1.0,
2020-04-23,-0.0818610292561811,0.4799045924064711,0.5200954075935289,2,1.3964259885251522,1.0,FINBERT_ALPHA_GUARDIAN,0.0,2.0,
2020-04-26,0.0,0.0,0.0,1,0.6047239750623703,1.0,FINBERT_ALPHA_GUARDIAN,0.0,1.0,
2020-04-27,-0.4508667899983116,0.0,0.5096629119226718,2,1.3234941706061365,1.0,FINBERT_ALPHA_GUARDIAN,0.0,2.0,
2020-04-28,-0.8678731918334961,0.0,1.0,1,0.7051469683647156,1.0,FINBERT_ALPHA_GUARDIAN,0.0,1.0,
2020-04-29,-0.9391324520111084,0.0,1.0,1,0.8804366737604141,1.0,FINBERT_ALPHA_GUARDIAN,0.0,1.0,
2020-05-01,0.0,0.0,0.0,1,0.4245074056088924,1.0,FINBERT_ALPHA_GUARDIAN,0.0,1.0,
2020-05-04,-0.8552824854850769,0.0,1.0,1,0.6414618641138077,1.0,FINBERT_ALPHA_GUARDIAN,0.0,1.0,
2020-05-06,-0.6010710597038269,0.0,1.0,1,0.4207497417926789,1.0,FINBERT_ALPHA_GUARDIAN,0.0,1.0,
2020-05-07,0.0689270042591308,0.5439710720769668,0.4560289279230332,2,1.725296143442392,1.0,FINBERT_ALPHA_GUARDIAN,0.0,2.0,
2020-05-08,-0.3678555048807145,0.0,0.481433267008841,2,1.1109719812870027,1.0,FINBERT_ALPHA_GUARDIAN,0.0,2.0,
2020-05-09,-0.9576879143714904,0.0,1.0,1,0.6703815400600434,1.0,FINBERT_ALPHA_GUARDIAN,0.0,1.0,
2020-05-11,-0.9402635443344174,0.0,1.0,2,1.526844996958971,1.0,FINBERT_ALPHA_GUARDIAN,0.0,2.0,
2020-05-14,-0.973546266555786,0.0,1.0,1,0.7910063415765761,1.0,FINBERT_ALPHA_GUARDIAN,0.0,1.0,
2020-05-15,0.0,0.0,0.0,1,0.6256448775529861,1.0,FINBERT_ALPHA_GUARDIAN,0.0,1.0,
2020-05-18,0.9379027485847472,1.0,0.0,1,0.7620459832251071,1.0,FINBERT_ALPHA_GUARDIAN,0.0,1.0,
2020-05-21,0.0,0.0,0.0,1,0.4416413247585297,1.0,FINBERT_ALPHA_GUARDIAN,0.0,1.0,
2020-05-26,0.0,0.0,0.0,1,0.4028026163578033,1.0,FINBERT_ALPHA_GUARDIAN,0.0,1.0,
2020-05-27,0.0,0.0,0.0,1,0.7572961375117302,1.0,FINBERT_ALPHA_GUARDIAN,0.0,1.0,
2020-05-28,-0.6153892874717712,0.0,1.0,1,0.5000037960708141,1.0,FINBERT_ALPHA_GUARDIAN,0.0,1.0,
2020-05-29,0.0,0.0,0.0,1,0.3580166101455688,1.0,FINBERT_ALPHA_GUARDIAN,0.0,1.0,
2020-06-01,0.799622118473053,1.0,0.0,1,0.5997165888547897,1.0,FINBERT_ALPHA_GUARDIAN,0.0,1.0,
2020-06-02,0.0,0.0,0.0,2,1.212922900915146,1.0,FINBERT_ALPHA_GUARDIAN,0.0,2.0,
2020-06-03,0.7889144420623779,1.0,0.0,1,0.5916858315467834,1.0,FINBERT_ALPHA_GUARDIAN,0.0,1.0,
2020-06-04,0.9345536828041074,1.0,0.0,1,0.7009152621030806,1.0,FINBERT_ALPHA_GUARDIAN,0.0,1.0,
2020-06-05,0.0259930920343731,0.4986960321805799,0.50130396781942,2,1.2862613528966904,1.0,FINBERT_ALPHA_GUARDIAN,0.0,2.0,
2020-06-08,-0.8254895806312561,0.0,1.0,1,0.6707102842628956,1.0,FINBERT_ALPHA_GUARDIAN,0.0,1.0,
2020-06-09,-0.9723256230354308,0.0,1.0,1,0.7292442172765731,1.0,FINBERT_ALPHA_GUARDIAN,0.0,1.0,
2020-06-10,-0.8255884367557171,0.0,1.0,2,1.2298591285943985,1.0,FINBERT_ALPHA_GUARDIAN,0.0,2.0,
2020-06-11,-0.9234615052691444,0.0,1.0,3,2.1428034462034704,1.0,FINBERT_ALPHA_GUARDIAN,0.0,3.0,
2020-06-12,-0.6062122585250401,0.0,0.6243699243161488,2,1.166277849674225,1.0,FINBERT_ALPHA_GUARDIAN,0.0,2.0,
2020-06-13,-0.501258909702301,0.0,1.0,1,0.3759441822767257,1.0,FINBERT_ALPHA_GUARDIAN,0.0,1.0,
2020-06-14,-0.5399925708770752,0.0,1.0,1,0.4117443352937698,1.0,FINBERT_ALPHA_GUARDIAN,0.0,1.0,
2020-06-15,-0.9660417437553406,0.0,1.0,1,0.7245313078165054,1.0,FINBERT_ALPHA_GUARDIAN,0.0,1.0,
2020-06-16,0.157930087752536,0.3793879718556538,0.0,2,0.8914995547384024,1.0,FINBERT_ALPHA_GUARDIAN,0.0,2.0,
2020-06-17,-0.9424649477005004,0.0,1.0,1,0.7068487107753753,1.0,FINBERT_ALPHA_GUARDIAN,0.0,1.0,
2020-06-18,-0.7951127456139077,0.0,1.0,2,1.1303128272295,1.0,FINBERT_ALPHA_GUARDIAN,0.0,2.0,
2020-06-19,0.8305425047874451,1.0,0.0,1,0.6748157851397991,1.0,FINBERT_ALPHA_GUARDIAN,0.0,1.0,
2020-06-22,-0.565635621547699,0.0,1.0,1,0.4242267161607742,1.0,FINBERT_ALPHA_GUARDIAN,0.0,1.0,
2020-06-23,0.0,0.0,0.0,1,0.6392785459756851,1.0,FINBERT_ALPHA_GUARDIAN,0.0,1.0,
2020-06-24,-0.9386503100395204,0.0,1.0,1,0.7039877325296403,1.0,FINBERT_ALPHA_GUARDIAN,0.0,1.0,
2020-06-25,0.0,0.0,0.0,1,0.4249180816113949,1.0,FINBERT_ALPHA_GUARDIAN,0.0,1.0,
2020-06-26,-0.9269243478775024,0.0,1.0,1,0.6951932609081268,1.0,FINBERT_ALPHA_GUARDIAN,0.0,1.0,
2020-06-29,-0.9019139409065248,0.0,1.0,1,0.6764354556798936,1.0,FINBERT_ALPHA_GUARDIAN,0.0,1.0,
2020-07-01,0.9034565687179564,1.0,0.0,1,0.6775924265384673,1.0,FINBERT_ALPHA_GUARDIAN,0.0,1.0,
2020-07-02,-0.6037310657905786,0.0,0.6273512446548714,2,1.150491088628769,1.0,FINBERT_ALPHA_GUARDIAN,0.0,2.0,
2020-07-06,-0.3194869410410002,0.4033521673647636,0.5966478326352365,2,1.2227588646113872,1.0,FINBERT_ALPHA_GUARDIAN,0.0,2.0,
2020-07-07,-0.9517999291419984,0.0,1.0,1,0.7138499468564988,1.0,FINBERT_ALPHA_GUARDIAN,0.0,1.0,
2020-07-09,-0.4439071416854858,0.0,1.0,1,0.3107349991798401,1.0,FINBERT_ALPHA_GUARDIAN,0.0,1.0,
2020-07-10,-0.6293280981722108,0.0,0.6664605016591667,3,2.07203940153122,1.0,FINBERT_ALPHA_GUARDIAN,0.0,3.0,
2020-07-13,0.0,0.0,0.0,1,0.6418881118297577,1.0,FINBERT_ALPHA_GUARDIAN,0.0,1.0,
2020-07-16,0.6353744864463806,1.0,0.0,1,0.4844730459153653,1.0,FINBERT_ALPHA_GUARDIAN,0.0,1.0,
2020-07-17,0.0,0.0,0.0,1,0.4375366419553756,1.0,FINBERT_ALPHA_GUARDIAN,0.0,1.0,
2020-07-20,0.0,0.0,0.0,1,0.6505191028118134,1.0,FINBERT_ALPHA_GUARDIAN,0.0,1.0,
2020-07-21,-0.5057044753823577,0.0,0.7247816591970907,4,2.063648656010628,1.0,FINBERT_ALPHA_GUARDIAN,0.0,4.0,
2020-07-23,-0.3309983208839965,0.3990495427862952,0.6009504572137048,2,1.192186224460602,1.0,FINBERT_ALPHA_GUARDIAN,0.0,2.0,
2020-07-24,0.1864306178118694,0.3788718677171203,0.0,2,0.9740781113505363,1.0,FINBERT_ALPHA_GUARDIAN,0.0,2.0,
2020-07-27,-0.9609808921813964,0.0,1.0,1,0.7807969748973845,1.0,FINBERT_ALPHA_GUARDIAN,0.0,1.0,
2020-07-28,-0.8603125810623169,0.0,1.0,1,0.7527735084295273,1.0,FINBERT_ALPHA_GUARDIAN,0.0,1.0,
2020-07-29,-0.550964891910553,0.0,1.0,1,0.4820942804217338,1.0,FINBERT_ALPHA_GUARDIAN,0.0,1.0,
2020-07-30,-0.9735759496688844,0.0,1.0,1,0.7301819622516633,1.0,FINBERT_ALPHA_GUARDIAN,0.0,1.0,
2020-08-03,0.8942729830741882,1.0,0.0,1,0.6707047373056412,1.0,FINBERT_ALPHA_GUARDIAN,0.0,1.0,
2020-08-04,0.0,0.0,0.0,1,0.4118494391441345,1.0,FINBERT_ALPHA_GUARDIAN,0.0,1.0,
2020-08-05,-0.6060395836830139,0.0,1.0,1,0.4545296877622604,1.0,FINBERT_ALPHA_GUARDIAN,0.0,1.0,
2020-08-06,-0.486127761025275,0.0,0.5470537375020229,2,1.218292883038521,1.0,FINBERT_ALPHA_GUARDIAN,0.0,2.0,
2020-08-07,0.0,0.0,0.0,2,1.1263616476713807,1.0,FINBERT_ALPHA_GUARDIAN,1.0,1.0,
2020-08-11,-0.9484987258911132,0.0,1.0,1,0.7706552147865294,1.0,FINBERT_ALPHA_GUARDIAN,0.0,1.0,
2020-08-13,-0.7373160719871521,0.0,1.0,1,0.5990693084895611,1.0,FINBERT_ALPHA_GUARDIAN,0.0,1.0,
2020-08-14,-0.9691175818443298,0.0,1.0,1,0.787408035248518,1.0,FINBERT_ALPHA_GUARDIAN,0.0,1.0,
2020-08-17,-0.9234794974327089,0.0,1.0,1,0.750327091664076,1.0,FINBERT_ALPHA_GUARDIAN,0.0,1.0,
2020-08-18,-0.7694487571716309,0.0,1.0,1,0.6251771152019501,1.0,FINBERT_ALPHA_GUARDIAN,0.0,1.0,
2020-08-19,0.1750689027849626,0.4650174137044203,0.0,2,0.6578001175075769,1.0,FINBERT_ALPHA_GUARDIAN,0.0,2.0,
2020-08-20,-0.4460565745830536,0.0,1.0,1,0.4181780386716127,1.0,FINBERT_ALPHA_GUARDIAN,0.0,1.0,
2020-08-21,0.7235922642522997,1.0,0.0,2,1.0658044070005417,1.0,FINBERT_ALPHA_GUARDIAN,0.0,2.0,
2020-08-22,0.0,0.0,0.0,1,0.6954910941421986,1.0,FINBERT_ALPHA_GUARDIAN,0.0,1.0,
2020-08-24,0.0,0.0,0.0,1,0.6767181605100632,1.0,FINBERT_ALPHA_GUARDIAN,0.0,1.0,
2020-08-25,-0.5101487016273872,0.0,0.5675432755133778,2,1.2868330031633377,1.0,FINBERT_ALPHA_GUARDIAN,0.0,2.0,
2020-08-26,-0.8000044265481973,0.0,1.0,2,1.1674458324909212,1.0,FINBERT_ALPHA_GUARDIAN,0.0,2.0,
2020-08-27,0.0041339142784777,0.3437771520067814,0.3289504714621679,3,2.1914389953017235,1.0,FINBERT_ALPHA_GUARDIAN,0.0,3.0,
2020-09-01,-0.9631389379501344,0.0,1.0,1,0.8427465707063676,1.0,FINBERT_ALPHA_GUARDIAN,0.0,1.0,
2020-09-02,-0.6099500060081483,0.0,1.0,1,0.4269650042057037,1.0,FINBERT_ALPHA_GUARDIAN,0.0,1.0,
2020-09-03,-0.548531884790584,0.0,0.5707239219895823,4,2.8417508721351625,1.0,FINBERT_ALPHA_GUARDIAN,0.0,4.0,
2020-09-04,-0.3193458486051452,0.0,0.3309992720343405,4,2.3682664752006533,1.0,FINBERT_ALPHA_GUARDIAN,0.0,4.0,
2020-09-07,-0.9666528279265748,0.0,1.0,2,1.510354045778513,1.0,FINBERT_ALPHA_GUARDIAN,0.0,2.0,
2020-09-08,-0.9438743005650037,0.0,1.0,2,1.649992812424898,1.0,FINBERT_ALPHA_GUARDIAN,0.0,2.0,
2020-09-09,0.0,0.0,0.0,1,0.5577649623155594,1.0,FINBERT_ALPHA_GUARDIAN,0.0,1.0,
2020-09-10,-0.5694641470909119,0.0,1.0,1,0.4342164121568203,1.0,FINBERT_ALPHA_GUARDIAN,0.0,1.0,
2020-09-11,-0.9105191826820374,0.0,1.0,1,0.7397968359291553,1.0,FINBERT_ALPHA_GUARDIAN,0.0,1.0,
2020-09-12,-0.493505597114563,0.0,1.0,1,0.4009732976555824,1.0,FINBERT_ALPHA_GUARDIAN,0.0,1.0,
2020-09-14,-0.5522515718249124,0.0,0.5866664210001211,2,1.3037006072700024,1.0,FINBERT_ALPHA_GUARDIAN,0.0,2.0,
2020-09-15,-0.6289571523666382,0.0,1.0,1,0.5110276862978935,1.0,FINBERT_ALPHA_GUARDIAN,0.0,1.0,
2020-09-16,-0.8975817561149597,0.0,1.0,1,0.7292851768434048,1.0,FINBERT_ALPHA_GUARDIAN,0.0,1.0,
2020-09-17,-0.6791638135910034,0.0,1.0,1,0.5518205985426903,1.0,FINBERT_ALPHA_GUARDIAN,0.0,1.0,
2020-09-18,0.5124473571777344,1.0,0.0,1,0.4163634777069092,1.0,FINBERT_ALPHA_GUARDIAN,0.0,1.0,
2020-09-21,-0.9681419393836044,0.0,1.0,3,2.1783126443624496,1.0,FINBERT_ALPHA_GUARDIAN,0.0,3.0,
2020-09-22,-0.6873458623886108,0.0,1.0,1,0.5155093967914581,1.0,FINBERT_ALPHA_GUARDIAN,0.0,1.0,
2020-09-23,-0.9722512364387512,0.0,1.0,1,0.7291884273290634,1.0,FINBERT_ALPHA_GUARDIAN,0.0,1.0,
2020-09-24,-0.3167460661955386,0.0,0.4804652480668436,2,1.1148351110517978,1.0,FINBERT_ALPHA_GUARDIAN,0.0,2.0,
2020-09-25,-0.937070906162262,0.0,1.0,1,0.7028031796216965,1.0,FINBERT_ALPHA_GUARDIAN,0.0,1.0,
2020-09-28,0.0,0.0,0.0,1,0.6370297372341156,1.0,FINBERT_ALPHA_GUARDIAN,0.0,1.0,
2020-09-29,0.7097268104553223,1.0,0.0,1,0.5322951078414917,1.0,FINBERT_ALPHA_GUARDIAN,0.0,1.0,
2020-09-30,0.0,0.0,0.0,1,0.506244421005249,1.0,FINBERT_ALPHA_GUARDIAN,0.0,1.0,
2020-10-01,-0.9514518976211548,0.0,1.0,1,0.7254820719361306,1.0,FINBERT_ALPHA_GUARDIAN,0.0,1.0,
2020-10-02,-0.5569501831586617,0.0,0.6021607194586235,2,1.2480008378624916,1.0,FINBERT_ALPHA_GUARDIAN,0.0,2.0,
2020-10-04,0.0,0.0,0.0,1,0.5965183675289155,1.0,FINBERT_ALPHA_GUARDIAN,0.0,1.0,
2020-10-05,-0.7014704346656799,0.0,1.0,1,0.52610282599926,1.0,FINBERT_ALPHA_GUARDIAN,0.0,1.0,
2020-10-06,-0.7918370962142944,0.0,1.0,1,0.5938778221607208,1.0,FINBERT_ALPHA_GUARDIAN,0.0,1.0,
2020-10-07,-0.5730693936347961,0.0,1.0,1,0.4011485755443573,1.0,FINBERT_ALPHA_GUARDIAN,0.0,1.0,
2020-10-08,-0.69467693567276,0.0,1.0,1,0.5644250102341175,1.0,FINBERT_ALPHA_GUARDIAN,0.0,1.0,
2020-10-09,-0.0416067838668823,0.485083865036422,0.514916134963578,2,1.04601788520813,1.0,FINBERT_ALPHA_GUARDIAN,0.0,2.0,
2020-10-13,-0.5606773495674133,0.0,1.0,1,0.42050801217556,1.0,FINBERT_ALPHA_GUARDIAN,0.0,1.0,
2020-10-14,-0.5220813784398519,0.0,0.5812792880766415,2,1.255428187796208,1.0,FINBERT_ALPHA_GUARDIAN,1.0,1.0,
2020-10-15,-0.4181665778160095,0.0,1.0,1,0.3397603444755077,1.0,FINBERT_ALPHA_GUARDIAN,0.0,1.0,
2020-10-16,-0.4782478511333465,0.0,1.0,1,0.388576379045844,1.0,FINBERT_ALPHA_GUARDIAN,0.0,1.0,
2020-10-19,-0.9280365705490112,0.0,1.0,1,0.7540297135710716,1.0,FINBERT_ALPHA_GUARDIAN,0.0,1.0,
2020-10-20,-0.5828465223312378,0.0,1.0,1,0.4371348917484283,1.0,FINBERT_ALPHA_GUARDIAN,0.0,1.0,
2020-10-22,-0.837429940700531,0.0,1.0,1,0.6804118268191814,1.0,FINBERT_ALPHA_GUARDIAN,0.0,1.0,
2020-10-23,-0.9268178343772888,0.0,1.0,1,0.6951133757829666,1.0,FINBERT_ALPHA_GUARDIAN,0.0,1.0,
2020-10-26,-0.9523280262947084,0.0,1.0,1,0.7142460197210313,1.0,FINBERT_ALPHA_GUARDIAN,0.0,1.0,
2020-10-27,-0.3337154318641498,0.0,0.4855416215748634,2,1.1501294679939749,1.0,FINBERT_ALPHA_GUARDIAN,0.0,2.0,
2020-10-28,-0.4694351503808245,0.0,0.5210126588630845,2,1.2970010221004489,1.0,FINBERT_ALPHA_GUARDIAN,0.0,2.0,
2020-10-29,-0.7669348405979537,0.0,1.0,2,1.11438497081399,1.0,FINBERT_ALPHA_GUARDIAN,0.0,2.0,
2020-10-30,-0.9298927187919616,0.0,1.0,1,0.7555378340184687,1.0,FINBERT_ALPHA_GUARDIAN,0.0,1.0,
2020-11-02,0.0,0.0,0.0,1,0.6602910608053207,1.0,FINBERT_ALPHA_GUARDIAN,0.0,1.0,
2020-11-03,0.2077826823152729,0.2979642566022574,0.0,3,1.7552632987499237,1.0,FINBERT_ALPHA_GUARDIAN,0.0,3.0,
2020-11-04,0.2947214468784431,0.3828366904438322,0.0,3,1.7595138400793076,1.0,FINBERT_ALPHA_GUARDIAN,0.0,3.0,
2020-11-05,-0.7510980367982053,0.0,1.0,2,1.066465666517615,1.0,FINBERT_ALPHA_GUARDIAN,0.0,2.0,
2020-11-06,0.0,0.0,0.0,2,1.0286292806267738,1.0,FINBERT_ALPHA_GUARDIAN,0.0,2.0,
2020-11-09,0.4543321662342748,0.6208996261650309,0.0,3,1.7636015117168429,1.0,FINBERT_ALPHA_GUARDIAN,0.0,3.0,
2020-11-10,0.0958044898734749,0.3763824914315746,0.3111874274729699,3,2.0231008887290955,1.0,FINBERT_ALPHA_GUARDIAN,0.0,3.0,
2020-11-11,-0.2327350947637216,0.0,0.2980173798103954,3,1.8343268901109695,1.0,FINBERT_ALPHA_GUARDIAN,0.0,3.0,
2020-11-12,-0.5149167643440444,0.0,0.5452792319533227,2,1.4070919781923297,1.0,FINBERT_ALPHA_GUARDIAN,0.0,2.0,
2020-11-13,-0.7023146748542786,0.0,1.0,1,0.5267360061407089,1.0,FINBERT_ALPHA_GUARDIAN,0.0,1.0,
2020-11-16,0.0,0.0,0.0,1,0.6456150412559509,1.0,FINBERT_ALPHA_GUARDIAN,0.0,1.0,
2020-11-17,-0.4525124251311425,0.0,0.5409135989508905,2,1.2566029593348502,1.0,FINBERT_ALPHA_GUARDIAN,0.0,2.0,
2020-11-18,-0.0677018852172837,0.0,0.1979354735098195,3,1.4040315374732018,1.0,FINBERT_ALPHA_GUARDIAN,0.0,3.0,
2020-11-19,-0.7602985501289368,0.0,1.0,1,0.6177425719797611,1.0,FINBERT_ALPHA_GUARDIAN,0.0,1.0,
2020-11-20,0.0,0.0,0.0,1,0.6785400509834288,1.0,FINBERT_ALPHA_GUARDIAN,0.0,1.0,
2020-11-23,-0.769757091999054,0.0,1.0,1,0.5773178189992905,1.0,FINBERT_ALPHA_GUARDIAN,0.0,1.0,
2020-11-24,0.0,0.0,0.0,1,0.6712810546159744,1.0,FINBERT_ALPHA_GUARDIAN,0.0,1.0,
2020-11-25,0.0,0.0,0.0,2,1.36911543533206,1.0,FINBERT_ALPHA_GUARDIAN,0.0,2.0,
2020-11-27,0.0,0.0,0.0,1,0.3476807624101639,1.0,FINBERT_ALPHA_GUARDIAN,0.0,1.0,
2020-12-01,-0.8080109357833862,0.0,1.0,1,0.6565088853240013,1.0,FINBERT_ALPHA_GUARDIAN,0.0,1.0,
2020-12-02,-0.7598447799682617,0.0,1.0,1,0.5318913459777832,1.0,FINBERT_ALPHA_GUARDIAN,0.0,1.0,
2020-12-03,0.5884642601013184,1.0,0.0,1,0.4781272113323211,1.0,FINBERT_ALPHA_GUARDIAN,0.0,1.0,
2020-12-04,-0.8618491949069848,0.0,1.0,2,1.1876587331295014,1.0,FINBERT_ALPHA_GUARDIAN,0.0,2.0,
2020-12-07,0.2500588697700803,0.4390269234921371,0.0,2,1.0541036687791348,1.0,FINBERT_ALPHA_GUARDIAN,0.0,2.0,
2020-12-08,0.9349485635757446,1.0,0.0,1,0.7012114226818085,1.0,FINBERT_ALPHA_GUARDIAN,0.0,1.0,
2020-12-10,-0.074421723651177,0.4885072483578098,0.5114927516421902,2,1.510514199733734,1.0,FINBERT_ALPHA_GUARDIAN,0.0,2.0,
2020-12-11,-0.6827393770217896,0.0,1.0,1,0.5120545327663422,1.0,FINBERT_ALPHA_GUARDIAN,0.0,1.0,
2020-12-12,0.0,0.0,0.0,1,0.5938363134860993,1.0,FINBERT_ALPHA_GUARDIAN,0.0,1.0,
2020-12-14,0.0,0.0,0.0,1,0.6648596674203873,1.0,FINBERT_ALPHA_GUARDIAN,0.0,1.0,
2020-12-16,0.0,0.0,0.0,1,0.5165917396545411,1.0,FINBERT_ALPHA_GUARDIAN,1.0,0.0,
2020-12-17,0.7115013440018912,1.0,0.0,2,1.0284638479351995,1.0,FINBERT_ALPHA_GUARDIAN,0.0,2.0,
2020-12-18,-0.585030734539032,0.0,1.0,1,0.4753374718129635,1.0,FINBERT_ALPHA_GUARDIAN,0.0,1.0,
2020-12-19,-0.9533489346504214,0.0,1.0,1,0.667344254255295,1.0,FINBERT_ALPHA_GUARDIAN,0.0,1.0,
2020-12-21,-0.933210015296936,0.0,1.0,1,0.7582331374287605,1.0,FINBERT_ALPHA_GUARDIAN,0.0,1.0,
2020-12-22,0.0,0.0,0.0,1,0.3641739431768656,1.0,FINBERT_ALPHA_GUARDIAN,0.0,1.0,
2020-12-28,0.8342575430870056,1.0,0.0,1,0.6778342537581921,1.0,FINBERT_ALPHA_GUARDIAN,0.0,1.0,
2020-12-29,0.0,0.0,0.0,1,0.4363245517015457,1.0,FINBERT_ALPHA_GUARDIAN,0.0,1.0,
2020-12-30,0.0,0.0,0.0,2,1.2870016247034073,1.0,FINBERT_ALPHA_GUARDIAN,0.0,2.0,
2020-12-31,0.0,0.0,0.0,1,0.5765950530767441,1.0,FINBERT_ALPHA_GUARDIAN,0.0,1.0,
2021-01-04,0.7142804265022278,1.0,0.0,1,0.5357103198766708,1.0,FINBERT_ALPHA_GUARDIAN,0.0,1.0,
2021-01-05,-0.8106880784034729,0.0,1.0,1,0.6080160588026047,1.0,FINBERT_ALPHA_GUARDIAN,0.0,1.0,
2021-01-06,0.7832694119634649,1.0,0.0,2,1.1693205535411837,1.0,FINBERT_ALPHA_GUARDIAN,0.0,2.0,
2021-01-07,0.0,0.0,0.0,1,0.5764658562839031,1.0,FINBERT_ALPHA_GUARDIAN,0.0,1.0,
2021-01-08,-0.9676430821418762,0.0,1.0,1,0.7257323116064072,1.0,FINBERT_ALPHA_GUARDIAN,0.0,1.0,
2021-01-11,0.0,0.0,0.0,1,0.3698600828647613,1.0,FINBERT_ALPHA_GUARDIAN,0.0,1.0,
2021-01-12,0.0,0.0,0.0,1,0.5551707297563553,1.0,FINBERT_ALPHA_GUARDIAN,0.0,1.0,
2021-01-14,0.0,0.0,0.0,1,0.6718025468289852,1.0,FINBERT_ALPHA_GUARDIAN,0.0,1.0,
2021-01-15,-0.9326146841049194,0.0,1.0,1,0.6994610130786896,1.0,FINBERT_ALPHA_GUARDIAN,0.0,1.0,
2021-01-16,0.0,0.0,0.0,1,0.8490360975265503,1.0,FINBERT_ALPHA_GUARDIAN,1.0,0.0,
2021-01-17,-0.964603066444397,0.0,1.0,1,0.7355098381638527,1.0,FINBERT_ALPHA_GUARDIAN,0.0,1.0,
2021-01-19,-0.8837350010871887,0.0,1.0,1,0.6628012508153915,1.0,FINBERT_ALPHA_GUARDIAN,0.0,1.0,
2021-01-20,0.0,0.0,0.0,1,0.5625167191028595,1.0,FINBERT_ALPHA_GUARDIAN,0.0,1.0,
2021-01-21,0.0,0.0,0.0,1,0.5859326161444187,1.0,FINBERT_ALPHA_GUARDIAN,0.0,1.0,
2021-01-22,-0.9708827137947084,0.0,1.0,1,0.7281620353460313,1.0,FINBERT_ALPHA_GUARDIAN,0.0,1.0,
2021-01-25,0.0,0.0,0.0,1,0.6912575960159302,1.0,FINBERT_ALPHA_GUARDIAN,0.0,1.0,
2021-01-26,-0.5608643293380737,0.0,1.0,1,0.4557022675871849,1.0,FINBERT_ALPHA_GUARDIAN,0.0,1.0,
2021-01-27,-0.6783909797668457,0.0,1.0,1,0.6359915435314178,1.0,FINBERT_ALPHA_GUARDIAN,0.0,1.0,
2021-01-28,0.9346370697021484,1.0,0.0,1,0.7593926191329956,1.0,FINBERT_ALPHA_GUARDIAN,0.0,1.0,
2021-01-29,0.0,0.0,0.0,1,0.3813562542200088,1.0,FINBERT_ALPHA_GUARDIAN,0.0,1.0,
2021-02-01,0.0,0.0,0.0,1,0.6023493409156799,1.0,FINBERT_ALPHA_GUARDIAN,0.0,1.0,
2021-02-02,-0.9386894702911376,0.0,1.0,1,0.7040171027183532,1.0,FINBERT_ALPHA_GUARDIAN,0.0,1.0,
2021-02-03,0.8192172646522522,1.0,0.0,1,0.6656140275299549,1.0,FINBERT_ALPHA_GUARDIAN,0.0,1.0,
2021-02-05,0.4883414804935455,1.0,0.0,1,0.3662561103701591,1.0,FINBERT_ALPHA_GUARDIAN,0.0,1.0,
2021-02-06,0.0,0.0,0.0,1,0.7250796221196651,1.0,FINBERT_ALPHA_GUARDIAN,0.0,1.0,
2021-02-08,0.0,0.0,0.0,2,1.278620570898056,1.0,FINBERT_ALPHA_GUARDIAN,0.0,2.0,
2021-02-09,-0.8423917889595032,0.0,1.0,1,0.6317938417196274,1.0,FINBERT_ALPHA_GUARDIAN,0.0,1.0,
2021-02-10,0.0,0.0,0.0,2,1.1599966920912266,1.0,FINBERT_ALPHA_GUARDIAN,0.0,2.0,
2021-02-11,0.4608985480185356,0.5180924791106153,0.0,2,1.2878106951713564,1.0,FINBERT_ALPHA_GUARDIAN,0.0,2.0,
2021-02-12,-0.9717734456062316,0.0,1.0,1,0.7895659245550631,1.0,FINBERT_ALPHA_GUARDIAN,0.0,1.0,
2021-02-16,0.0,0.0,0.0,2,1.3144892305135727,1.0,FINBERT_ALPHA_GUARDIAN,0.0,2.0,
2021-02-17,0.0,0.0,0.0,2,1.091485968977213,1.0,FINBERT_ALPHA_GUARDIAN,0.0,2.0,
2021-02-18,-0.8753916621208191,0.0,1.0,1,0.7112557254731655,1.0,FINBERT_ALPHA_GUARDIAN,0.0,1.0,
2021-02-19,-0.9129230380058287,0.0,1.0,1,0.7417499683797358,1.0,FINBERT_ALPHA_GUARDIAN,0.0,1.0,
2021-02-21,0.0,0.0,0.0,1,0.6464414745569229,1.0,FINBERT_ALPHA_GUARDIAN,0.0,1.0,
2021-02-22,-0.8007815480232239,0.0,1.0,1,0.6005861610174179,1.0,FINBERT_ALPHA_GUARDIAN,0.0,1.0,
2021-02-23,0.0,0.0,0.0,1,0.3025684654712676,1.0,FINBERT_ALPHA_GUARDIAN,0.0,1.0,
2021-02-24,0.0,0.0,0.0,1,0.4517419785261154,1.0,FINBERT_ALPHA_GUARDIAN,0.0,1.0,
2021-02-25,-0.5178329348564148,0.0,1.0,1,0.3883747011423111,1.0,FINBERT_ALPHA_GUARDIAN,0.0,1.0,
2021-02-26,-0.6501837149426271,0.0,0.7005715078678872,3,1.9820100598037245,1.0,FINBERT_ALPHA_GUARDIAN,0.0,3.0,
2021-03-01,-0.0508235692977905,0.4857741649901759,0.514225835009824,2,1.4513787776231766,1.0,FINBERT_ALPHA_GUARDIAN,0.0,2.0,
2021-03-02,-0.9489806890487672,0.0,1.0,1,0.7117355167865754,1.0,FINBERT_ALPHA_GUARDIAN,0.0,1.0,
2021-03-04,0.0,0.0,0.0,1,0.4346831068396568,1.0,FINBERT_ALPHA_GUARDIAN,0.0,1.0,
2021-03-05,-0.7750374674797058,0.0,1.0,1,0.5812781006097794,1.0,FINBERT_ALPHA_GUARDIAN,0.0,1.0,
2021-03-06,0.0,0.0,0.0,1,0.681512787938118,1.0,FINBERT_ALPHA_GUARDIAN,0.0,1.0,
2021-03-08,0.0,0.0,0.0,1,0.5976486951112747,1.0,FINBERT_ALPHA_GUARDIAN,0.0,1.0,
2021-03-09,0.4394028549953939,0.498306855901436,0.0,2,1.3271817862987518,1.0,FINBERT_ALPHA_GUARDIAN,0.0,2.0,
2021-03-10,0.513289775746265,0.5710696227694488,0.0,2,1.3378376722335816,1.0,FINBERT_ALPHA_GUARDIAN,1.0,1.0,
2021-03-11,0.0,0.0,0.0,1,0.3931039273738861,1.0,FINBERT_ALPHA_GUARDIAN,0.0,1.0,
2021-03-12,-0.7329139709472656,0.0,1.0,1,0.5496854782104492,1.0,FINBERT_ALPHA_GUARDIAN,0.0,1.0,
2021-03-13,0.0,0.0,0.0,1,0.6088550984859468,1.0,FINBERT_ALPHA_GUARDIAN,0.0,1.0,
2021-03-15,0.0,0.0,0.0,1,0.5304954349994659,1.0,FINBERT_ALPHA_GUARDIAN,0.0,1.0,
2021-03-16,-0.7685085535049438,0.0,1.0,1,0.5763814151287079,1.0,FINBERT_ALPHA_GUARDIAN,0.0,1.0,
2021-03-17,0.0,0.0,0.0,1,0.8482421189546584,1.0,FINBERT_ALPHA_GUARDIAN,0.0,1.0,
2021-03-18,0.0,0.0,0.0,1,0.5212396197021008,1.0,FINBERT_ALPHA_GUARDIAN,0.0,1.0,
2021-03-19,-0.9403488039970398,0.0,1.0,1,0.7052616029977798,1.0,FINBERT_ALPHA_GUARDIAN,0.0,1.0,
2021-03-20,0.0,0.0,0.0,1,0.8507517307996749,1.0,FINBERT_ALPHA_GUARDIAN,1.0,0.0,
2021-03-22,0.0,0.0,0.0,1,0.4786095768213272,1.0,FINBERT_ALPHA_GUARDIAN,0.0,1.0,
2021-03-23,0.0,0.0,0.0,1,0.6095012426376343,1.0,FINBERT_ALPHA_GUARDIAN,0.0,1.0,
2021-03-24,-0.940680980682373,0.0,1.0,1,0.7055107355117798,1.0,FINBERT_ALPHA_GUARDIAN,0.0,1.0,
2021-03-25,-0.9451310634613036,0.0,1.0,1,0.7088482975959777,1.0,FINBERT_ALPHA_GUARDIAN,0.0,1.0,
2021-03-26,-0.8597337603569031,0.0,1.0,1,0.6985336802899837,1.0,FINBERT_ALPHA_GUARDIAN,0.0,1.0,
2021-03-29,0.0,0.0,0.0,1,0.5646532326936722,1.0,FINBERT_ALPHA_GUARDIAN,0.0,1.0,
2021-03-30,0.4754990568894353,0.5128019291663725,0.0,2,1.3561621606349945,1.0,FINBERT_ALPHA_GUARDIAN,0.0,2.0,
2021-03-31,-0.5770325660705566,0.0,1.0,1,0.4327744245529175,1.0,FINBERT_ALPHA_GUARDIAN,0.0,1.0,
2021-04-01,0.0,0.0,0.0,1,0.6601694673299789,1.0,FINBERT_ALPHA_GUARDIAN,0.0,1.0,
2021-04-03,-0.5647343993186951,0.0,1.0,1,0.4588466994464397,1.0,FINBERT_ALPHA_GUARDIAN,0.0,1.0,
2021-04-05,0.900834321975708,1.0,0.0,1,0.8107508897781373,1.0,FINBERT_ALPHA_GUARDIAN,1.0,0.0,
2021-04-06,0.618757426738739,1.0,0.0,1,0.4640680700540542,1.0,FINBERT_ALPHA_GUARDIAN,0.0,1.0,
2021-04-07,0.0667554252391386,0.3572617996645066,0.3157559530987739,3,1.7923054844141006,1.0,FINBERT_ALPHA_GUARDIAN,0.0,3.0,
2021-04-08,0.0,0.0,0.0,1,0.4789384417235851,1.0,FINBERT_ALPHA_GUARDIAN,0.0,1.0,
2021-04-09,0.0,0.0,0.0,1,0.74222694337368,1.0,FINBERT_ALPHA_GUARDIAN,0.0,1.0,
2021-04-12,0.0,0.0,0.0,2,0.9118834957480432,1.0,FINBERT_ALPHA_GUARDIAN,0.0,2.0,
2021-04-13,-0.0472741332101088,0.2323554098690114,0.2696342030164789,4,2.702190421521664,1.0,FINBERT_ALPHA_GUARDIAN,0.0,4.0,
2021-04-14,0.4958779239151756,0.6531727116827216,0.1748736701322227,4,2.134851895272732,1.0,FINBERT_ALPHA_GUARDIAN,0.0,4.0,
2021-04-15,-0.4912622272968292,0.0,1.0,1,0.3745874483138323,1.0,FINBERT_ALPHA_GUARDIAN,0.0,1.0,
2021-04-16,0.0,0.0,0.0,1,0.4270623922348022,1.0,FINBERT_ALPHA_GUARDIAN,0.0,1.0,
2021-04-17,0.0,0.0,0.0,1,0.5666340440511703,1.0,FINBERT_ALPHA_GUARDIAN,0.0,1.0,
2021-04-18,-0.9355733394622804,0.0,1.0,1,0.7016800045967103,1.0,FINBERT_ALPHA_GUARDIAN,0.0,1.0,
2021-04-19,-0.5703786015510559,0.0,1.0,1,0.4634326137602329,1.0,FINBERT_ALPHA_GUARDIAN,0.0,1.0,
2021-04-20,-0.9711920022964478,0.0,1.0,1,0.7283940017223358,1.0,FINBERT_ALPHA_GUARDIAN,0.0,1.0,
2021-04-21,0.4529347053691938,0.6716056396961048,0.3283943603038953,2,0.9847000453621148,1.0,FINBERT_ALPHA_GUARDIAN,0.0,2.0,
2021-04-23,0.0055919885635375,0.5014911039496756,0.4985088960503244,2,1.5235325172543528,1.0,FINBERT_ALPHA_GUARDIAN,0.0,2.0,
2021-04-26,0.0,0.0,0.0,2,0.9171818226575852,1.0,FINBERT_ALPHA_GUARDIAN,0.0,2.0,
2021-04-27,0.0,0.0,0.0,1,0.4784544557332992,1.0,FINBERT_ALPHA_GUARDIAN,0.0,1.0,
2021-04-28,0.7678896188735962,1.0,0.0,1,0.7678896188735962,1.0,FINBERT_ALPHA_GUARDIAN,0.0,1.0,
2021-04-29,0.0,0.0,0.0,1,0.5836390256881714,1.0,FINBERT_ALPHA_GUARDIAN,0.0,1.0,
2021-04-30,0.0,0.0,0.0,1,0.5359964221715927,1.0,FINBERT_ALPHA_GUARDIAN,0.0,1.0,
2021-05-03,0.6949726343154907,1.0,0.0,1,0.5646652653813362,1.0,FINBERT_ALPHA_GUARDIAN,0.0,1.0,
2021-05-04,-0.8779199653174505,0.0,1.0,3,2.0363912001252173,1.0,FINBERT_ALPHA_GUARDIAN,0.0,3.0,
2021-05-05,0.0,0.0,0.0,1,0.6179615557193756,1.0,FINBERT_ALPHA_GUARDIAN,0.0,1.0,
2021-05-06,0.0,0.0,0.0,1,0.7191925719380379,1.0,FINBERT_ALPHA_GUARDIAN,0.0,1.0,
2021-05-09,0.0,0.0,0.0,1,0.4778667822480202,1.0,FINBERT_ALPHA_GUARDIAN,0.0,1.0,
2021-05-10,0.0,0.0,0.0,1,0.621287539601326,1.0,FINBERT_ALPHA_GUARDIAN,0.0,1.0,
2021-05-11,-0.5183153709749674,0.0,0.5438348586441052,2,1.3143809884786606,1.0,FINBERT_ALPHA_GUARDIAN,0.0,2.0,
2021-05-12,-0.3901770652791292,0.3033187932720512,0.6966812067279488,3,1.8554803647100928,1.0,FINBERT_ALPHA_GUARDIAN,0.0,3.0,
2021-05-13,-0.6124348640441895,0.0,1.0,1,0.4976033270359039,1.0,FINBERT_ALPHA_GUARDIAN,0.0,1.0,
2021-05-14,0.0,0.0,0.0,1,0.6255678981542587,1.0,FINBERT_ALPHA_GUARDIAN,0.0,1.0,
2021-05-18,0.0,0.0,0.0,1,0.3854103237390518,1.0,FINBERT_ALPHA_GUARDIAN,0.0,1.0,
2021-05-19,0.0,0.0,0.0,1,0.6436463892459869,1.0,FINBERT_ALPHA_GUARDIAN,0.0,1.0,
2021-05-20,0.5643488470957599,0.6128399063825211,0.0,2,1.1269764229655266,1.0,FINBERT_ALPHA_GUARDIAN,0.0,2.0,
2021-05-21,0.0,0.0,0.0,2,0.985195215791464,1.0,FINBERT_ALPHA_GUARDIAN,0.0,2.0,
2021-05-25,0.0,0.0,0.0,1,0.4214008748531341,1.0,FINBERT_ALPHA_GUARDIAN,0.0,1.0,
2021-05-26,-0.6766201853752136,0.0,1.0,1,0.5920426622033119,1.0,FINBERT_ALPHA_GUARDIAN,0.0,1.0,
2021-05-28,0.0,0.0,0.0,1,0.663644090294838,1.0,FINBERT_ALPHA_GUARDIAN,0.0,1.0,
2021-06-01,0.4617853373839171,0.5244405643361308,0.0,2,1.3641777336597445,1.0,FINBERT_ALPHA_GUARDIAN,0.0,2.0,
2021-06-02,0.0,0.0,0.0,1,0.5822651088237762,1.0,FINBERT_ALPHA_GUARDIAN,0.0,1.0,
2021-06-03,0.0,0.0,0.0,1,0.4709467254579067,1.0,FINBERT_ALPHA_GUARDIAN,0.0,1.0,
2021-06-04,0.0,0.0,0.0,1,0.5680755525827408,1.0,FINBERT_ALPHA_GUARDIAN,0.0,1.0,
2021-06-07,0.9481455683708192,1.0,0.0,1,0.9481455683708192,1.0,FINBERT_ALPHA_GUARDIAN,1.0,0.0,
2021-06-08,-0.8947378993034363,0.0,1.0,1,0.6710534244775772,1.0,FINBERT_ALPHA_GUARDIAN,0.0,1.0,
2021-06-09,0.8960304260253906,1.0,0.0,1,0.672022819519043,1.0,FINBERT_ALPHA_GUARDIAN,0.0,1.0,
2021-06-10,-0.5805426656623642,0.0,0.6233192316340825,2,1.1206612437963486,1.0,FINBERT_ALPHA_GUARDIAN,0.0,2.0,
2021-06-11,0.0,0.0,0.0,1,0.4394419938325882,1.0,FINBERT_ALPHA_GUARDIAN,0.0,1.0,
2021-06-14,-0.5312932729721069,0.0,1.0,1,0.3984699547290802,1.0,FINBERT_ALPHA_GUARDIAN,0.0,1.0,
2021-06-15,-0.611422598361969,0.0,1.0,1,0.4967808611690998,1.0,FINBERT_ALPHA_GUARDIAN,0.0,1.0,
2021-06-16,-0.4111808961306701,0.0,0.4904490330721113,2,1.3888921812176704,1.0,FINBERT_ALPHA_GUARDIAN,0.0,2.0,
2021-06-17,0.0,0.0,0.0,1,0.439390730112791,1.0,FINBERT_ALPHA_GUARDIAN,0.0,1.0,
2021-06-18,0.0,0.0,0.0,1,0.5359817259013653,1.0,FINBERT_ALPHA_GUARDIAN,0.0,1.0,
2021-06-19,0.0,0.0,0.0,1,0.4949655532836914,1.0,FINBERT_ALPHA_GUARDIAN,0.0,1.0,
2021-06-21,0.0,0.0,0.0,1,0.5602683573961258,1.0,FINBERT_ALPHA_GUARDIAN,0.0,1.0,
2021-06-22,-0.8025599718093872,0.0,1.0,1,0.6019199788570404,1.0,FINBERT_ALPHA_GUARDIAN,0.0,1.0,
2021-06-23,0.8424713015556335,1.0,0.0,1,0.6318534761667252,1.0,FINBERT_ALPHA_GUARDIAN,0.0,1.0,
2021-06-24,0.4990065212459365,0.5430525069979917,0.0,2,1.2690649181604383,1.0,FINBERT_ALPHA_GUARDIAN,0.0,2.0,
2021-06-25,0.9436562061309814,1.0,0.0,1,0.7667206674814224,1.0,FINBERT_ALPHA_GUARDIAN,0.0,1.0,
2021-06-27,0.0,0.0,0.0,1,0.6710565343499184,1.0,FINBERT_ALPHA_GUARDIAN,0.0,1.0,
2021-06-28,0.0,0.0,0.0,1,0.6166766881942749,1.0,FINBERT_ALPHA_GUARDIAN,0.0,1.0,
2021-06-30,-0.3578090685908665,0.0,0.473340086355626,2,1.1977496027946477,1.0,FINBERT_ALPHA_GUARDIAN,0.0,2.0,
2021-07-01,0.8564825654029846,1.0,0.0,1,0.6423619240522385,1.0,FINBERT_ALPHA_GUARDIAN,0.0,1.0,
2021-07-02,0.0,0.0,0.0,1,0.6789942383766174,1.0,FINBERT_ALPHA_GUARDIAN,0.0,1.0,
2021-07-03,0.0,0.0,0.0,1,0.5832701921463013,1.0,FINBERT_ALPHA_GUARDIAN,0.0,1.0,
2021-07-06,-0.9469894766807556,0.0,1.0,1,0.7102421075105667,1.0,FINBERT_ALPHA_GUARDIAN,0.0,1.0,
2021-07-07,-0.962711215019226,0.0,1.0,1,0.9025417640805244,1.0,FINBERT_ALPHA_GUARDIAN,0.0,1.0,
2021-07-08,-0.3861655728147805,0.0,0.3993196501350545,3,1.8163245487958195,1.0,FINBERT_ALPHA_GUARDIAN,0.0,3.0,
2021-07-09,-0.5418910384178162,0.0,1.0,1,0.4064182788133621,1.0,FINBERT_ALPHA_GUARDIAN,0.0,1.0,
2021-07-10,0.0,0.0,0.0,1,0.5454702153801918,1.0,FINBERT_ALPHA_GUARDIAN,0.0,1.0,
2021-07-12,0.0,0.0,0.0,1,0.436120256781578,1.0,FINBERT_ALPHA_GUARDIAN,0.0,1.0,
2021-07-13,0.0,0.0,0.0,1,0.4730479270219803,1.0,FINBERT_ALPHA_GUARDIAN,0.0,1.0,
2021-07-15,-0.7866736054420471,0.0,1.0,1,0.6391723044216633,1.0,FINBERT_ALPHA_GUARDIAN,0.0,1.0,
2021-07-16,-0.869552731513977,0.0,1.0,1,0.7065115943551064,1.0,FINBERT_ALPHA_GUARDIAN,0.0,1.0,
2021-07-19,-0.5444425217882806,0.2300834322054668,0.7699165677945332,4,2.655893437564373,1.0,FINBERT_ALPHA_GUARDIAN,0.0,4.0,
2021-07-20,0.0,0.0,0.0,1,0.4044582098722458,1.0,FINBERT_ALPHA_GUARDIAN,0.0,1.0,
2021-07-22,-0.5166588425636292,0.0,1.0,1,0.4197853095829487,1.0,FINBERT_ALPHA_GUARDIAN,0.0,1.0,
2021-07-23,-0.9698563814163208,0.0,1.0,1,0.7880083099007607,1.0,FINBERT_ALPHA_GUARDIAN,0.0,1.0,
2021-07-26,-0.7918321490287781,0.0,1.0,1,0.6433636210858822,1.0,FINBERT_ALPHA_GUARDIAN,0.0,1.0,
2021-07-27,-0.9667872786521912,0.0,1.0,1,0.7250904589891434,1.0,FINBERT_ALPHA_GUARDIAN,0.0,1.0,
2021-07-28,-0.7208718657493591,0.0,1.0,1,0.5406538993120193,1.0,FINBERT_ALPHA_GUARDIAN,0.0,1.0,
2021-07-29,-0.7864002585411072,0.0,1.0,1,0.5898001939058304,1.0,FINBERT_ALPHA_GUARDIAN,0.0,1.0,
2021-07-30,-0.9669638872146606,0.0,1.0,1,0.7856581583619118,1.0,FINBERT_ALPHA_GUARDIAN,0.0,1.0,
2021-08-02,0.8745411038398743,1.0,0.0,1,0.7105646468698978,1.0,FINBERT_ALPHA_GUARDIAN,0.0,1.0,
2021-08-03,-0.1834049135282404,0.0,0.3624072950273571,2,1.0647728092968465,1.0,FINBERT_ALPHA_GUARDIAN,0.0,2.0,
2021-08-04,-0.968159556388855,0.0,1.0,1,0.7261196672916412,1.0,FINBERT_ALPHA_GUARDIAN,0.0,1.0,
2021-08-05,0.0,0.0,0.0,1,0.6732043325901031,1.0,FINBERT_ALPHA_GUARDIAN,0.0,1.0,
2021-08-13,0.8384047150611877,1.0,0.0,1,0.6288035362958908,1.0,FINBERT_ALPHA_GUARDIAN,0.0,1.0,
2021-08-16,-0.8770155310630798,0.0,1.0,1,0.6577616482973099,1.0,FINBERT_ALPHA_GUARDIAN,0.0,1.0,
2021-08-17,-0.9634366035461426,0.0,1.0,1,0.7827922403812408,1.0,FINBERT_ALPHA_GUARDIAN,0.0,1.0,
2021-08-18,-0.912982940673828,0.0,1.0,1,0.7417986392974852,1.0,FINBERT_ALPHA_GUARDIAN,0.0,1.0,
2021-08-19,-0.9560335278511048,0.0,1.0,1,0.7767772413790227,1.0,FINBERT_ALPHA_GUARDIAN,0.0,1.0,
2021-08-20,-0.9719365239143372,0.0,1.0,1,0.7896984256803989,1.0,FINBERT_ALPHA_GUARDIAN,0.0,1.0,
2021-08-21,-0.9081010818481444,0.0,1.0,1,0.7378321290016173,1.0,FINBERT_ALPHA_GUARDIAN,0.0,1.0,
2021-08-23,0.0,0.0,0.0,1,0.6508516997098922,1.0,FINBERT_ALPHA_GUARDIAN,1.0,0.0,
2021-08-24,-0.6812891960144043,0.0,1.0,1,0.5109668970108032,1.0,FINBERT_ALPHA_GUARDIAN,0.0,1.0,
2021-08-25,0.0,0.0,0.0,2,1.1817807346582412,1.0,FINBERT_ALPHA_GUARDIAN,0.0,2.0,
2021-08-27,-0.6382503792017192,0.0,0.7124302513195855,3,1.9540104791522024,1.0,FINBERT_ALPHA_GUARDIAN,0.0,3.0,
2021-08-31,0.0,0.0,0.0,1,0.6222722232341766,1.0,FINBERT_ALPHA_GUARDIAN,0.0,1.0,
2021-09-01,-0.5155953764915466,0.0,1.0,1,0.3931414745748043,1.0,FINBERT_ALPHA_GUARDIAN,0.0,1.0,
2021-09-02,-0.5574748516082764,0.0,1.0,1,0.3902323961257934,1.0,FINBERT_ALPHA_GUARDIAN,0.0,1.0,
2021-09-03,-0.6661802530288696,0.0,1.0,1,0.4996351897716522,1.0,FINBERT_ALPHA_GUARDIAN,0.0,1.0,
2021-09-07,0.0,0.0,0.0,1,0.6644587591290474,1.0,FINBERT_ALPHA_GUARDIAN,0.0,1.0,
2021-09-08,-0.8490011692047119,0.0,1.0,1,0.6898134499788284,1.0,FINBERT_ALPHA_GUARDIAN,0.0,1.0,
2021-09-09,0.451425138727978,0.746253038280389,0.253746961719611,3,1.5518316589295864,1.0,FINBERT_ALPHA_GUARDIAN,0.0,3.0,
2021-09-10,-0.9736704230308532,0.0,1.0,1,0.7911072187125682,1.0,FINBERT_ALPHA_GUARDIAN,0.0,1.0,
2021-09-13,0.0,0.0,0.0,1,0.5930379331111908,1.0,FINBERT_ALPHA_GUARDIAN,0.0,1.0,
2021-09-14,0.0,0.0,0.0,1,0.6416054964065552,1.0,FINBERT_ALPHA_GUARDIAN,0.0,1.0,
2021-09-15,-0.8769799470901489,0.0,1.0,1,0.6686972096562386,1.0,FINBERT_ALPHA_GUARDIAN,0.0,1.0,
2021-09-16,-0.96362042427063,0.0,1.0,1,0.7829415947198869,1.0,FINBERT_ALPHA_GUARDIAN,0.0,1.0,
2021-09-17,-0.9241945743560792,0.0,1.0,1,0.7509080916643144,1.0,FINBERT_ALPHA_GUARDIAN,0.0,1.0,
2021-09-20,-0.8590663979365928,0.0,1.0,2,1.2615308314561844,1.0,FINBERT_ALPHA_GUARDIAN,0.0,2.0,
2021-09-22,0.0,0.0,0.0,1,0.592721700668335,1.0,FINBERT_ALPHA_GUARDIAN,0.0,1.0,
2021-09-29,-0.9347602128982544,0.0,1.0,1,0.7010701596736908,1.0,FINBERT_ALPHA_GUARDIAN,0.0,1.0,
2021-09-30,-0.8962249159812927,0.0,1.0,1,0.7281827442348003,1.0,FINBERT_ALPHA_GUARDIAN,0.0,1.0,
2021-10-01,0.0,0.0,0.0,1,0.42045309394598,1.0,FINBERT_ALPHA_GUARDIAN,0.0,1.0,
2021-10-04,0.0,0.0,0.0,1,0.6437036544084549,1.0,FINBERT_ALPHA_GUARDIAN,0.0,1.0,
2021-10-05,-0.5329403281211853,0.0,1.0,1,0.399705246090889,1.0,FINBERT_ALPHA_GUARDIAN,0.0,1.0,
2021-10-06,-0.5471762124993759,0.0,0.5742832875046131,2,1.4931978732347488,1.0,FINBERT_ALPHA_GUARDIAN,1.0,1.0,
2021-10-07,-0.8540174961090088,0.0,1.0,1,0.5978122472763062,1.0,FINBERT_ALPHA_GUARDIAN,0.0,1.0,
2021-10-08,-0.6292120549212278,0.0,0.6592886624742262,2,1.0856931135058403,1.0,FINBERT_ALPHA_GUARDIAN,0.0,2.0,
2021-10-10,0.0,0.0,0.0,1,0.6892044693231582,1.0,FINBERT_ALPHA_GUARDIAN,0.0,1.0,
2021-10-13,0.903545618057251,1.0,0.0,1,0.6776592135429382,1.0,FINBERT_ALPHA_GUARDIAN,0.0,1.0,
2021-10-18,0.7824569344520569,1.0,0.0,1,0.6357462592422962,1.0,FINBERT_ALPHA_GUARDIAN,0.0,1.0,
2021-10-29,0.7702720761299133,1.0,0.0,1,0.6258460618555546,1.0,FINBERT_ALPHA_GUARDIAN,0.0,1.0,
2021-11-01,-0.8725970387458801,0.0,1.0,1,0.7089850939810276,1.0,FINBERT_ALPHA_GUARDIAN,0.0,1.0,
2021-11-02,0.0,0.0,0.0,1,0.4237888902425766,1.0,FINBERT_ALPHA_GUARDIAN,0.0,1.0,
2021-11-03,0.0,0.0,0.0,1,0.7973091676831247,1.0,FINBERT_ALPHA_GUARDIAN,0.0,1.0,
2021-11-05,0.0,0.0,0.0,2,0.921660840511322,1.0,FINBERT_ALPHA_GUARDIAN,0.0,2.0,
2021-11-09,-0.4788907170295715,0.0,1.0,1,0.3591680377721786,1.0,FINBERT_ALPHA_GUARDIAN,0.0,1.0,
2021-11-10,0.5645144812132439,0.6049392796157694,0.0,2,1.2533572778105735,1.0,FINBERT_ALPHA_GUARDIAN,0.0,2.0,
2021-11-12,-0.5231450796127319,0.0,1.0,1,0.3923588097095489,1.0,FINBERT_ALPHA_GUARDIAN,0.0,1.0,
2021-11-15,0.0,0.0,0.0,1,0.6195267140865326,1.0,FINBERT_ALPHA_GUARDIAN,0.0,1.0,
2021-11-16,0.0,0.0,0.0,1,0.4388169459998607,1.0,FINBERT_ALPHA_GUARDIAN,0.0,1.0,
2021-11-18,-0.0303322674777228,0.5010049216118087,0.4989950783881914,2,1.315111517906189,1.0,FINBERT_ALPHA_GUARDIAN,0.0,2.0,
2021-11-19,-0.0284847021102906,0.4925385941729295,0.5074614058270706,2,1.550902135670185,1.0,FINBERT_ALPHA_GUARDIAN,0.0,2.0,
2021-11-22,0.0,0.0,0.0,1,0.5100620537996292,1.0,FINBERT_ALPHA_GUARDIAN,0.0,1.0,
2021-11-23,0.0,0.0,0.0,1,0.5101082772016525,1.0,FINBERT_ALPHA_GUARDIAN,0.0,1.0,
2021-11-24,-0.9314453601837158,0.0,1.0,1,0.7567993551492691,1.0,FINBERT_ALPHA_GUARDIAN,0.0,1.0,
2021-11-26,-0.8302770853042603,0.0,1.0,1,0.6227078139781952,1.0,FINBERT_ALPHA_GUARDIAN,0.0,1.0,
2021-11-27,-0.1682070996792457,0.0,0.3592587532925335,2,0.9122789323329928,1.0,FINBERT_ALPHA_GUARDIAN,0.0,2.0,
2021-11-28,0.0,0.0,0.0,1,0.5966316878795624,1.0,FINBERT_ALPHA_GUARDIAN,0.0,1.0,
2021-11-29,0.0,0.0,0.0,1,0.6752153187990189,1.0,FINBERT_ALPHA_GUARDIAN,0.0,1.0,
2021-11-30,0.0,0.0,0.0,1,0.5700913704931736,1.0,FINBERT_ALPHA_GUARDIAN,0.0,1.0,
2021-12-01,0.0,0.0,0.0,1,0.6203622668981552,1.0,FINBERT_ALPHA_GUARDIAN,0.0,1.0,
2021-12-02,0.0,0.0,0.0,1,0.5084289908409119,1.0,FINBERT_ALPHA_GUARDIAN,0.0,1.0,
2021-12-03,-0.9198414087295532,0.0,1.0,1,0.6898810565471649,1.0,FINBERT_ALPHA_GUARDIAN,0.0,1.0,
2021-12-06,-0.2728138424476117,0.0,0.4448489629212783,2,1.0339570552110673,1.0,FINBERT_ALPHA_GUARDIAN,0.0,2.0,
2021-12-07,0.0,0.0,0.0,1,0.6644787937402725,1.0,FINBERT_ALPHA_GUARDIAN,0.0,1.0,
2021-12-08,-0.9336081147193906,0.0,1.0,1,0.700206086039543,1.0,FINBERT_ALPHA_GUARDIAN,0.0,1.0,
2021-12-09,-0.5917938947677612,0.0,1.0,1,0.480832539498806,1.0,FINBERT_ALPHA_GUARDIAN,0.0,1.0,
2021-12-10,-0.5744322538375854,0.0,1.0,1,0.4380045935511589,1.0,FINBERT_ALPHA_GUARDIAN,0.0,1.0,
2021-12-11,0.7025099992752075,1.0,0.0,1,0.5268824994564056,1.0,FINBERT_ALPHA_GUARDIAN,0.0,1.0,
2021-12-14,0.0,0.0,0.0,1,0.4556208550930023,1.0,FINBERT_ALPHA_GUARDIAN,0.0,1.0,
2021-12-15,0.2501186616281369,0.3577844680581848,0.0,3,1.9539035841822625,1.0,FINBERT_ALPHA_GUARDIAN,1.0,2.0,
2021-12-16,0.7497878074645996,1.0,0.0,1,0.6092025935649872,1.0,FINBERT_ALPHA_GUARDIAN,0.0,1.0,
2021-12-20,-0.4346976854277357,0.0,0.5130551921107712,2,1.238569602370262,1.0,FINBERT_ALPHA_GUARDIAN,0.0,2.0,
2021-12-22,0.0,0.0,0.0,1,0.722870010882616,1.0,FINBERT_ALPHA_GUARDIAN,0.0,1.0,
2021-12-24,0.0,0.0,0.0,1,0.6640806198120117,1.0,FINBERT_ALPHA_GUARDIAN,0.0,1.0,
2021-12-29,0.0,0.0,0.0,2,1.1824329927563668,1.0,FINBERT_ALPHA_GUARDIAN,0.0,2.0,
2021-12-31,0.0,0.0,0.0,1,0.5048058182001114,1.0,FINBERT_ALPHA_GUARDIAN,0.0,1.0,
2022-01-04,0.8504977625874209,1.0,0.0,2,1.328614104539156,1.0,FINBERT_ALPHA_GUARDIAN,0.0,2.0,
2022-01-05,-0.9677322506904602,0.0,1.0,1,0.7257991880178452,1.0,FINBERT_ALPHA_GUARDIAN,0.0,1.0,
2022-01-06,-0.9739974141120912,0.0,1.0,1,0.7304980605840684,1.0,FINBERT_ALPHA_GUARDIAN,0.0,1.0,
2022-01-07,-0.83855801820755,0.0,1.0,1,0.6289185136556625,1.0,FINBERT_ALPHA_GUARDIAN,0.0,1.0,
2022-01-10,-0.9675319706013602,0.0,1.0,2,1.572212181985378,1.0,FINBERT_ALPHA_GUARDIAN,0.0,2.0,
2022-01-11,0.5654040575027466,1.0,0.0,1,0.5300663039088249,1.0,FINBERT_ALPHA_GUARDIAN,0.0,1.0,
2022-01-12,-0.8789640665054321,0.0,1.0,1,0.6592230498790741,1.0,FINBERT_ALPHA_GUARDIAN,0.0,1.0,
2022-01-13,-0.9749495387077332,0.0,1.0,1,0.7921465002000332,1.0,FINBERT_ALPHA_GUARDIAN,0.0,1.0,
2022-01-14,-0.2136961221694944,0.437053343936967,0.562946656063033,2,1.3791685700416565,1.0,FINBERT_ALPHA_GUARDIAN,0.0,2.0,
2022-01-18,-0.8516307473182678,0.0,1.0,1,0.6919499821960926,1.0,FINBERT_ALPHA_GUARDIAN,0.0,1.0,
2022-01-20,0.0,0.0,0.0,1,0.4000561535358428,1.0,FINBERT_ALPHA_GUARDIAN,0.0,1.0,
2022-01-21,-0.9180695414543152,0.0,1.0,1,0.7459315024316311,1.0,FINBERT_ALPHA_GUARDIAN,0.0,1.0,
2022-01-23,-0.9577723741531372,0.0,1.0,1,0.8380508273839951,1.0,FINBERT_ALPHA_GUARDIAN,0.0,1.0,
2022-01-24,-0.7954977510598905,0.0,0.8398427372955244,5,3.735789332538843,1.0,FINBERT_ALPHA_GUARDIAN,0.0,5.0,
2022-01-25,-0.2715903247582008,0.0,0.3469242293903471,3,1.974481563270092,1.0,FINBERT_ALPHA_GUARDIAN,0.0,3.0,
2022-01-26,0.0,0.0,0.0,1,0.8328874781727791,1.0,FINBERT_ALPHA_GUARDIAN,0.0,1.0,
2022-01-27,-0.9568857550621032,0.0,1.0,1,0.8372750356793403,1.0,FINBERT_ALPHA_GUARDIAN,0.0,1.0,
2022-01-28,-0.8211004305532651,0.0,1.0,2,1.230030931532383,1.0,FINBERT_ALPHA_GUARDIAN,0.0,2.0,
2022-01-30,0.9166019558906556,1.0,0.0,1,0.641621369123459,1.0,FINBERT_ALPHA_GUARDIAN,0.0,1.0,
2022-01-31,0.0,0.0,0.0,1,0.4282483756542206,1.0,FINBERT_ALPHA_GUARDIAN,0.0,1.0,
2022-02-01,0.0,0.0,0.0,1,0.6255199760198593,1.0,FINBERT_ALPHA_GUARDIAN,0.0,1.0,
2022-02-02,0.7393031716346741,1.0,0.0,1,0.5544773787260056,1.0,FINBERT_ALPHA_GUARDIAN,0.0,1.0,
2022-02-03,-0.9445340268783712,0.0,1.0,2,1.4744949080049992,1.0,FINBERT_ALPHA_GUARDIAN,0.0,2.0,
2022-02-06,-0.890645444393158,0.0,1.0,1,0.6234518110752106,1.0,FINBERT_ALPHA_GUARDIAN,0.0,1.0,
2022-02-07,0.0,0.0,0.0,1,0.5935520678758621,1.0,FINBERT_ALPHA_GUARDIAN,0.0,1.0,
2022-02-08,-0.769225001335144,0.0,1.0,1,0.6249953135848045,1.0,FINBERT_ALPHA_GUARDIAN,0.0,1.0,
2022-02-09,-0.424301208591657,0.0,0.5605549760821941,2,1.012742668390274,1.0,FINBERT_ALPHA_GUARDIAN,0.0,2.0,
2022-02-10,-0.5848513841629028,0.0,1.0,1,0.4386385381221771,1.0,FINBERT_ALPHA_GUARDIAN,0.0,1.0,
2022-02-11,-0.5413550857027669,0.0,0.583884636606532,2,1.2901835329830649,1.0,FINBERT_ALPHA_GUARDIAN,0.0,2.0,
2022-02-13,-0.7479077577590942,0.0,1.0,1,0.6371870445557833,1.0,FINBERT_ALPHA_GUARDIAN,1.0,0.0,
2022-02-14,-0.5006789809861842,0.0,0.5189376363973682,2,1.5106101222336292,1.0,FINBERT_ALPHA_GUARDIAN,0.0,2.0,
2022-02-15,0.0,0.0,0.0,1,0.6194442808628082,1.0,FINBERT_ALPHA_GUARDIAN,0.0,1.0,
2022-02-17,-0.8923400640487671,0.0,1.0,1,0.7250263020396233,1.0,FINBERT_ALPHA_GUARDIAN,0.0,1.0,
2022-02-18,-0.6015684562525391,0.0,1.0,2,0.927995467185974,1.0,FINBERT_ALPHA_GUARDIAN,0.0,2.0,
2022-02-22,-0.9330142736434937,0.0,1.0,1,0.7580740973353386,1.0,FINBERT_ALPHA_GUARDIAN,0.0,1.0,
2022-02-23,-0.7320770025253296,0.0,1.0,1,0.5124539017677308,1.0,FINBERT_ALPHA_GUARDIAN,0.0,1.0,
2022-02-24,-0.5873015976343297,0.0,0.6714122066497922,3,2.0991877533495424,1.0,FINBERT_ALPHA_GUARDIAN,0.0,3.0,
2022-02-25,-0.5460198647081804,0.0,0.5828202312196048,2,1.3060583345592025,1.0,FINBERT_ALPHA_GUARDIAN,0.0,2.0,
2022-02-28,-0.9662593007087708,0.0,1.0,1,0.7246944755315781,1.0,FINBERT_ALPHA_GUARDIAN,0.0,1.0,
2022-03-01,-0.943548321723938,0.0,1.0,1,0.7666330114006996,1.0,FINBERT_ALPHA_GUARDIAN,0.0,1.0,
2022-03-02,-0.5481819951375133,0.0,0.6378701691921022,2,1.0946708470582962,1.0,FINBERT_ALPHA_GUARDIAN,0.0,2.0,
2022-03-03,-0.9654272794723512,0.0,1.0,1,0.7844096645712854,1.0,FINBERT_ALPHA_GUARDIAN,0.0,1.0,
2022-03-04,-0.9606065154075624,0.0,1.0,1,0.7804927937686444,1.0,FINBERT_ALPHA_GUARDIAN,0.0,1.0,
2022-03-08,0.0,0.0,0.0,1,0.6592671722173691,1.0,FINBERT_ALPHA_GUARDIAN,0.0,1.0,
2022-03-10,-0.8309695426967203,0.0,1.0,2,1.2899299547076226,1.0,FINBERT_ALPHA_GUARDIAN,0.0,2.0,
2022-03-14,-0.7536815404891968,0.0,1.0,1,0.6123662516474724,1.0,FINBERT_ALPHA_GUARDIAN,0.0,1.0,
2022-03-16,0.6477823257446289,1.0,0.0,1,0.6072959303855896,1.0,FINBERT_ALPHA_GUARDIAN,0.0,1.0,
2022-03-21,-0.9092940092086792,0.0,1.0,1,0.7388013824820518,1.0,FINBERT_ALPHA_GUARDIAN,0.0,1.0,
2022-03-23,-0.3891111394045336,0.0,0.5050971716279999,2,1.1438920825719834,1.0,FINBERT_ALPHA_GUARDIAN,0.0,2.0,
2022-03-28,-0.960659682750702,0.0,1.0,1,0.7805359922349454,1.0,FINBERT_ALPHA_GUARDIAN,0.0,1.0,
2022-03-29,0.0,0.0,0.0,1,0.3684545539319515,1.0,FINBERT_ALPHA_GUARDIAN,0.0,1.0,
2022-03-30,0.0,0.0,0.0,1,0.5028547011315823,1.0,FINBERT_ALPHA_GUARDIAN,0.0,1.0,
2022-04-04,-0.8893632888793945,0.0,1.0,1,0.6225543022155763,1.0,FINBERT_ALPHA_GUARDIAN,0.0,1.0,
2022-04-06,0.0,0.0,0.0,1,0.5266435593366623,1.0,FINBERT_ALPHA_GUARDIAN,0.0,1.0,
2022-04-07,0.8977963924407959,1.0,0.0,1,0.8080167531967163,1.0,FINBERT_ALPHA_GUARDIAN,1.0,0.0,
2022-04-12,0.0,0.0,0.0,1,0.4714079797267914,1.0,FINBERT_ALPHA_GUARDIAN,0.0,1.0,
2022-04-20,-0.8645003437995911,0.0,1.0,1,0.7024065293371677,1.0,FINBERT_ALPHA_GUARDIAN,0.0,1.0,
2022-04-21,0.0,0.0,0.0,1,0.681749001145363,1.0,FINBERT_ALPHA_GUARDIAN,0.0,1.0,
2022-04-22,-0.9703638553619384,0.0,1.0,1,0.7884206324815749,1.0,FINBERT_ALPHA_GUARDIAN,0.0,1.0,
2022-04-23,0.5645448565483093,1.0,0.0,1,0.4586926959455013,1.0,FINBERT_ALPHA_GUARDIAN,0.0,1.0,
2022-04-25,-0.9695435166358948,0.0,1.0,1,0.7271576374769211,1.0,FINBERT_ALPHA_GUARDIAN,0.0,1.0,
2022-04-26,-0.5637514139131635,0.0,0.5811150907731847,2,1.565073050558567,1.0,FINBERT_ALPHA_GUARDIAN,0.0,2.0,
2022-04-27,-0.9396124137787928,0.0,1.0,3,2.180685993283987,1.0,FINBERT_ALPHA_GUARDIAN,0.0,3.0,
2022-04-28,-0.734039306640625,0.0,1.0,1,0.5505294799804688,1.0,FINBERT_ALPHA_GUARDIAN,0.0,1.0,
2022-04-29,-0.6735910773277283,0.0,1.0,1,0.5472927503287792,1.0,FINBERT_ALPHA_GUARDIAN,0.0,1.0,
2022-05-02,0.4523017368347546,0.5065921201099706,0.0,2,1.3438513845205309,1.0,FINBERT_ALPHA_GUARDIAN,0.0,2.0,
2022-05-03,-0.3113584626445799,0.0,0.4571532747552801,2,1.117373242974281,1.0,FINBERT_ALPHA_GUARDIAN,0.0,2.0,
2022-05-04,-0.9671335816383362,0.0,1.0,1,0.7857960350811481,1.0,FINBERT_ALPHA_GUARDIAN,0.0,1.0,
2022-05-05,-0.9283426552270436,0.0,1.0,3,2.200452506542206,1.0,FINBERT_ALPHA_GUARDIAN,0.0,3.0,
2022-05-06,-0.6350608264213147,0.0,0.7094272263492817,3,1.9707523927092556,1.0,FINBERT_ALPHA_GUARDIAN,0.0,3.0,
2022-05-07,0.0,0.0,0.0,1,0.583702277392149,1.0,FINBERT_ALPHA_GUARDIAN,0.0,1.0,
2022-05-09,-0.9595128352329864,0.0,1.0,3,2.2787719145417213,1.0,FINBERT_ALPHA_GUARDIAN,0.0,3.0,
2022-05-10,0.0,0.0,0.0,1,0.6034905165433884,1.0,FINBERT_ALPHA_GUARDIAN,0.0,1.0,
2022-05-11,-0.4948427975177765,0.0,1.0,1,0.3711320981383323,1.0,FINBERT_ALPHA_GUARDIAN,0.0,1.0,
2022-05-12,-0.4597391657575063,0.350923125135239,0.649076874864761,2,1.120853578671813,1.0,FINBERT_ALPHA_GUARDIAN,0.0,2.0,
2022-05-13,0.0,0.0,0.0,1,0.6899206191301346,1.0,FINBERT_ALPHA_GUARDIAN,0.0,1.0,
2022-05-15,-0.8591896295547485,0.0,1.0,1,0.8054902777075768,1.0,FINBERT_ALPHA_GUARDIAN,0.0,1.0,
2022-05-16,-0.5726920962333679,0.0,1.0,1,0.4653123281896114,1.0,FINBERT_ALPHA_GUARDIAN,0.0,1.0,
2022-05-17,-0.7874753475189209,0.0,1.0,1,0.5906065106391907,1.0,FINBERT_ALPHA_GUARDIAN,0.0,1.0,
2022-05-18,-0.5587189793586731,0.0,1.0,1,0.4190392345190048,1.0,FINBERT_ALPHA_GUARDIAN,0.0,1.0,
2022-05-19,-0.9470414884968156,0.0,1.0,2,1.478670485317707,1.0,FINBERT_ALPHA_GUARDIAN,0.0,2.0,
2022-06-07,0.0,0.0,0.0,1,0.5257671475410461,1.0,FINBERT_ALPHA_GUARDIAN,0.0,1.0,
2022-06-08,-0.961905002593994,0.0,1.0,1,0.7815478146076201,1.0,FINBERT_ALPHA_GUARDIAN,0.0,1.0,
2022-06-10,-0.8843694215074568,0.0,1.0,2,1.4189900904893875,1.0,FINBERT_ALPHA_GUARDIAN,0.0,2.0,
2022-06-13,-0.8268191941123673,0.0,1.0,2,1.1840964652597905,1.0,FINBERT_ALPHA_GUARDIAN,0.0,2.0,
2022-06-14,-0.8213440014437479,0.0,0.8592162787480618,4,2.641484404355288,1.0,FINBERT_ALPHA_GUARDIAN,0.0,4.0,
2022-06-15,0.2069477629504178,0.4137288086481474,0.2813850079382816,3,2.108980134129524,1.0,FINBERT_ALPHA_GUARDIAN,0.0,3.0,
2022-06-16,0.0,0.0,0.0,1,0.602117794752121,1.0,FINBERT_ALPHA_GUARDIAN,0.0,1.0,
2022-06-17,-0.7891037613995452,0.0,1.0,2,1.231362797319889,1.0,FINBERT_ALPHA_GUARDIAN,0.0,2.0,
2022-06-19,0.0,0.0,0.0,1,0.4224936403334141,1.0,FINBERT_ALPHA_GUARDIAN,0.0,1.0,
2022-06-20,-0.651175244676522,0.0,0.6887576744082692,3,2.161415529251099,1.0,FINBERT_ALPHA_GUARDIAN,0.0,3.0,
2022-06-21,-0.8049548268318176,0.0,1.0,1,0.6834833601752103,1.0,FINBERT_ALPHA_GUARDIAN,1.0,0.0,
2022-06-22,0.3688945682908753,0.4823756526206261,0.0,2,1.18902987241745,1.0,FINBERT_ALPHA_GUARDIAN,0.0,2.0,
2022-06-23,-0.9729496836662292,0.0,1.0,1,0.7297122627496719,1.0,FINBERT_ALPHA_GUARDIAN,0.0,1.0,
2022-06-24,-0.4985580617809825,0.0,0.5118070338171653,2,1.5464169904589653,1.0,FINBERT_ALPHA_GUARDIAN,0.0,2.0,
2022-06-27,0.0,0.0,0.0,1,0.4187939465045929,1.0,FINBERT_ALPHA_GUARDIAN,0.0,1.0,
2022-06-29,-0.9249597787857056,0.0,1.0,1,0.6937198340892792,1.0,FINBERT_ALPHA_GUARDIAN,0.0,1.0,
2022-06-30,-0.971675992012024,0.0,1.0,1,0.728756994009018,1.0,FINBERT_ALPHA_GUARDIAN,0.0,1.0,
2022-07-01,-0.9716268181800842,0.0,1.0,1,0.7287201136350632,1.0,FINBERT_ALPHA_GUARDIAN,0.0,1.0,
2022-07-06,-0.8994163274765015,0.0,1.0,1,0.7307757660746574,1.0,FINBERT_ALPHA_GUARDIAN,0.0,1.0,
2022-07-11,0.0,0.0,0.0,1,0.6886420547962189,1.0,FINBERT_ALPHA_GUARDIAN,0.0,1.0,
2022-07-12,-0.9692923426628112,0.0,1.0,1,0.7269692569971083,1.0,FINBERT_ALPHA_GUARDIAN,0.0,1.0,
2022-07-13,-0.954565167427063,0.0,1.0,1,0.7159238755702972,1.0,FINBERT_ALPHA_GUARDIAN,0.0,1.0,
2022-07-17,-0.9720354676246644,0.0,1.0,1,0.7897788174450399,1.0,FINBERT_ALPHA_GUARDIAN,0.0,1.0,
2022-07-19,-0.9696564470699484,0.0,1.0,2,1.515053577721119,1.0,FINBERT_ALPHA_GUARDIAN,0.0,2.0,
2022-07-20,-0.8863051046992543,0.0,1.0,2,1.3785490244627,1.0,FINBERT_ALPHA_GUARDIAN,0.0,2.0,
2022-07-21,0.6908459067344666,1.0,0.0,1,0.6044901683926582,1.0,FINBERT_ALPHA_GUARDIAN,0.0,1.0,
2022-07-22,-0.9590429663658142,0.0,1.0,1,0.779222410172224,1.0,FINBERT_ALPHA_GUARDIAN,0.0,1.0,
2022-07-26,0.9556559920310974,1.0,0.0,1,0.8959274925291538,1.0,FINBERT_ALPHA_GUARDIAN,0.0,1.0,
2022-07-28,0.8383590198210882,1.0,0.0,2,1.4018250070512297,1.0,FINBERT_ALPHA_GUARDIAN,0.0,2.0,
2022-07-29,0.7775830030441284,1.0,0.0,1,0.6317861899733543,1.0,FINBERT_ALPHA_GUARDIAN,0.0,1.0,
2022-07-30,0.0,0.0,0.0,1,0.7938216254115105,1.0,FINBERT_ALPHA_GUARDIAN,0.0,1.0,
2022-08-06,-0.4694584017380375,0.0,0.4971951128794064,2,1.3293564699590208,1.0,FINBERT_ALPHA_GUARDIAN,0.0,2.0,
2022-08-08,-0.8488062620162964,0.0,1.0,1,0.6366046965122223,1.0,FINBERT_ALPHA_GUARDIAN,0.0,1.0,
2022-08-10,-0.78911954164505,0.0,1.0,1,0.6411596275866032,1.0,FINBERT_ALPHA_GUARDIAN,0.0,1.0,
2022-08-12,0.0,0.0,0.0,1,0.4074123501777649,1.0,FINBERT_ALPHA_GUARDIAN,0.0,1.0,
2022-08-15,-0.9573767781257628,0.0,1.0,1,0.7778686322271823,1.0,FINBERT_ALPHA_GUARDIAN,0.0,1.0,
2022-08-18,-0.9556967616081238,0.0,1.0,1,0.7765036188066006,1.0,FINBERT_ALPHA_GUARDIAN,0.0,1.0,
2022-08-26,-0.6010473688100366,0.0,0.7199439571991594,3,1.9484538652002807,1.0,FINBERT_ALPHA_GUARDIAN,0.0,3.0,
2022-08-31,-0.9659526348114014,0.0,1.0,1,0.7848365157842636,1.0,FINBERT_ALPHA_GUARDIAN,0.0,1.0,
2022-09-03,0.0,0.0,0.0,1,0.3727611154317856,1.0,FINBERT_ALPHA_GUARDIAN,0.0,1.0,
2022-09-06,-0.9708141684532166,0.0,1.0,1,0.7402458034455777,1.0,FINBERT_ALPHA_GUARDIAN,0.0,1.0,
2022-09-09,-0.8840930461883545,0.0,1.0,1,0.6630697846412659,1.0,FINBERT_ALPHA_GUARDIAN,0.0,1.0,
2022-09-12,0.9464582204818726,1.0,0.0,1,0.7689973041415215,1.0,FINBERT_ALPHA_GUARDIAN,0.0,1.0,
2022-09-13,-0.7995932745836268,0.0,1.0,3,1.8969456851482391,1.0,FINBERT_ALPHA_GUARDIAN,1.0,2.0,
2022-09-14,0.0,0.0,0.0,1,0.532977318763733,1.0,FINBERT_ALPHA_GUARDIAN,0.0,1.0,
2022-09-16,-0.1303709745407106,0.4636050541482606,0.5363949458517395,2,1.4552352577447891,1.0,FINBERT_ALPHA_GUARDIAN,0.0,2.0,
2022-09-20,0.9084016680717468,1.0,0.0,1,0.7948514595627785,1.0,FINBERT_ALPHA_GUARDIAN,0.0,1.0,
2022-09-27,0.9016484618186952,1.0,0.0,1,0.6762363463640214,1.0,FINBERT_ALPHA_GUARDIAN,0.0,1.0,
2022-09-28,-0.7141578197479248,0.0,1.0,1,0.5802532285451889,1.0,FINBERT_ALPHA_GUARDIAN,0.0,1.0,
2022-09-29,-0.9564244747161864,0.0,1.0,1,0.7770948857069014,1.0,FINBERT_ALPHA_GUARDIAN,0.0,1.0,
2022-10-11,0.0,0.0,0.0,1,0.7921848461824,1.0,FINBERT_ALPHA_GUARDIAN,1.0,0.0,
2022-10-13,-0.4640246927738188,0.0,1.0,1,0.3480185195803641,1.0,FINBERT_ALPHA_GUARDIAN,0.0,1.0,
2022-10-21,-0.9411450028419496,0.0,1.0,1,0.7058587521314622,1.0,FINBERT_ALPHA_GUARDIAN,0.0,1.0,
2022-10-24,-0.9375192523002625,0.0,1.0,1,0.7617343924939632,1.0,FINBERT_ALPHA_GUARDIAN,0.0,1.0,
2022-10-25,0.0,0.0,0.0,1,0.5543689727783203,1.0,FINBERT_ALPHA_GUARDIAN,0.0,1.0,
2022-10-26,-0.520307503674597,0.0,0.6332871214111178,2,0.9081483885645868,1.0,FINBERT_ALPHA_GUARDIAN,0.0,2.0,
2022-10-27,0.6842613816261292,1.0,0.0,1,0.5559623725712299,1.0,FINBERT_ALPHA_GUARDIAN,0.0,1.0,
2022-10-28,0.0,0.0,0.0,1,0.5023294910788536,1.0,FINBERT_ALPHA_GUARDIAN,0.0,1.0,
2022-10-31,0.0,0.0,0.0,1,0.628521054983139,1.0,FINBERT_ALPHA_GUARDIAN,0.0,1.0,
2022-11-05,-0.9668357372283936,0.0,1.0,1,0.7251268029212952,1.0,FINBERT_ALPHA_GUARDIAN,0.0,1.0,
2022-11-10,-0.94681074660628,0.0,1.0,2,1.596771001815796,1.0,FINBERT_ALPHA_GUARDIAN,0.0,2.0,
2022-11-15,0.6203088164329529,1.0,0.0,1,0.4652316123247146,1.0,FINBERT_ALPHA_GUARDIAN,0.0,1.0,
2022-11-20,0.0,0.0,0.0,1,0.7067203402519227,1.0,FINBERT_ALPHA_GUARDIAN,1.0,0.0,
2022-11-23,-0.916750967502594,0.0,1.0,1,0.7448601610958576,1.0,FINBERT_ALPHA_GUARDIAN,0.0,1.0,
2022-11-24,-0.5857557058334351,0.0,1.0,1,0.475926510989666,1.0,FINBERT_ALPHA_GUARDIAN,0.0,1.0,
2022-11-28,-0.9730743169784546,0.0,1.0,1,0.7906228825449944,1.0,FINBERT_ALPHA_GUARDIAN,0.0,1.0,
2022-12-02,-0.9579610228538512,0.0,1.0,1,0.7184707671403884,1.0,FINBERT_ALPHA_GUARDIAN,0.0,1.0,
2022-12-05,0.5285189747810364,1.0,0.0,1,0.3963892310857773,1.0,FINBERT_ALPHA_GUARDIAN,0.0,1.0,
2022-12-06,-0.8681544065475464,0.0,1.0,1,0.7596351057291031,1.0,FINBERT_ALPHA_GUARDIAN,0.0,1.0,
2022-12-08,-0.9694263339042664,0.0,1.0,1,0.7876588962972164,1.0,FINBERT_ALPHA_GUARDIAN,0.0,1.0,
2022-12-09,0.0,0.0,0.0,1,0.5971795976161958,1.0,FINBERT_ALPHA_GUARDIAN,0.0,1.0,
2022-12-15,-0.6747323870658875,0.0,1.0,1,0.5060492902994156,1.0,FINBERT_ALPHA_GUARDIAN,0.0,1.0,
2022-12-17,-0.5940218567848206,0.0,1.0,1,0.4455163925886154,1.0,FINBERT_ALPHA_GUARDIAN,0.0,1.0,
2022-12-20,-0.9680803418159484,0.0,1.0,1,0.786565277725458,1.0,FINBERT_ALPHA_GUARDIAN,0.0,1.0,
2022-12-25,0.7298583388328552,1.0,0.0,1,0.5473937541246414,1.0,FINBERT_ALPHA_GUARDIAN,0.0,1.0,
2022-12-30,0.272033430922226,0.6672922829587676,0.3327077170412323,3,2.1500685065984726,1.0,FINBERT_ALPHA_GUARDIAN,0.0,3.0,
2022-12-31,0.0,0.0,0.0,1,0.5381606966257095,1.0,FINBERT_ALPHA_GUARDIAN,0.0,1.0,
2023-01-04,-0.5210150166561521,0.0,0.5390383014919577,2,1.456915487349033,1.0,FINBERT_ALPHA_GUARDIAN,0.0,2.0,
2023-01-05,-0.8787081837654114,0.0,1.0,1,0.6590311378240585,1.0,FINBERT_ALPHA_GUARDIAN,0.0,1.0,
2023-01-10,-0.5192533419432673,0.0,0.5462297850553618,2,1.414008155465126,1.0,FINBERT_ALPHA_GUARDIAN,0.0,2.0,
2023-01-11,0.0,0.0,0.0,2,1.3421336114406586,1.0,FINBERT_ALPHA_GUARDIAN,0.0,2.0,
2023-01-12,-0.9701675176620485,0.0,1.0,1,0.7276256382465364,1.0,FINBERT_ALPHA_GUARDIAN,0.0,1.0,
2023-01-13,-0.3423745257204929,0.3195600432343734,0.6804399567656265,3,1.9558354765176773,1.0,FINBERT_ALPHA_GUARDIAN,0.0,3.0,
2023-01-17,0.8341568112373352,1.0,0.0,1,0.6256176084280014,1.0,FINBERT_ALPHA_GUARDIAN,0.0,1.0,
2023-01-20,-0.8518480658531189,0.0,1.0,1,0.5962936460971833,1.0,FINBERT_ALPHA_GUARDIAN,0.0,1.0,
2023-01-23,0.0,0.0,0.0,1,0.5677593313157558,1.0,FINBERT_ALPHA_GUARDIAN,0.0,1.0,
2023-01-24,-0.919480562210083,0.0,1.0,1,0.7470779567956924,1.0,FINBERT_ALPHA_GUARDIAN,0.0,1.0,
2023-01-27,0.4979352056980133,1.0,0.0,1,0.4045723546296358,1.0,FINBERT_ALPHA_GUARDIAN,0.0,1.0,
2023-01-30,-0.8761338985879453,0.0,1.0,2,1.3933555483818054,1.0,FINBERT_ALPHA_GUARDIAN,0.0,2.0,
2023-01-31,0.0,0.0,0.0,1,0.689271192997694,1.0,FINBERT_ALPHA_GUARDIAN,0.0,1.0,
2023-02-03,0.8795889616012573,1.0,0.0,1,0.7146660313010216,1.0,FINBERT_ALPHA_GUARDIAN,0.0,1.0,
2023-02-05,-0.8850719332695007,0.0,1.0,1,0.6638039499521255,1.0,FINBERT_ALPHA_GUARDIAN,0.0,1.0,
2023-02-07,-0.7780625820159912,0.0,1.0,1,0.5835469365119934,1.0,FINBERT_ALPHA_GUARDIAN,0.0,1.0,
2023-02-08,-0.9625293612480164,0.0,1.0,1,0.8422131910920143,1.0,FINBERT_ALPHA_GUARDIAN,0.0,1.0,
2023-02-09,-0.9587787985801696,0.0,1.0,1,0.7790077738463878,1.0,FINBERT_ALPHA_GUARDIAN,0.0,1.0,
2023-02-13,-0.9619030356407166,0.0,1.0,1,0.7214272767305374,1.0,FINBERT_ALPHA_GUARDIAN,0.0,1.0,
2023-02-14,-0.9593724608421326,0.0,1.0,1,0.7195293456315994,1.0,FINBERT_ALPHA_GUARDIAN,0.0,1.0,
2023-02-15,-0.9665780663490297,0.0,1.0,1,0.7249335497617723,1.0,FINBERT_ALPHA_GUARDIAN,0.0,1.0,
2023-03-01,-0.9692793488502502,0.0,1.0,1,0.7875394709408283,1.0,FINBERT_ALPHA_GUARDIAN,0.0,1.0,
2023-03-06,0.911757469177246,1.0,0.0,1,0.6838181018829345,1.0,FINBERT_ALPHA_GUARDIAN,0.0,1.0,
2023-03-07,-0.2503240633994044,0.2773670752145598,0.4124352341999173,3,1.7294448718428612,1.0,FINBERT_ALPHA_GUARDIAN,0.0,3.0,
2023-03-13,-0.0344663820086762,0.4729517705854579,0.5270482294145421,2,0.6781325802206993,1.0,FINBERT_ALPHA_GUARDIAN,0.0,2.0,
2023-03-14,-0.6051048636436462,0.0,1.0,1,0.4538286477327347,1.0,FINBERT_ALPHA_GUARDIAN,0.0,1.0,
2023-03-15,-0.9201481342315674,0.0,1.0,1,0.6901111006736755,1.0,FINBERT_ALPHA_GUARDIAN,0.0,1.0,
2023-03-16,0.0899318947899828,0.5431826554283937,0.4568173445716061,2,1.6735651209950446,1.0,FINBERT_ALPHA_GUARDIAN,1.0,1.0,
2023-03-17,-0.9675893783569336,0.0,1.0,1,0.7861663699150085,1.0,FINBERT_ALPHA_GUARDIAN,0.0,1.0,
2023-03-20,-0.7219667434692383,0.0,1.0,1,0.5414750576019287,1.0,FINBERT_ALPHA_GUARDIAN,0.0,1.0,
2023-03-21,-0.8890610337257385,0.0,1.0,1,0.6667957752943039,1.0,FINBERT_ALPHA_GUARDIAN,0.0,1.0,
2023-03-22,0.0,0.0,0.0,1,0.6368114054203033,1.0,FINBERT_ALPHA_GUARDIAN,0.0,1.0,
2023-03-24,-0.9387572407722472,0.0,1.0,1,0.7040679305791854,1.0,FINBERT_ALPHA_GUARDIAN,0.0,1.0,
2023-03-29,0.0,0.0,0.0,1,0.3720325771719217,1.0,FINBERT_ALPHA_GUARDIAN,0.0,1.0,
2023-03-30,0.0,0.0,0.0,1,0.4859438985586166,1.0,FINBERT_ALPHA_GUARDIAN,0.0,1.0,
2023-04-04,-0.9673640727996826,0.0,1.0,1,0.7859833091497421,1.0,FINBERT_ALPHA_GUARDIAN,0.0,1.0,
2023-04-13,-0.9664177894592284,0.0,1.0,1,0.8075214543145893,1.0,FINBERT_ALPHA_GUARDIAN,1.0,0.0,
2023-04-17,0.6166090369224548,1.0,0.0,1,0.5009948424994946,1.0,FINBERT_ALPHA_GUARDIAN,0.0,1.0,
2023-04-18,-0.8693917393684387,0.0,1.0,1,0.7063807882368565,1.0,FINBERT_ALPHA_GUARDIAN,0.0,1.0,
2023-04-19,0.8715695738792419,1.0,0.0,1,0.7626233771443367,1.0,FINBERT_ALPHA_GUARDIAN,0.0,1.0,
2023-04-24,0.0,0.0,0.0,1,0.5152504444122314,1.0,FINBERT_ALPHA_GUARDIAN,0.0,1.0,
2023-04-26,-0.9226034879684448,0.0,1.0,1,0.7496153339743614,1.0,FINBERT_ALPHA_GUARDIAN,0.0,1.0,
2023-04-27,0.0,0.0,0.0,1,0.5718734093010426,1.0,FINBERT_ALPHA_GUARDIAN,0.0,1.0,
2023-04-28,0.944373607635498,1.0,0.0,1,0.8263269066810608,1.0,FINBERT_ALPHA_GUARDIAN,0.0,1.0,
2023-05-03,-0.953533411026001,0.0,1.0,1,0.7151500582695007,1.0,FINBERT_ALPHA_GUARDIAN,0.0,1.0,
2023-05-05,0.0,0.0,0.0,1,0.4619824528694153,1.0,FINBERT_ALPHA_GUARDIAN,0.0,1.0,
2023-05-08,0.8976566791534424,1.0,0.0,1,0.7767617587385773,1.0,FINBERT_ALPHA_GUARDIAN,1.0,0.0,
2023-05-09,-0.6786186099052429,0.0,1.0,1,0.5089639574289322,1.0,FINBERT_ALPHA_GUARDIAN,0.0,1.0,
2023-05-11,0.0,0.0,0.0,1,0.5771193504333496,1.0,FINBERT_ALPHA_GUARDIAN,0.0,1.0,
2023-05-16,-0.9153229594230652,0.0,1.0,1,0.7436999045312405,1.0,FINBERT_ALPHA_GUARDIAN,0.0,1.0,
2023-05-19,-0.957734763622284,0.0,1.0,1,0.7781594954431058,1.0,FINBERT_ALPHA_GUARDIAN,0.0,1.0,
2023-05-20,-0.9688456654548644,0.0,1.0,1,0.6781919658184051,1.0,FINBERT_ALPHA_GUARDIAN,0.0,1.0,
2023-05-24,-0.9235755801200868,0.0,1.0,1,0.7042263798415662,1.0,FINBERT_ALPHA_GUARDIAN,0.0,1.0,
2023-05-26,0.7925723710065846,1.0,0.0,2,1.19179128408432,1.0,FINBERT_ALPHA_GUARDIAN,0.0,2.0,
2023-05-31,-0.9722245335578918,0.0,1.0,1,0.7291684001684189,1.0,FINBERT_ALPHA_GUARDIAN,0.0,1.0,
2023-06-02,0.9257139563560486,1.0,0.0,1,0.6942854672670364,1.0,FINBERT_ALPHA_GUARDIAN,0.0,1.0,
2023-06-09,-0.9695823192596436,0.0,1.0,1,0.7271867394447327,1.0,FINBERT_ALPHA_GUARDIAN,0.0,1.0,
2023-06-12,-0.5227128863334656,0.0,1.0,1,0.4573737755417824,1.0,FINBERT_ALPHA_GUARDIAN,0.0,1.0,
2023-06-13,-0.1357481535768459,0.469911458219426,0.5300885417805741,2,1.4031970821321011,1.0,FINBERT_ALPHA_GUARDIAN,0.0,2.0,
2023-06-14,-0.6086720824241638,0.0,1.0,1,0.4945460669696331,1.0,FINBERT_ALPHA_GUARDIAN,0.0,1.0,
2023-06-18,-0.9357187151908876,0.0,1.0,1,0.7602714560925962,1.0,FINBERT_ALPHA_GUARDIAN,0.0,1.0,
2023-06-20,0.0,0.0,0.0,1,0.665220245718956,1.0,FINBERT_ALPHA_GUARDIAN,0.0,1.0,
2023-06-26,0.0,0.0,0.0,1,0.6817359924316407,1.0,FINBERT_ALPHA_GUARDIAN,0.0,1.0,
2023-06-30,0.7352132797241211,1.0,0.0,1,0.5973607897758484,1.0,FINBERT_ALPHA_GUARDIAN,0.0,1.0,
2023-07-03,-0.9318301677703856,0.0,1.0,1,0.7571120113134383,1.0,FINBERT_ALPHA_GUARDIAN,0.0,1.0,
2023-07-06,-0.9483430981636048,0.0,1.0,1,0.770528767257929,1.0,FINBERT_ALPHA_GUARDIAN,0.0,1.0,
2023-07-07,-0.9715094566345216,0.0,1.0,1,0.7286320924758912,1.0,FINBERT_ALPHA_GUARDIAN,0.0,1.0,
2023-07-12,-0.8046912550926208,0.0,1.0,1,0.6538116447627544,1.0,FINBERT_ALPHA_GUARDIAN,0.0,1.0,
2023-07-20,-0.7549489140510559,0.0,1.0,1,0.6133959926664829,1.0,FINBERT_ALPHA_GUARDIAN,0.0,1.0,
2023-07-21,-0.9512954354286194,0.0,1.0,1,0.7134715765714645,1.0,FINBERT_ALPHA_GUARDIAN,0.0,1.0,
2023-07-22,0.8955561518669128,1.0,0.0,1,0.7836116328835487,1.0,FINBERT_ALPHA_GUARDIAN,0.0,1.0,
2023-07-26,0.0,0.0,0.0,1,0.5794037327170373,1.0,FINBERT_ALPHA_GUARDIAN,0.0,1.0,
2023-08-02,-0.7821235894207675,0.0,1.0,2,1.1548133343458176,1.0,FINBERT_ALPHA_GUARDIAN,0.0,2.0,
2023-08-04,0.5959697365760803,1.0,0.0,1,0.4469773024320602,1.0,FINBERT_ALPHA_GUARDIAN,0.0,1.0,
2023-08-07,-0.9741544723510742,0.0,1.0,1,0.7306158542633057,1.0,FINBERT_ALPHA_GUARDIAN,0.0,1.0,
2023-08-09,0.7452364557034534,1.0,0.0,3,1.8117039166390896,1.0,FINBERT_ALPHA_GUARDIAN,0.0,3.0,
2023-08-10,-0.8566782041738049,0.0,1.0,2,1.2519534200429918,1.0,FINBERT_ALPHA_GUARDIAN,0.0,2.0,
2023-08-15,0.8902894258499146,1.0,0.0,1,0.7233601585030556,1.0,FINBERT_ALPHA_GUARDIAN,0.0,1.0,
2023-08-16,0.7423296570777893,1.0,0.0,1,0.556747242808342,1.0,FINBERT_ALPHA_GUARDIAN,0.0,1.0,
2023-08-17,0.7824228405952454,1.0,0.0,1,0.6357185579836369,1.0,FINBERT_ALPHA_GUARDIAN,0.0,1.0,
2023-08-21,-0.9705348014831544,0.0,1.0,1,0.7279011011123658,1.0,FINBERT_ALPHA_GUARDIAN,0.0,1.0,
2023-08-22,0.3297219739199467,0.5104786575481238,0.0,2,0.948973260819912,1.0,FINBERT_ALPHA_GUARDIAN,0.0,2.0,
2023-08-23,-0.8407443165779114,0.0,1.0,1,0.683104757219553,1.0,FINBERT_ALPHA_GUARDIAN,0.0,1.0,
2023-08-24,-0.8794606328010559,0.0,1.0,1,0.7695280537009239,1.0,FINBERT_ALPHA_GUARDIAN,0.0,1.0,
2023-08-25,0.0,0.0,0.0,1,0.4745206832885742,1.0,FINBERT_ALPHA_GUARDIAN,0.0,1.0,
2023-08-29,0.0,0.0,0.0,1,0.5227343291044235,1.0,FINBERT_ALPHA_GUARDIAN,0.0,1.0,
2023-08-30,-0.2132822328309404,0.0,0.4427283961172611,2,0.8160958811640739,1.0,FINBERT_ALPHA_GUARDIAN,0.0,2.0,
2023-09-01,0.0,0.0,0.0,1,0.6798154413700104,1.0,FINBERT_ALPHA_GUARDIAN,0.0,1.0,
2023-09-02,0.0,0.0,0.0,1,0.5769093804061414,1.0,FINBERT_ALPHA_GUARDIAN,0.0,1.0,
2023-09-03,-0.4902193253506443,0.0,0.5442388712662625,2,1.4481693997979164,1.0,FINBERT_ALPHA_GUARDIAN,0.0,2.0,
2023-09-04,0.0,0.0,0.0,1,0.7336229011416435,1.0,FINBERT_ALPHA_GUARDIAN,0.0,1.0,
2023-09-14,0.6461976149396327,0.6888487147778857,0.0,3,2.12772024795413,1.0,FINBERT_ALPHA_GUARDIAN,0.0,3.0,
2023-09-15,-0.9688604474067688,0.0,1.0,1,0.7871991135179996,1.0,FINBERT_ALPHA_GUARDIAN,0.0,1.0,
2023-09-19,0.8870388865470886,1.0,0.0,1,0.7207190953195095,1.0,FINBERT_ALPHA_GUARDIAN,0.0,1.0,
2023-09-22,-0.9741923809051514,0.0,1.0,1,0.7306442856788635,1.0,FINBERT_ALPHA_GUARDIAN,0.0,1.0,
2023-09-29,-0.8738561272621155,0.0,1.0,1,0.6553920954465866,1.0,FINBERT_ALPHA_GUARDIAN,0.0,1.0,
2023-10-03,-0.9654424786567688,0.0,1.0,1,0.7844220139086246,1.0,FINBERT_ALPHA_GUARDIAN,0.0,1.0,
2023-10-04,0.635550320148468,1.0,0.0,1,0.5163846351206303,1.0,FINBERT_ALPHA_GUARDIAN,0.0,1.0,
2023-10-11,-0.8202090859413147,0.0,1.0,1,0.6664198823273182,1.0,FINBERT_ALPHA_GUARDIAN,0.0,1.0,
2023-10-14,0.0,0.0,0.0,1,0.8682991832494735,1.0,FINBERT_ALPHA_GUARDIAN,1.0,0.0,
2023-10-16,-0.5727051496505737,0.0,1.0,1,0.4653229340910911,1.0,FINBERT_ALPHA_GUARDIAN,0.0,1.0,
2023-10-17,-0.9005653858184814,0.0,1.0,1,0.7317093759775162,1.0,FINBERT_ALPHA_GUARDIAN,0.0,1.0,
2023-10-30,-0.5111024153334586,0.0,0.5309198997219331,2,1.3599132001399994,1.0,FINBERT_ALPHA_GUARDIAN,1.0,1.0,
2023-11-03,-0.8446800708770752,0.0,1.0,1,0.791887566447258,1.0,FINBERT_ALPHA_GUARDIAN,0.0,1.0,
2023-11-07,-0.9721457958221436,0.0,1.0,1,0.8506275713443756,1.0,FINBERT_ALPHA_GUARDIAN,0.0,1.0,
2023-11-12,-0.9729014039039612,0.0,1.0,1,0.7296760529279709,1.0,FINBERT_ALPHA_GUARDIAN,0.0,1.0,
2023-11-14,-0.4848986218294991,0.0,0.5030607180058888,2,1.43704841658473,1.0,FINBERT_ALPHA_GUARDIAN,0.0,2.0,
2023-11-16,0.8831366896629333,1.0,0.0,1,0.6733917258679868,1.0,FINBERT_ALPHA_GUARDIAN,0.0,1.0,
2023-11-20,-0.4346813840003224,0.0,0.5117024546269867,2,1.4525934904813766,1.0,FINBERT_ALPHA_GUARDIAN,1.0,1.0,
2023-11-23,0.0,0.0,0.0,1,0.9086414575576782,1.0,FINBERT_ALPHA_GUARDIAN,1.0,0.0,
2023-12-02,0.0,0.0,0.0,1,0.3791162334145904,1.0,FINBERT_ALPHA_GUARDIAN,1.0,0.0,
2023-12-04,0.7276828289031982,1.0,0.0,1,0.5457621216773987,1.0,FINBERT_ALPHA_GUARDIAN,0.0,1.0,
2023-12-06,-0.4676354229450226,0.0,1.0,1,0.3507265672087669,1.0,FINBERT_ALPHA_GUARDIAN,0.0,1.0,
2023-12-08,-0.8601318597793579,0.0,1.0,1,0.7526153773069382,1.0,FINBERT_ALPHA_GUARDIAN,0.0,1.0,
2023-12-11,0.8812902569770813,1.0,0.0,1,0.8372257441282271,1.0,FINBERT_ALPHA_GUARDIAN,1.0,0.0,
2023-12-13,0.0,0.0,0.0,1,0.7103332541882992,1.0,FINBERT_ALPHA_GUARDIAN,0.0,1.0,
2023-12-14,0.7019248604774475,1.0,0.0,1,0.6141842529177666,1.0,FINBERT_ALPHA_GUARDIAN,0.0,1.0,
2023-12-15,0.0,0.0,0.0,1,0.3734880071133375,1.0,FINBERT_ALPHA_GUARDIAN,0.0,1.0,
2023-12-19,-0.4280906739158079,0.0,0.4869964248357613,2,1.4665861874818802,1.0,FINBERT_ALPHA_GUARDIAN,0.0,2.0,
2023-12-23,0.834426999092102,1.0,0.0,1,0.5991186270694793,1.0,FINBERT_ALPHA_GUARDIAN,1.0,0.0,
2023-12-26,0.9162946343421936,1.0,0.0,1,0.6872209757566452,1.0,FINBERT_ALPHA_GUARDIAN,0.0,1.0,
2023-12-28,-0.9377282857894896,0.0,1.0,1,0.7032962143421172,1.0,FINBERT_ALPHA_GUARDIAN,0.0,1.0,
2023-12-29,-0.9286098565134536,0.0,1.0,2,1.450679175555706,1.0,FINBERT_ALPHA_GUARDIAN,0.0,2.0,
2023-12-31,0.6190033555030823,1.0,0.0,1,0.4642525166273117,1.0,FINBERT_ALPHA_GUARDIAN,0.0,1.0,
2024-01-03,-0.9634566307067872,0.0,1.0,1,0.7828085124492646,1.0,FINBERT_ALPHA_GUARDIAN,0.0,1.0,
2024-01-05,-0.8220089077949524,0.0,1.0,1,0.6678822375833988,1.0,FINBERT_ALPHA_GUARDIAN,0.0,1.0,
2024-01-15,-0.913066267967224,0.0,1.0,1,0.7418663427233695,1.0,FINBERT_ALPHA_GUARDIAN,0.0,1.0,
2024-01-22,0.5707358683245508,0.6627191271723514,0.0,2,1.2182808928191662,1.0,FINBERT_ALPHA_GUARDIAN,0.0,2.0,
2024-01-23,0.0,0.0,0.0,1,0.6612665548920632,1.0,FINBERT_ALPHA_GUARDIAN,0.0,1.0,
2024-01-26,-0.5237980247327212,0.0,0.5492169452329525,2,1.324084945768118,1.0,FINBERT_ALPHA_GUARDIAN,0.0,2.0,
2024-01-31,-0.7143181562423706,0.0,1.0,1,0.7143181562423706,1.0,FINBERT_ALPHA_GUARDIAN,0.0,1.0,
2024-02-01,-0.8643497824668884,0.0,1.0,1,0.7563060596585274,1.0,FINBERT_ALPHA_GUARDIAN,0.0,1.0,
2024-02-02,0.0,0.0,0.0,1,0.3991830199956894,1.0,FINBERT_ALPHA_GUARDIAN,0.0,1.0,
2024-02-05,-0.9661296606063844,0.0,1.0,1,0.7849803492426873,1.0,FINBERT_ALPHA_GUARDIAN,0.0,1.0,
2024-02-08,0.9517924189567566,1.0,0.0,1,0.7733313404023647,1.0,FINBERT_ALPHA_GUARDIAN,0.0,1.0,
2024-02-09,0.5739653706550598,1.0,0.0,1,0.4017757594585419,1.0,FINBERT_ALPHA_GUARDIAN,0.0,1.0,
2024-02-13,-0.5274091958999634,0.0,1.0,1,0.3955568969249725,1.0,FINBERT_ALPHA_GUARDIAN,0.0,1.0,
2024-02-14,0.0,0.0,0.0,1,0.3212294429540634,1.0,FINBERT_ALPHA_GUARDIAN,0.0,1.0,
2024-02-15,-0.8677785396575928,0.0,1.0,1,0.7050700634717941,1.0,FINBERT_ALPHA_GUARDIAN,0.0,1.0,
2024-02-17,-0.6777008771896362,0.0,1.0,1,0.5082756578922272,1.0,FINBERT_ALPHA_GUARDIAN,0.0,1.0,
2024-02-20,-0.4974611319421422,0.0,0.5393932838076674,2,1.2823581844568253,1.0,FINBERT_ALPHA_GUARDIAN,0.0,2.0,
2024-02-22,0.6077845212860895,0.6917276291981895,0.0,3,2.222278244793415,1.0,FINBERT_ALPHA_GUARDIAN,0.0,3.0,
2024-02-23,0.9147086143493652,1.0,0.0,1,0.8003700375556946,1.0,FINBERT_ALPHA_GUARDIAN,0.0,1.0,
2024-02-27,-0.5285245336493704,0.0,0.5529968938931626,2,1.296226903796196,1.0,FINBERT_ALPHA_GUARDIAN,0.0,2.0,
2024-03-01,0.4523421834017179,0.6921798546458782,0.3078201453541218,2,1.2040238671004773,1.0,FINBERT_ALPHA_GUARDIAN,0.0,2.0,
2024-03-05,0.9082438349723816,1.0,0.0,1,0.6811828762292862,1.0,FINBERT_ALPHA_GUARDIAN,0.0,1.0,
2024-03-06,-0.4937280526109248,0.0,0.5366669668904036,2,1.392840687185526,1.0,FINBERT_ALPHA_GUARDIAN,0.0,2.0,
2024-03-08,0.7402545809745789,1.0,0.0,1,0.5551909357309341,1.0,FINBERT_ALPHA_GUARDIAN,0.0,1.0,
2024-03-11,0.4949361681938171,1.0,0.0,1,0.4021356366574763,1.0,FINBERT_ALPHA_GUARDIAN,0.0,1.0,
2024-03-12,-0.9247397184371948,0.0,1.0,1,0.8669434860348701,1.0,FINBERT_ALPHA_GUARDIAN,0.0,1.0,
2024-03-14,-0.1404806202696027,0.4556778138995152,0.5443221861004848,2,1.5103363759815691,1.0,FINBERT_ALPHA_GUARDIAN,1.0,1.0,
2024-03-18,0.6113033890724182,1.0,0.0,1,0.4584775418043136,1.0,FINBERT_ALPHA_GUARDIAN,0.0,1.0,
2024-03-21,-0.9602433443069458,0.0,1.0,1,0.7201825082302094,1.0,FINBERT_ALPHA_GUARDIAN,0.0,1.0,
2024-03-26,0.5051140785217285,1.0,0.0,1,0.385149484872818,1.0,FINBERT_ALPHA_GUARDIAN,0.0,1.0,
2024-03-27,0.0,0.0,0.0,2,1.3102127552032472,1.0,FINBERT_ALPHA_GUARDIAN,0.0,2.0,
2024-03-28,0.9489107131958008,1.0,0.0,1,0.6736964784538747,1.0,FINBERT_ALPHA_GUARDIAN,1.0,0.0,
2024-04-03,-0.8174805641174316,0.0,1.0,1,0.6642029583454132,1.0,FINBERT_ALPHA_GUARDIAN,0.0,1.0,
2024-04-04,-0.5259020328521729,0.0,1.0,1,0.3944265246391296,1.0,FINBERT_ALPHA_GUARDIAN,0.0,1.0,
2024-04-05,-0.964946150779724,0.0,1.0,1,0.7840187475085257,1.0,FINBERT_ALPHA_GUARDIAN,0.0,1.0,
2024-04-09,-0.972015917301178,0.0,1.0,1,0.6804111421108247,1.0,FINBERT_ALPHA_GUARDIAN,0.0,1.0,
2024-04-10,-0.638674795627594,0.0,1.0,1,0.4790060967206955,1.0,FINBERT_ALPHA_GUARDIAN,0.0,1.0,
2024-04-12,-0.6089838743209839,0.0,1.0,1,0.4567379057407379,1.0,FINBERT_ALPHA_GUARDIAN,0.0,1.0,
2024-04-15,-0.9699475765228271,0.0,1.0,1,0.7274606823921204,1.0,FINBERT_ALPHA_GUARDIAN,0.0,1.0,
2024-04-18,0.0,0.0,0.0,1,0.3719691693782807,1.0,FINBERT_ALPHA_GUARDIAN,0.0,1.0,
2024-04-19,-0.552238560300829,0.0,0.5859249151594471,2,1.3069716468453407,1.0,FINBERT_ALPHA_GUARDIAN,0.0,2.0,
2024-04-22,-0.5375670843745712,0.0,0.5525773178424827,2,1.4304409362375736,1.0,FINBERT_ALPHA_GUARDIAN,0.0,2.0,
2024-04-23,-0.6070592403411865,0.0,1.0,1,0.4249414682388306,1.0,FINBERT_ALPHA_GUARDIAN,0.0,1.0,
2024-04-24,0.3381236170317161,0.6165788782526237,0.3834211217473763,2,1.2436261251568794,1.0,FINBERT_ALPHA_GUARDIAN,0.0,2.0,
2024-04-25,-0.9440313132980368,0.0,1.0,2,1.415934920310974,1.0,FINBERT_ALPHA_GUARDIAN,0.0,2.0,
2024-04-26,0.0,0.0,0.0,1,0.6436576545238495,1.0,FINBERT_ALPHA_GUARDIAN,0.0,1.0,
2024-05-03,0.0,0.0,0.0,1,0.5147028565406799,1.0,FINBERT_ALPHA_GUARDIAN,0.0,1.0,
2024-05-13,0.8279774785041809,1.0,0.0,1,0.7244802936911583,1.0,FINBERT_ALPHA_GUARDIAN,0.0,1.0,
2024-05-15,0.9365713000297546,1.0,0.0,1,0.7609641812741756,1.0,FINBERT_ALPHA_GUARDIAN,0.0,1.0,
2024-05-23,0.953536093235016,1.0,0.0,1,0.953536093235016,1.0,FINBERT_ALPHA_GUARDIAN,1.0,0.0,
2024-05-27,0.0,0.0,0.0,1,0.5462593287229538,1.0,FINBERT_ALPHA_GUARDIAN,0.0,1.0,
2024-05-31,-0.4397672859325824,0.0,0.4523369247419669,3,1.611981675028801,1.0,FINBERT_ALPHA_GUARDIAN,0.0,3.0,
2024-06-07,0.92023903131485,1.0,0.0,1,0.6901792734861375,1.0,FINBERT_ALPHA_GUARDIAN,0.0,1.0,
2024-06-11,-0.9540958404541016,0.0,1.0,1,0.7155718803405762,1.0,FINBERT_ALPHA_GUARDIAN,0.0,1.0,
2024-06-12,-0.9712021350860596,0.0,1.0,1,0.7891017347574234,1.0,FINBERT_ALPHA_GUARDIAN,0.0,1.0,
2024-06-13,-0.7665835022926331,0.0,1.0,1,0.5749376267194748,1.0,FINBERT_ALPHA_GUARDIAN,0.0,1.0,
2024-06-25,-0.8412887454032898,0.0,1.0,1,0.7361276522278786,1.0,FINBERT_ALPHA_GUARDIAN,0.0,1.0,
2024-06-27,0.0,0.0,0.0,1,0.5312155187129974,1.0,FINBERT_ALPHA_GUARDIAN,0.0,1.0,
2024-07-02,-0.8510391712188721,0.0,1.0,1,0.6914693266153336,1.0,FINBERT_ALPHA_GUARDIAN,0.0,1.0,
2024-07-03,-0.9714345932006836,0.0,1.0,1,0.7285759449005127,1.0,FINBERT_ALPHA_GUARDIAN,0.0,1.0,
2024-07-04,0.90269273519516,1.0,0.0,1,0.67701955139637,1.0,FINBERT_ALPHA_GUARDIAN,0.0,1.0,
2024-07-08,0.0,0.0,0.0,1,0.6547359153628349,1.0,FINBERT_ALPHA_GUARDIAN,0.0,1.0,
2024-07-15,0.2987974393831885,0.4761944242270405,0.0,2,0.9223724007606506,1.0,FINBERT_ALPHA_GUARDIAN,0.0,2.0,
2024-07-16,-0.6957806348800659,0.0,1.0,1,0.6088080555200577,1.0,FINBERT_ALPHA_GUARDIAN,0.0,1.0,
2024-07-17,-0.698117196559906,0.0,1.0,1,0.5235878974199295,1.0,FINBERT_ALPHA_GUARDIAN,0.0,1.0,
2024-07-18,-0.8108188637390793,0.0,1.0,4,2.5171091973781587,1.0,FINBERT_ALPHA_GUARDIAN,0.0,4.0,
2024-07-22,-0.5121909194967814,0.0,0.5406634424713626,2,1.4236434482038025,1.0,FINBERT_ALPHA_GUARDIAN,0.0,2.0,
2024-07-23,0.9511128664016724,1.0,0.0,1,0.7727792039513588,1.0,FINBERT_ALPHA_GUARDIAN,0.0,1.0,
2024-07-24,-0.9604551792144777,0.0,1.0,1,0.9004267305135728,1.0,FINBERT_ALPHA_GUARDIAN,0.0,1.0,
2024-07-25,-0.577656587784133,0.0,0.5961141432304378,2,1.6255894750356674,1.0,FINBERT_ALPHA_GUARDIAN,0.0,2.0,
2024-07-29,-0.9657174348831176,0.0,1.0,1,0.7242880761623381,1.0,FINBERT_ALPHA_GUARDIAN,0.0,1.0,
2024-07-30,-0.7564963698387146,0.0,1.0,1,0.567372277379036,1.0,FINBERT_ALPHA_GUARDIAN,0.0,1.0,
2024-07-31,0.0,0.0,0.0,1,0.6813323199748992,1.0,FINBERT_ALPHA_GUARDIAN,0.0,1.0,
2024-08-01,-0.9654271602630616,0.0,1.0,1,0.7240703701972963,1.0,FINBERT_ALPHA_GUARDIAN,0.0,1.0,
2024-08-02,-0.8586892096369823,0.0,1.0,3,2.1645505614578724,1.0,FINBERT_ALPHA_GUARDIAN,0.0,3.0,
2024-08-04,-0.910099446773529,0.0,1.0,1,0.7394558005034924,1.0,FINBERT_ALPHA_GUARDIAN,0.0,1.0,
2024-08-05,-0.9369183194540346,0.0,1.0,4,2.803216516971588,1.0,FINBERT_ALPHA_GUARDIAN,0.0,4.0,
2024-08-06,0.1991396922025857,0.6335129478389249,0.3664870521610751,3,2.151274736970663,1.0,FINBERT_ALPHA_GUARDIAN,0.0,3.0,
2024-08-07,-0.6775985956192017,0.0,1.0,1,0.5081989467144012,1.0,FINBERT_ALPHA_GUARDIAN,0.0,1.0,
2024-08-08,-0.8369812575735951,0.0,1.0,2,1.2329012751579285,1.0,FINBERT_ALPHA_GUARDIAN,0.0,2.0,
2024-08-09,-0.4388019144535063,0.0,1.0,1,0.3291014358401298,1.0,FINBERT_ALPHA_GUARDIAN,0.0,1.0,
2024-08-10,0.0,0.0,0.0,1,0.6499357283115388,1.0,FINBERT_ALPHA_GUARDIAN,0.0,1.0,
2024-08-12,-0.8997482061386108,0.0,1.0,1,0.7310454174876213,1.0,FINBERT_ALPHA_GUARDIAN,0.0,1.0,
2024-08-14,0.7816005954768529,1.0,0.0,2,1.2604349590837955,1.0,FINBERT_ALPHA_GUARDIAN,0.0,2.0,
2024-08-15,0.947297990322113,1.0,0.0,1,0.7696796171367168,1.0,FINBERT_ALPHA_GUARDIAN,0.0,1.0,
2024-08-16,0.6673551797866821,1.0,0.0,1,0.5005163848400116,1.0,FINBERT_ALPHA_GUARDIAN,0.0,1.0,
2024-08-20,-0.7922713756561279,0.0,1.0,1,0.6041069239377976,1.0,FINBERT_ALPHA_GUARDIAN,0.0,1.0,
2024-08-22,0.0,0.0,0.0,1,0.6026928946375847,1.0,FINBERT_ALPHA_GUARDIAN,0.0,1.0,
2024-08-23,0.154587163251725,0.3892117144742913,0.0,2,1.0204732418060305,1.0,FINBERT_ALPHA_GUARDIAN,0.0,2.0,
2024-08-27,-0.8267306685447693,0.0,1.0,1,0.7750600017607212,1.0,FINBERT_ALPHA_GUARDIAN,0.0,1.0,
2024-08-29,-0.954036453219428,0.0,1.0,2,1.6690205112099648,1.0,FINBERT_ALPHA_GUARDIAN,0.0,2.0,
2024-08-30,0.7027071118354797,1.0,0.0,1,0.5709495283663273,1.0,FINBERT_ALPHA_GUARDIAN,0.0,1.0,
2024-09-01,0.0,0.0,0.0,1,0.6193137407302857,1.0,FINBERT_ALPHA_GUARDIAN,0.0,1.0,
2024-09-03,0.5474769473075867,1.0,0.0,1,0.4448250196874141,1.0,FINBERT_ALPHA_GUARDIAN,0.0,1.0,
2024-09-04,-0.5367150279674441,0.0,0.5517610357248137,2,1.4324024952948091,1.0,FINBERT_ALPHA_GUARDIAN,0.0,2.0,
2024-09-05,0.7739017605781555,1.0,0.0,1,0.5804263204336166,1.0,FINBERT_ALPHA_GUARDIAN,0.0,1.0,
2024-09-06,-0.9543059885740804,0.0,1.0,2,1.609820757061243,1.0,FINBERT_ALPHA_GUARDIAN,0.0,2.0,
2024-09-09,0.1374101133876005,0.5786628441119847,0.4213371558880153,2,1.3999913334846497,1.0,FINBERT_ALPHA_GUARDIAN,1.0,1.0,
2024-09-18,-0.5098479390144348,0.0,1.0,1,0.4461169466376304,1.0,FINBERT_ALPHA_GUARDIAN,0.0,1.0,
2024-09-19,0.6990340352058411,1.0,0.0,1,0.655344408005476,1.0,FINBERT_ALPHA_GUARDIAN,0.0,1.0,
2024-09-27,-0.923037052154541,0.0,1.0,1,0.8076574206352234,1.0,FINBERT_ALPHA_GUARDIAN,0.0,1.0,
2024-10-02,-0.5241814851760864,0.0,1.0,1,0.3931361138820648,1.0,FINBERT_ALPHA_GUARDIAN,0.0,1.0,
2024-10-04,-0.5360913716634472,0.0,0.5530485848648199,2,1.3145391047000885,1.0,FINBERT_ALPHA_GUARDIAN,0.0,2.0,
2024-10-08,-0.8440607786178589,0.0,1.0,1,0.6330455839633942,1.0,FINBERT_ALPHA_GUARDIAN,0.0,1.0,
2024-10-09,0.0,0.0,0.0,1,0.7245155721902847,1.0,FINBERT_ALPHA_GUARDIAN,0.0,1.0,
2024-10-11,0.9470931887626648,1.0,0.0,1,0.7695132158696651,1.0,FINBERT_ALPHA_GUARDIAN,0.0,1.0,
2024-10-25,-0.9246534705162048,0.0,1.0,1,0.7512809447944164,1.0,FINBERT_ALPHA_GUARDIAN,0.0,1.0,
2024-10-29,-0.9594932794570924,0.0,1.0,1,0.7196199595928193,1.0,FINBERT_ALPHA_GUARDIAN,0.0,1.0,
2024-11-01,0.0,0.0,0.0,1,0.5860098749399185,1.0,FINBERT_ALPHA_GUARDIAN,0.0,1.0,
2024-11-04,-0.8851523399353027,0.0,1.0,1,0.7191862761974335,1.0,FINBERT_ALPHA_GUARDIAN,0.0,1.0,
2024-11-05,0.0,0.0,0.0,1,0.6474057286977768,1.0,FINBERT_ALPHA_GUARDIAN,0.0,1.0,
2024-11-06,-0.7657661873737349,0.0,0.8115429792798038,3,1.8880667462944984,1.0,FINBERT_ALPHA_GUARDIAN,0.0,3.0,
2024-11-08,-0.7553720474243164,0.0,1.0,1,0.7081612944602966,1.0,FINBERT_ALPHA_GUARDIAN,0.0,1.0,
2024-11-11,0.8610403537750244,1.0,0.0,1,0.6457802653312683,1.0,FINBERT_ALPHA_GUARDIAN,0.0,1.0,
2024-11-15,-0.9681056141853333,0.0,1.0,1,0.7260792106389999,1.0,FINBERT_ALPHA_GUARDIAN,0.0,1.0,
2024-11-16,0.0,0.0,0.0,1,0.5915120877325535,1.0,FINBERT_ALPHA_GUARDIAN,0.0,1.0,
2024-11-18,-0.9091819524765016,0.0,1.0,1,0.6818864643573762,1.0,FINBERT_ALPHA_GUARDIAN,0.0,1.0,
2024-11-21,0.9101795554161072,1.0,0.0,1,0.6826346665620804,1.0,FINBERT_ALPHA_GUARDIAN,0.0,1.0,
2024-11-22,-0.8735546469688416,0.0,1.0,1,0.6551659852266312,1.0,FINBERT_ALPHA_GUARDIAN,0.0,1.0,
2024-11-25,0.4592794477939605,1.0,0.0,1,0.3731645513325929,1.0,FINBERT_ALPHA_GUARDIAN,0.0,1.0,
2024-11-26,0.0,0.0,0.0,1,0.6201063841581345,1.0,FINBERT_ALPHA_GUARDIAN,0.0,1.0,
2024-11-27,-0.447411102507447,0.0,0.5404427203227934,2,1.1488641500473022,1.0,FINBERT_ALPHA_GUARDIAN,0.0,2.0,
2024-11-29,0.8230212330818176,1.0,0.0,1,0.6687047518789768,1.0,FINBERT_ALPHA_GUARDIAN,0.0,1.0,
2024-12-03,0.0,0.0,0.0,1,0.4203932136297226,1.0,FINBERT_ALPHA_GUARDIAN,0.0,1.0,
2024-12-09,-0.558506190776825,0.0,1.0,1,0.4188796430826187,1.0,FINBERT_ALPHA_GUARDIAN,0.0,1.0,
2024-12-10,0.9345859289169312,1.0,0.0,1,0.7009394466876984,1.0,FINBERT_ALPHA_GUARDIAN,0.0,1.0,
2024-12-11,0.8843628764152527,1.0,0.0,1,0.7738175168633461,1.0,FINBERT_ALPHA_GUARDIAN,0.0,1.0,
2024-12-12,0.0,0.0,0.0,1,0.3893217518925667,1.0,FINBERT_ALPHA_GUARDIAN,0.0,1.0,
2024-12-15,0.8579119443893433,1.0,0.0,1,0.6005383610725403,1.0,FINBERT_ALPHA_GUARDIAN,0.0,1.0,
2024-12-16,-0.9693236351013184,0.0,1.0,1,0.7875754535198212,1.0,FINBERT_ALPHA_GUARDIAN,0.0,1.0,
2024-12-18,-0.9516725540161132,0.0,1.0,1,0.7732339501380919,1.0,FINBERT_ALPHA_GUARDIAN,0.0,1.0,
2024-12-20,-0.7938244342803955,0.0,1.0,1,0.5953683257102966,1.0,FINBERT_ALPHA_GUARDIAN,0.0,1.0,
2024-12-23,-0.9639897346496582,0.0,1.0,1,0.7229923009872437,1.0,FINBERT_ALPHA_GUARDIAN,0.0,1.0,
2024-12-24,0.0,0.0,0.0,1,0.5878859907388687,1.0,FINBERT_ALPHA_GUARDIAN,0.0,1.0,
2024-12-27,0.0,0.0,0.0,1,0.7146604619920254,1.0,FINBERT_ALPHA_GUARDIAN,0.0,1.0,
2024-12-30,0.0,0.0,0.0,1,0.5925235331058503,1.0,FINBERT_ALPHA_GUARDIAN,0.0,1.0,
2024-12-31,0.7376197696842267,0.8295936080132443,0.0,4,2.534800473600626,1.0,FINBERT_ALPHA_GUARDIAN,0.0,4.0,
2025-01-01,-0.611657977104187,0.0,1.0,1,0.4587434828281402,1.0,FINBERT_ALPHA_GUARDIAN,0.0,1.0,
2025-01-03,0.0,0.0,0.0,1,0.3997887074947357,1.0,FINBERT_ALPHA_GUARDIAN,0.0,1.0,
2025-01-06,-0.6527093052864075,0.0,1.0,1,0.4895319789648056,1.0,FINBERT_ALPHA_GUARDIAN,0.0,1.0,
2025-01-07,0.9156053066253662,1.0,0.0,1,0.6867039799690247,1.0,FINBERT_ALPHA_GUARDIAN,0.0,1.0,
2025-01-08,-0.9303426146507264,0.0,1.0,1,0.6977569609880448,1.0,FINBERT_ALPHA_GUARDIAN,0.0,1.0,
2025-01-10,-0.970695436000824,0.0,1.0,1,0.728021577000618,1.0,FINBERT_ALPHA_GUARDIAN,0.0,1.0,
2025-01-13,-0.809593141078949,0.0,1.0,1,0.657794427126646,1.0,FINBERT_ALPHA_GUARDIAN,0.0,1.0,
2025-01-14,0.9025864005088806,1.0,0.0,1,0.7333514504134655,1.0,FINBERT_ALPHA_GUARDIAN,0.0,1.0,
2025-01-15,-0.8918970227241516,0.0,1.0,1,0.7246663309633732,1.0,FINBERT_ALPHA_GUARDIAN,0.0,1.0,
2025-01-21,-0.7742357850074768,0.0,1.0,1,0.6290665753185749,1.0,FINBERT_ALPHA_GUARDIAN,0.0,1.0,
2025-01-27,-0.9160240292549132,0.0,1.0,1,0.744269523769617,1.0,FINBERT_ALPHA_GUARDIAN,0.0,1.0,
2025-01-28,-0.5587405433736912,0.1384412825290264,0.6898057251259576,5,3.43924120143056,1.0,FINBERT_ALPHA_GUARDIAN,0.0,5.0,
2025-01-31,0.6050288081169128,1.0,0.0,1,0.5294002071022987,1.0,FINBERT_ALPHA_GUARDIAN,0.0,1.0,
2025-02-01,-0.7223073244094849,0.0,1.0,1,0.5056151270866395,1.0,FINBERT_ALPHA_GUARDIAN,0.0,1.0,
2025-02-02,-0.6334463685045828,0.0,0.6649457307357051,2,1.1640210025012492,1.0,FINBERT_ALPHA_GUARDIAN,0.0,2.0,
2025-02-03,-0.7252612306850057,0.0,0.7926390142791558,3,1.7304996401071548,1.0,FINBERT_ALPHA_GUARDIAN,0.0,3.0,
2025-02-04,-0.7197035551071167,0.0,1.0,1,0.5037924885749817,1.0,FINBERT_ALPHA_GUARDIAN,0.0,1.0,
2025-02-05,-0.7630475759506226,0.0,1.0,1,0.5722856819629669,1.0,FINBERT_ALPHA_GUARDIAN,0.0,1.0,
2025-02-10,0.0172976851463318,0.5063971775504603,0.4936028224495397,2,0.946384519338608,1.0,FINBERT_ALPHA_GUARDIAN,0.0,2.0,
2025-02-11,-0.9222388335552378,0.0,1.0,2,1.4986379481852057,1.0,FINBERT_ALPHA_GUARDIAN,0.0,2.0,
2025-02-13,-0.8121705385019629,0.0,1.0,2,1.1114011824131012,1.0,FINBERT_ALPHA_GUARDIAN,0.0,2.0,
2025-02-14,0.2286854162599779,0.3912855842478714,0.0,2,1.2135960198938849,1.0,FINBERT_ALPHA_GUARDIAN,0.0,2.0,
2025-02-17,-0.9621535539627076,0.0,1.0,1,0.5481863619704426,1.0,FINBERT_ALPHA_GUARDIAN,1.0,0.0,
2025-02-19,-0.8717724680900574,0.0,1.0,1,0.7083151303231716,1.0,FINBERT_ALPHA_GUARDIAN,0.0,1.0,
2025-02-21,0.0,0.0,0.0,1,0.6576210260391235,1.0,FINBERT_ALPHA_GUARDIAN,0.0,1.0,
2025-02-24,0.6849036812782288,1.0,0.0,1,0.5992907211184502,1.0,FINBERT_ALPHA_GUARDIAN,0.0,1.0,
2025-02-25,0.0,0.0,0.0,1,0.7576521039009094,1.0,FINBERT_ALPHA_GUARDIAN,1.0,0.0,
2025-02-26,0.2633624415026161,0.486702266911227,0.0,2,1.0006209950051663,1.0,FINBERT_ALPHA_GUARDIAN,2.0,0.0,
2025-03-01,0.0,0.0,0.0,1,0.6213300123810769,1.0,FINBERT_ALPHA_GUARDIAN,0.0,1.0,
2025-03-03,-0.3102239527224725,0.4131076802235186,0.5868923197764814,2,1.1000057950615882,1.0,FINBERT_ALPHA_GUARDIAN,0.0,2.0,
2025-03-04,-0.489276669167773,0.3225795292268645,0.6774204707731354,2,1.0562716692686085,1.0,FINBERT_ALPHA_GUARDIAN,0.0,2.0,
2025-03-05,-0.627219557762146,0.0,1.0,1,0.5096158906817436,1.0,FINBERT_ALPHA_GUARDIAN,0.0,1.0,
2025-03-07,-0.9641377137053452,0.0,1.0,2,1.4462017714977264,1.0,FINBERT_ALPHA_GUARDIAN,0.0,2.0,
2025-03-10,-0.9638339606864056,0.0,1.0,2,1.5059781931340694,1.0,FINBERT_ALPHA_GUARDIAN,0.0,2.0,
2025-03-11,-0.5658417656005528,0.0,0.797891794578642,5,2.6670700773596767,1.0,FINBERT_ALPHA_GUARDIAN,0.0,5.0,
2025-03-12,-0.3029553562040441,0.2360613800666621,0.549216718211806,4,1.9978032119572164,1.0,FINBERT_ALPHA_GUARDIAN,0.0,4.0,
2025-03-13,-0.8614373169766728,0.0,1.0,2,1.3426465317606926,1.0,FINBERT_ALPHA_GUARDIAN,0.0,2.0,
2025-03-14,-0.9062157273292542,0.0,1.0,1,0.6796617954969406,1.0,FINBERT_ALPHA_GUARDIAN,0.0,1.0,
2025-03-19,-0.644076943397522,0.0,1.0,1,0.6038221344351768,1.0,FINBERT_ALPHA_GUARDIAN,0.0,1.0,
2025-03-21,-0.9712665677070618,0.0,1.0,1,0.7891540862619877,1.0,FINBERT_ALPHA_GUARDIAN,0.0,1.0,
2025-03-24,-0.6479879451924915,0.0,0.7116674431762271,3,1.845041045546532,1.0,FINBERT_ALPHA_GUARDIAN,0.0,3.0,
2025-03-28,-0.965872173133627,0.0,1.0,2,1.5211317211389543,1.0,FINBERT_ALPHA_GUARDIAN,0.0,2.0,
2025-03-31,-0.2849878937827456,0.3547338978361942,0.6452661021638058,3,2.1994294583797456,1.0,FINBERT_ALPHA_GUARDIAN,1.0,2.0,
2025-04-01,0.2285734586403449,0.5937601475616451,0.4062398524383549,2,1.5295715928077698,1.0,FINBERT_ALPHA_GUARDIAN,1.0,1.0,
2025-04-02,-0.1911664179108332,0.0,0.3862376139838031,2,1.0411800570785998,1.0,FINBERT_ALPHA_GUARDIAN,0.0,2.0,
2025-04-03,-0.9545885444134528,0.0,1.0,3,2.0043782353401185,1.0,FINBERT_ALPHA_GUARDIAN,0.0,3.0,
2025-04-04,-0.6773229283773188,0.0823354999756207,0.8353817710685032,10,6.1794008880853655,1.0,FINBERT_ALPHA_GUARDIAN,0.0,10.0,
2025-04-05,0.0,0.0,0.0,1,0.5446811497211457,1.0,FINBERT_ALPHA_GUARDIAN,0.0,1.0,
2025-04-07,-0.3122987729307213,0.0,0.4767218494112987,2,1.0306267887353897,1.0,FINBERT_ALPHA_GUARDIAN,0.0,2.0,
2025-04-08,0.0577325903068361,0.5264478202546108,0.4735521797453892,4,2.3406758479774,1.0,FINBERT_ALPHA_GUARDIAN,0.0,4.0,
2025-04-09,0.3180563211012831,0.3593442923629843,0.0,3,1.8781158462166787,1.0,FINBERT_ALPHA_GUARDIAN,0.0,3.0,
2025-04-10,-0.1859710260864238,0.2774993403888536,0.5006629608266866,8,4.629142805933952,1.0,FINBERT_ALPHA_GUARDIAN,0.0,8.0,
2025-04-11,0.1028499570483866,0.5084535598633798,0.3127169072962708,4,2.0915496140718464,1.0,FINBERT_ALPHA_GUARDIAN,0.0,4.0,
2025-04-12,0.0,0.0,0.0,1,0.4268316149711609,1.0,FINBERT_ALPHA_GUARDIAN,0.0,1.0,
2025-04-14,-0.4479676515488408,0.0,0.5849419506844853,2,0.9819341838359832,1.0,FINBERT_ALPHA_GUARDIAN,0.0,2.0,
2025-04-15,0.938584702661928,1.0,0.0,2,1.5486647576093673,1.0,FINBERT_ALPHA_GUARDIAN,1.0,1.0,
2025-04-16,-0.9686176747247708,0.0,1.0,2,1.5860391981899735,1.0,FINBERT_ALPHA_GUARDIAN,0.0,2.0,
2025-04-17,-0.8877738668038507,0.0,1.0,3,2.0185782514512542,1.0,FINBERT_ALPHA_GUARDIAN,0.0,3.0,
2025-04-21,-0.875444233417511,0.0,1.0,1,0.8207289688289165,1.0,FINBERT_ALPHA_GUARDIAN,0.0,1.0,
2025-04-22,-0.3003273724755412,0.3364244597932985,0.6635755402067015,3,1.900331794470549,1.0,FINBERT_ALPHA_GUARDIAN,0.0,3.0,
2025-04-23,-0.7128181349335202,0.0,0.7659879545800027,3,1.97134907245636,1.0,FINBERT_ALPHA_GUARDIAN,0.0,3.0,
2025-04-24,-0.4598788278109169,0.0,0.4739060924149254,3,2.0476646453142164,1.0,FINBERT_ALPHA_GUARDIAN,1.0,2.0,
2025-04-25,0.0,0.0,0.0,1,0.6246957778930664,1.0,FINBERT_ALPHA_GUARDIAN,0.0,1.0,
2025-04-28,0.0,0.0,0.0,1,0.4716250598430633,1.0,FINBERT_ALPHA_GUARDIAN,0.0,1.0,
2025-04-29,0.3976037585168262,0.5034073590040705,0.0,2,1.333614432811737,1.0,FINBERT_ALPHA_GUARDIAN,1.0,1.0,
2025-04-30,-0.9578546579179924,0.0,1.0,2,1.4961789213120935,1.0,FINBERT_ALPHA_GUARDIAN,0.0,2.0,
2025-05-01,0.0,0.0,0.0,1,0.6671966314315796,1.0,FINBERT_ALPHA_GUARDIAN,0.0,1.0,
2025-05-02,0.9129784107208252,1.0,0.0,1,0.798856109380722,1.0,FINBERT_ALPHA_GUARDIAN,0.0,1.0,
2025-05-05,-0.9621668172922778,0.0,1.0,2,1.5153522096574308,1.0,FINBERT_ALPHA_GUARDIAN,0.0,2.0,
2025-05-06,-0.8782448172569275,0.0,1.0,1,0.6586836129426956,1.0,FINBERT_ALPHA_GUARDIAN,0.0,1.0,
2025-05-07,-0.9694902300834656,0.0,1.0,1,0.908897090703249,1.0,FINBERT_ALPHA_GUARDIAN,0.0,1.0,
2025-05-08,-0.764207661151886,0.0,1.0,1,0.6209187246859074,1.0,FINBERT_ALPHA_GUARDIAN,0.0,1.0,
2025-05-09,0.0,0.0,0.0,1,0.6615477651357651,1.0,FINBERT_ALPHA_GUARDIAN,0.0,1.0,
2025-05-12,-0.5917827009061178,0.0,1.0,2,0.919501267373562,1.0,FINBERT_ALPHA_GUARDIAN,0.0,2.0,
2025-05-13,0.0,0.0,0.0,2,1.1060874566435814,1.0,FINBERT_ALPHA_GUARDIAN,0.0,2.0,
2025-05-14,0.0,0.0,0.0,1,0.6342795372009279,1.0,FINBERT_ALPHA_GUARDIAN,0.0,1.0,
2025-05-16,0.0,0.0,0.0,1,0.6215283274650575,1.0,FINBERT_ALPHA_GUARDIAN,0.0,1.0,
2025-05-18,-0.9728073477745056,0.0,1.0,1,0.680965143442154,1.0,FINBERT_ALPHA_GUARDIAN,0.0,1.0,
2025-05-19,-0.8817198899401347,0.0,1.0,2,1.3144384324550629,1.0,FINBERT_ALPHA_GUARDIAN,0.0,2.0,
2025-05-20,-0.9245938658714294,0.0,1.0,1,0.7512325160205364,1.0,FINBERT_ALPHA_GUARDIAN,0.0,1.0,
2025-05-21,-0.8992406725883484,0.0,1.0,1,0.7306330464780331,1.0,FINBERT_ALPHA_GUARDIAN,0.0,1.0,
2025-05-23,-0.3702124987576704,0.0,0.4660409796174847,2,1.1931660950183869,1.0,FINBERT_ALPHA_GUARDIAN,0.0,2.0,
2025-05-27,0.3754328734344803,0.5516763522596477,0.0,2,0.9251769930124284,1.0,FINBERT_ALPHA_GUARDIAN,0.0,2.0,
2025-05-28,0.8722364902496338,1.0,0.0,1,0.6541773676872253,1.0,FINBERT_ALPHA_GUARDIAN,0.0,1.0,
2025-05-29,0.1792653357072271,0.6509046259574187,0.3490953740425813,3,1.7760258689522743,1.0,FINBERT_ALPHA_GUARDIAN,0.0,3.0,
2025-05-30,-0.7867298499800623,0.0,1.0,2,1.139268234372139,1.0,FINBERT_ALPHA_GUARDIAN,0.0,2.0,
2025-05-31,0.0,0.0,0.0,1,0.5551638662815095,1.0,FINBERT_ALPHA_GUARDIAN,0.0,1.0,
2025-06-02,-0.4260664016378799,0.0,0.5261763302346021,2,1.1541863568127155,1.0,FINBERT_ALPHA_GUARDIAN,0.0,2.0,
2025-06-05,0.9474944472312928,1.0,0.0,1,0.9398588263546676,1.0,FINBERT_ALPHA_GUARDIAN,1.0,0.0,
2025-06-06,-0.9305606484413148,0.0,1.0,1,0.7560805268585683,1.0,FINBERT_ALPHA_GUARDIAN,0.0,1.0,
2025-06-10,0.0,0.0,0.0,1,0.5823883699202658,1.0,FINBERT_ALPHA_GUARDIAN,1.0,0.0,
2025-06-13,-0.5333117033317398,0.0,0.5629499291883365,2,1.3673035651445389,1.0,FINBERT_ALPHA_GUARDIAN,0.0,2.0,
2025-06-14,0.0,0.0,0.0,1,0.6644514068961144,1.0,FINBERT_ALPHA_GUARDIAN,0.0,1.0,
2025-06-17,-0.5171215534210205,0.0,1.0,1,0.4201612621545791,1.0,FINBERT_ALPHA_GUARDIAN,0.0,1.0,
2025-06-18,0.0,0.0,0.0,1,0.6070053650459647,1.0,FINBERT_ALPHA_GUARDIAN,1.0,0.0,
2025-06-20,-0.2942080748637842,0.0,0.4359475732435774,2,1.2577937401831152,1.0,FINBERT_ALPHA_GUARDIAN,1.0,1.0,
2025-06-23,0.9194231629371644,1.0,0.0,1,0.6435962140560152,1.0,FINBERT_ALPHA_GUARDIAN,0.0,1.0,
2025-06-25,0.0311919620044734,0.5249256385935139,0.475074361406486,2,1.7713605687022207,1.0,FINBERT_ALPHA_GUARDIAN,1.0,1.0,
2025-06-26,0.9419444799423218,1.0,0.0,1,0.7653298899531364,1.0,FINBERT_ALPHA_GUARDIAN,0.0,1.0,
2025-06-27,0.6796610433323761,0.8412719278284185,0.1587280721715814,3,1.9040603265166285,1.0,FINBERT_ALPHA_GUARDIAN,1.0,2.0,
2025-06-30,-0.5992795825004578,0.0,1.0,1,0.4494596868753433,1.0,FINBERT_ALPHA_GUARDIAN,0.0,1.0,
2025-07-03,0.923577606678009,1.0,0.0,1,0.6926832050085068,1.0,FINBERT_ALPHA_GUARDIAN,0.0,1.0,
2025-07-04,0.0,0.0,0.0,1,0.645824694633484,1.0,FINBERT_ALPHA_GUARDIAN,0.0,1.0,
2025-07-07,0.5170694589614868,1.0,0.0,1,0.3878020942211151,1.0,FINBERT_ALPHA_GUARDIAN,0.0,1.0,
2025-07-09,0.6433416604995728,1.0,0.0,1,0.5227150991559029,1.0,FINBERT_ALPHA_GUARDIAN,0.0,1.0,
2025-07-10,-0.40095916390419,0.0,1.0,1,0.3007193729281425,1.0,FINBERT_ALPHA_GUARDIAN,0.0,1.0,
2025-07-11,-0.9739461541175842,0.0,1.0,1,0.7304596155881882,1.0,FINBERT_ALPHA_GUARDIAN,0.0,1.0,
2025-07-14,-0.961495280265808,0.0,1.0,1,0.841308370232582,1.0,FINBERT_ALPHA_GUARDIAN,0.0,1.0,
2025-07-15,0.3699971139431,1.0,0.0,1,0.277497835457325,1.0,FINBERT_ALPHA_GUARDIAN,0.0,1.0,
2025-07-16,-0.9408712983131406,0.0,1.0,1,0.7056534737348555,1.0,FINBERT_ALPHA_GUARDIAN,0.0,1.0,
2025-07-17,-0.9748661518096924,0.0,1.0,1,0.7311496138572693,1.0,FINBERT_ALPHA_GUARDIAN,0.0,1.0,
2025-07-18,0.5568604543118851,0.5866730410898361,0.0,2,1.4561181761324404,1.0,FINBERT_ALPHA_GUARDIAN,1.0,1.0,
2025-07-20,0.922624170780182,1.0,0.0,1,0.8159612049885839,1.0,FINBERT_ALPHA_GUARDIAN,1.0,0.0,
2025-07-21,0.0,0.0,0.0,1,0.5641049891710281,1.0,FINBERT_ALPHA_GUARDIAN,0.0,1.0,
2025-07-23,-0.8606128096580505,0.0,1.0,1,0.7530362084507942,1.0,FINBERT_ALPHA_GUARDIAN,0.0,1.0,
2025-07-24,0.0,0.0,0.0,1,0.7717409506440163,1.0,FINBERT_ALPHA_GUARDIAN,0.0,1.0,
2025-07-25,-0.4861902594566345,0.0,1.0,1,0.3950295858085155,1.0,FINBERT_ALPHA_GUARDIAN,0.0,1.0,
2025-07-27,0.7750179767608643,1.0,0.0,1,0.5812634825706482,1.0,FINBERT_ALPHA_GUARDIAN,0.0,1.0,
2025-07-28,0.0,0.0,0.0,1,0.651029072701931,1.0,FINBERT_ALPHA_GUARDIAN,0.0,1.0,
2025-07-29,0.0,0.0,0.0,1,0.6251536756753922,1.0,FINBERT_ALPHA_GUARDIAN,0.0,1.0,
2025-07-30,-0.06197930329598,0.4763391643708319,0.5236608356291681,2,1.0854202039539813,1.0,FINBERT_ALPHA_GUARDIAN,0.0,2.0,
2025-08-01,-0.9456700541911236,0.0,1.0,2,1.3226276099681855,1.0,FINBERT_ALPHA_GUARDIAN,0.0,2.0,
2025-08-02,-0.592932403087616,0.0,1.0,1,0.4521109573543072,1.0,FINBERT_ALPHA_GUARDIAN,0.0,1.0,
2025-08-04,0.0,0.0,0.0,1,0.4500893652439118,1.0,FINBERT_ALPHA_GUARDIAN,0.0,1.0,
2025-08-06,-0.5886117263436051,0.0,0.6054571632051833,2,1.3046242177486418,1.0,FINBERT_ALPHA_GUARDIAN,0.0,2.0,
2025-08-08,0.6460708379745483,1.0,0.0,1,0.6460708379745483,1.0,FINBERT_ALPHA_GUARDIAN,1.0,0.0,
2025-08-12,0.7545685768127441,1.0,0.0,1,0.5281980037689209,1.0,FINBERT_ALPHA_GUARDIAN,0.0,1.0,
2025-08-13,-0.8179348633559629,0.0,1.0,2,1.428354499489069,1.0,FINBERT_ALPHA_GUARDIAN,1.0,1.0,
2025-08-14,-0.5166777968406677,0.0,1.0,1,0.3875083476305008,1.0,FINBERT_ALPHA_GUARDIAN,0.0,1.0,
2025-08-18,-0.7828366160392761,0.0,1.0,1,0.6360547505319118,1.0,FINBERT_ALPHA_GUARDIAN,0.0,1.0,
2025-08-19,-0.7965530753135681,0.0,1.0,1,0.6471993736922741,1.0,FINBERT_ALPHA_GUARDIAN,0.0,1.0,
2025-08-20,0.922431230545044,1.0,0.0,1,0.691823422908783,1.0,FINBERT_ALPHA_GUARDIAN,0.0,1.0,
2025-08-21,-0.9707618951797484,0.0,1.0,1,0.7887440398335456,1.0,FINBERT_ALPHA_GUARDIAN,0.0,1.0,
2025-08-22,-0.7882214932358385,0.0,1.0,2,1.4072750099003315,1.0,FINBERT_ALPHA_GUARDIAN,0.0,2.0,
2025-08-26,-0.8723968863487244,0.0,1.0,1,0.7088224701583385,1.0,FINBERT_ALPHA_GUARDIAN,0.0,1.0,
2025-08-27,0.0,0.0,0.0,1,0.6198333352804184,1.0,FINBERT_ALPHA_GUARDIAN,0.0,1.0,
2025-08-28,-0.5685482621192932,0.0,1.0,1,0.4974797293543815,1.0,FINBERT_ALPHA_GUARDIAN,0.0,1.0,
2025-09-01,0.9558094143867492,1.0,0.0,1,0.9049513211424082,1.0,FINBERT_ALPHA_GUARDIAN,1.0,0.0,
2025-09-02,-0.9715917110443116,0.0,1.0,1,0.7286937832832338,1.0,FINBERT_ALPHA_GUARDIAN,0.0,1.0,
2025-09-05,-0.9713478088378906,0.0,1.0,1,0.728510856628418,1.0,FINBERT_ALPHA_GUARDIAN,0.0,1.0,
2025-09-09,-0.9570939540863036,0.0,1.0,1,0.7776388376951217,1.0,FINBERT_ALPHA_GUARDIAN,0.0,1.0,
2025-09-10,-0.8594872951507568,0.0,1.0,1,0.6983334273099899,1.0,FINBERT_ALPHA_GUARDIAN,0.0,1.0,
2025-09-12,-0.9578004479408264,0.0,1.0,1,0.7183503359556198,1.0,FINBERT_ALPHA_GUARDIAN,0.0,1.0,
2025-09-13,-0.9532126784324646,0.0,1.0,1,0.6672488749027253,1.0,FINBERT_ALPHA_GUARDIAN,0.0,1.0,
2025-09-14,-0.8665754199028015,0.0,1.0,1,0.6066027939319611,1.0,FINBERT_ALPHA_GUARDIAN,0.0,1.0,
2025-09-15,-0.932491660118103,0.0,1.0,1,0.6527441620826722,1.0,FINBERT_ALPHA_GUARDIAN,0.0,1.0,
2025-09-16,0.3121135179681834,0.4132778360741774,0.0,2,1.4847444780170918,1.0,FINBERT_ALPHA_GUARDIAN,1.0,1.0,
2025-09-17,-0.9260454192987811,0.0,1.0,2,1.5151064597070216,1.0,FINBERT_ALPHA_GUARDIAN,0.0,2.0,
2025-09-18,-0.9076738357543944,0.0,1.0,1,0.6921012997627258,1.0,FINBERT_ALPHA_GUARDIAN,0.0,1.0,
2025-09-19,-0.8433770081127392,0.0,1.0,3,1.6980267584323885,1.0,FINBERT_ALPHA_GUARDIAN,0.0,3.0,
2025-09-23,-0.9659486413002014,0.0,1.0,1,0.7244614809751511,1.0,FINBERT_ALPHA_GUARDIAN,0.0,1.0,
2025-09-25,-0.888720691204071,0.0,1.0,1,0.7220855616033077,1.0,FINBERT_ALPHA_GUARDIAN,0.0,1.0,
2025-09-26,0.6351097525973323,0.6649598715328835,0.0,2,1.2927079387009144,1.0,FINBERT_ALPHA_GUARDIAN,1.0,1.0,
2025-09-29,0.73359614610672,1.0,0.0,1,0.55019710958004,1.0,FINBERT_ALPHA_GUARDIAN,0.0,1.0,
2025-09-30,-0.9633224606513976,0.0,1.0,1,0.7224918454885482,1.0,FINBERT_ALPHA_GUARDIAN,0.0,1.0,
2025-10-01,0.6580230593681335,1.0,0.0,1,0.5346437357366085,1.0,FINBERT_ALPHA_GUARDIAN,0.0,1.0,
2025-10-02,-0.9695287346839904,0.0,1.0,1,0.7271465510129927,1.0,FINBERT_ALPHA_GUARDIAN,0.0,1.0,
2025-10-03,-0.2192032190247265,0.4183948473516281,0.5816051526483719,2,1.1983560621738434,1.0,FINBERT_ALPHA_GUARDIAN,0.0,2.0,
2025-10-06,0.913463532924652,1.0,0.0,1,0.685097649693489,1.0,FINBERT_ALPHA_GUARDIAN,0.0,1.0,
2025-10-08,-0.531863088192541,0.0,0.559327771868205,2,1.381307765841484,1.0,FINBERT_ALPHA_GUARDIAN,0.0,2.0,
2025-10-10,-0.8359060251884364,0.0,1.0,3,1.8479982949793337,1.0,FINBERT_ALPHA_GUARDIAN,0.0,3.0,
2025-10-12,0.1614612796200789,0.3430091984584114,0.1561499895304214,6,3.4918786411885887,1.0,FINBERT_ALPHA_GUARDIAN,6.0,0.0,
2025-10-13,-0.1232332519384774,0.0,0.2474992580430562,6,3.1408711298488825,1.0,FINBERT_ALPHA_GUARDIAN,4.0,2.0,
2025-10-14,-0.1077325955647384,0.0,0.1696519323956093,5,2.807312536729413,1.0,FINBERT_ALPHA_GUARDIAN,4.0,1.0,
2025-10-15,0.2135204353010927,0.2627042088484584,0.0,4,2.3590939271317124,1.0,FINBERT_ALPHA_GUARDIAN,3.0,1.0,
2025-10-16,-0.3490577421394045,0.0,0.3695006409453295,3,1.825911677927044,1.0,FINBERT_ALPHA_GUARDIAN,3.0,0.0,
2025-10-17,-0.9716041684150696,0.0,1.0,1,0.7287031263113022,1.0,FINBERT_ALPHA_GUARDIAN,0.0,1.0,
2025-10-18,0.4623332985031503,0.4883357278772918,0.0,2,1.1799753133669617,1.0,FINBERT_ALPHA_GUARDIAN,2.0,0.0,
2025-10-19,0.0675553924537022,0.5359638992915581,0.464036100708442,2,1.2700988610600232,1.0,FINBERT_ALPHA_GUARDIAN,2.0,0.0,
2025-10-22,-0.4038986622230109,0.0,0.5287469109897316,2,1.1738161973655223,1.0,FINBERT_ALPHA_GUARDIAN,1.0,1.0,
2025-10-24,0.9103653430938718,1.0,0.0,1,0.6827740073204039,1.0,FINBERT_ALPHA_GUARDIAN,0.0,1.0,
2025-10-27,0.5373584628105164,1.0,0.0,1,0.4030188471078872,1.0,FINBERT_ALPHA_GUARDIAN,0.0,1.0,
2025-10-28,0.9240571993720929,1.0,0.0,2,1.5581011697649956,1.0,FINBERT_ALPHA_GUARDIAN,0.0,2.0,
2025-10-29,0.0,0.0,0.0,1,0.3035913873463869,1.0,FINBERT_ALPHA_GUARDIAN,0.0,1.0,
2025-10-30,0.1747807264328004,0.5526206362955043,0.4473793637044957,2,1.24557164311409,1.0,FINBERT_ALPHA_GUARDIAN,0.0,2.0,
2025-10-31,0.0,0.0,0.0,1,0.7738710045814514,1.0,FINBERT_ALPHA_GUARDIAN,0.0,1.0,
2025-11-03,-0.2205255894470988,0.0,0.351764123067375,2,1.3366483569145202,1.0,FINBERT_ALPHA_GUARDIAN,1.0,1.0,
2025-11-04,-0.9349998235702516,0.0,1.0,1,0.8181248456239701,1.0,FINBERT_ALPHA_GUARDIAN,0.0,1.0,
2025-11-05,-0.9567642247420964,0.0,1.0,2,1.554651975631714,1.0,FINBERT_ALPHA_GUARDIAN,0.0,2.0,
2025-11-06,-0.9297995855040688,0.0,1.0,2,1.5663637220859528,1.0,FINBERT_ALPHA_GUARDIAN,0.0,2.0,
2025-11-07,-0.9693875908851624,0.0,1.0,1,0.7876274175941944,1.0,FINBERT_ALPHA_GUARDIAN,0.0,1.0,
2025-11-09,-0.9261888280954028,0.0,1.0,2,1.352707111090422,1.0,FINBERT_ALPHA_GUARDIAN,0.0,2.0,
2025-11-10,0.0,0.0,0.0,1,0.4074663519859314,1.0,FINBERT_ALPHA_GUARDIAN,0.0,1.0,
2025-11-11,-0.6262332042440378,0.0,0.6800406076480193,3,2.278036230802536,1.0,FINBERT_ALPHA_GUARDIAN,1.0,2.0,
2025-11-12,0.9304444193840028,1.0,0.0,1,0.6978333145380021,1.0,FINBERT_ALPHA_GUARDIAN,0.0,1.0,
2025-11-13,-0.5384455045064936,0.0,0.5529518582966999,2,1.4308380514383316,1.0,FINBERT_ALPHA_GUARDIAN,0.0,2.0,
2025-11-14,-0.9031203656530292,0.0,1.0,4,2.6401635110378265,1.0,FINBERT_ALPHA_GUARDIAN,0.0,4.0,
2025-11-17,0.0,0.0,0.0,1,0.3878273069858551,1.0,FINBERT_ALPHA_GUARDIAN,0.0,1.0,
2025-11-18,-0.7777662550773333,0.0,0.8194611714673325,3,1.8819333855062723,1.0,FINBERT_ALPHA_GUARDIAN,0.0,3.0,
2025-11-19,-0.0970564454067011,0.4120362374427104,0.5879637625572897,3,2.013022482395172,1.0,FINBERT_ALPHA_GUARDIAN,1.0,2.0,
2025-11-20,-0.3357487867742262,0.3349203423343316,0.6650796576656683,6,4.240762230753899,1.0,FINBERT_ALPHA_GUARDIAN,1.0,5.0,
2025-11-21,0.0,0.0,0.0,2,0.9132663488388062,1.0,FINBERT_ALPHA_GUARDIAN,1.0,1.0,
2025-11-23,-0.8470443058146363,0.0,1.0,2,1.4660043813288213,1.0,FINBERT_ALPHA_GUARDIAN,1.0,1.0,
2025-11-24,-0.261151400739139,0.3625647619337364,0.6374352380662636,3,2.633584539592266,1.0,FINBERT_ALPHA_GUARDIAN,2.0,1.0,
2025-11-25,-0.1008613496516046,0.3805931515544217,0.5007437423966761,6,4.23864231929183,1.0,FINBERT_ALPHA_GUARDIAN,4.0,2.0,
2025-11-26,-0.3142921042721471,0.0,0.3889755351948483,3,1.9484921337008891,1.0,FINBERT_ALPHA_GUARDIAN,3.0,0.0,
2025-11-27,-0.2654403360394056,0.0,0.5115841035225297,2,0.9635104770174504,1.0,FINBERT_ALPHA_GUARDIAN,2.0,0.0,
2025-12-01,0.0,0.0,0.0,1,0.367968671341449,1.0,FINBERT_ALPHA_GUARDIAN,1.0,0.0,
2025-12-02,-0.9745125770568848,0.0,1.0,1,0.6821588039398194,1.0,FINBERT_ALPHA_GUARDIAN,0.0,1.0,
2025-12-03,0.4523646680213888,0.4747451159544528,0.0,2,1.5216978218185426,1.0,FINBERT_ALPHA_GUARDIAN,2.0,0.0,
2025-12-05,0.2187374439815047,0.366350887226684,0.0,2,1.338955366159967,1.0,FINBERT_ALPHA_GUARDIAN,2.0,0.0,
2025-12-06,0.0,0.0,0.0,1,0.7117495421225937,1.0,FINBERT_ALPHA_GUARDIAN,1.0,0.0,
2025-12-08,0.9255900432346064,1.0,0.0,2,1.6714725681708842,1.0,FINBERT_ALPHA_GUARDIAN,2.0,0.0,
2025-12-09,-0.4475852208772556,0.0,0.6244234972052682,2,0.8753003683680832,1.0,FINBERT_ALPHA_GUARDIAN,1.0,1.0,
2025-12-10,0.4963324839179105,0.536724575093163,0.0,2,1.636791433393955,1.0,FINBERT_ALPHA_GUARDIAN,1.0,1.0,
2025-12-11,-0.630599983637623,0.0,0.7272588181005049,3,1.7794697490547986,1.0,FINBERT_ALPHA_GUARDIAN,2.0,1.0,
2025-12-12,-0.972581386566162,0.0,1.0,1,0.923952317237854,1.0,FINBERT_ALPHA_GUARDIAN,1.0,0.0,
2025-12-13,0.8143014907836913,1.0,0.0,1,0.6567511712182045,1.0,FINBERT_ALPHA_GUARDIAN,1.0,0.0,
2025-12-14,0.0,0.0,0.0,1,0.723833404481411,1.0,FINBERT_ALPHA_GUARDIAN,0.0,1.0,
2025-12-15,0.0,0.0,0.0,1,0.5432310538686336,1.0,FINBERT_ALPHA_GUARDIAN,1.0,0.0,
2025-12-16,-0.9597136974334716,0.0,1.0,1,0.911728012561798,1.0,FINBERT_ALPHA_GUARDIAN,1.0,0.0,
2025-12-18,0.0,0.0,0.0,3,1.8878653122234252,1.0,FINBERT_ALPHA_GUARDIAN,2.0,1.0,
2025-12-19,0.0,0.0,0.0,1,0.3825235087424516,1.0,FINBERT_ALPHA_GUARDIAN,0.0,1.0,
2025-12-20,0.7109016180038451,1.0,0.0,1,0.4328493695801497,1.0,FINBERT_ALPHA_GUARDIAN,1.0,0.0,
2025-12-22,0.8437382578849792,1.0,0.0,1,0.8015513449907302,1.0,FINBERT_ALPHA_GUARDIAN,1.0,0.0,
2025-12-23,0.5203577715638197,0.5667705358038676,0.0,2,1.538902554928094,1.0,FINBERT_ALPHA_GUARDIAN,2.0,0.0,
2025-12-24,0.0,0.0,0.0,2,1.5496388342558294,1.0,FINBERT_ALPHA_GUARDIAN,2.0,0.0,
2025-12-25,0.052532098896942,0.377233202895975,0.333502973548243,3,2.527254350161288,1.0,FINBERT_ALPHA_GUARDIAN,3.0,0.0,
2025-12-27,0.0,0.0,0.0,1,0.6949339763011932,1.0,FINBERT_ALPHA_GUARDIAN,1.0,0.0,
2025-12-29,-0.0889207083635699,0.3175505368161873,0.3882094824890092,3,2.5074375241319595,1.0,FINBERT_ALPHA_GUARDIAN,2.0,1.0,
2025-12-30,-0.4956805516971452,0.0,0.5098736816419723,2,1.6206738114356996,1.0,FINBERT_ALPHA_GUARDIAN,2.0,0.0,
2025-12-31,0.709372868736418,0.7920257324178016,0.0,4,2.610647411069119,1.0,FINBERT_ALPHA_GUARDIAN,1.0,3.0,
2026-01-01,0.0,0.0,0.0,1,0.5498742201619148,1.0,FINBERT_ALPHA_GUARDIAN,1.0,0.0,
2026-01-02,-0.0318506110979997,0.5015029334896667,0.4984970665103332,6,4.597712884744314,1.0,FINBERT_ALPHA_GUARDIAN,5.0,1.0,
2026-01-03,-0.5200932849999739,0.0,0.5426080769383055,2,1.5015080469935598,1.0,FINBERT_ALPHA_GUARDIAN,2.0,0.0,
2026-01-05,0.4061230603225229,0.4296438165661341,0.0,3,2.036734202679262,1.0,FINBERT_ALPHA_GUARDIAN,3.0,0.0,
2026-01-06,0.7200509309768677,1.0,0.0,1,0.6480458378791809,1.0,FINBERT_ALPHA_GUARDIAN,1.0,0.0,
2026-01-07,0.6734427941501279,0.7536001531659291,0.0,4,3.0165403783743026,1.0,FINBERT_ALPHA_GUARDIAN,4.0,0.0,
2026-01-08,0.7013702502272925,0.81780448212796,0.0,4,2.9131121494970023,1.0,FINBERT_ALPHA_GUARDIAN,4.0,0.0,
2026-01-09,0.4609803912975364,0.497450769377235,0.0,2,1.4244898443359617,1.0,FINBERT_ALPHA_GUARDIAN,2.0,0.0,
2026-01-10,0.0,0.0,0.0,2,1.5790214985609057,1.0,FINBERT_ALPHA_GUARDIAN,2.0,0.0,
2026-01-12,-0.7794217706147464,0.0,1.0,2,1.3517678901553154,1.0,FINBERT_ALPHA_GUARDIAN,0.0,2.0,
2026-01-14,-0.5323081250986819,0.0,0.5493494276314883,2,1.344948300719261,1.0,FINBERT_ALPHA_GUARDIAN,0.0,2.0,
2026-01-15,0.9330998659133912,1.0,0.0,1,0.6998248994350434,1.0,FINBERT_ALPHA_GUARDIAN,0.0,1.0,
2026-01-16,0.3418136705188567,0.4708944232288802,0.0,2,1.2435409669408202,1.0,FINBERT_ALPHA_GUARDIAN,1.0,1.0,
2026-01-18,0.0,0.0,0.0,1,0.7106821633875371,1.0,FINBERT_ALPHA_GUARDIAN,0.0,1.0,
2026-01-19,0.0,0.0,0.0,1,0.7002780377864838,1.0,FINBERT_ALPHA_GUARDIAN,0.0,1.0,
2026-01-20,-0.3674327904167447,0.1264108131445529,0.4495496662891081,5,3.060456265836227,1.0,FINBERT_ALPHA_GUARDIAN,2.0,3.0,
2026-01-21,0.0,0.0,0.0,1,0.4142217095376313,1.0,FINBERT_ALPHA_GUARDIAN,1.0,0.0,
2026-01-22,0.1496828793144725,0.4389063651394623,0.2502650446641898,5,3.6393033903761176,1.0,FINBERT_ALPHA_GUARDIAN,3.0,2.0,
2026-01-23,0.6430808305740356,1.0,0.0,1,0.4258430778216064,1.0,FINBERT_ALPHA_GUARDIAN,1.0,0.0,
2026-01-24,0.9543026089668274,1.0,0.0,1,0.906587478518486,1.0,FINBERT_ALPHA_GUARDIAN,1.0,0.0,
2026-01-26,0.4948375344283887,0.5776512863297051,0.0,2,1.2049097382314682,1.0,FINBERT_ALPHA_GUARDIAN,1.0,1.0,
2026-01-27,0.5833770891684532,0.6924956045632705,0.0,3,2.0726909015016792,1.0,FINBERT_ALPHA_GUARDIAN,2.0,1.0,
2026-01-28,0.3592111458989618,0.4750284181986515,0.0,2,1.392895942926407,1.0,FINBERT_ALPHA_GUARDIAN,1.0,1.0,
2026-01-29,0.6956521472679323,0.7292729615764535,0.0,3,2.616018984759372,1.0,FINBERT_ALPHA_GUARDIAN,3.0,0.0,
2026-01-30,0.5038029654122205,0.6077880504961122,0.0,2,1.227436162531376,1.0,FINBERT_ALPHA_GUARDIAN,1.0,1.0,
2026-01-31,0.0,0.0,0.0,1,0.3391112711891532,1.0,FINBERT_ALPHA_GUARDIAN,1.0,0.0,
2026-02-02,-0.934248685836792,0.0,1.0,1,0.8758581429719925,1.0,FINBERT_ALPHA_GUARDIAN,0.0,1.0,
2026-02-03,-0.5176912064513498,0.2166021244258053,0.7833978755741945,3,1.5302023573402646,1.0,FINBERT_ALPHA_GUARDIAN,1.0,2.0,
2026-02-04,0.0,0.0,0.0,1,0.5069948732852936,1.0,FINBERT_ALPHA_GUARDIAN,0.0,1.0,
2026-02-05,-0.9596413373947142,0.0,1.0,1,0.6332928450063467,1.0,FINBERT_ALPHA_GUARDIAN,1.0,0.0,
2026-02-06,-0.8226477250554004,0.0,1.0,2,1.396130084991455,1.0,FINBERT_ALPHA_GUARDIAN,0.0,2.0,
2026-02-07,0.6081439256668091,1.0,0.0,1,0.3731236040588498,1.0,FINBERT_ALPHA_GUARDIAN,1.0,0.0,
2026-02-09,0.3320083866467553,0.4080357507538811,0.0,2,1.2174884760801763,1.0,FINBERT_ALPHA_GUARDIAN,1.0,1.0,
2026-02-10,-0.4455983649066099,0.3185851458161677,0.6814148541838323,2,1.092920709634909,1.0,FINBERT_ALPHA_GUARDIAN,1.0,1.0,
2026-02-11,-0.4516726592962561,0.0,0.5145655143840695,2,1.38600825978961,1.0,FINBERT_ALPHA_GUARDIAN,1.0,1.0,
2026-02-12,0.5626606608778856,0.6120623628353993,0.0,2,1.426851605393061,1.0,FINBERT_ALPHA_GUARDIAN,2.0,0.0,
2026-02-14,0.0,0.0,0.0,1,0.5428702831268312,1.0,FINBERT_ALPHA_GUARDIAN,1.0,0.0,
2026-02-15,0.8635633587837219,1.0,0.0,1,0.8203851908445358,1.0,FINBERT_ALPHA_GUARDIAN,1.0,0.0,
2026-02-16,0.8377745151519775,1.0,0.0,1,0.83677111261518,1.0,FINBERT_ALPHA_GUARDIAN,1.0,0.0,
2026-02-17,-0.673076929881577,0.0,0.7937516484656937,4,2.818468662739277,1.0,FINBERT_ALPHA_GUARDIAN,2.0,2.0,
2026-02-18,0.066629559655627,0.515990366794922,0.484009633205078,2,1.4644227087497712,1.0,FINBERT_ALPHA_GUARDIAN,1.0,1.0,
2026-02-19,-0.9222052097320554,0.0,1.0,1,0.6916539072990416,1.0,FINBERT_ALPHA_GUARDIAN,0.0,1.0,
2026-02-20,0.0280428598265176,0.2906221683627676,0.2455988021300871,4,2.7431798381632566,1.0,FINBERT_ALPHA_GUARDIAN,3.0,1.0,
2026-02-21,0.2819049131887083,0.3029243263019527,0.0,3,2.453852016602361,1.0,FINBERT_ALPHA_GUARDIAN,3.0,0.0,
2026-02-22,-0.4361843190811872,0.0,0.4734427112336338,2,1.4837988386348009,1.0,FINBERT_ALPHA_GUARDIAN,1.0,1.0,
2026-02-23,-0.9444867957535348,0.0,1.0,3,2.136419845372439,1.0,FINBERT_ALPHA_GUARDIAN,0.0,3.0,
2026-02-24,0.2471139099261729,0.4010755864382285,0.0,2,0.9438163531476051,1.0,FINBERT_ALPHA_GUARDIAN,1.0,1.0,
2026-02-25,0.0011894702911375,0.5003137567525465,0.4996862432474535,2,1.8955293893814087,1.0,FINBERT_ALPHA_GUARDIAN,2.0,0.0,
2026-02-26,-0.4625617194192335,0.0,0.5516707356901722,2,1.2349039078791022,1.0,FINBERT_ALPHA_GUARDIAN,1.0,1.0,
2026-02-27,0.0,0.0,0.0,1,0.6281043482276797,1.0,FINBERT_ALPHA_GUARDIAN,1.0,0.0,
2026-03-01,0.0,0.0,0.0,1,0.8434086620807648,1.0,FINBERT_ALPHA_GUARDIAN,1.0,0.0,
2026-03-02,-0.9257044852842644,0.0,1.0,2,1.386167362332344,1.0,FINBERT_ALPHA_GUARDIAN,0.0,2.0,
2026-03-03,-0.924013188814511,0.0,1.0,2,1.442471608519554,1.0,FINBERT_ALPHA_GUARDIAN,0.0,2.0,
2026-03-04,0.1471122832502513,0.2037183297247921,0.0,4,2.6585815459489823,1.0,FINBERT_ALPHA_GUARDIAN,3.0,1.0,
2026-03-05,-0.3503352473647155,0.0,0.3603036782802513,3,1.8890544774609923,1.0,FINBERT_ALPHA_GUARDIAN,1.0,2.0,
2026-03-06,-0.7117866325422314,0.0,0.7377140747970373,3,2.0357665702786565,1.0,FINBERT_ALPHA_GUARDIAN,2.0,1.0,
2026-03-09,-0.1599197774947475,0.239626026379525,0.477905237594302,6,3.8472282790957215,1.0,FINBERT_ALPHA_GUARDIAN,3.0,3.0,
2026-03-10,0.0,0.0,0.0,2,1.4364926557901565,1.0,FINBERT_ALPHA_GUARDIAN,1.0,1.0,
2026-03-11,0.8714791536331178,1.0,0.0,1,0.5738735979329646,1.0,FINBERT_ALPHA_GUARDIAN,1.0,0.0,
2026-03-12,-0.9668865203857422,0.0,1.0,1,0.8460257053375244,1.0,FINBERT_ALPHA_GUARDIAN,0.0,1.0,
2026-03-13,-0.9722816944122314,0.0,1.0,1,0.7292112708091736,1.0,FINBERT_ALPHA_GUARDIAN,0.0,1.0,
2026-03-17,0.0,0.0,0.0,1,0.3524395527754545,1.0,FINBERT_ALPHA_GUARDIAN,1.0,0.0,
2026-03-18,0.1277978376001509,0.3594965703851062,0.2993394099109598,3,2.394248072792709,1.0,FINBERT_ALPHA_GUARDIAN,3.0,0.0,
2026-03-19,-0.4669803249608922,0.0,0.4999692588688163,2,1.8681510090827944,1.0,FINBERT_ALPHA_GUARDIAN,2.0,0.0,
2026-03-20,-0.281172855253245,0.2811235371150932,0.577962226438783,4,2.581267552814841,1.0,FINBERT_ALPHA_GUARDIAN,2.0,2.0,
2026-03-21,0.0,0.0,0.0,1,0.5296952538192272,1.0,FINBERT_ALPHA_GUARDIAN,0.0,1.0,
2026-03-22,-0.9498005509376526,0.0,1.0,1,0.6648603856563569,1.0,FINBERT_ALPHA_GUARDIAN,0.0,1.0,
2026-03-23,0.7055726055657593,0.7869979170202506,0.0,7,5.249555526698595,1.0,FINBERT_ALPHA_GUARDIAN,7.0,0.0,
2026-03-24,-0.214539362541155,0.0,0.2689315160848877,4,2.10563180897176,1.0,FINBERT_ALPHA_GUARDIAN,3.0,1.0,
2026-03-25,-0.5410127565260265,0.0,0.7345141381542614,5,2.835251659269667,1.0,FINBERT_ALPHA_GUARDIAN,3.0,2.0,
2026-03-26,-0.3912920881028567,0.2192893944798343,0.5909634124889814,4,2.9848405695418325,1.0,FINBERT_ALPHA_GUARDIAN,3.0,1.0,
2026-03-27,-0.3332696850157955,0.1962127797650369,0.6023819068355766,7,4.313713731835252,1.0,FINBERT_ALPHA_GUARDIAN,3.0,4.0,
2026-03-28,0.0,0.0,0.0,2,0.92903653383255,1.0,FINBERT_ALPHA_GUARDIAN,0.0,2.0,
2026-03-29,0.9544690251350404,1.0,0.0,1,0.888209069558397,1.0,FINBERT_ALPHA_GUARDIAN,1.0,0.0,
2026-03-30,-0.2439411952124881,0.2638675984996442,0.5475591776720323,4,2.398928132381922,1.0,FINBERT_ALPHA_GUARDIAN,2.0,2.0,
2026-03-31,0.1444007733524407,0.3361445414696739,0.1247683090960923,6,3.14865803140026,1.0,FINBERT_ALPHA_GUARDIAN,3.0,3.0,
2026-04-01,-0.2514786816510243,0.2479717245014878,0.5640183924647847,11,6.592099185563611,1.0,FINBERT_ALPHA_GUARDIAN,10.0,1.0,
2026-04-02,-0.4262824071153573,0.1570454558406496,0.5885580539364248,4,2.695115142539728,1.0,FINBERT_ALPHA_GUARDIAN,2.0,2.0,
2026-04-03,-0.4685475712541037,0.0,0.5138358765245512,2,1.5971560567617418,1.0,FINBERT_ALPHA_GUARDIAN,2.0,0.0,
2026-04-06,0.5260709916800493,0.6193758760119543,0.0,3,2.1163722532193123,1.0,FINBERT_ALPHA_GUARDIAN,3.0,0.0,
2026-04-07,0.2102828322410054,0.5005301498806511,0.3164758860726909,5,3.705067700281912,1.0,FINBERT_ALPHA_GUARDIAN,3.0,2.0,
2026-04-08,-0.8876502022009813,0.0,1.0,3,2.2490571588277817,1.0,FINBERT_ALPHA_GUARDIAN,1.0,2.0,
2026-04-09,-0.6587509226522196,0.0,0.723608039048536,3,2.028869806911671,1.0,FINBERT_ALPHA_GUARDIAN,3.0,0.0,
2026-04-10,-0.1695298456906767,0.1714605211866547,0.2712407929363937,5,2.8442881715024084,1.0,FINBERT_ALPHA_GUARDIAN,3.0,2.0,
2026-04-11,-0.0914684314455165,0.0,0.2564611838190334,2,0.8486244852010951,1.0,FINBERT_ALPHA_GUARDIAN,1.0,1.0,
2026-04-12,0.6837894320487977,1.0,0.0,1,0.4251893632473886,1.0,FINBERT_ALPHA_GUARDIAN,1.0,0.0,
2026-04-13,0.0,0.0,0.0,2,1.33896075040102,1.0,FINBERT_ALPHA_GUARDIAN,1.0,1.0,
2026-04-14,0.3603047969301038,0.3805194001599708,0.0,3,2.488378482311964,1.0,FINBERT_ALPHA_GUARDIAN,2.0,1.0,
2026-04-15,0.2068266162999509,0.3033399678473606,0.1395523224014031,4,2.21316324598156,1.0,FINBERT_ALPHA_GUARDIAN,2.0,2.0,
2026-04-16,-0.6353830807785464,0.0,0.7991982406551495,4,2.307615916493809,1.0,FINBERT_ALPHA_GUARDIAN,3.0,1.0,
2026-04-17,0.0,0.0,0.0,4,2.4278134365162347,1.0,FINBERT_ALPHA_GUARDIAN,4.0,0.0,
2026-04-18,0.2043135819274453,0.2243858164282839,0.0,4,2.7182736207550406,1.0,FINBERT_ALPHA_GUARDIAN,3.0,1.0,
2026-04-20,-0.1447694268452393,0.0,0.2366180476837922,3,2.100895695388317,1.0,FINBERT_ALPHA_GUARDIAN,2.0,1.0,
2026-04-21,-0.4918998717961685,0.0,0.5067310402532594,2,1.628323230147362,1.0,FINBERT_ALPHA_GUARDIAN,2.0,0.0,
2026-04-22,0.1051320512824684,0.3699552279334755,0.28532134533523,6,4.265647086501121,1.0,FINBERT_ALPHA_GUARDIAN,4.0,2.0,
2026-04-23,-0.1543244553894022,0.0,0.1597293737984516,7,4.612166987520117,1.0,FINBERT_ALPHA_GUARDIAN,5.0,2.0,
2026-04-24,0.6615650722171857,0.7388516400027846,0.0,4,3.0737638801336287,1.0,FINBERT_ALPHA_GUARDIAN,3.0,1.0,
2026-04-25,0.0,0.0,0.0,2,1.389073501972783,1.0,FINBERT_ALPHA_GUARDIAN,2.0,0.0,
2026-04-27,0.4483214075992877,0.5237181873586654,0.0,2,1.634534776210785,1.0,FINBERT_ALPHA_GUARDIAN,2.0,0.0,
2026-04-28,-0.5277941034961637,0.0,0.5420177758966528,2,1.7067152917385102,1.0,FINBERT_ALPHA_GUARDIAN,2.0,0.0,
2026-04-29,0.0,0.0,0.0,1,0.8052199602127075,1.0,FINBERT_ALPHA_GUARDIAN,1.0,0.0,
2026-04-30,0.5841683745384216,1.0,0.0,1,0.4965431183576584,1.0,FINBERT_ALPHA_GUARDIAN,1.0,0.0,
2026-05-01,0.0,0.0,0.0,4,2.5412064455666394,1.0,FINBERT_ALPHA_GUARDIAN,3.0,1.0,
2026-05-02,0.0,0.0,0.0,1,0.4498114883899688,1.0,FINBERT_ALPHA_GUARDIAN,0.0,1.0,
2026-05-05,0.2685792433219875,0.3069264017054833,0.0,3,2.316473411768675,1.0,FINBERT_ALPHA_GUARDIAN,2.0,1.0,
2026-05-06,-0.2923072228826276,0.2190789958962448,0.5640572908179231,5,3.745285222679377,1.0,FINBERT_ALPHA_GUARDIAN,3.0,2.0,
2026-05-07,0.5179793412399593,0.6030075992413322,0.0,4,2.626282220305607,1.0,FINBERT_ALPHA_GUARDIAN,3.0,1.0,
2026-05-08,-0.1779731921171987,0.0,0.366459150895459,2,0.9939503967761992,1.0,FINBERT_ALPHA_GUARDIAN,0.0,2.0,
2026-05-10,-0.8252064585685731,0.0,1.0,1,0.7426858127117157,1.0,FINBERT_ALPHA_GUARDIAN,1.0,0.0,
2026-05-11,0.4138353275151315,0.4514690112966733,0.0,3,1.6496622636717917,1.0,FINBERT_ALPHA_GUARDIAN,2.0,1.0,
2026-05-12,0.9090883135795592,1.0,0.0,1,0.6994538666461675,1.0,FINBERT_ALPHA_GUARDIAN,1.0,0.0,
2026-05-13,0.0,0.0,0.0,2,1.115966173516068,1.0,FINBERT_ALPHA_GUARDIAN,2.0,0.0,
2026-05-14,-0.3591862792489829,0.0,0.4161809239045821,3,1.5553089168503584,1.0,FINBERT_ALPHA_GUARDIAN,1.0,2.0,
2026-05-15,-0.2837346915411694,0.3450742215385656,0.6549257784614345,3,2.169991526007652,1.0,FINBERT_ALPHA_GUARDIAN,2.0,1.0,
2026-05-16,0.0,0.0,0.0,1,0.7999250710010528,1.0,FINBERT_ALPHA_GUARDIAN,1.0,0.0,
2026-05-17,-0.4946438670158386,0.0,1.0,1,0.4204472869634629,1.0,FINBERT_ALPHA_GUARDIAN,1.0,0.0,
2026-05-19,-0.0321791412572635,0.1227281035593407,0.13913740124155,8,5.239851522041825,1.0,FINBERT_ALPHA_GUARDIAN,5.0,3.0,
2026-07-16,-0.08818608522415161,0.3333333333333333,0.3333333333333333,3,,1.0,FINBERT_GOOGLE_NEWS,,,
2026-07-17,0.5269960165023804,1.0,0.0,1,,1.0,FINBERT_GOOGLE_NEWS,,,
2026-07-20,0.18101276592774826,0.2727272727272727,0.0,11,,1.0,FINBERT_GOOGLE_NEWS,,,
2026-07-21,0.16584095689985487,0.2222222222222222,0.0,9,,1.0,FINBERT_GOOGLE_NEWS,,,
2026-07-22,0.10920707881450653,0.125,0.0,8,,1.0,FINBERT_GOOGLE_NEWS,,,
2026-07-23,0.1408893346786499,0.2,0.0,10,,1.0,FINBERT_GOOGLE_NEWS,,,
2026-07-24,0.4135008305311203,0.5,0.0,4,,1.0,FINBERT_GOOGLE_NEWS,,,
2026-07-25,0.0,0.0,0.0,1,,1.0,FINBERT_GOOGLE_NEWS,,,
2026-07-26,0.12758177518844604,0.2,0.0,5,,1.0,FINBERT_GOOGLE_NEWS,,,
2026-07-27,-0.08907250716136052,0.15384615384615385,0.23076923076923078,13,,1.0,FINBERT_GOOGLE_NEWS,,,
2026-07-28,0.0,0.0,0.0,9,,1.0,FINBERT_GOOGLE_NEWS,,,
2026-07-29,0.2276766747236252,0.25,0.0,4,,1.0,FINBERT_GOOGLE_NEWS,,,
2026-07-30,0.13002652923266092,0.3333333333333333,0.16666666666666666,6,,1.0,FINBERT_GOOGLE_NEWS,,,
2026-07-31,-0.11199363470077514,0.0,0.2,5,,1.0,FINBERT_GOOGLE_NEWS,,,
2026-08-03,0.200242817401886,0.25,0.0,4,,1.0,FINBERT_GOOGLE_NEWS,,,
2026-08-04,0.070452086130778,0.13333333333333333,0.06666666666666667,15,,1.0,FINBERT_GOOGLE_NEWS,,,
2026-08-05,0.0,0.0,0.0,2,,1.0,FINBERT_GOOGLE_NEWS,,,
2026-08-06,0.09050641457239787,0.16666666666666666,0.0,6,,1.0,FINBERT_GOOGLE_NEWS,,,
2026-08-07,0.0,0.0,0.0,1,,1.0,FINBERT_GOOGLE_NEWS,,,
2026-08-08,0.0,0.0,0.0,2,,1.0,FINBERT_GOOGLE_NEWS,,,
2026-08-09,-0.20280691981315613,0.0,0.25,4,,1.0,FINBERT_GOOGLE_NEWS,,,
2026-08-10,0.029730471280904915,0.15384615384615385,0.07692307692307693,13,,1.0,FINBERT_GOOGLE_NEWS,,,
2026-08-11,0.1550365752644009,0.2222222222222222,0.0,18,,1.0,FINBERT_GOOGLE_NEWS,,,
2026-08-12,0.0,0.0,0.0,6,,1.0,FINBERT_GOOGLE_NEWS,,,
2026-08-13,0.0,0.0,0.0,5,,1.0,FINBERT_GOOGLE_NEWS,,,
2026-08-14,-0.1523112952709198,0.0,0.25,4,,1.0,FINBERT_GOOGLE_NEWS,,,
2026-08-15,0.0,0.0,0.0,1,,1.0,FINBERT_GOOGLE_NEWS,,,
2026-08-17,0.0,0.0,0.0,2,,1.0,FINBERT_GOOGLE_NEWS,,,
2026-08-18,0.0,0.0,0.0,4,,1.0,FINBERT_GOOGLE_NEWS,,,
2026-08-20,0.2859988212585449,0.3333333333333333,0.0,3,,1.0,FINBERT_GOOGLE_NEWS,,,
2026-08-21,0.8206421136856079,1.0,0.0,1,,1.0,FINBERT_GOOGLE_NEWS,,,
2026-08-22,-0.05618146061897278,0.5,0.5,2,,1.0,FINBERT_GOOGLE_NEWS,,,
2026-08-23,0.0,0.0,0.0,1,,1.0,FINBERT_GOOGLE_NEWS,,,
2026-08-24,0.05257384777069092,0.2,0.1,10,,1.0,FINBERT_GOOGLE_NEWS,,,
2026-08-25,0.0,0.0,0.0,10,,1.0,FINBERT_GOOGLE_NEWS,,,
2026-08-26,0.1352588693300883,0.3333333333333333,0.2,15,,1.0,FINBERT_GOOGLE_NEWS,,,
2026-08-27,0.43274828791618347,0.5,0.0,6,,1.0,FINBERT_GOOGLE_NEWS,,,
2026-08-28,0.0,0.0,0.0,3,,1.0,FINBERT_GOOGLE_NEWS,,,
2026-08-29,0.0,0.0,0.0,1,,1.0,FINBERT_GOOGLE_NEWS,,,
2026-08-30,0.0,0.0,0.0,1,,1.0,FINBERT_GOOGLE_NEWS,,,
2026-08-31,0.2615976134936015,0.3333333333333333,0.0,3,,1.0,FINBERT_GOOGLE_NEWS,,,
2026-09-01,0.2751003901163737,0.3333333333333333,0.0,6,,1.0,FINBERT_GOOGLE_NEWS,,,
2026-09-02,0.0,0.0,0.0,1,,1.0,FINBERT_GOOGLE_NEWS,,,
2026-09-03,0.0,0.0,0.0,7,,1.0,FINBERT_GOOGLE_NEWS,,,
2026-09-04,0.2729349732398987,0.5,0.0,2,,1.0,FINBERT_GOOGLE_NEWS,,,
