article_id,published_at,date,title,link,source,query,label,confidence,sentiment_score
304d61a0ccf8b089ad1d7a2c,2026-07-16T07:00:00,2026-07-16,"UnitedHealth blows past estimates, hikes earnings outlook as it reins in costs - CNBC",https://news.google.com/rss/articles/CBMiggFBVV95cUxQMXkwTnFCbkJrMTR1T3A5RXU2aWptaGRLZ0lIUFRmM0h5MmFvU0dHYldfcFZtalhUZkI3N2xvMUN3NVNfRkR0NF9RNWxLN3U4WEQyRy1qMVBRdEdFWFZFWUhEcWpadThqSUtWNDhYQXNKMmVJWDNWOF9LZEhsaWZkX0Z30gGHAUFVX3lxTE1ybnJWekJxVVNQWGd3U2c4bktwNk1FbF9HX1I0dmx1WElUUTRxemJWRHBTNDhtSXpsU0hVVVpfa2xQREl5T0tveWFKbHlkUC1IR0VkekdwVFhPcjZJRGRMWExZejlTV2RYRTFub0VhVFU1MHJnY0F6dUFwczEwTGpjU0JFakktaw?oc=5,CNBC,"(""S&P 500"" OR ""Federal Reserve"" OR inflation OR ""US stocks"" OR earnings) when:30d",negative,0.8826404809951782,-0.8826404809951782
f6082158aff021c979c68651,2026-07-16T07:00:00,2026-07-16,"Remarks on inflation, employment and monetary policy - Federal Reserve Bank of Dallas",https://news.google.com/rss/articles/CBMibEFVX3lxTE1PMGkwNXZubFJsX0F4SjRBazVNamk5TTQ0aGpiV1FVQWdaYy1rZTZWZ3pBNzlZZGlaX1Q1X00yc1V5cHlnb1BzSDJVZ085YUdMS0dWSmdfMEVaY1BRMV94M0tPMHdRT2pkYWlITQ?oc=5,Federal Reserve Bank of Dallas,"(""S&P 500"" OR ""Federal Reserve"" OR inflation OR ""US stocks"" OR earnings) when:30d",neutral,0.9206995964050292,0.0
1b73b4f0eb08c7b9acbcd6d0,2026-07-16T07:00:00,2026-07-16,Retail electric rate increases outpace inflation with prices set to rise higher - Utility Dive,https://news.google.com/rss/articles/CBMitwFBVV95cUxQRDRnMXlUbG04SGtjb1ZJR1hxRzZUUEM2TVB0R2I0YXc1RktlY1N1ZExodU5xank4YVc3MndjM1NWaXZQcl9mS3dnQ0NHOHV5YXdLdFFlSlprcWpUeS03cmh1UUxTbFdCT1pkWlJ3UVpXSDdJQU5ma3N3YURlY0s1UVhKTWw4WDJiR2VEMzdET3c3bDllX0szVDdqeHZFcDZER0lCVWRYem1kMC16b3cyempDMHo1TEE?oc=5,Utility Dive,"(""S&P 500"" OR ""Federal Reserve"" OR inflation OR ""US stocks"" OR earnings) when:30d",positive,0.93876314163208,0.93876314163208
836dea0644f30deedd8a4ede,2026-07-16T07:00:00,2026-07-16,Amazon.com announces second quarter results - About Amazon,https://news.google.com/rss/articles/CBMiggFBVV95cUxNWWVuSjdTbjhJcmx5LXdrVUJKMkdNWGJMcEViX1lLbVB3T1I5bWVpVGFQYkQ5SmJRTmZSYm05WG9JR2dzdzhrWWtSSGpWX1JXNjc2a3VfMXlqejU4dGM2TGVrT1ktVGVJdE95TktDQjI3b0lyWG9XdlA4Mkt5WmgxM1Z3?oc=5,About Amazon,"(""S&P 500"" OR ""Federal Reserve"" OR inflation OR ""US stocks"" OR earnings) when:30d",neutral,0.879906415939331,0.0
8b20ccf59abdef35fcdf29c3,2026-07-16T07:00:00,2026-07-16,"Netflix stock falls as earnings forecast disappoints, company says it will give fewer engagement updates - CNBC",https://news.google.com/rss/articles/CBMidEFVX3lxTFBDTjQ2OUU0bnVvS29IVXdoVTFnR3R2TzN5WktIODMwcWU2QndfSnVXd3llZHN1NGo1RGlYZUsyd21RcVdxSU9wOHBhZ0RiM1dLYjl0WXM2ajJWSEk1QjZBal9DNk9MQll6VlZNb0FZS2ZIUWVE0gF6QVVfeXFMTUtCY0xLS3g4NndzeHJMNm42d0lqS1B6OUtKQTdsMmw5WWFQRlFMTGdwNHU4bnFTeUdjQ1VkM181dHdfYnlOMy0wUng1ak9jamhoLTNXUWZLcE5FcWhHbENNZXlKdEZudW02cFUxOGFPZEs5X2RvVXVndFE?oc=5,CNBC,"(""S&P 500"" OR ""Federal Reserve"" OR inflation OR ""US stocks"" OR earnings) when:30d",negative,0.9062730073928832,-0.9062730073928832
607267a999e6ef2ea7de54f1,2026-07-17T07:00:00,2026-07-17,Cooler Inflation May Not Be Enough to Stave Off Fed Rate Increases - nytimes.com,https://news.google.com/rss/articles/CBMinAFBVV95cUxQdWEtaWpPWjlNUjVUOHZWV21TazFJX1pIa2hVeTBLOEg2VExUeHlha3ZQdWtGZ0d3bDFQdlE0ZzhYdHliMHdsd29RRUFqY0hTeTlsWGhrTjgxYUR4YWRVTDkwcUhUYmNSSW5TNm5mRko5aHZpSzFRcno5dW1BaGNkaXg4YzR2VnlleTFZbkZwVW9TRnNEU0dxRThHN2I?oc=5,nytimes.com,"(""S&P 500"" OR ""Federal Reserve"" OR inflation OR ""US stocks"" OR earnings) when:30d",neutral,0.7416598796844482,0.0
def3f95bbe89208e4d08683e,2026-07-17T07:00:00,2026-07-17,SEC Expected to Change Quarterly Earnings Rule Despite Public Backlash - WSJ,https://news.google.com/rss/articles/CBMikwFBVV95cUxNNEdZd2hnV1FmUVRHVUhaakNMazVyNS1YN3BuaVZfZDdSRFV5RFBlTDVlVF9GZEV5RzdndDBIN091emhOdzdsQ1NEaDg3WURReUx2VWlEUEJRYWJIVzhjNU0zekhlRGd0R2pkaThKYmZSbG5ZTFFmYThyUkkxdDVic1I3UU5tRzNkMUpTdmJTeTU5RE0?oc=5,WSJ,"(""S&P 500"" OR ""Federal Reserve"" OR inflation OR ""US stocks"" OR earnings) when:30d",neutral,0.7960872650146484,0.0
ee1fd35ab5f382cd684307f3,2026-07-17T07:00:00,2026-07-17,"S&P 500 Earnings Season Update: July 17, 2026 - FactSet Insight",https://news.google.com/rss/articles/CBMiekFVX3lxTE9FM2UzRHl5Sm4zN016RUp3UmY0Rko4dGtOV3lQRUkyLTVhbFZYQi1QZEJUbXNqRGRKdmF1dkZxb3VodmhKbEFidlMyUkRvT3oyRnFtMG9DeWhhdG5pMElyd0hEQmVBUENVZ19OWFV6UFNLWjR4VGFrZ2VB0gGKAUFVX3lxTE1TcFhkb0c2WmFhemJxZUdlQzV0bV9waF9uVjlwUEYzdEVid0N6WXVUbTdEWUs4VEFHZGRIczFNOUdrNm81RlhGQUtZbnNCbnBjT0JXaXNob1NiYjZKMGtNZDkzMWZNNlVKRllhbVRHVmRjb3hSRVN3MnlzdF9fNi13N0lXcVJkbW5nZw?oc=5,FactSet Insight,"(""S&P 500"" OR ""Federal Reserve"" OR inflation OR ""US stocks"" OR earnings) when:30d",neutral,0.9001630544662476,0.0
0b079eb5dbbb47f632fe8aca,2026-07-17T07:00:00,2026-07-17,Cooler Inflation May Not Be Enough to Stave Off Fed Rate Increases - The New York Times,https://news.google.com/rss/articles/CBMinAFBVV95cUxQdWEtaWpPWjlNUjVUOHZWV21TazFJX1pIa2hVeTBLOEg2VExUeHlha3ZQdWtGZ0d3bDFQdlE0ZzhYdHliMHdsd29RRUFqY0hTeTlsWGhrTjgxYUR4YWRVTDkwcUhUYmNSSW5TNm5mRko5aHZpSzFRcno5dW1BaGNkaXg4YzR2VnlleTFZbkZwVW9TRnNEU0dxRThHN2I?oc=5,The New York Times,"(""S&P 500"" OR ""Federal Reserve"" OR inflation OR ""US stocks"" OR earnings) when:30d",negative,0.525265097618103,-0.525265097618103
d36bdca5922f0d7f858a9132,2026-07-17T07:00:00,2026-07-17,"Netflix earnings forecast disappoints Wall Street, shares tumble - Reuters",https://news.google.com/rss/articles/CBMizgFBVV95cUxPaElBaG14Wm9OcTNhcTdGWVdBUWRnN0NqY2pBOUhkajZ0V3Jnb2FsbkUyd3J5bUY2TG9kM2gzanFkODEtdVZpR3UxZmNyeU9VYjBwTGtzd0c0R0Y0ZEpqd0k5WEtnRWpCT3pEaURUNzFmZmt2bDVyQUsxX2poOVFiVFg2OG9wQzR1bDBUQ3lNMDZ1SUJNenBOQmdod1N0LVpJM3RodzhKelhDTXVtTVJfM2dldmZVMFVfYUZSaGpKajNrN1djdW10T1NfSjhGUQ?oc=5,Reuters,"(""S&P 500"" OR ""Federal Reserve"" OR inflation OR ""US stocks"" OR earnings) when:30d",negative,0.9524059891700744,-0.9524059891700744
1db4fd768230a02343a7bf88,2026-07-19T07:00:00,2026-07-19,"A Statistical Revamp Is About to Lower Inflation, at a Critical Time - WSJ",https://news.google.com/rss/articles/CBMihgFBVV95cUxQVGJ3eDJ0X1JSRGZFSkpSQ2NSRXNUejVIQUU5bnJNekJ2UXZxS0F5UGhmMEk1cWRPNkhmanF2bUl4OHY2R0daLXpnV045eTVkZEpaV1lmYmFqN2p1blVSSEdQWHkwRFBiNUFFOG9qbXRKSXY0dkpYLWlFTThPUGlkd0Mtd3Y4dw?oc=5,WSJ,"(""S&P 500"" OR ""Federal Reserve"" OR inflation OR ""US stocks"" OR earnings) when:30d",neutral,0.5567951798439026,0.0
e694271cd69bf5ff7ce07309,2026-07-20T07:00:00,2026-07-20,The bar for Tesla earnings is sky-high. Here's why and how options traders can capitalize - CNBC,https://news.google.com/rss/articles/CBMiwgFBVV95cUxNVXVGbVh1NDc5TFIzeVRseUZRVTVBV1ZpWFJ3cXdIaWFXSFZOaXJkckF2dEg2Z0h3Z0x2OVNWeExMejVBU1hPdU4tcUQ3Y2tzOUY5TWl0dzBEOFRzb1czdzR2eTd5NnZKdk4zX1BmTHFkZURsb1hra1ZHSHppV1FsYWd0TkswTGJOMDR6eUx2clZDakZzMmRGUEI0ZDRFSV9WM2pMZ2V4VzloaGpRNll0bnotRTBRdnVCYW1pYWs5UXRXQdIBxwFBVV95cUxNbGdKTFJBWm41VThEZzhRUmJGWFFJQ1VEX3dSc2h2bURCSTVZeW13aDk2WnJidTZwc0x5YjZ6dkxkSVEwdk1NOHBCTTNXcWFvZWFVQTVwLXZNWFY4NEdwQkUybGxTRUxhTGFEZEFNTjRnSXRhZ2l6czJwWUctRzB6VHFUTXBEQzZSN1NrLVhZUFJycXBTQm41aVRmR2o2WXdUQ1NSQnN5NWFjX3VPMXJ0U1lTbDZrdUsyVDRYTkE4NDM5QjRtVW53?oc=5,CNBC,"(""S&P 500"" OR ""Federal Reserve"" OR inflation OR ""US stocks"" OR earnings) when:30d",neutral,0.9232340455055236,0.0
b985893604da224be2294862,2026-07-20T07:00:00,2026-07-20,The S&P 500 is breaking the earnings playbook: Chart of the Day - Yahoo Finance,https://news.google.com/rss/articles/CBMiugFBVV95cUxPT3VrT2hlM2pUVEZsdnhUcHJfN2h3TzBWNlkyUW10UDhKNWFrMTJQY01iNE9zSHBZdDBxSGdQT00tUHNGUFZ5VFZFX3FjZEdoWDdFS2lTSGZodk9aNG9oVTlUdTVXcS1WOUEwRGpHN1hHYUs1RFJUeFhnbndVMFQ1dTB2QkgzdlhqaWRCWmkxeGhWamZhN3RXeEpkV09KYUMwMy0xTFEyY0hIYmV6U01uZVM2dk1STTdnVGc?oc=5,Yahoo Finance,"(""S&P 500"" OR ""Federal Reserve"" OR inflation OR ""US stocks"" OR earnings) when:30d",neutral,0.6021513938903809,0.0
e74e5a0bd400c76e49aabadc,2026-07-20T07:00:00,2026-07-20,Big Tech earnings test tech's big rotation: What to watch this week - Yahoo Finance,https://news.google.com/rss/articles/CBMivwFBVV95cUxNN3ZISzktMVBmM1NIUms1NFZmZmZZb1JhZVBHSENFTGNRTTloVkUxZ2trQU5YcDc1VE1XUzVLVHpPZl9GN0JoUWM2QTNsQkVBdV9KQkc3cl9CNlVRWXR1ZklIZUxIcDV5QjFXZG9uNnNZbFJ0Q2F3U2Q1OGRXajExUHBhOXgyMFctVm1mNDFsSFdjdW9OQ2dmTWo2UVRZZHNhZU9uZy1WTWZBdzFhamRmZ3FqOHlaY2hnZjBvQ2EyRQ?oc=5,Yahoo Finance,"(""S&P 500"" OR ""Federal Reserve"" OR inflation OR ""US stocks"" OR earnings) when:30d",neutral,0.9261886477470398,0.0
ca5a1265ca814a9ef4572d5b,2026-07-20T07:00:00,2026-07-20,The bar for Tesla earnings is sky-high. Here's why and how options traders can capitalize - CNBC,https://news.google.com/rss/articles/CBMiwgFBVV95cUxNVXVGbVh1NDc5TFIzeVRseUZRVTVBV1ZpWFJ3cXdIaWFXSFZOaXJkckF2dEg2Z0h3Z0x2OVNWeExMejVBU1hPdU4tcUQ3Y2tzOUY5TWl0dzBEOFRzb1czdzR2eTd5NnZKdk4zX1BmTHFkZURsb1hra1ZHSHppV1FsYWd0TkswTGJOMDR6eUx2clZDakZzMmRGUEI0ZDRFSV9WM2pMZ2V4VzloaGpRNll0bnotRTBRdnVCYW1pYWs5UXRXQQ?oc=5,CNBC,"(""S&P 500"" OR ""Federal Reserve"" OR inflation OR ""US stocks"" OR earnings) when:30d",neutral,0.9232340455055236,0.0
a13acfaeb59518740c5cc0ea,2026-07-20T07:00:00,2026-07-20,The S&P 500 is breaking the earnings playbook: Chart of the Day - finance.yahoo.com,https://news.google.com/rss/articles/CBMiugFBVV95cUxPT3VrT2hlM2pUVEZsdnhUcHJfN2h3TzBWNlkyUW10UDhKNWFrMTJQY01iNE9zSHBZdDBxSGdQT00tUHNGUFZ5VFZFX3FjZEdoWDdFS2lTSGZodk9aNG9oVTlUdTVXcS1WOUEwRGpHN1hHYUs1RFJUeFhnbndVMFQ1dTB2QkgzdlhqaWRCWmkxeGhWamZhN3RXeEpkV09KYUMwMy0xTFEyY0hIYmV6U01uZVM2dk1STTdnVGc?oc=5,finance.yahoo.com,"(""S&P 500"" OR ""Federal Reserve"" OR inflation OR ""US stocks"" OR earnings) when:30d",neutral,0.849349319934845,0.0
e51e9c2eb2c93ddec882e278,2026-07-20T07:00:00,2026-07-20,Big Tech earnings test tech's big rotation: What to watch this week - finance.yahoo.com,https://news.google.com/rss/articles/CBMivwFBVV95cUxNN3ZISzktMVBmM1NIUms1NFZmZmZZb1JhZVBHSENFTGNRTTloVkUxZ2trQU5YcDc1VE1XUzVLVHpPZl9GN0JoUWM2QTNsQkVBdV9KQkc3cl9CNlVRWXR1ZklIZUxIcDV5QjFXZG9uNnNZbFJ0Q2F3U2Q1OGRXajExUHBhOXgyMFctVm1mNDFsSFdjdW9OQ2dmTWo2UVRZZHNhZU9uZy1WTWZBdzFhamRmZ3FqOHlaY2hnZjBvQ2EyRQ?oc=5,finance.yahoo.com,"(""S&P 500"" OR ""Federal Reserve"" OR inflation OR ""US stocks"" OR earnings) when:30d",neutral,0.9380233883857728,0.0
295c32257396177bf919fbcd,2026-07-21T07:00:00,2026-07-21,"GM beats on earnings, raises guidance amid 'resilient' consumer, pricing - CNBC",https://news.google.com/rss/articles/CBMie0FVX3lxTE1hSnZ5Q09VN0NfSmZ0VjA5c2Q2OGZqM2F1NWJCMjd0WFpBRWFjRVgyc2IxUV9CSE55Q3djQUdkV09yYk9ETk1OM3g3TzNybG0zajlSREdXTGdoRXpELWZrcmJhbUoxeWk4bWIzbThzQjJhQ3ZPRWJGS0RTb9IBgAFBVV95cUxQQWs3cS0zY1c3MnBuajBLMFVIUFF0V09aWENmZUtDZWtIMFRTNmxYT0NEN01vTTA5aFZWVnZuVmxMbDMySmdVWkVaVTdzWHBGYU4wS0RVLUdWUEs5S21GcGFJVkxrSGhhX01IeWQ1SEJfclJlZF9RWTBER0ZJa2h5Tw?oc=5,CNBC,"(""S&P 500"" OR ""Federal Reserve"" OR inflation OR ""US stocks"" OR earnings) when:30d",positive,0.9033320546150208,0.9033320546150208
51c45a7ac66465fd04262907,2026-07-22T07:00:00,2026-07-22,AT&T Delivers Strong Second-Quarter Results as Investment-Led Strategy Gains Momentum - AT&T Newsroom,https://news.google.com/rss/articles/CBMiXkFVX3lxTE9JbFd6aVFPWGVfLTFDNzJTUW5SLTBUTTkxZDJ5YlMyMlUyRTY3YXNHTzMwOEcxbjVIeWhuRXY1LVFhV1VQbHRuVzJwaXRva045VXNYb3dfRno0T3JwdEE?oc=5,AT&T Newsroom,"(""S&P 500"" OR ""Federal Reserve"" OR inflation OR ""US stocks"" OR earnings) when:30d",positive,0.868496298789978,0.868496298789978
578132e84c212404fd37ed3a,2026-07-22T07:00:00,2026-07-22,Q2 2026 earnings call: Remarks from our CEO - blog.google,https://news.google.com/rss/articles/CBMijgFBVV95cUxNcUdvdmFHb1pYVURUWHFocGdtMVBwQThkSnk5LUtBSVlsZ0ZiQ3VMWUhjc2xLWUxvRzVNNjJlSHdXWVYtcTh5UmpMUHVpLWxFczVXTmxNVUVpZTRCdDhHU2JkS1dhcXV1aXZZTGxUVTkzYVNObDFPUnc4eWJSWlFydXY3bkE3Q0ZjY094M0Nn?oc=5,blog.google,"(""S&P 500"" OR ""Federal Reserve"" OR inflation OR ""US stocks"" OR earnings) when:30d",neutral,0.937953531742096,0.0
a4cf2b54ad0533468fda30e2,2026-07-22T07:00:00,2026-07-22,2026 Q2 Earnings Call - Alphabet Inc.,https://news.google.com/rss/articles/CBMiowFBVV95cUxOaXEteXFHZG5kWEZmN2pDUGtHQUx3cHNjYnIxU0FBVTJUTUd0REZpQnNuZ1BYUkJPUkVUNS1zMERYZzh1Q0lMbGlhLWFOYUV5MDJrSVdrc3AzckR1SlpibjNQdEpFMExXSkNLZC1tNExua3h5MHAwNnE1TU52LW1zMnRTZXMxUmNEeU9lOGw5RllVQmFvM2ZONUl0SFFIYXVnWUR3?oc=5,Alphabet Inc.,"(""S&P 500"" OR ""Federal Reserve"" OR inflation OR ""US stocks"" OR earnings) when:30d",neutral,0.8333244323730469,0.0
12a87053deb16d973e111cc4,2026-07-22T07:00:00,2026-07-22,"Wall Street indexes dip with technology earnings, rising oil in focus - reuters.com",https://news.google.com/rss/articles/CBMivgFBVV95cUxQUExYckI5WDktV0NlZUUwblh5V3ZHRXFEWFdqY09sdlZXOEFNc2loZGJWS1phRGdzZ2VfR042TWNhTU9Gc1VwRlVReUZTbDM3UllKVktGcFlGSnJxcFBNR1ZHc2tvcTh2Ui1lbmJhRE9LakhkV3ZyekNJU2ZuRmVVZ3R6dXJicFBkcnJQTFZZWkl2TjhvQnV1eE5QN29qSnk2SjU0UVhiaVdyR3VKSVEtdXFSNVdlQUJ3MDU3OEd3?oc=5,reuters.com,"(""S&P 500"" OR ""Federal Reserve"" OR inflation OR ""US stocks"" OR earnings) when:30d",negative,0.8674049377441406,-0.8674049377441406
485f73c430e805a7fa39424a,2026-07-22T07:00:00,2026-07-22,"Wall Street indexes dip with technology earnings, rising oil in focus - Reuters",https://news.google.com/rss/articles/CBMivgFBVV95cUxQUExYckI5WDktV0NlZUUwblh5V3ZHRXFEWFdqY09sdlZXOEFNc2loZGJWS1phRGdzZ2VfR042TWNhTU9Gc1VwRlVReUZTbDM3UllKVktGcFlGSnJxcFBNR1ZHc2tvcTh2Ui1lbmJhRE9LakhkV3ZyekNJU2ZuRmVVZ3R6dXJicFBkcnJQTFZZWkl2TjhvQnV1eE5QN29qSnk2SjU0UVhiaVdyR3VKSVEtdXFSNVdlQUJ3MDU3OEd3?oc=5,Reuters,"(""S&P 500"" OR ""Federal Reserve"" OR inflation OR ""US stocks"" OR earnings) when:30d",negative,0.9212552905082704,-0.9212552905082704
6e830570b779a8e01296c21d,2026-07-22T07:00:00,2026-07-22,2026 Q2 Earnings Call - Alphabet Inc,https://news.google.com/rss/articles/CBMiowFBVV95cUxOaXEteXFHZG5kWEZmN2pDUGtHQUx3cHNjYnIxU0FBVTJUTUd0REZpQnNuZ1BYUkJPUkVUNS1zMERYZzh1Q0lMbGlhLWFOYUV5MDJrSVdrc3AzckR1SlpibjNQdEpFMExXSkNLZC1tNExua3h5MHAwNnE1TU52LW1zMnRTZXMxUmNEeU9lOGw5RllVQmFvM2ZONUl0SFFIYXVnWUR3?oc=5,Alphabet Inc,"(""S&P 500"" OR ""Federal Reserve"" OR inflation OR ""US stocks"" OR earnings) when:30d",neutral,0.894855797290802,0.0
1790c68b72fe79bbafbfd687,2026-07-23T07:00:00,2026-07-23,Tractor Supply Company Reports Second Quarter 2026 Financial Results; Updates Fiscal Year 2026 Outlook - Tractor Supply,https://news.google.com/rss/articles/CBMipwJBVV95cUxQZVJCVDN3SThKY0phT0tlRUdPYkk3VWN2cm1JYnBSc1BEdE1XYVBJZEtFV1FmSjd3NXFJd0Jyc0ltQkp5b3YzOFE0bzdMaG1NNk5obWlsM0lCMV9PWUp2aU4yUDd4QXZVR1JrSXU0UTRTZm92VzBCaUEya2oyai1QNUpLNEV5aXEwUU9GODBOTWE1aFRzcnVkM21xY3otSWRteHFIVGhEbXRzRDZzTDVfRGU0UTRaMmxEMDBWa0E0dHVucWRPMVpzSkJQOWdHMmUyY3pIUUtnX2hlM1hJbndnOE1HZGJEWmNxWTJGcWIzdlhGVS1aX1RxQWlWWjhsd1BiVTduclotYUhXM3FJRVpWMDVEcmc2c3lxWENMWDR0ZGVBUDhCYzlB?oc=5,Tractor Supply,"(""S&P 500"" OR ""Federal Reserve"" OR inflation OR ""US stocks"" OR earnings) when:30d",neutral,0.769290566444397,0.0
f48e371697586112c2dca751,2026-07-23T07:00:00,2026-07-23,First Citizens BancShares Reports Second Quarter 2026 Earnings - PR Newswire,https://news.google.com/rss/articles/CBMiugFBVV95cUxOVC1LMXNrcXRCa2lYTFZfNEtBd29UZHJJRVYwMTNQSHREbXZhS0ROYmxzTE9ON0I5dGh3OWlOUzZXMzZsWUNuSUdlNEx5Z0E0WVdqWE1reHZwRmo0MTVSeWJfTUE3X2FidWFpYmJoTE9NaG5wVXdLU3AxSzZyTGI2SHhNVlNFLXI5VWhPQTRYekduLVU5YVMxQzU2Q0pCWE1xS1dMcUZmeW9ua2QzRW1yRWRvc19BRkJObnc?oc=5,PR Newswire,"(""S&P 500"" OR ""Federal Reserve"" OR inflation OR ""US stocks"" OR earnings) when:30d",neutral,0.9274532794952391,0.0
7b159681c3077b6cc2cfdc90,2026-07-23T07:00:00,2026-07-23,"American Airlines continues to execute on commercial priorities, delivering highest quarterly revenue in company history - American Airlines",https://news.google.com/rss/articles/CBMiiAJBVV95cUxQdWRQeDBDWW51U0E5NWtEY1pYLTN3Zng5QjFCMm04Tzc2Sk4zdzFoVmRZc2NZQndzalB3QnFrTl9TQ09SMDBsYVNYRFl5SHNPdlpDbFp5dXIxUjBFRDhYQUhoS2J4UjV6SHdxVmU0VWVyWGdvMVQ0Q2pXOGU3Q3J4VVRLZGU0ekRPMkNkNi1NVnVCNzBhenBNamtQUFNPMWRYZU04V2doZXJQaFJwVm9HdjM2NGxsOUlMbXRQYnk4REEwc09EYmExanczZGtkYXpEU20ydWtoZ2xSMmFsc0lFTWRreG9TZ0IyU2dsOXRCNVZhclNCVXNaSDJyM0htNFhGT3dSUnc1RkE?oc=5,American Airlines,"(""S&P 500"" OR ""Federal Reserve"" OR inflation OR ""US stocks"" OR earnings) when:30d",positive,0.9339969754219056,0.9339969754219056
4c322390e83ae185d8a56585,2026-07-23T07:00:00,2026-07-23,Huntington Bancshares Incorporated Reports 2026 Second-Quarter Earnings - PR Newswire,https://news.google.com/rss/articles/CBMixgFBVV95cUxPSVplZ25CcDV1QW5hUEpxb2FIeTdvb1I4NFgzZ0lhNUh4d0dEUzVBWHRSMGwzRXBDVXlyclZDUXdpcUNXcC1kOXFCclhGZ3pEM0tGaW9pdzhkajlWTjc5blVHM0ZNOFBweWJxaTM4TlBpT1RUVXNpSk4xSFJsNHF0UWo3OXk4UDNGYW9oRjVzTXpUMmlwaWJxV1VaRjVEVnZTMVhOTmJaYjVwaUM2cktPZVRnQWFMOTFpbEpYNHBLX3ljWW02cWc?oc=5,PR Newswire,"(""S&P 500"" OR ""Federal Reserve"" OR inflation OR ""US stocks"" OR earnings) when:30d",neutral,0.9051359295845032,0.0
a46cd4ef514f83d56014f08d,2026-07-23T07:00:00,2026-07-23,US investors rethink bonds' role as inflation reshapes portfolios - Reuters,https://news.google.com/rss/articles/CBMisgFBVV95cUxON2VkQ29FZDhPUURWVUZMOUEzWVhTMlBtd3pwZENYa1phWjFNakI4RDRNMVRGbTBReVhhQUREOXhPbTM2NG9rLWdDM0FxNjJCOExOUGhaSWxuMEFSaVNlV3BLajdyOFg2WDJmQlZ4c3dWNnhRYk5adVQ5T0ZvM1BHVDQ3Z2s3Y09oTWYyalN4Wjd3cTM2YlhVeGgxMWNhWmlEYllVTXY3MURka0l4VHBZOGRn?oc=5,Reuters,"(""S&P 500"" OR ""Federal Reserve"" OR inflation OR ""US stocks"" OR earnings) when:30d",neutral,0.8970571160316467,0.0
1bb6c09fa13818048b9086cc,2026-07-24T07:00:00,2026-07-24,"S&P 500 Earnings Season Update: July 24, 2026 - FactSet Insight",https://news.google.com/rss/articles/CBMiekFVX3lxTE1aa2Ryb1FfcTZrRTBXMHVCVVliNUZ4aWMwSTNBMFJrV1h1bWtoaHlBenliWHRVY29CU3BzSEtZS0lSTV92YUdIU2dUSGh5d0V1WEwtME53WnF4allOWm45cVlHRENsRHV3QTJzbUcyWjI1YmtjN1JOTk5n0gGKAUFVX3lxTE9jellUa1ZGNFotN3ZUME9RVmxoU3lQT2tmQzI5dFlJR1ZnQlZKZzhJajZYV2N2cHd1S2FxYVFkX3o1cUdvX2FnVXBTaWxFemFUNVFpeFZNVWN5SWtTZ0laaWhWenlUSE1DX09KNE5BcnNBYmtja3RJV25jcTNvcmhGeGNiMWFEM3Qzdw?oc=5,FactSet Insight,"(""S&P 500"" OR ""Federal Reserve"" OR inflation OR ""US stocks"" OR earnings) when:30d",neutral,0.9021756649017334,0.0
06456db0a14a60ff4e3fc6a2,2026-07-26T07:00:00,2026-07-26,"Wall St Week Ahead US stocks face tests from Fed decision, tech-led earnings deluge - Reuters",https://news.google.com/rss/articles/CBMivwFBVV95cUxQajIyMHNIZTNQeFlkNHB6ekVuZjNtbFhOcXgtRFhXR095VXRnaUJHSDhwRjFaX19BVTY2RlBoY0d2bEk0cEdxSXlxZ2otVHcwUDNjbGtMWi12U182MkhIR1FrS2dWY1p3NEdSZHAxSmFDZ1BWT2sxSU8tYWxDd255TmpTUGFBeWY3M3VUWlBJb3ZybDdnWm8tM2tGT25XbUZQZmkwX1NlU3BjZl9pcUVHWTBQWDBpTEZrQmFTSVNXaw?oc=5,Reuters,"(""S&P 500"" OR ""Federal Reserve"" OR inflation OR ""US stocks"" OR earnings) when:30d",negative,0.5363003611564636,-0.5363003611564636
4e8118d8d38b34ca1f80ab9f,2026-07-26T07:00:00,2026-07-26,"Wall St Week Ahead US stocks face tests from Fed decision, tech-led earnings deluge - reuters.com",https://news.google.com/rss/articles/CBMivwFBVV95cUxQajIyMHNIZTNQeFlkNHB6ekVuZjNtbFhOcXgtRFhXR095VXRnaUJHSDhwRjFaX19BVTY2RlBoY0d2bEk0cEdxSXlxZ2otVHcwUDNjbGtMWi12U182MkhIR1FrS2dWY1p3NEdSZHAxSmFDZ1BWT2sxSU8tYWxDd255TmpTUGFBeWY3M3VUWlBJb3ZybDdnWm8tM2tGT25XbUZQZmkwX1NlU3BjZl9pcUVHWTBQWDBpTEZrQmFTSVNXaw?oc=5,reuters.com,"(""S&P 500"" OR ""Federal Reserve"" OR inflation OR ""US stocks"" OR earnings) when:30d",neutral,0.6817209124565125,0.0
22725844abd0bf48bb113d2e,2026-07-27T07:00:00,2026-07-27,"4 Big Tech earnings reports, a Fed meeting, and $100 oil: It's the busiest week of the quarter - Yahoo Finance",https://news.google.com/rss/articles/CBMi3wFBVV95cUxQUDFMalpkUVZwNXMwYTBZbGJYUEpRRms4X2dVcmczMkpPZmNfS0RvUzRwSDdCUUtqVWdaWWpHbGVxcmF6Rk9kTVJ3eHlQY0VSeHFrSTlfck9LdkNFX2hqMWRSU0VEbnpHWDk0REpnSGVIdU40NFNXcFZoMC1odW1tUERTYzR2UWJPRTBTSXhGMjE4U1dvbnZsSm16RWVyd3BQY3JYMlNYX1MzYlN3aVY0ek1tZ2daSEpyX3VENkZQNUgtYXY0TFBTSDAyVEdla2pYMTdYOUhKb0VqZ3g5ZWRV?oc=5,Yahoo Finance,"(""S&P 500"" OR ""Federal Reserve"" OR inflation OR ""US stocks"" OR earnings) when:30d",neutral,0.612318217754364,0.0
475810453faf0960ff89eb10,2026-07-27T07:00:00,2026-07-27,Apple options are doing something unusual into earnings - CNBC,https://news.google.com/rss/articles/CBMilwFBVV95cUxQcjh1Tl9KYmpqUm1rUVNubjE3UUFKaHc4cE8zSEdSd2sxM0RjWDlGSnBBcnZlZVYzVkRmcTc4dXZTRHFtX042UGR6aVdFZ01VakVVVkM1a1ZfMUg5ZFM5UjcyOGtGYXNfOUxKNjNTaHIyQXg3SlluWU5QQXFBMjI2MG8wTUpyU1ZWUWRzLXdKOTJCd3pfTjc40gGcAUFVX3lxTE52YzFmVGhYUW9PQVJWQnJTYzVhWlNyRm9Fb2I1cUJvTEZSVi1PWEEwY2VWY0Z3VmlrUkxMUUJNTmZjMTdrTks1NXV1a1ZibUZBVWxnbUg3Q05jaHVlVFhCMWctLUdyOUtWR3JWOGFDQVZYWWY0a0t4bk1aMHJTYzNNQlBmVmFOZFlKbHZodWxubVo5YjZNd3FnMjV4OQ?oc=5,CNBC,"(""S&P 500"" OR ""Federal Reserve"" OR inflation OR ""US stocks"" OR earnings) when:30d",neutral,0.913318932056427,0.0
72c59f683aa74259b09c3dae,2026-07-27T07:00:00,2026-07-27,"4 Big Tech earnings reports, a Fed meeting, and $100 oil: It's the busiest week of the quarter - finance.yahoo.com",https://news.google.com/rss/articles/CBMi3wFBVV95cUxQUDFMalpkUVZwNXMwYTBZbGJYUEpRRms4X2dVcmczMkpPZmNfS0RvUzRwSDdCUUtqVWdaWWpHbGVxcmF6Rk9kTVJ3eHlQY0VSeHFrSTlfck9LdkNFX2hqMWRSU0VEbnpHWDk0REpnSGVIdU40NFNXcFZoMC1odW1tUERTYzR2UWJPRTBTSXhGMjE4U1dvbnZsSm16RWVyd3BQY3JYMlNYX1MzYlN3aVY0ek1tZ2daSEpyX3VENkZQNUgtYXY0TFBTSDAyVEdla2pYMTdYOUhKb0VqZ3g5ZWRV?oc=5,finance.yahoo.com,"(""S&P 500"" OR ""Federal Reserve"" OR inflation OR ""US stocks"" OR earnings) when:30d",neutral,0.6852887868881226,0.0
fab5bfafa4fae83feac3ba24,2026-07-28T07:00:00,2026-07-28,SK Hynix shares tank as exponential earnings growth fails to satisfy AI-charged expectations - CNBC,https://news.google.com/rss/articles/CBMihwFBVV95cUxOcmt4TERYemU1Wnl3ZkZxb0VITGNaQUFJM2JnQkNlaV9QbTByand1dXNPc3hNcFpLcU14VkdyLXNvV1MzOXREZEYwWXV5VXJiV2JobXBsbFpsLWhibWFqTzBGWHB2RHpPU19Vb0l3c05JbFE3NkJBRlNMR2lzblZYaEpWbnZIUVHSAYwBQVVfeXFMTUdzbzVwYzliaUxxRjY1UTN4VmdYeC1mZFFCMU5SRWJXVjlaTzFycTNMNUI3Q0I0bXl6aVRhN1ZDd1BzdENVMDZKdS13d05tdmQ5S0Qya3dramVySzBvS2liOVlBS0Vwa2o0Slc4Zk5SOGZ4SGVSdjhGd3lTdVVuN2l1QzhxdlViTkk0aFo?oc=5,CNBC,"(""S&P 500"" OR ""Federal Reserve"" OR inflation OR ""US stocks"" OR earnings) when:30d",negative,0.9658967852592468,-0.9658967852592468
1e6f10b9402ba51649f0ca04,2026-07-28T07:00:00,2026-07-28,Will tough talk be enough? Fed Chair Warsh faces pressure to combat inflation - AP News,https://news.google.com/rss/articles/CBMiqwFBVV95cUxPMzZkempyci1WRHZ5RGtBM2pvOWxDZWlHT0xYdUJiLVUwVWJHOEdDYmFjS0oxM3VjQmZzOWRBbzZyOHpkSlp4VHRuUTJlY1lfaEhHMklnY0xTR3NmNDNKVExNVW1RNkhyZ2R1TGNWaHhiNTBUVkQ3Sk9hYlNvZmlVUEs2WkFLY2dvSVlydC1GSjZNUS14aE8xa3UwTUhyRm1aT01DT1dpdGtBS2M?oc=5,AP News,"(""S&P 500"" OR ""Federal Reserve"" OR inflation OR ""US stocks"" OR earnings) when:30d",neutral,0.7883373498916626,0.0
902f4b1e59b30b19abebaed7,2026-07-28T07:00:00,2026-07-28,S&P 500 ends higher as investors await tech earnings - Reuters,https://news.google.com/rss/articles/CBMipgFBVV95cUxPNkhJQS14Y3d3QkMxeG5XZmR3cldUel9CSk9pdDZrSDFkc0gydEgxSXQ1d0xzTi1OR29xVWEwUjJtV1k4V1p3WlZJeUZCbnB2MzJOYjBHRExWTmVobWlibGFqajlUcWx5emx2M01vYmNwcHlDM2FvYjRwU3o2M0szNVpyM3JwakJyRkZReUMyVk5GUklTWWczOXdFSUcwNkh1clFNVWJn?oc=5,Reuters,"(""S&P 500"" OR ""Federal Reserve"" OR inflation OR ""US stocks"" OR earnings) when:30d",neutral,0.6300495266914368,0.0
57f47135433b91c3d91dc42a,2026-07-28T07:00:00,2026-07-28,UPS Releases 2Q 2026 Earnings - UPS,https://news.google.com/rss/articles/CBMingFBVV95cUxOY0JQRnlZa2xpR1hkV1lTNXhwM1dnczI5dUt3el9sNnA4Y0ZjX1g4aEd5YjFQVmx4RVpZUU1qV1dxWUpSdnpObEwxVEVkQW1mempwb1ZmNmo5TWtkOU0ydGNzMkF5Sms3ZmlyWXN0alNOLVNUUUw0amVfWVltVzRBWHlXbE81V01aNmNUclYzeXRqZFM1ZmxrS2hidUhLUQ?oc=5,UPS,"(""S&P 500"" OR ""Federal Reserve"" OR inflation OR ""US stocks"" OR earnings) when:30d",neutral,0.9213688969612122,0.0
d348e026b975641f764c0bb6,2026-07-28T07:00:00,2026-07-28,Will tough talk be enough? Fed Chair Warsh faces pressure to combat inflation - apnews.com,https://news.google.com/rss/articles/CBMiqwFBVV95cUxPMzZkempyci1WRHZ5RGtBM2pvOWxDZWlHT0xYdUJiLVUwVWJHOEdDYmFjS0oxM3VjQmZzOWRBbzZyOHpkSlp4VHRuUTJlY1lfaEhHMklnY0xTR3NmNDNKVExNVW1RNkhyZ2R1TGNWaHhiNTBUVkQ3Sk9hYlNvZmlVUEs2WkFLY2dvSVlydC1GSjZNUS14aE8xa3UwTUhyRm1aT01DT1dpdGtBS2M?oc=5,apnews.com,"(""S&P 500"" OR ""Federal Reserve"" OR inflation OR ""US stocks"" OR earnings) when:30d",neutral,0.8330429196357727,0.0
21888f64d2d8e179227ef956,2026-07-29T07:00:00,2026-07-29,A divided Federal Reserve holds interest rates steady despite high inflation - NPR,https://news.google.com/rss/articles/CBMijgFBVV95cUxQbXhqTkhuVFhZUVVRaFdXYXp2OTJ2TXJtVEFFNEp6YVFLbUZKS25KT2JDaGdCbjdGWnVqRVN6NVBfMjI5SEwwU2F1VDF0VndmYWE0U1JzQnRwMjJhZjFNWU1vbjJ2WjduQ1F3cFQ1TVBSQllFUVotX2R4MEw2UXBtTWF1eEdUYjRjc1pBSU9n?oc=5,NPR,"(""S&P 500"" OR ""Federal Reserve"" OR inflation OR ""US stocks"" OR earnings) when:30d",positive,0.3957344591617584,0.3957344591617584
7feb067f92d26689c9e1f74d,2026-07-29T07:00:00,2026-07-29,Fed leaves interest rate unchanged but with 3 dissents as Warsh praises ‘good family fight’ - AP News,https://news.google.com/rss/articles/CBMirgFBVV95cUxQN0dYeFppekRSNVVZZFhyUjJpLXd4aWlvMWpiZDc5M3lVcXZFWW9WbjVLSzl3MEZDcHhBMkdjZkpWTjRoY2ZRVThJeHN1emVWVzZXRmlOTFEwM0ZiR1d6NWV4b2dqdno0d0F2cU55emE2RjBjNmJtLUIwMzhfcFNlMUdEY0FJNnNTT2N4Sm55RDBJblExX2dYbmJCMWU1ZnNzVE5jbTdLQVZ6VF94OFE?oc=5,AP News,"(""S&P 500"" OR ""Federal Reserve"" OR inflation OR ""US stocks"" OR earnings) when:30d",neutral,0.6540660858154297,0.0
967903ecbac026fdd8c6af4a,2026-07-29T07:00:00,2026-07-29,Federal Funds Rate History 1990 to 2026 - Forbes,https://news.google.com/rss/articles/CBMidEFVX3lxTFBsNEtLYjBNb05hZjBmRkV5NDctYTNrTTF1a0FwQzlpdG42Y3ROZmNVdmROTHRMbTBobHFhTnBzUVVDZEwxdGk5cm9HRWlWMTBCYk5EM0doODFNNnFPb0JfRDR1VVFwSzlsYnV0MUVfeldlTGpw?oc=5,Forbes,"(""S&P 500"" OR ""Federal Reserve"" OR inflation OR ""US stocks"" OR earnings) when:30d",neutral,0.9334983229637146,0.0
d2b5638d8ecccd2a75851295,2026-07-29T07:00:00,2026-07-29,"Microsoft jumps 8% as it boosts capital spending plans, citing demand - CNBC",https://news.google.com/rss/articles/CBMigAFBVV95cUxOZU9Obm5HZ1F4R21heXF0SGxzZlNjYVdZTVZGdXAzUzBHN1RUNi1LbnlPNHJicnEwNkxrSC1TTlBGdGhlWnR1YmNJM3dmTllxLUhpd0xmZmxsTzJmOS1WT3Y2ZWJlcXdJR2FialN0bUFaVjVWaUlxUG5BQjctWlZJNNIBhgFBVV95cUxQbGJXX29pOG1DQmVtVnhleVN5WHF3eWZSSjNUNUYyZGo0el9jUFRZYVZKZC1qTFNPVnNUUG9GM08yd3dXRUNydUx6S1JTam5UNzhldmxzd1hSREk4dENLaF9TOUx0UC1hd0Q5b2FoSGdiZlc1T3RjUnZuMnhkRWNnVkRYc0xPdw?oc=5,CNBC,"(""S&P 500"" OR ""Federal Reserve"" OR inflation OR ""US stocks"" OR earnings) when:30d",positive,0.9107066988945008,0.9107066988945008
6169d39a6fcc909563b6892b,2026-07-29T07:00:00,2026-07-29,Qualcomm to raise prices during memory crunch as chipmaker issues light earnings guidance - CNBC,https://news.google.com/rss/articles/CBMigAFBVV95cUxQdFJGSE9razJkU3ZYQXRtUlduTEUtVTdGTGJZRHZNLUZsczdCZDFsWUtQLTU3ZFFqdTdiSEhtY2V1U0xiYU10Qkw0OGxabjRBcnFvZ1BHMFJvY3phQWs4dzJSZVlpQjFSeUNHSHJnNnpma19RYVdmUktDS0JlX1N6Y9IBhgFBVV95cUxQUVAzWF9zVTMxbVRZVnNjT1hWS0JKWTAxakFnVDBubXFzejFWeWZHSjBzUjgxYXRwd3hzRWI5b1J3cnVDdDhHM2E1UVd6bnJWaF9EdVZ0WTBSbjNoSDJURXZjek4zLXVWbHBhT1R5bndZSS1MY2hmSURHMWtzTHY4V0JrcXduQQ?oc=5,CNBC,"(""S&P 500"" OR ""Federal Reserve"" OR inflation OR ""US stocks"" OR earnings) when:30d",positive,0.6886255145072937,0.6886255145072937
a557eba5ed83c7c3e38d3fe9,2026-07-29T07:00:00,2026-07-29,Warsh-led Fed leaves rates on hold and a bond market scratching its head - Reuters,https://news.google.com/rss/articles/CBMiugFBVV95cUxPMWE0UWlwemdYNE5CaEZPSVBqZVNuSmlVSmIxWHV6R1hXa3lua1RReGpYaTEtZGttNzZoTU1XT3VGbjZWUmxFSWxnN21mMGlHVW1fazREOXdRZVk1ek9ya1JVMVNWM0NoVEVzRHY2bWJSYy1JRUtrNElLb3BPSjJzNm9wWmpmYTU3OXRIQ0E1dG82TkU2emF4QVoxTEJJU01ydzF5cHZHRVlnbGp6T3JESUtzV0ZZYjZUc2c?oc=5,Reuters,"(""S&P 500"" OR ""Federal Reserve"" OR inflation OR ""US stocks"" OR earnings) when:30d",negative,0.8642531633377075,-0.8642531633377075
ee75b5688ac4dd0caf48e69a,2026-07-29T07:00:00,2026-07-29,Fed leaves interest rate unchanged but with 3 dissents as Warsh praises ‘good family fight’ - apnews.com,https://news.google.com/rss/articles/CBMirgFBVV95cUxQN0dYeFppekRSNVVZZFhyUjJpLXd4aWlvMWpiZDc5M3lVcXZFWW9WbjVLSzl3MEZDcHhBMkdjZkpWTjRoY2ZRVThJeHN1emVWVzZXRmlOTFEwM0ZiR1d6NWV4b2dqdno0d0F2cU55emE2RjBjNmJtLUIwMzhfcFNlMUdEY0FJNnNTT2N4Sm55RDBJblExX2dYbmJCMWU1ZnNzVE5jbTdLQVZ6VF94OFE?oc=5,apnews.com,"(""S&P 500"" OR ""Federal Reserve"" OR inflation OR ""US stocks"" OR earnings) when:30d",neutral,0.7839850783348083,0.0
4708f86dd513bcd62dc2a023,2026-07-30T07:00:00,2026-07-30,Reddit shares sink 11% on 'choppy' search referrals even as results blow past estimates - CNBC,https://news.google.com/rss/articles/CBMifEFVX3lxTE1CZ3ZYSF9CVVFFdnBiTzFfWWIyczJjZEtKVUVDV3V1XzJRXzJsMV9aUkx3WXFLVjBiNGZGSlJWVDJOckl5MmlRRWFtbHZZSFVKa3k5YjJpdjlmSU1Vd18wNVFLZlRVZkU1QXQ3ZWhsQjdENzdRUkJMTW1DejfSAYIBQVVfeXFMT3pKV0Q1MlZrbDBGQ1BhYkJ6b19GWFMwWVk3QjJwUE5sZFVJcVpZN2NFZktVZ0dGQXliWmFwN19RakFkeWxUS0dnU18xaDg3SnEwREx0WV9iNkZaa29maXpSRm8xRkNUdTJXRmREMkNqRl9UM284bGFBUmUxaFkxb251QQ?oc=5,CNBC,"(""S&P 500"" OR ""Federal Reserve"" OR inflation OR ""US stocks"" OR earnings) when:30d",negative,0.95077782869339,-0.95077782869339
c5272627d8ddaa7065266335,2026-07-30T07:00:00,2026-07-30,Amazon hikes 2026 capex to $220 billion due to higher memory costs - CNBC,https://news.google.com/rss/articles/CBMifEFVX3lxTE5YU3ZKX2xoamdmZWNkOE52VGdqb3VtQTFUTXl1S0hwdWFZNGlNTE1SMGNjZlR1MXpVN2lINkVwd1VoWEdkTGFmcFItRTlxVFIyUkhwYlJCM3l5T29aYjhUM0tRSjdYNGVZY3c5eHBqVTNpVmR4aEdSTXJtd1HSAYIBQVVfeXFMTVhaMjBSNjI0eXFRb3NsNUxJNzNlalZvUjRUQkpmSFNkMGJtUVVGS19PN1JLdWpmMEdJaVVvR1B4S1dDN0NUM3dpcWRqdmxiZjdDakUzblV0TmU2QVI0UzRWNldDS3F0MC1DWGU2MUEydXV5c0lYYWI5bFA3WlJoSFhSZw?oc=5,CNBC,"(""S&P 500"" OR ""Federal Reserve"" OR inflation OR ""US stocks"" OR earnings) when:30d",negative,0.8542382121086121,-0.8542382121086121
793e171b55c4379030bacca0,2026-07-30T07:00:00,2026-07-30,The Fed’s preferred inflation gauge cooled in June. It might not last - CNN,https://news.google.com/rss/articles/CBMihAFBVV95cUxPU2p5SXBiUjd6MndMSDl6VkNLYXhEM2htdXE0aF9wSmg5eF96cU1GRS1XT09aaXlEeGwyWHNoSnpSMElGc09GUVppVjhNVkMxZUx2dGpaNEJua3J5OWIxZkhwWVgzYWlNQ3lvbEdBc3Z1TE9hbVctVkJfWlJWUGVadUdWQzY?oc=5,CNN,"(""S&P 500"" OR ""Federal Reserve"" OR inflation OR ""US stocks"" OR earnings) when:30d",negative,0.4993461668491363,-0.4993461668491363
fd71ca9f4ea733aa143333fe,2026-07-30T07:00:00,2026-07-30,U.S. economy slowed to 1.5% growth rate in Q2; June core inflation at 3.3% - CNBC,https://news.google.com/rss/articles/CBMixwFBVV95cUxObnBoS1BpSEN2UW0wYmxaVlhHMEt3TlU4azBKNzQ2ZmNzM3B0ZXE0UkxwLUstT2lCc3UtZU12V3paWS1ZRGFDVmhsckxxRmxpQ3A1QXRDWGpsem9ROUFfOTE2MXpMczE1b0JCRUNCbzVlZ01mQ0JaM2Ezc3owSG5OaEpmLTRYdkk3c2kwTXpBOENrWEVDSExkSWdkN19XN2sta19WZmxTb2NJZjE0eGs5a0NMT3c5V1YtTjBRVjVHS0RlR0E2WXRV0gHMAUFVX3lxTFByVkdMeGxPYTFEUGY4bWlValYzS0VuTmhDblhLWnRkXzNJTlR0Ukt1ZDRRbUExLV9fc1RlY041WHozLWR0ME9zY2NjcmtscWwyZThLc1JhUTJyN3BWMHVVcHVpYzVNWC1tZmNyRW9hcEUtYzg1RkJuZVN3dXlvRkJNYUdlZmpaQS00dThaSnYwVjRSNDYxZkE3VXdfbTVWRk8zVWJobU9hN1ZoRHU4eFl0NTZLekZsVlljS2M5S3BvdThBVGp5N1luQS0yMA?oc=5,CNBC,"(""S&P 500"" OR ""Federal Reserve"" OR inflation OR ""US stocks"" OR earnings) when:30d",negative,0.9463260769844056,-0.9463260769844056
33b1ed1c94d9c4b985fda468,2026-07-30T07:00:00,2026-07-30,"Economy Slows, Inflation Dips as Markets Digest Fed’s Latest Move - U.S. News & World Report",https://news.google.com/rss/articles/CBMiwwFBVV95cUxQdzVyVW1mcGhYWjd6OTBZa2xQTWhZYklrdkhqUWlzWGpxX3ZsMlBBNm9wOEdQZ0hIb0N6ZTVPUk9DN1lmYldBaHpEVjZ3SWZyRTB3S1NBd2FtWGkyeVhGMVFWT2RHQjRldnI5T0U1VEg5RmdsaG5FN1E0RzZjSDk1LW1lU242SXJBd01rc3BpNkhLSUpKNTc2WlRLV0ZQZGhob00wcVlWZ0dmOE9jcDJEeXhtdTlqQmtKUm42Sm5VZGpLUEk?oc=5,U.S. News & World Report,"(""S&P 500"" OR ""Federal Reserve"" OR inflation OR ""US stocks"" OR earnings) when:30d",negative,0.668189525604248,-0.668189525604248
c9dad10c006923c0f1b333f6,2026-07-30T07:00:00,2026-07-30,US economy grows at a sluggish 1.5% in second-quarter with inflation remaining stubbornly high - AP News,https://news.google.com/rss/articles/CBMitgFBVV95cUxNZUM3amF1MFUxODRGUWdydTZvZC1MS0Y4eVM5NzF3WWg2TUN5azdjWGJUZW1tc2pqMkhmbFRreXZ1VTNHNHRqdmg1a2ZHVHdDMFloVzRNMmd5SGhXdFMxdXBkV2tuMXY0X21pX0oxMHVwTHdWeU5pWmcwOUxWbEREUFhmOTc2UzFUQzRENkxBMHlodzZfRFV5VVVBVFdmLXROamEtNjBKbUtBM0dGNzNSS3ZJWTE5dw?oc=5,AP News,"(""S&P 500"" OR ""Federal Reserve"" OR inflation OR ""US stocks"" OR earnings) when:30d",negative,0.689744770526886,-0.689744770526886
7fc6095f24683f96c85eb009,2026-07-30T07:00:00,2026-07-30,"Economy Slows, Inflation Dips as Markets Digest Fed’s Latest Move - usnews.com",https://news.google.com/rss/articles/CBMiwwFBVV95cUxQdzVyVW1mcGhYWjd6OTBZa2xQTWhZYklrdkhqUWlzWGpxX3ZsMlBBNm9wOEdQZ0hIb0N6ZTVPUk9DN1lmYldBaHpEVjZ3SWZyRTB3S1NBd2FtWGkyeVhGMVFWT2RHQjRldnI5T0U1VEg5RmdsaG5FN1E0RzZjSDk1LW1lU242SXJBd01rc3BpNkhLSUpKNTc2WlRLV0ZQZGhob00wcVlWZ0dmOE9jcDJEeXhtdTlqQmtKUm42Sm5VZGpLUEk?oc=5,usnews.com,"(""S&P 500"" OR ""Federal Reserve"" OR inflation OR ""US stocks"" OR earnings) when:30d",neutral,0.5567916035652161,0.0
4e7585128856dad780b10a63,2026-07-30T07:00:00,2026-07-30,Apple's final Tim Cook quarter ends strong - Axios,https://news.google.com/rss/articles/CBMikgFBVV95cUxOeWU5SDZVX3JQVXphNWVnZ2RMR2VyUFF3WTdCU2lVby1WWno3VUdnN1lkRkZTeEZPZzNIT0xva0ZUWTJZSnBlS3UtcXhYbTV1Q0phTXFfcF9XY0dzZ1BXamE3Yi14N2pBTlgxbjRTbjN5SWN0R1VsWUtsbXFxNnppdFlfcFBlRlJVb084QlF4cVVwUQ?oc=5,Axios,"(""S&P 500"" OR ""Federal Reserve"" OR inflation OR ""US stocks"" OR earnings) when:30d",negative,0.4229365587234497,-0.4229365587234497
032e18208261e49d9b180223,2026-07-30T07:00:00,2026-07-30,"Economy Slows, Inflation Dips as Markets Digest Fed’s Latest Move | National News | U.S. News - U.S. News & World Report",https://news.google.com/rss/articles/CBMiwwFBVV95cUxQdzVyVW1mcGhYWjd6OTBZa2xQTWhZYklrdkhqUWlzWGpxX3ZsMlBBNm9wOEdQZ0hIb0N6ZTVPUk9DN1lmYldBaHpEVjZ3SWZyRTB3S1NBd2FtWGkyeVhGMVFWT2RHQjRldnI5T0U1VEg5RmdsaG5FN1E0RzZjSDk1LW1lU242SXJBd01rc3BpNkhLSUpKNTc2WlRLV0ZQZGhob00wcVlWZ0dmOE9jcDJEeXhtdTlqQmtKUm42Sm5VZGpLUEk?oc=5,U.S. News & World Report,"(""S&P 500"" OR ""Federal Reserve"" OR inflation OR ""US stocks"" OR earnings) when:30d",neutral,0.5001517534255981,0.0
63d57f67e6a865869fff56b5,2026-07-30T07:00:00,2026-07-30,US economy grows at a sluggish 1.5% in second-quarter with inflation remaining stubbornly high - apnews.com,https://news.google.com/rss/articles/CBMitgFBVV95cUxNZUM3amF1MFUxODRGUWdydTZvZC1MS0Y4eVM5NzF3WWg2TUN5azdjWGJUZW1tc2pqMkhmbFRreXZ1VTNHNHRqdmg1a2ZHVHdDMFloVzRNMmd5SGhXdFMxdXBkV2tuMXY0X21pX0oxMHVwTHdWeU5pWmcwOUxWbEREUFhmOTc2UzFUQzRENkxBMHlodzZfRFV5VVVBVFdmLXROamEtNjBKbUtBM0dGNzNSS3ZJWTE5dw?oc=5,apnews.com,"(""S&P 500"" OR ""Federal Reserve"" OR inflation OR ""US stocks"" OR earnings) when:30d",negative,0.8598354458808899,-0.8598354458808899
dd79bf66aa1931877085377d,2026-07-30T07:00:00,2026-07-30,"Economy Slows, Inflation Dips as Markets Digest Fed’s Latest Move | National News | U.S. News - usnews.com",https://news.google.com/rss/articles/CBMiwwFBVV95cUxQdzVyVW1mcGhYWjd6OTBZa2xQTWhZYklrdkhqUWlzWGpxX3ZsMlBBNm9wOEdQZ0hIb0N6ZTVPUk9DN1lmYldBaHpEVjZ3SWZyRTB3S1NBd2FtWGkyeVhGMVFWT2RHQjRldnI5T0U1VEg5RmdsaG5FN1E0RzZjSDk1LW1lU242SXJBd01rc3BpNkhLSUpKNTc2WlRLV0ZQZGhob00wcVlWZ0dmOE9jcDJEeXhtdTlqQmtKUm42Sm5VZGpLUEk?oc=5,usnews.com,"(""S&P 500"" OR ""Federal Reserve"" OR inflation OR ""US stocks"" OR earnings) when:30d",negative,0.5184926390647888,-0.5184926390647888
18892c38847701cc610279f5,2026-07-31T07:00:00,2026-07-31,Fed officials who voted to hike rates say action is needed now against inflation - CNBC,https://news.google.com/rss/articles/CBMiuAFBVV95cUxQdUV3aEE0THA3OFNOZzNpWDZVZk1MbXNFNzNMWkNEcDBvODB5VlpxV3RObW1rZGpsZkM5OFFLXy1FUVBfRWpvQTBWNXQzOThmVXhIMzNCWGtDZlotZWlTOTVoM1kzUDNLN0tHZXpFWDc3dHo4eTl4RTFyLUxKR0FlQVFvdkxabUpKdkI2cWZnMWxWVFdXVVVkVUdJT2E2QU5HMkNtS1pUS1pQODlyUlYyMGN1SGg4Y3lz0gG-AUFVX3lxTE9OQlc2OFNHbm01cWtXN3ZSaW5GVUZHNEx5QWQ1ZDBYa1QwT0ttUy1USmNzX25pUUc5bzZQQ0E1dEFzNmFxb3ltakt1YllZNGxSeEE4VUJCdTkzU3lVQUEtVU9rcWF0MUV2SlRtYVMzUDRBWUxCQk10SE9weXJkeUg0cVR6eVpwejdpcVlUMGlqUmhnbFpscFk3VUpyNmlCMFdpRDZBeUxnbzVLT2xGMzVZSS14WjVyT3BIcm9ieVE?oc=5,CNBC,"(""S&P 500"" OR ""Federal Reserve"" OR inflation OR ""US stocks"" OR earnings) when:30d",neutral,0.8387588858604431,0.0
c035106dfda41664ce7422f5,2026-07-31T07:00:00,2026-07-31,Inflation Worries Prompted Fed Officials to Dissent on Holding Rates Steady - nytimes.com,https://news.google.com/rss/articles/CBMimAFBVV95cUxQNEZKWm9naG50NzZVZVZJYmFwZ3RKU3Z3VFBiUFM3SUNyUkFwZnBubVpZNHRvdlRHUWlGMGRxUG9nM2ZMV3lhcWZIbTFGVkp1WjJoVzlaQlZGV0ktU09udTFjOUFtazE2eWVzbUNFWmdWMG1NbTFnVWVrdlcxdjFxeUdZNGg4QkdRLXRiN0FoeDZtaGxjT0ZpcA?oc=5,nytimes.com,"(""S&P 500"" OR ""Federal Reserve"" OR inflation OR ""US stocks"" OR earnings) when:30d",neutral,0.8239646553993225,0.0
012351c8cae44f902b6232f2,2026-07-31T07:00:00,2026-07-31,ExxonMobil Announces Second-Quarter 2026 Results - Exxon Mobil Corporation,https://news.google.com/rss/articles/CBMixgFBVV95cUxOa29obmlsaDhqbG1nQ0V4X3hYUjZHcno0eE12MVVwdk14bkNLQWh4Wmx1cVJSRWNGSVc1X2lReVlMYUFTckR0djVNVGFzWnJRZHBGWHNqcG5yQ05pOVJFLXI1d1FKSGlBWkJiRjZqb1BYRFZMRzRGX1hhZkhld0MxMlhOSXBHOU1IZWw5SXRKV0RMMkNMSERlMVRiTzdrVkUxOHNRVlV3dHptZXVPMmZZX3ZwYlpHVGZBWU92bGQ3UWgwMWx6dVE?oc=5,Exxon Mobil Corporation,"(""S&P 500"" OR ""Federal Reserve"" OR inflation OR ""US stocks"" OR earnings) when:30d",neutral,0.8457126617431641,0.0
9c8e2108c0bfb0386ddf90f7,2026-07-31T07:00:00,2026-07-31,AI and Productivity: What Firms Are Saying on Earnings Calls - Federal Reserve Bank of St. Louis,https://news.google.com/rss/articles/CBMinAFBVV95cUxQbHFUQWR0MFZkcm56MFVvUzZLNlRhNXloYXdTaklWRkxXcXFNNDhyT0pkZXdDWDNval9CVlZvZXZXeGtVZjQ1SENlbDFGRmg1LWxxMDVzLWJJdndJbW5IWlZhcDE1WE9kdVhoU2pEdzhTdUdpejFhelBZcjVHNVVta0JHTTdFaXZxajZaRjNqY2k2TndYZHRpQkRGSm4?oc=5,Federal Reserve Bank of St. Louis,"(""S&P 500"" OR ""Federal Reserve"" OR inflation OR ""US stocks"" OR earnings) when:30d",neutral,0.8852404952049255,0.0
b0348c084ccc9b332c4625cb,2026-07-31T07:00:00,2026-07-31,Statement on My FOMC Dissent - Federal Reserve Bank of Minneapolis,https://news.google.com/rss/articles/CBMifEFVX3lxTE1HM3JLX3RVbGNnd3d0RUthN2dRanMtWFFPd0drMDFyZDlIVnRFckJ3dlBSc1F1MVdkWExrQmlFRTg2REt1QWxaclAyZXNob2FsY0ZaV29hSXFuM3BpVnMxNE4zYlNyYnR3VFFJeWtXZDdEX295OUxOVkFDQmk?oc=5,Federal Reserve Bank of Minneapolis,"(""S&P 500"" OR ""Federal Reserve"" OR inflation OR ""US stocks"" OR earnings) when:30d",neutral,0.928224503993988,0.0
b4dbb82261d7241423f784d0,2026-07-31T07:00:00,2026-07-31,Three Fed Officials Say Inflation Should Have Prompted Higher Rates - WSJ,https://news.google.com/rss/articles/CBMiugFBVV95cUxNWnlWMW4zNEdrSjBES053NDFtQ01rR09vb1lTWlNYV3h3RkhfUnNDUTBaVVZyaEg4TklUbG9UdlhsYWZCTV9MQzlSREZfVTZTWHpsX0NKMGpJNG85ekhOeXRXUG1lVVd4aGJWLXRiS1V1LXpuS1FHOGFodjRvVFBWcXRqMk80RjlUaWZ5ei14ZUVXdTJWc0tIcjNGN1hWaFFkbVd3dVB2Ykc5YTBjOTRjMmpxY0syYk9XOXc?oc=5,WSJ,"(""S&P 500"" OR ""Federal Reserve"" OR inflation OR ""US stocks"" OR earnings) when:30d",neutral,0.6573886275291443,0.0
ddc289c9ab9f2afdfd0b1315,2026-07-31T07:00:00,2026-07-31,Inflation Worries Prompted Fed Officials to Dissent on Holding Rates Steady - The New York Times,https://news.google.com/rss/articles/CBMimAFBVV95cUxQNEZKWm9naG50NzZVZVZJYmFwZ3RKU3Z3VFBiUFM3SUNyUkFwZnBubVpZNHRvdlRHUWlGMGRxUG9nM2ZMV3lhcWZIbTFGVkp1WjJoVzlaQlZGV0ktU09udTFjOUFtazE2eWVzbUNFWmdWMG1NbTFnVWVrdlcxdjFxeUdZNGg4QkdRLXRiN0FoeDZtaGxjT0ZpcA?oc=5,The New York Times,"(""S&P 500"" OR ""Federal Reserve"" OR inflation OR ""US stocks"" OR earnings) when:30d",neutral,0.461167573928833,0.0
2f614f2b0e8503bc67e6fcb9,2026-07-31T07:00:00,2026-07-31,Euro area annual inflation up to 2.9% - European Commission,https://news.google.com/rss/articles/CBMif0FVX3lxTE5MNUJrVWtxVTNCMHpLQi01ODlDSFhCdjRPeTVBdDU1Qno3d3VSZmVCQmlSWE92N0syX2k2Tmd6ZndmZkticmNrRlFOUmJtTEVldHJFR2M2M1FtT0ptWnpkTWl0eXo4THlDSUpCU2hxajVqSmtPZnVFOXh0Z1hwRDA?oc=5,European Commission,"(""S&P 500"" OR ""Federal Reserve"" OR inflation OR ""US stocks"" OR earnings) when:30d",neutral,0.4592100083827972,0.0
e80786f96a7d1fa45ec081af,2026-07-31T07:00:00,2026-07-31,"S&P 500 Earnings Season Update: July 31, 2026 - FactSet Insight",https://news.google.com/rss/articles/CBMiekFVX3lxTFBCMVdqVjBaRndHd0FwWU52eEZJM1BHSE1rUDRDLWpRblp1MFoyazZvd0JPWXpteTZPa2ZSQkdydEpfUE9SYVZmdE9reHFBMzhBM2Vwa0pDS1FmVG0tM3I2WGRSUlgwUlNUUmdMSDJxdWhrdUVINEh1dmZ30gGKAUFVX3lxTE9iM2k0cXlYeHZSVVVMSWNDdloySnAyem9xd2RuUlRCeTJoRFFtZXk2U1ZGQWVHN1hHNF9hMWNEcWE0LTJwRWF0SGhJXzd3QmxKZW5oSjFORXlPaWs3WVZfWFdKdVdYWFIyR2lQNmhoRGxtY2Y1ZVB4MjZMX2lPUTZ6S2pMWWFxOFlJUQ?oc=5,FactSet Insight,"(""S&P 500"" OR ""Federal Reserve"" OR inflation OR ""US stocks"" OR earnings) when:30d",neutral,0.9010536074638368,0.0
a6901f4fc61855ab9e18b334,2026-07-31T07:00:00,2026-07-31,"As Warsh’s Fed faces pressure to act on inflation, these indicators show it’s at its lowest in years - CNBC",https://news.google.com/rss/articles/CBMiqgFBVV95cUxQUUVkbExMY09jQWljRjRDdFVDS1lSLXJ1aWJHYVJZSC1Oa3pjanE2MnVhYmlaaVBNZGotVTVMRzJBUTAzOGp1ZElDTXpkcHRYaHQtNFhWWWVtQzJ1LXJSWTcyaHctbmYxUFJyN09Pc3NLTnpveTBoWFYwTjRmZWpWNGdpYmh3allqWnRWUHBjLU5VMHItZ0Ztb3ppZWJaNTFZdzRLdkE5NmEyUdIBrwFBVV95cUxQeHVvNi1ZVW9SY3BxN2lIYnlZaWFENVJpTmRaSlRkZUtNYTR4cVIxWXpkTl9RNjNqT2RWV1JvYm5wQmFWQ3VuUVludTlweWZfZ2p4c1BhTnlZajY3ZllZeGRzaXk5N25DWkR6QXptbzdZUXUxOWh3OVFyYzlxYWtrZ2twT2J6TzN6NzlJQ3owS3ZjQWtabDF0bVk5RVJnVGJna0o5dE1oNWhFY0FZQXJZ?oc=5,CNBC,"(""S&P 500"" OR ""Federal Reserve"" OR inflation OR ""US stocks"" OR earnings) when:30d",negative,0.9306638836860656,-0.9306638836860656
aa9c52463796036eeb73e00e,2026-08-02T07:00:00,2026-08-02,Big Tech Earnings Are Sending Valuations in Opposite Directions - WSJ,https://news.google.com/rss/articles/CBMihAFBVV95cUxQbWZxVXhUXzZ4NF9odVBnREFjZG51TjhzWjAxUWZkME9QaVFHRllINE5GcEZCNUNXcHpLaFhaRFVkaGtvV19uVGdVT182RV9vWG1ZbnRDVlFDbFRvUlhNMWl2NlVrX0tiX1Y4bHZFNmFfRXVwanNqVEFucFBZcHVaWERrXzU?oc=5,WSJ,"(""S&P 500"" OR ""Federal Reserve"" OR inflation OR ""US stocks"" OR earnings) when:30d",neutral,0.4870997667312622,0.0
dcba55d362ab9bc25fcbfe89,2026-08-03T07:00:00,2026-08-03,"Palantir soars 12% on blowout quarter, with U.S. commercial revenue soaring nearly 150% - CNBC",https://news.google.com/rss/articles/CBMidkFVX3lxTE52OERCNE9wbUxaWThFYXNFaFNSeGladF9kcVVuenFDX3BmU1U0ZHBURHp1S3VuSVl2ZHVLblU0TzVwWS1HR2RQand0NXFDdnpiNVk3eDBQdGpOQ2FsQWp0WHJiNHU0ckJCZmgtdjQxdlNfTEdqRVHSAXtBVV95cUxPZ3Q1WkJUaW05ZFpkZmhiS3RLSklUZm10SG5HZm42VlJscTdsT3FEVEJlMktrWEFYY3l2YzBNY1RqbzJId0N2NzA4WWpKSzBVbUxIU2hKN1c2TFo1SzNhSy1tMXFrQzdlWjczOWVVLUNSY3ppZmwyenFud2s?oc=5,CNBC,"(""S&P 500"" OR ""Federal Reserve"" OR inflation OR ""US stocks"" OR earnings) when:30d",positive,0.9346569776535034,0.9346569776535034
b4423ca9ce1992e91d462b79,2026-08-03T07:00:00,2026-08-03,Big Tech's Anthropic and OpenAI stakes are distorting the corporate earnings picture - CNBC,https://news.google.com/rss/articles/CBMiowFBVV95cUxQLVZ0SlZoODJGekFDdGRyVkJwNll5b09xSGtra3lBRHJuQWtoc0hOZlJxdjk2YUZUZDJXZFJSdFJTcVNfQnhHUFZBMUg0ZTVmTU5qMk1TMkw0am92T2FjZlotdnd2X3RReUNWcHJyRDJxRDZ2MjczUWZ3c0pQeWYxN1d3MUV5LVA4SE5UUXlqRjR3QTM1c3NVOTNpUlh6YTllOE9j0gGoAUFVX3lxTE9jQlpJY3Q1UDdiSHVzWEJhcFdnSHdNbFNyeDQ2cUsxLUhwQ2Vnd0pnTnM4YUlnUkptOFVhUUZpaUw4anZ3R2huVkoxWmt0WkRlQUhNamF2ZE1BZHdlV2ZwMXd0YktDT1VZTmZqVXBfZmVwdVhoaGxkRWc0U2hMOWpmcWtTMlVjdzR5R2dkMFgzYVl6b1V0ZnpnejNEa21NaXctd3lsdThqQw?oc=5,CNBC,"(""S&P 500"" OR ""Federal Reserve"" OR inflation OR ""US stocks"" OR earnings) when:30d",negative,0.8455929160118103,-0.8455929160118103
9c23459bfba4aad9e7a82619,2026-08-03T07:00:00,2026-08-03,Amazon tops $3 trillion market cap as stock continues post-earnings surge - CNBC,https://news.google.com/rss/articles/CBMif0FVX3lxTE5qVDNrbTdTYVBLTUV3RXFZZkVrT21nWE9DRXJwcFQtYmtYTTlZSlAxNGM3aUxBTVVSTVVrY3hIdkpIeWcyMENiWUExbEdhR1BtRXNJb3lsZlFJdWZNcEdaaW11Wk9rdk51aUZmSTd2Sl9ZakZILWlpWUNHS2lmYVnSAYQBQVVfeXFMUERiZ2wtdTI0YjRhUDl6RnVkNmhtYWFKYUVEWkRXR1FySll6Y0czZ2FuUm5ITjZGUFF2UFZxSlU3Yk10Y2tiRnlBNmpBR09KQmNuVmZfMXA2b0p6U0kwcmxsSThUUWVHUWQ3ekJOV1l6RTYtU2xfODhFb0kwRlAxT2EtOXFr?oc=5,CNBC,"(""S&P 500"" OR ""Federal Reserve"" OR inflation OR ""US stocks"" OR earnings) when:30d",neutral,0.5437417030334473,0.0
af0b3c874471dbd2dc20ee39,2026-08-03T07:00:00,2026-08-03,"Manufacturing survey shows inflation worries 'worse than pandemic era,' adding to Fed pressure - CNBC",https://news.google.com/rss/articles/CBMiqwFBVV95cUxON2paWmtfQzdybzhVRDc4TklkSDQ0UXdqOTV5WTZPX0xsenN3M2JUa0FOZjFKSnlXNTQxcnNldkd3MUZIcXd0elFJd3VMNUliRTZfcWF5TEt1QWxQalQzU3BTR2NzU2JHNEFJRXR6Nk9vVjhVdjhOaUVNelI5eHM3eDVYdFBJcEo1Nm1zMlJCa2ZmalA4dkFzbWg5SURpaWZjcmE3VWpBRm9rY1HSAbABQVVfeXFMTzlPRnVRcHlyYXp6cnU2VE9KUzEtbDBZcktpclA1b2g3SXYxM1VvalNCdFo1c190YUtYR2MzSnVGMC1Kb1l3ck5uVWJ1MDYtZ21GMXhnRU5HSFFlVmoyNnhRTEJheWdYRGV3d1pJUjNxX2QtdlpjdXdPclVkX3FjZkxfclFjb3l6Y2JQUDM4NHVRMWRYbzNJWFpuRTlTRE9XX1RqT1F5bWZlLXQ3UGRpeEU?oc=5,CNBC,"(""S&P 500"" OR ""Federal Reserve"" OR inflation OR ""US stocks"" OR earnings) when:30d",negative,0.8458514213562012,-0.8458514213562012
aa7bb699b2e4b55cefc7d5a7,2026-08-03T07:00:00,2026-08-03,Wall Street bulls are starting to admit the earnings bubble is real—and the 60/40 portfolio may be the first casualty - Fortune,https://news.google.com/rss/articles/CBMipgFBVV95cUxQVGJxOVN1T211RW9KcERVWm9UZVVQMEE2UUdIQkRVaHVMX3Rhc3ptRHdTQVNBclItZXhVQnlkUlZkZUJUN3IyY3UwN0FERGNQcEIxaWtUa1N2NU5tQjVYNUxvM3ZLT0tuZTBZbFpLVkZRLThlWXZKdEc0WEhkVXI5MW9tQnFSclZ3WjhWb0JvN0x6YmkzdW9KODhjRi1JV3hudDBidjVn?oc=5,Fortune,"(""S&P 500"" OR ""Federal Reserve"" OR inflation OR ""US stocks"" OR earnings) when:30d",neutral,0.4578162729740143,0.0
7c38550d113b6a19431db5dd,2026-08-03T07:00:00,2026-08-03,Snap's stock jumps 8% on earnings beat and strong sales forecast - CNBC,https://news.google.com/rss/articles/CBMic0FVX3lxTE9kZEN0eDFuMU55dGhQV3VocEpvQVlFVURFNXlscmpWa3pnbXVYMGNoMUtmZWJRRVVtV0NoZDlsSzQ2WTBXekFhck1fdWpSU0RocFh4T0tVWVJyWGw0YldyRGJ3V1h3TWYwSjdEZ1BQQ0lSRmfSAXhBVV95cUxPaTJydHB2alR6b2pWYThzV0RiSnliV3ZBWm1FV3BpMXFpSDRxZFNNdW1OUGo1WTJHYjZlZjlaaUtaMDlwWGUwQlV4YUYyN1Fycm5BM3NMTVlNOXNkQUJfMTBUZG1oNkxMYld6NUE1dDctdTRDZ252OE8?oc=5,CNBC,"(""S&P 500"" OR ""Federal Reserve"" OR inflation OR ""US stocks"" OR earnings) when:30d",positive,0.9294031858444214,0.9294031858444214
8d5f0677ff860b8e6e094fd6,2026-08-03T07:00:00,2026-08-03,SpaceX's post-IPO plunge sets tense backdrop for first earnings report - CNBC,https://news.google.com/rss/articles/CBMiqgFBVV95cUxNQ29lNXQtb24tUVBfNVp6WEU1V2RBSnc1WHpRdDNiU1NQNEg4NEdiU2hsWVUyazhMQmtXYkxxenhUZjBISE5vY2ZrQ0dhV3BsUkh4ZjhyRlJDV240bmNhWUtQdDR6TUNBcDBoTVZBRXBHR3pWa0ZNRmhGOERKTnpwMHNiOUZjOUx6TU5DaVNKQnM2dE9ZYTBySjRKVTBtZUVuWldYeEV0dUxYUdIBrwFBVV95cUxNU1hJMFNsRW9TTzRPXzJid0VQa0JzR3lJVGFvaUJWWVo5ZDk4SUdGdy0zcFFzMG9aeEVHaWRhcDJEVTJDS2RITjJubDJwUVRvLTBwOG9MNDk4Q2x6SDFtVlhkNWQxTnY2em51ZEFaUFlCZlJWT1NzQnNiTE1vc0lsUTYyMjJBOXl6Nk1oRU5WNDFOT3V5YkdsS1FTVFNwRFQ5U1Zfa3A3UWhyQmNtUmg4?oc=5,CNBC,"(""S&P 500"" OR ""Federal Reserve"" OR inflation OR ""US stocks"" OR earnings) when:30d",neutral,0.6670370697975159,0.0
def0e980e3ff5b6e9c7d6637,2026-08-03T07:00:00,2026-08-03,Wall Street bulls are starting to admit the earnings bubble is real—and the 60/40 portfolio may be the first casualty - fortune.com,https://news.google.com/rss/articles/CBMipgFBVV95cUxQVGJxOVN1T211RW9KcERVWm9UZVVQMEE2UUdIQkRVaHVMX3Rhc3ptRHdTQVNBclItZXhVQnlkUlZkZUJUN3IyY3UwN0FERGNQcEIxaWtUa1N2NU5tQjVYNUxvM3ZLT0tuZTBZbFpLVkZRLThlWXZKdEc0WEhkVXI5MW9tQnFSclZ3WjhWb0JvN0x6YmkzdW9KODhjRi1JV3hudDBidjVn?oc=5,fortune.com,"(""S&P 500"" OR ""Federal Reserve"" OR inflation OR ""US stocks"" OR earnings) when:30d",neutral,0.6533502340316772,0.0
8197f680585b6718a081f8db,2026-08-04T07:00:00,2026-08-04,"AMD's revenue climbs 50% and data center sales doubled, but the stock is down - CNBC",https://news.google.com/rss/articles/CBMickFVX3lxTE1FSkxiYWZwZ3B4SElFOWl3R0tlcUowc0ktU3JLN3lBTG9iSFBoMllXVExVMjR2bHY1NjhkSzZzRE5hdzZjcVBkM2NoMkl1Y3YyT09xd2NSVEx0ODA1NkZSbnh3aGl0ZTJJRVdkS1NLVWl6Z9IBd0FVX3lxTE5DZjZ1S0J3SURPUW8tNlIwbG1CeDIwRDlPY1lRQmN1YW9GQjZ4RjEtMmtQS0tvS0RMS2UxQW5Bc0UxU0hnbUxuYk10MlFxNXFVSWJ5MUc1YWVHRG4zSWEyY3dTS2k1RFA5dW1sWVBCdkNZLTFMRjgw?oc=5,CNBC,"(""S&P 500"" OR ""Federal Reserve"" OR inflation OR ""US stocks"" OR earnings) when:30d",negative,0.9187596440315248,-0.9187596440315248
cf1ebe9e17ad147fb6910b80,2026-08-04T07:00:00,2026-08-04,Spotify Reports Second Quarter 2026 Earnings - Spotify — For the Record,https://news.google.com/rss/articles/CBMic0FVX3lxTE1haXJYbWIzVXlLdjBPUjlQeDVVeVNvR252LVVjV3lVaTkxanRUWFNJLXQwQVAxYWJDaHprZHU3QzgyZGtlZlJQaEtFdVJEbHFYR19uWG9DUkw0c1I1N0p3US1BWHlXN3JOUHIwel9GczdpVms?oc=5,Spotify — For the Record,"(""S&P 500"" OR ""Federal Reserve"" OR inflation OR ""US stocks"" OR earnings) when:30d",positive,0.5888103246688843,0.5888103246688843
c8d5595085e74e4c8a022cae,2026-08-04T07:00:00,2026-08-04,Wall Street is about to get SpaceX’s first-ever earnings report | CNN Business - CNN,https://news.google.com/rss/articles/CBMic0FVX3lxTE1KREh4R1ZKUndjYldwdmNhV0h2NWI0UHQ1LW9tT1VIMkJIRWxSOHgtbFlnbVFyRUhlMWN0TmNHcExKS3lVNmtoaEQzcHB0SXc4cjdtUGFlX18yMUNGWFRCcXBWTkVxNVFFM2RjeVdRS2djMTQ?oc=5,CNN,"(""S&P 500"" OR ""Federal Reserve"" OR inflation OR ""US stocks"" OR earnings) when:30d",neutral,0.918782353401184,0.0
612d615c0d62a6c591b8aa39,2026-08-04T07:00:00,2026-08-04,S&P 500 futures hit new highs as tech sector rallied on strong earnings. - CME Group,https://news.google.com/rss/articles/CBMisgFBVV95cUxNQzQxQUViOHJ5N214N3VYX0RJWThDZDZqVGNMRlNmbzlhaDlkaG1BZWtrRmdXZkc3NHZMcTRYMG1zd0hEaG1rRTFQTVlZNXdQYm5fMVNmWlUxVWFtbGRvdGRCaXUzbU82ZzJ5NWpmVFlaeXJGcWl2TEVpdkdQZ3pVblo4ZVNLMjRVT1Nmd1g4bVlYX0U1LUJzZ0QzY1dUdUNzOElKaDBlYzBEQVhDMktPU1h3?oc=5,CME Group,"(""S&P 500"" OR ""Federal Reserve"" OR inflation OR ""US stocks"" OR earnings) when:30d",positive,0.8111226558685303,0.8111226558685303
b9f685579ad19af006831969,2026-08-04T07:00:00,2026-08-04,Wall Street is about to get SpaceX’s first-ever earnings report - CNN,https://news.google.com/rss/articles/CBMic0FVX3lxTE1KREh4R1ZKUndjYldwdmNhV0h2NWI0UHQ1LW9tT1VIMkJIRWxSOHgtbFlnbVFyRUhlMWN0TmNHcExKS3lVNmtoaEQzcHB0SXc4cjdtUGFlX18yMUNGWFRCcXBWTkVxNVFFM2RjeVdRS2djMTQ?oc=5,CNN,"(""S&P 500"" OR ""Federal Reserve"" OR inflation OR ""US stocks"" OR earnings) when:30d",neutral,0.8910560011863708,0.0
ca9ce884d61af0f1483722fa,2026-08-04T07:00:00,2026-08-04,‘This quarter was otherworldly’: Palantir earnings surge past expectations - The Guardian,https://news.google.com/rss/articles/CBMihwFBVV95cUxPQjdjSFJuNWVaeWNPcWZzMENpVDc1R1Z6ZVZDSnhYNzlmTEw0dXFjakVjNkZSdlpxVWo5MVpzV0ljWEk3bVFrUmRueGJfMi1wa1NEV1R0dGRWVThLYXpscnVRaTgzZmdKM2hmc3piQ1FkQmROeEFrTjN0V0lIS05vbGhzODhWcU0?oc=5,The Guardian,"(""S&P 500"" OR ""Federal Reserve"" OR inflation OR ""US stocks"" OR earnings) when:30d",positive,0.7373290061950684,0.7373290061950684
9a66313867db685f9438acd2,2026-08-04T07:00:00,2026-08-04,S&P 500 futures hit new highs as tech sector rallied on strong earnings. - cmegroup.com,https://news.google.com/rss/articles/CBMisgFBVV95cUxNQzQxQUViOHJ5N214N3VYX0RJWThDZDZqVGNMRlNmbzlhaDlkaG1BZWtrRmdXZkc3NHZMcTRYMG1zd0hEaG1rRTFQTVlZNXdQYm5fMVNmWlUxVWFtbGRvdGRCaXUzbU82ZzJ5NWpmVFlaeXJGcWl2TEVpdkdQZ3pVblo4ZVNLMjRVT1Nmd1g4bVlYX0U1LUJzZ0QzY1dUdUNzOElKaDBlYzBEQVhDMktPU1h3?oc=5,cmegroup.com,"(""S&P 500"" OR ""Federal Reserve"" OR inflation OR ""US stocks"" OR earnings) when:30d",positive,0.5743294954299927,0.5743294954299927
421acd3b6e2649ea57429dfe,2026-08-04T07:00:00,2026-08-04,Spotify Reports Second Quarter 2026 Earnings - Spotify,https://news.google.com/rss/articles/CBMic0FVX3lxTE1haXJYbWIzVXlLdjBPUjlQeDVVeVNvR252LVVjV3lVaTkxanRUWFNJLXQwQVAxYWJDaHprZHU3QzgyZGtlZlJQaEtFdVJEbHFYR19uWG9DUkw0c1I1N0p3US1BWHlXN3JOUHIwel9GczdpVms?oc=5,Spotify,"(""S&P 500"" OR ""Federal Reserve"" OR inflation OR ""US stocks"" OR earnings) when:30d",neutral,0.90644633769989,0.0
ba47d333306ac33112840630,2026-08-04T20:48:57,2026-08-04,Riot Reschedules Second Quarter 2026 Earnings Conference Call - Riot Platforms |,https://news.google.com/rss/articles/CBMilwFBVV95cUxQZjdiVVhzbHFwUElFclMwaXV4U1VuVDc1OEJBOGVMd1RiZlJjdjUzenVRYUZXQ3YtY0xEdWNHMFo3YjlQVU1qRkpOQ2RobHlsaDU3bVJNa3lkaFpYX1hSOVRacTlVR1NzZU1lVzNtb1VrTWZlTG5XdTBPOVc0SXBMTXNpSnoxelY2cFo4RVQ3UllNcmFwVVBJ?oc=5,Riot Platforms |,"(""S&P 500"" OR ""Federal Reserve"" OR inflation OR ""US stocks"" OR earnings) when:30d",neutral,0.909241259098053,0.0
082ed218ccc6facb9c69996b,2026-08-05T05:05:12,2026-08-05,Earnings Release Q3 FY 2026 - Siemens Energy,https://news.google.com/rss/articles/CBMimAFBVV95cUxOQW5JZ1RKeVRGMEZXMlAwakxBeFoyNVNFLUJ1U2MyWHc3V3RHV3NFRWFYcjNLTGEtVGZuMHJOS2RiY2YtdzN1X2VPRmJzUW5td1c4ZFpaTWpuZFQ4a19kVFhuU0lBMVd4dEV3ZUhxclFJUmEwc3ZmcC10YVNOLWFkZ2ZsZXoxOHk5RGd1Y05jWlp0S3F2QTIwMQ?oc=5,Siemens Energy,"(""S&P 500"" OR ""Federal Reserve"" OR inflation OR ""US stocks"" OR earnings) when:30d",neutral,0.9015487432479858,0.0
ba7d538cc074fdf6c6093666,2026-08-05T07:00:00,2026-08-05,Disney tops earnings estimates as parks and streaming offer a boost - CNBC,https://news.google.com/rss/articles/CBMickFVX3lxTFBIOWp1Vk92SlI0bEJPNEg1dkRWYVFFMnFidzhpVzRHV2NkUDJLaUdzcmFoVWpoWkxMR2ptWVg1dlh3bTJ3VU14NEwtV2JNbzNNTmNhTUhXdk5NWWZicEJBM1dnRXFKdGV0b2Y2SU1HdnJoZ9IBd0FVX3lxTE5Mekh1V0FXTi0wWkJHNVcxUEEzMFhYb2FzZHE2M1pNd0FxM1FYRktURW91MFljZy03bW5laWNHUVdSRzJqOUlfNl9pcWNjWHBCOHJWR1hVWUtDQ3JrZWFtcnVLTGdCSE5TNm83alQtU2VSSldmZWMw?oc=5,CNBC,"(""S&P 500"" OR ""Federal Reserve"" OR inflation OR ""US stocks"" OR earnings) when:30d",positive,0.8806644678115845,0.8806644678115845
df5dee78de5cd6773c17b3d2,2026-08-05T07:00:00,2026-08-05,Uber stock sinks 5% after weak guidance despite revenue growth - CNBC,https://news.google.com/rss/articles/CBMickFVX3lxTE92REFDeW1weGZBZkFQUlhyTHZrZ1o1T3RNU2FDa3d6dWRhb2ZtdUVlRWoyTU9tYXVwekZ2cVFEOTlhdFAwaWFlaFVFa0ZqVUxUWUNjSXd6NHR4R09UTzBsellQdVU3MW54RktwaWlEZ01td9IBd0FVX3lxTFA5V0d1Y3BIYWFZaEg4V0N6MHBKWjlhR3FLQVp5TU5aeEFmZGFwT3h6VC1UNkU2SWVyZXA5OEJhLWRXRlV2cFRXVl9ybU5fMjJNS2ZWX1pQRDIwVzdFNFNESThwSWZ0UV9FQjU4OW5EemlPakZyWk5R?oc=5,CNBC,"(""S&P 500"" OR ""Federal Reserve"" OR inflation OR ""US stocks"" OR earnings) when:30d",negative,0.9654094576835632,-0.9654094576835632
522f7969055d90879d184a10,2026-08-05T07:00:00,2026-08-05,US stock market could ride earnings strength to more gains after S&P 500 hits record - Reuters,https://news.google.com/rss/articles/CBMiwwFBVV95cUxPRDhYYlFmZ3FHcjh0dS1TQ2Z3ampQM2tjSmZha3pHMzhVelB5Q0xzTE8zVThKM1haMFVuTWlpNkFXUHA3WlRORjE0NFhBcExMS1hWeVRIbUtxU3RmbEI2NS1FNmNtamhnZXY5QXlUa1FGN1FMRWc4cF9PMVVJM0pfeEFWQmJfY291UFVtLWFiN292QzMzQjNRQWFmY0RIeDBLQlZKS1dPbEZUMDVidHI3d1RSNkVqYjhlX2Y0Z295M3hDb0k?oc=5,Reuters,"(""S&P 500"" OR ""Federal Reserve"" OR inflation OR ""US stocks"" OR earnings) when:30d",positive,0.9330813884735109,0.9330813884735109
05bc4d6a79aebfe784be2482,2026-08-05T07:00:00,2026-08-05,Trump’s Cherry-Picked Inflation Boast - FactCheck.org,https://news.google.com/rss/articles/CBMie0FVX3lxTE5aWGt4a2xBQ1R5RGR2TjlXeTN4ejNtTmFBRTVITWdTdEJvX0pTOVp0LUxpTEJqX3RWbDJUajF3WjFsWlJDN3JQRTRTLU9XcnJMbGdRWW41SHUwQmlMLUdnclRnSVFwY3NscTBRbDlnWEdwcG9WM0U1MnhvMA?oc=5,FactCheck.org,"(""S&P 500"" OR ""Federal Reserve"" OR inflation OR ""US stocks"" OR earnings) when:30d",neutral,0.9222652316093444,0.0
12109ff6542a87966f2a75ac,2026-08-05T07:00:00,2026-08-05,Disney Q3 FY26 Earnings: Commentary from CEO Josh D’Amaro - The Walt Disney Company,https://news.google.com/rss/articles/CBMib0FVX3lxTE1lYTkzdlJCaUZaMUZFdGFCTjdwYUkwdnRDQk9hMEx6dmNGbnF3a3RoYnByWG54WlJ4TmRXQVpSLXJ1Z0tsWVIwNkU3QU1McnE4UDZBT000YkdzbUM5cGNKYmVwdlVra0lNYXVoUzFhaw?oc=5,The Walt Disney Company,"(""S&P 500"" OR ""Federal Reserve"" OR inflation OR ""US stocks"" OR earnings) when:30d",neutral,0.942352831363678,0.0
0550d4f1743d3f171a8607b6,2026-08-05T07:00:00,2026-08-05,Trump’s Cherry-Picked Inflation Boast - factcheck.org,https://news.google.com/rss/articles/CBMie0FVX3lxTE5aWGt4a2xBQ1R5RGR2TjlXeTN4ejNtTmFBRTVITWdTdEJvX0pTOVp0LUxpTEJqX3RWbDJUajF3WjFsWlJDN3JQRTRTLU9XcnJMbGdRWW41SHUwQmlMLUdnclRnSVFwY3NscTBRbDlnWEdwcG9WM0U1MnhvMA?oc=5,factcheck.org,"(""S&P 500"" OR ""Federal Reserve"" OR inflation OR ""US stocks"" OR earnings) when:30d",neutral,0.9222652912139891,0.0
993478169523006920074c03,2026-08-05T07:00:00,2026-08-05,US stock market could ride earnings strength to more gains after S&P 500 hits record - reuters.com,https://news.google.com/rss/articles/CBMiwwFBVV95cUxPRDhYYlFmZ3FHcjh0dS1TQ2Z3ampQM2tjSmZha3pHMzhVelB5Q0xzTE8zVThKM1haMFVuTWlpNkFXUHA3WlRORjE0NFhBcExMS1hWeVRIbUtxU3RmbEI2NS1FNmNtamhnZXY5QXlUa1FGN1FMRWc4cF9PMVVJM0pfeEFWQmJfY291UFVtLWFiN292QzMzQjNRQWFmY0RIeDBLQlZKS1dPbEZUMDVidHI3d1RSNkVqYjhlX2Y0Z295M3hDb0k?oc=5,reuters.com,"(""S&P 500"" OR ""Federal Reserve"" OR inflation OR ""US stocks"" OR earnings) when:30d",neutral,0.4957213103771209,0.0
787c258da32bc3803f5a54ab,2026-08-05T07:00:00,2026-08-05,Inflation Explained: What is Purchasing Power? - Federal Reserve Bank of Cleveland,https://news.google.com/rss/articles/CBMilgFBVV95cUxNcHRIb1lyNzZDYVJmM3M2blBIR21uZDIyWDMycnVCMlBhR2hWMmlVbnpXbC16dXRfaVJ0WGF3SGt4ems4ZktZZGlQRWI5N3NVbEVRM05MMzRaYlZaSjljRVhEQjBkV3lzbnM0NUVIRGV4TEZQcEY3RDBYZTRZZ2FSX3h4NkJzd3hiel9UcENHaTNxanhzU2c?oc=5,Federal Reserve Bank of Cleveland,"(""S&P 500"" OR ""Federal Reserve"" OR inflation OR ""US stocks"" OR earnings) when:30d",neutral,0.9384552240371704,0.0
7dcc565fb9cfff7b0b6407eb,2026-08-05T07:00:00,2026-08-05,SpaceX shows strong growth in its first earnings report since going public - CBS News,https://news.google.com/rss/articles/CBMia0FVX3lxTFBtQnA2Y3pMWERBQ0hOUHZmM1ZrUWFBRHFKRl83ZFF3NjF0LXpzRlFJa2pmLTRrS042dG5QT1VQOEpBRWxFUjVwSk1yQkFVZHFSZDlnZ0tibzRBSWotdjF1TURCZXYxenRFUXFR?oc=5,CBS News,"(""S&P 500"" OR ""Federal Reserve"" OR inflation OR ""US stocks"" OR earnings) when:30d",positive,0.9481773972511292,0.9481773972511292
8616712c0c68ad6e9e0863c6,2026-08-05T07:00:00,2026-08-05,SpaceX shares sink after first earnings report reveals huge AI spending plans - BBC,https://news.google.com/rss/articles/CBMiWkFVX3lxTE5wbjR2NmVoNEx2eWFOWDhUWm9CbnYxZDktb3ZpVXRPdFRSUDRqZUZtOXhLeTloSGhuQ3VLR1dqdFpUSndpcEtrT0xRSUtRczAtOTRJV3R2djBIZw?oc=5,BBC,"(""S&P 500"" OR ""Federal Reserve"" OR inflation OR ""US stocks"" OR earnings) when:30d",negative,0.9573100209236144,-0.9573100209236144
140ed967a260980f920e6c03,2026-08-05T07:00:00,2026-08-05,New Marquette Law School Poll national survey finds inflation and cost of living the most important issue; economy next most important - Marquette Today,https://news.google.com/rss/articles/CBMi_wFBVV95cUxQNnVfOEh2ZkRNSXBvcFpXUkZ3Y1ByLUtCZmJ4cFZGY2c2aTRIb3BVZmRRZWJ4NEtxUWZrNDlTdUNydHBRUXJuRUk0b19ScVNUVFdXNUpnbklpMUptS3BqWXM5dUNVM3N1cFlzV29pVVU2MWxCVE9YY0djaGI4ekdyMERrcC1FQmgtRDhNc3pjVFk1c18wYnRub3luc1I5ZXBzSUtZdEthYjA1M3dmLWQzSUZaMWVEdXBEbXJVMlRqeHR1emx0Ui02d1pxaks5VHROUTBUanl4VVhiZlhHNmpGS2I0bkpMTlV2VFdJUG93ZW1HcG95QUEzSEZmalcwcms?oc=5,Marquette Today,"(""S&P 500"" OR ""Federal Reserve"" OR inflation OR ""US stocks"" OR earnings) when:30d",neutral,0.8745473027229309,0.0
76b34bcb8685662f34a80f1e,2026-08-06T07:00:00,2026-08-06,Exclusive | Warren Presses Trump Administration on Inflation-Data Changes - WSJ,https://news.google.com/rss/articles/CBMitAFBVV95cUxOeGZGVjRyNDdJVWlBa241MGRoOU9rVUZMbEgwNXZPN0hYNHBCaFB2ZTZfM1JSeTBjbXFEYmlKZFVtc0NWRjgxZUlKLWJlYmVkczdWa0FJdEFOaHRuampBNDJRcEpnOW50VXFYaVFGZFBoUm12UERlTndVS2FLd3lkVm5Sc254WDFfa3UwQXo4Y2FHTmkxeXUwWlRBakFzNVl1dHRPZzhQdXRLWkZacUtmSEw0S3Y?oc=5,WSJ,"(""S&P 500"" OR ""Federal Reserve"" OR inflation OR ""US stocks"" OR earnings) when:30d",neutral,0.8130362629890442,0.0
4165f495b135e1d512f7b45d,2026-08-06T07:00:00,2026-08-06,"Airbnb stock soars 9% on earnings and revenue beat, strong guidance for third quarter - CNBC",https://news.google.com/rss/articles/CBMidEFVX3lxTE1WTXItN0NubHhVQV82dWU2VmxfWGxJRDROX2xucWd5TDdqSVV4NktPOFo3MFIwZ082S1hseXFJXzFCS1U3RVBEWWNJY3dSOFZXY282R3ZiX05LeGcxZFRfVU9OUTcxSkY2aUJEZHBOQS1KRGRJ0gF6QVVfeXFMTUJPcXQyRThmcG9Uc2E5S2RuZ1dPUWRiU3M2Z19uc19EMkF4amZNU1Z1UUNqNXpuR0U0RmRoeTNYekFQTXVRTG43dW9mcXJTX1o2MmFWSVNqSUNMSld6UDA0THRDX3JJcjk1WXNjOU9LOFBrNXVyRmJPNnc?oc=5,CNBC,"(""S&P 500"" OR ""Federal Reserve"" OR inflation OR ""US stocks"" OR earnings) when:30d",positive,0.8859418034553528,0.8859418034553528
d1c8fcfa8efd056aa5c1c7cf,2026-08-07T15:38:00,2026-08-07,"Week Ahead for FX, Bonds: U.S. Inflation Data in Focus - WSJ",https://news.google.com/rss/articles/CBMikgFBVV95cUxQZFU4TzBJT1J6VWhxb3kzVGlxZ0pWaWxBQ1JzUWNfX05aeHd2U0VTVTE5aUtfc2xCVXBnMjhEVnBwem05b3d2bm9DeXUxZGxMSVR1TURVOVdaOFVGcF94ZDdDVkdBTGZNQXktLVdMLVpXdXB6a3ZtUENhVzBqMFhMYmp6bWUzaGdDTldnMHdpQV96QQ?oc=5,WSJ,"(""S&P 500"" OR ""Federal Reserve"" OR inflation OR ""US stocks"" OR earnings) when:30d",neutral,0.8838762640953064,0.0
41c5a32107fb6c40afb5a4c7,2026-08-07T17:14:55,2026-08-07,"S&P 500 Earnings Season Update: August 7, 2026 - FactSet Insight",https://news.google.com/rss/articles/CBMie0FVX3lxTFByR0E0WUVvNEJYVThHamFLZlZEYUoxaklVNGk2eGlPOV9NbGl3Z2xiUXhiWWtEbnlUd3JBWGxGdTJ4dzVHTHFja2ltSkRzYTNON1E3VWNCUG1hNlBfbVhPYS1yMEJLTzJLMFZ5cmh4c1JKV2Q0NmdjQWpOMNIBiwFBVV95cUxNcXFFUjRWU2ZncDF0a2FGVi1ZZE9nUllkQ053UTlUbXp3ZWJFYTVBdW9qNXhOMmQ4dkd6YWZUVi1lZ0VGTlRUbUxDQzdjX3hpQ3lGS0xsM0dJeG9qTDhvdFFKSHJadG5qdzEtVG95U2FqN2h1ekFYX0ktZ255YzlfNnFBVnktenRWZ2VZ?oc=5,FactSet Insight,"(""S&P 500"" OR ""Federal Reserve"" OR inflation OR ""US stocks"" OR earnings) when:30d",neutral,0.903203010559082,0.0
f17070e8c2ea2bc82a1aece1,2026-08-07T19:32:59,2026-08-07,Funding Selections: Inflation Reduction Act Funding for Advanced Biofuels to Support Development of Advanced Biofuels - Department of Energy (.gov),https://news.google.com/rss/articles/CBMivwFBVV95cUxQSVhEei1PS0RGOXdKWHVCdWhKZnhETjZxSzZTTThGVXMzbjBlT2NIQWNmYXhiUkVQTG5VQk0xNGIxNm1zdm4xM2tXSHI5NTBsSndtQi12LTlOY1JXTE03X09HcUJ4MG96aXZxcDNLOUNMV1pVX2Q3akd2NmtBM0I3TnVfMFY2dUU5N1hKcDdKY0l3U0tBQkE1eXo0UnA3LW0xeEE0UHFpT0JGakl0T2FfTGxBbldLT3ZwaEN1c296QQ?oc=5,Department of Energy (.gov),"(""S&P 500"" OR ""Federal Reserve"" OR inflation OR ""US stocks"" OR earnings) when:30d",neutral,0.7716114521026611,0.0
ed3de1734af64f25413b532a,2026-08-08T13:20:12,2026-08-08,Berkshire earnings rose last quarter and CEO Greg Abel is starting to deploy Buffett's massive cash hoard - CNBC,https://news.google.com/rss/articles/CBMifEFVX3lxTFBHbnpLdVRpazZRcmRWLXY2OEZSUHlIbldHLVhNWENqc2tvWmZoUFUtYmxSZFRkTjBlb2hRLVM2ZHdPMUpFcFFfVmFJd3VNcjUwdXZZQnJkMERLakFsSEYzdlZtdTVXZzloMlkzT3pGeUlqMXI3NUZZRDEyMFnSAYIBQVVfeXFMTm9vV2RzSWRXVHg5ZG9QazVCTnZPWTRuX2JZekppM0J3aFNyM1B1WGZOek4telh1d0Y4MFN1TjJsWENsOURNaDE2TGgzTklOeHhaeUx0OExZM0JYSTYtRWtUUkJmc00tR1pYSlVTT1RuNG9aVEl4Z1poVEU1LXcwclpTQQ?oc=5,CNBC,"(""S&P 500"" OR ""Federal Reserve"" OR inflation OR ""US stocks"" OR earnings) when:30d",neutral,0.722351610660553,0.0
1a7bd9ee33d65130d6978cda,2026-08-08T16:00:29,2026-08-08,How the weak jobs report could make inflation harder to manage - CNN,https://news.google.com/rss/articles/CBMie0FVX3lxTE0tN3Izb1NCd1lLUWFpa09DYldTZ1JYVm56QnBhcW5ublZiTlppYkNDcklDdzByMGxqOHV1UEFqM25BZVh4NHhLbVJLNEd1UjkzMmhSN1hmbWVvNzRZUzRLamhNNXd2VXFlajVXZWVLVU9MOUNXUnZvcHV5WQ?oc=5,CNN,"(""S&P 500"" OR ""Federal Reserve"" OR inflation OR ""US stocks"" OR earnings) when:30d",negative,0.8361926674842834,-0.8361926674842834
06257c82f62ceec9b94f3852,2026-08-09T01:24:46,2026-08-09,Berkshire Hathaway Earnings: Cash Balances Retreat on Increased Investments and Share Buybacks in Q2 - Morningstar,https://news.google.com/rss/articles/CBMiwgFBVV95cUxPMm9DTDNMRjNDNG1PRzZnWF8zLXJMeURJM0NKdVNLMzVYbVVxNm9DVS13M1pNVDF0WVBUQ3M2SGZYM1JRb1BCR3lqYXFsdlpmb1RoSTRsSHc2NTh1eDAyQzBZN3djOFVuY28zQ0o1anpRekd3UG9DSlFKRnNPV1kxc2dadHZ4UXl4NTdTTDUxVmRkSEhQeUdJQV9sWVFQbmk5X0dYYWRUWC1NeWQ2Y3BYMXBoMVRlNlVyU2xFY09LM2lJZw?oc=5,Morningstar,"(""S&P 500"" OR ""Federal Reserve"" OR inflation OR ""US stocks"" OR earnings) when:30d",negative,0.973561942577362,-0.973561942577362
4ef690fc76547e8db340eaf2,2026-08-09T02:40:00,2026-08-09,China Inflation Cools More Than Expected in July - WSJ,https://news.google.com/rss/articles/CBMimAFBVV95cUxPenV3amZEN3Z6bnJubHE2R0g0RW5hLUlnOHZEVjRRUkNLYjNlclN6M2RjM0VYZDhvV0d4SnpURGZkUkdxNDRESmtXQkQ1NGZ2dHJodVBfWmhaQ3VubmExVGRQbW5LMmxNc1VibUhVSlJxcDZaeDRZbFNCTG1FblU4MkpuY1R5QTlzVmRDakR5ZDZXRC1YaHpWOQ?oc=5,WSJ,"(""S&P 500"" OR ""Federal Reserve"" OR inflation OR ""US stocks"" OR earnings) when:30d",positive,0.8071848750114441,0.8071848750114441
f0ffe4b7197588c847646765,2026-08-09T07:00:00,2026-08-09,"Wall St Week Ahead Inflation data to test record-setting US stocks, Fed rate views - Reuters",https://news.google.com/rss/articles/CBMiwAFBVV95cUxNT2tydC12dWhpUnJJXzhSQXpxNFR2S2VQamVXcTAwMms4YWNSZnVwSnJEeEtMMi1WZW1EQkc2dzJwSEt0V0hBc3N1VUxHODRfZkhodk5teVg0NHBGS2xBNHVTczA2U1NvTE4xR1Y0dlVDVE5mOWpqbnIzczZiZ1drb3d5V3VWX0xOLUgwakItMF9jTXZzR3hhNWZjRXlnaklZcFg4MDZzOGtZd2RaZkhsT1laaXpST3NUR2JtVFlCNEo?oc=5,Reuters,"(""S&P 500"" OR ""Federal Reserve"" OR inflation OR ""US stocks"" OR earnings) when:30d",neutral,0.8984670042991638,0.0
046be7e42e068833dee3ccbf,2026-08-09T07:00:00,2026-08-09,"Wall St Week Ahead Inflation data to test record-setting US stocks, Fed rate views - reuters.com",https://news.google.com/rss/articles/CBMiwAFBVV95cUxNT2tydC12dWhpUnJJXzhSQXpxNFR2S2VQamVXcTAwMms4YWNSZnVwSnJEeEtMMi1WZW1EQkc2dzJwSEt0V0hBc3N1VUxHODRfZkhodk5teVg0NHBGS2xBNHVTczA2U1NvTE4xR1Y0dlVDVE5mOWpqbnIzczZiZ1drb3d5V3VWX0xOLUgwakItMF9jTXZzR3hhNWZjRXlnaklZcFg4MDZzOGtZd2RaZkhsT1laaXpST3NUR2JtVFlCNEo?oc=5,reuters.com,"(""S&P 500"" OR ""Federal Reserve"" OR inflation OR ""US stocks"" OR earnings) when:30d",neutral,0.9054614901542664,0.0
614c3232ef472a8f2046c0b5,2026-08-09T14:57:00,2026-08-09,Blockbuster Earnings Bolster Stocks’ Record Run - WSJ,https://news.google.com/rss/articles/CBMilAFBVV95cUxPWHFiLWJhb1NhN1N4NlN3aTdNSU9vODFLZHBvR3BxNlU2bldZZzZPRmxHd3A2ck9tRld6V1NjdU9Nc0oybWZJQ0dXUVh3V3JvUzdSYmVSZzlFWlFVRDhwUnVBMmtiejNMTW9ESV9HNkEzNWFmaDBzaXhnNEUwLXROem1paEZjWGxyelY3LUZ6NFZqZF9Z?oc=5,WSJ,"(""S&P 500"" OR ""Federal Reserve"" OR inflation OR ""US stocks"" OR earnings) when:30d",positive,0.8227785229682922,0.8227785229682922
2c35e8e048a2d6db5ac124eb,2026-08-10T21:30:58,2026-08-10,July CPI Expected to Bounce Back After Unexpected June Inflation Decline - Morningstar,https://news.google.com/rss/articles/CBMiqAFBVV95cUxPVnhOVTU4cWZPcnpOZENxVVlUS29KSHV5LVhpWmNYQXZWbk9STXRjalF0ZTNiZWdkRy02UUE4LUNYZHhOZ3FQYVJKZGZ0RldSU0Vqbnd4eGc4Y01zNHF4U296YVdGQWdrQ2dwNzRRZlFMcE5RY1hyemNJM0tRM3drTURUazdyRmhlOHMtUzRUemtvYXFvd3ZjLXdreEtVSXBDdTVXOHAtaTU?oc=5,Morningstar,"(""S&P 500"" OR ""Federal Reserve"" OR inflation OR ""US stocks"" OR earnings) when:30d",negative,0.7473622560501099,-0.7473622560501099
b5b83ecf668648d54a5b741e,2026-08-11T00:00:00,2026-08-11,Inflation Reports Could Test Warsh’s Tough Talk - WSJ,https://news.google.com/rss/articles/CBMioAFBVV95cUxOTTd1ZUE0ajFvVXlDSENJcExxWVpFSlBJWXkzSmF5X1N1OFlJbU9yNFBZUnM1dXk5R1VaaEp0SlNOSlMya0hYcFI4VVd4LTM5ZmZGMDNIVi04SmhVMi1fOFdLc2xIdjhCRUlTc0U3Uk1JNDZxNGxjREoxZk5LeEd5RE9FYlFGQlRuTFRwZGJ5bTM5ZnFkcFFtRzVZZXFqcHRx?oc=5,WSJ,"(""S&P 500"" OR ""Federal Reserve"" OR inflation OR ""US stocks"" OR earnings) when:30d",neutral,0.5434055328369141,0.0
ee14964d2ff2395502306079,2026-08-11T18:07:13,2026-08-11,"Inflation is the biggest problem, Fed's Goolsbee says - Reuters",https://news.google.com/rss/articles/CBMimgFBVV95cUxPZDltR2o0ZVZseWpZbFpveU1hMUxTTjZCQ1lDa2FkMzNRR0VtRW5fMENiaHVyNWVnZ0UwcTkta1IwM05ON29kNjZMQ1dfNjktNnNrWlZPUHE5cVhfZjFoVjZaWERyMDBuWUxrMTZ0b1EybmZjMjIyMXpEdkZwdmF5dmNPeEVOaE5WelZSczMzSmwyRGdFSzNOcHVn?oc=5,Reuters,"(""S&P 500"" OR ""Federal Reserve"" OR inflation OR ""US stocks"" OR earnings) when:30d",neutral,0.5428360104560852,0.0
e645505684f0d64d09cc2d41,2026-08-11T18:34:41,2026-08-11,An inflation report Wednesday should be a big deal for the Fed. Here's what to expect - CNBC,https://news.google.com/rss/articles/CBMivAFBVV95cUxNWm1HU0lsVllSdWQ3eDVsZlJUcDZZV0lxZWlYSGVNOUg0T0VWTjlKLW9QQ2FPUEpvdTdpOU14cUJiZnBGcGlvNkxwREhmcU9kVkMtb3ZzTTZ4ZHFHQWhGaGcyUFRadmh0dDJqV0R1cGgybXIwMmdZSkV6Q1k0VmVZS1NsaDJfZ2h0T0hIeGQ2RGFpQUN1MFJJRk5ja0YydzlqZUthekRjTFlWTS1BdE9YOE15M19DcnBlNHA2YtIBwgFBVV95cUxNVWFaS0hpRlE2Qm4yWXl3ZmV1X1lFMkRBdVIyaEs5V2JmdENGMXMzUDdNNG9ueTlfOUFkbXl1R0NOci1TdTVWU1YxY0I1LWR6SVhveTgtZ0xaRWZ1WG1kX2JkaUdQN09PMTV4OWVCRHVGZlgyUTNfaWlUSkFpTGZVVFBHdzI2ajZNdXp4cGtXNmtqcUEtMFRsQmd1akd2WFhUY2liY0xPamVfZzBhSU1ybExuZmJEZTdzSGZWRC1FYTNLZw?oc=5,CNBC,"(""S&P 500"" OR ""Federal Reserve"" OR inflation OR ""US stocks"" OR earnings) when:30d",neutral,0.9028072953224182,0.0
5f898d6bcc82f877a4f71808,2026-08-11T21:59:54,2026-08-11,U.S. stocks edge further from their records as oil prices keep swinging - PBS,https://news.google.com/rss/articles/CBMiqwFBVV95cUxQeHBQV00tbUI4a2l1SGt5TW9fWXY0d2ZadTVUTVF0dWdXeW1uc1lLQmRXZzh3RFAxQXdqaHJBdVp1bzkzd0JVc0o4NGFISEI1enp6S1VGelhreC1rcmVWZGFJLUhpYzlscXBlazNvekxWaTJFYzc3eVNwdjdkUUl3UmoxYjJ4dXc1RFJNNUpTaWF0UGdpU3R2VmVIUjZGdVM1WHF4T0MyUF9Jczg?oc=5,PBS,"(""S&P 500"" OR ""Federal Reserve"" OR inflation OR ""US stocks"" OR earnings) when:30d",negative,0.8672681450843811,-0.8672681450843811
4e843b14746de480aa7333ed,2026-08-12T05:15:00,2026-08-12,Gold rises to over two-month peak as U.S. inflation data dampens rate hike bets - CNBC,https://news.google.com/rss/articles/CBMipwFBVV95cUxNM1pidmVwSW9INWtyZktCTHFOTTFUX3NUSmF6bzU4OGNXcGxCczJUQ212YlQ5V3JWWDl5eWxLT3lnN3ZGV1hwNGZoeGh1TXJCVmFzcUlNeUNzT1Z6czF2c1JSdmJ4SXc0aFJwMmVTZUJFZ3Y4RXZ4SVQ3bWxER2JDWURGX1NsUklqNkc1Nnd0Vm9nczJQc0lvYy16VWRuV3FaRDhsV0JqY9IBrAFBVV95cUxQdGF4c1BQbW1iYVpGZGhPUGhITV9VdmpZeTNqSlpEbVN1NE5PQ01SYWljd2JfaDluNERMdkN3TnRia2wxbDVwUExyV2pzWThZamFud081eU1wV2c4d29iMUxuOUFfVm15TGY0NktNME9mc0hSWFhjN2xLVXdUWjA4c2E1dVZoM0xkbFJYZlJRRS0yc3MxM2t3Q01UVm1VQ1BITWduRVMxdTctZmNW?oc=5,CNBC,"(""S&P 500"" OR ""Federal Reserve"" OR inflation OR ""US stocks"" OR earnings) when:30d",positive,0.497732013463974,0.497732013463974
4f5808579072c767abfa9c1a,2026-08-12T07:00:00,2026-08-12,Current U.S. Inflation Rate Is 3.4%: Chart and Why It Matters - NerdWallet,https://news.google.com/rss/articles/CBMiX0FVX3lxTE5Za3phOE0tNW9aSnJBY1BuMVVxTW43ZzhnUWVqUlE0cWxLNnktQjRiZC1nR0VwVnVHaDdxRUIwRGNjMDZuVW5CVFZPV1BtUjJhSlZYV3FnTUU0V2doMzRB?oc=5,NerdWallet,"(""S&P 500"" OR ""Federal Reserve"" OR inflation OR ""US stocks"" OR earnings) when:30d",neutral,0.8907642960548401,0.0
b51f785bda7674ccaed00efc,2026-08-12T08:31:12,2026-08-12,Treasury yields are little changed after in-line July consumer inflation data - CNBC,https://news.google.com/rss/articles/CBMie0FVX3lxTFBVZU05OFlMTWFkQ3pGaFJHcVluOUQwU3N0MnRXTnMtQy1IRk1MaTM5eDFaRXd4dTlaN3JYdEpHaGJRX1BidkkyLUpNcVAxbGNVdUstcXR0aFpTRk9QeUMxRUJfb2Q1R3ExT2hDUC1SSXlPdE51TzJQVm5ld9IBgAFBVV95cUxPY25OZmh2SnFmQjRFLThpTlB1MVU3dkxXbWtHUng2VWdQN3AwQ29rQWZiSXlLeTU5QlVRaHZfTkxnaGRCS1Y1TUE2Z0RTNFNPMjN3ajFWNmlibkFIZ2VsQ0dBd3lwRXdHb1BfZ3JKU2ZDUURTa2daRUw5bUpQbVpsVA?oc=5,CNBC,"(""S&P 500"" OR ""Federal Reserve"" OR inflation OR ""US stocks"" OR earnings) when:30d",neutral,0.8653578758239746,0.0
bf813c2641ff10f8727a95d3,2026-08-12T11:00:01,2026-08-12,AI’s costly build-out complicates the Fed’s inflation fight - CNBC,https://news.google.com/rss/articles/CBMimAFBVV95cUxOWWZCUlp0OVM5U1JDSTJxbVpDeXNqZGNOWjZSX0pXd2dWYWNkWHhINzNHc3FNeVJ3XzhydDBQZnVLa21UdWxyMENBdDRiTm1TV2RDekZvdEZIcnpzaHliWmpxUXNESXpvN0pGX3NjNmhzRmplX0ZTRWlzbjlLTWFUT1lYdGthNWlDTUdId1JCOEl2Z0VnLWdLONIBngFBVV95cUxPT3hwY0I2OUpUdlkyRDJ5TUk1WWJQY3ZBelhldFAzX2tWaUxnTlBNZGRQeHl3QnJBZUlHNzItZDdXMEtTd19hcHRyOEstd0RwaHY3ZWJJVWxRUXJTNEphOXZ6V3lKdXN6NGx4d1VQZVBqUGk3bGhjSU9wNk5JTWw0czlSbE1OMUIwZFNXZE1oekMxSzI3OXQ1ZzlIQzU2QQ?oc=5,CNBC,"(""S&P 500"" OR ""Federal Reserve"" OR inflation OR ""US stocks"" OR earnings) when:30d",neutral,0.5425583720207214,0.0
c0a40a138eabec45902daca8,2026-08-12T12:31:31,2026-08-12,"Consumer prices rose 0.1% in July, as expected, putting the annual rate at 3.4% - CNBC",https://news.google.com/rss/articles/CBMidkFVX3lxTE03RHN4UDF4N1RkNlRBbXF5ZHJ5eUo0YngzU0lLZlY3LXJpOFdNWGwxRENUblFZRk9WcXBlNGpvckRyVjR4bFk3YnI4aDY1cUk5Nksxd3FZNU9qM2N2X08tZGs5SXlfT1U5d2I0YUpPc3hsaTdNTWfSAXtBVV95cUxPVEluUE5uVlBIcElrWUhFcDVOQkVqQXpTb1VUMWxVUDNiMHJNLVpFVVpzbEFMMWtsLUEtdlBxMUJHcHNjd0FpUmFkWXAtYW9FX184S3l5U1lkWTcyZFNfWEhUNkV4aFlZX2VwcVA0M3BMZjRBZTdoWVowU2M?oc=5,CNBC,"(""S&P 500"" OR ""Federal Reserve"" OR inflation OR ""US stocks"" OR earnings) when:30d",positive,0.626594066619873,0.626594066619873
0800e80b772567a2938c26b0,2026-08-12T12:31:43,2026-08-12,US inflation falls to 3.4% in July - ft.com,https://news.google.com/rss/articles/CBMihAFBVV95cUxPdjR6U2Z3QVUyNzNVQUNsNFBPbm9uMTdwS0gzQy1VVnUwc05zb09iT1M3NjJXMFRUTmpxQ1lLNDRTMGxJWGhzS05lTkVmM3RGRVU0ZFVGS0JPbS16UUdUSkZzSm9kTFUwV2JPeWJsZXJ3T3hJMnE5SDdQNlBueGp6d3pWVlY?oc=5,ft.com,"(""S&P 500"" OR ""Federal Reserve"" OR inflation OR ""US stocks"" OR earnings) when:30d",negative,0.802494466304779,-0.802494466304779
9826be8f4e7f444858934e5a,2026-08-12T12:31:43,2026-08-12,US inflation falls to 3.4% in July - Financial Times,https://news.google.com/rss/articles/CBMihAFBVV95cUxPdjR6U2Z3QVUyNzNVQUNsNFBPbm9uMTdwS0gzQy1VVnUwc05zb09iT1M3NjJXMFRUTmpxQ1lLNDRTMGxJWGhzS05lTkVmM3RGRVU0ZFVGS0JPbS16UUdUSkZzSm9kTFUwV2JPeWJsZXJ3T3hJMnE5SDdQNlBueGp6d3pWVlY?oc=5,Financial Times,"(""S&P 500"" OR ""Federal Reserve"" OR inflation OR ""US stocks"" OR earnings) when:30d",negative,0.9504482746124268,-0.9504482746124268
f831048d075a566300fee57d,2026-08-12T12:33:04,2026-08-12,US annual inflation cooled to 3.4% in July as gas prices ease - CNN,https://news.google.com/rss/articles/CBMiaEFVX3lxTE5TRVhVVWVfXzVqOEtFenNFaHRZS3dOUVdYS1FxelR3U2ZMVDdycU5zN0FybzRySzF6NGFlRnFWNV85Tnd3QWVsYnNJeDRIc2tENXBpY2dMZ2RCeEY0MHRWc0dHV2s0R1c0?oc=5,CNN,"(""S&P 500"" OR ""Federal Reserve"" OR inflation OR ""US stocks"" OR earnings) when:30d",positive,0.8089287281036377,0.8089287281036377
5f1204c72f350f2f7d3b4ba2,2026-08-12T12:35:10,2026-08-12,US annual inflation cooled to 3.4% in July as gas prices ease | CNN Business - CNN,https://news.google.com/rss/articles/CBMiaEFVX3lxTE5TRVhVVWVfXzVqOEtFenNFaHRZS3dOUVdYS1FxelR3U2ZMVDdycU5zN0FybzRySzF6NGFlRnFWNV85Tnd3QWVsYnNJeDRIc2tENXBpY2dMZ2RCeEY0MHRWc0dHV2s0R1c0?oc=5,CNN,"(""S&P 500"" OR ""Federal Reserve"" OR inflation OR ""US stocks"" OR earnings) when:30d",positive,0.4530119001865387,0.4530119001865387
b7056461b6bfb5dfb6f48ee9,2026-08-12T12:41:00,2026-08-12,CPI report shows inflation eased in July to a 3.4% annual pace - CBS News,https://news.google.com/rss/articles/CBMic0FVX3lxTFA3eERsb3h3SW9FdmhLbDlXdU8xN3NmbzAtVnBBMmExWndoaUhiUmJxMU9jNDgyNE5mcEQ4SE53SEpoMmZ1b3otSDUwTXo2RGl1Y004VGRQeWZEQTkwOWhkV0ZEZ1JfYmFock9WNW1LSU5mdGM?oc=5,CBS News,"(""S&P 500"" OR ""Federal Reserve"" OR inflation OR ""US stocks"" OR earnings) when:30d",positive,0.5004275441169739,0.5004275441169739
25ece5ddaeb65b4499471841,2026-08-12T13:31:13,2026-08-12,"Inflation eases slightly: How price increases break down - ABC News - Breaking News, Latest News and Videos",https://news.google.com/rss/articles/CBMingFBVV95cUxQX283dGxTMVc2bnN6ZUZBR1lOUDQ0SHV1NlctTG54aW1WT3gwdUFYaFlTaEpKNkpoaTJlek5ZZXVHRkhHd0dHenZhaGRONG5UR0Rmc25WSnFDR2hYaTBuVFAwdERXQ19WZm1TTnQwMnNxbEFHd0ZoVEhfY1JtNEJnQ21CRkhReDBYcjUwbER2OUJfRXdKX3A1ZTJNZ1BLUdIBowFBVV95cUxOVzBZelRYSG5HUElSZkdsb2kyd1IxdW9hYjUzNkhwRjF2b0NqZ3RkLVlUUkFfcWNOQnN3ZEVjQ0oySVlRMThiU2N6WldZRU16czVpNmFHMFBoTEh1ekJBQk9qTW5yQV9WUl9HeExUck42UEY0QUtkUFVoV1VIZTNvS1ZGRElhNG1aenpqMnJTdnNIOWtHbEl1UW1jazd5eXdpWVNj?oc=5,"ABC News - Breaking News, Latest News and Videos","(""S&P 500"" OR ""Federal Reserve"" OR inflation OR ""US stocks"" OR earnings) when:30d",neutral,0.9024149775505066,0.0
f242152ca0038e6d49bd3977,2026-08-12T13:31:13,2026-08-12,Inflation eases slightly: How price increases break down - abcnews.com,https://news.google.com/rss/articles/CBMingFBVV95cUxQX283dGxTMVc2bnN6ZUZBR1lOUDQ0SHV1NlctTG54aW1WT3gwdUFYaFlTaEpKNkpoaTJlek5ZZXVHRkhHd0dHenZhaGRONG5UR0Rmc25WSnFDR2hYaTBuVFAwdERXQ19WZm1TTnQwMnNxbEFHd0ZoVEhfY1JtNEJnQ21CRkhReDBYcjUwbER2OUJfRXdKX3A1ZTJNZ1BLUdIBowFBVV95cUxOVzBZelRYSG5HUElSZkdsb2kyd1IxdW9hYjUzNkhwRjF2b0NqZ3RkLVlUUkFfcWNOQnN3ZEVjQ0oySVlRMThiU2N6WldZRU16czVpNmFHMFBoTEh1ekJBQk9qTW5yQV9WUl9HeExUck42UEY0QUtkUFVoV1VIZTNvS1ZGRElhNG1aenpqMnJTdnNIOWtHbEl1UW1jazd5eXdpWVNj?oc=5,abcnews.com,"(""S&P 500"" OR ""Federal Reserve"" OR inflation OR ""US stocks"" OR earnings) when:30d",neutral,0.8672748804092407,0.0
402a5c23fe1682d5bbae41df,2026-08-12T13:36:00,2026-08-12,"The CPI and Inflation, Explained - WSJ",https://news.google.com/rss/articles/CBMimAFBVV95cUxNc3NRSVFSR3ZmbTkxOF9BbEpuZndkblJxMGFKbHJyWnBFbEZYUjgxRExNeG1UN1VPNDBRUTE0V1A4SnlKRnBQdUR4MXRraW5ZbmpWZm5zUzdHYkxjak9ZdG1DWHlPd1VnM1NWeElteE5IRDJzWEVsNkladTNnVll6OWJoMFJXa01aUkJxOGtfZm1fLU0yanBQbQ?oc=5,WSJ,"(""S&P 500"" OR ""Federal Reserve"" OR inflation OR ""US stocks"" OR earnings) when:30d",neutral,0.901638388633728,0.0
e16f45a7e091bf46ec3cc100,2026-08-12T14:00:29,2026-08-12,Inflation eases in July as gasoline and grocery prices fall - NPR,https://news.google.com/rss/articles/CBMihAFBVV95cUxPWlR1STJPdWpwcExoZHB5bVlRR1l4eGYtQ29VSlpsM1o1LTJFU0lNMVR1TVFTd2Q1MDhiU3hESGtaUzRzUV9WazV0U1VXbERoYUVNd0xxa1A4UmFxQ3dEVWJPTGs0NUZZUmtNbGU3QldUeE5RYTk4WnpZOHdwSWNsTUxMR3k?oc=5,NPR,"(""S&P 500"" OR ""Federal Reserve"" OR inflation OR ""US stocks"" OR earnings) when:30d",negative,0.8776345252990723,-0.8776345252990723
81fdc05f873b0310aad8aa2b,2026-08-12T14:03:31,2026-08-12,Inflation remained stubborn in July as wages slowed for workers - NBC News,https://news.google.com/rss/articles/CBMigAFBVV95cUxOeC1mOEhqYTg4TmJSbFVDSGJCX2M1SUVqN1UxNU1rS0xZN2x0UklqUVBkZXdvS24zS21nejhDR2l1djhqYTlIZW9jNzRpTTFaTFlCQXFIOThSU21yX3h4NWRjZGMzaHVZRzhIUUt1TzVENTBwbUZoLXJCci0wbENSbQ?oc=5,NBC News,"(""S&P 500"" OR ""Federal Reserve"" OR inflation OR ""US stocks"" OR earnings) when:30d",negative,0.8448047637939453,-0.8448047637939453
6bd2e483d314aed54ce6f321,2026-08-12T14:12:00,2026-08-12,Fed's Warsh gets a break as inflation eases - Politico,https://news.google.com/rss/articles/CBMihgFBVV95cUxQZkFkT3VUeVY2al9sbWZMX1RTVDhmZVB0clV6bHdWRkFhejlWZkVfVTl1WEdFRWlvZlFmRVZoekFLaTRlRjFKQ0VMOEdoT3pXREphOG5vRDhoaE5GZWhvaER2Zk9aVURVd3NFV2JPZUlDQkxJU0pXTGZSNnROU3pYNnpQMFVSZw?oc=5,Politico,"(""S&P 500"" OR ""Federal Reserve"" OR inflation OR ""US stocks"" OR earnings) when:30d",neutral,0.8047105073928833,0.0
88b0a57068afe1f060690a8b,2026-08-12T14:12:00,2026-08-12,Fed's Warsh gets a break as inflation eases - politico.com,https://news.google.com/rss/articles/CBMihgFBVV95cUxQZkFkT3VUeVY2al9sbWZMX1RTVDhmZVB0clV6bHdWRkFhejlWZkVfVTl1WEdFRWlvZlFmRVZoekFLaTRlRjFKQ0VMOEdoT3pXREphOG5vRDhoaE5GZWhvaER2Zk9aVURVd3NFV2JPZUlDQkxJU0pXTGZSNnROU3pYNnpQMFVSZw?oc=5,politico.com,"(""S&P 500"" OR ""Federal Reserve"" OR inflation OR ""US stocks"" OR earnings) when:30d",neutral,0.8744572401046753,0.0
0f80fd86c852ade0fc23ae15,2026-08-12T14:37:42,2026-08-12,Here's the inflation breakdown for July 2026 — in one chart - CNBC,https://news.google.com/rss/articles/CBMikAFBVV95cUxPT1pBeERVc0lZNmg3Z0M1aHBNNV9DVFBVU3NjUlh2Y1ExdXJhamNIUlFxMGd6VHR1clJYMWpLcmFZazN4WnJLUDh2WVhrQTFzNDNSR1J1VXh4MFVZWmNnLTlUWVJ0WVVkWkxtOFNaS3hacnEwUGFPaS1IemlTWVlyNDZpVXBsdGYzSExQUXdSSGnSAZYBQVVfeXFMTXlMZ2dQYU9HUEljUzFTSHBqUE9XR0s4em5FbklZV09pekw1Y01ZZGMtbWduajN0ZHJCY1pqVzFTaDd0Wkp3bXhpV0ptVk9EMlQyX0ZvRUJnUUFMcFZJX3FjajFCMlRrRllyeVFIM0p2LXdzNExWOGdsM3ptZW5WbUhxclZMdFNQbjIwbDYycHl5R29wc2V3?oc=5,CNBC,"(""S&P 500"" OR ""Federal Reserve"" OR inflation OR ""US stocks"" OR earnings) when:30d",neutral,0.8787530064582825,0.0
146f0c91aafda7ff37e1e9f1,2026-08-12T15:02:33,2026-08-12,"US Core Inflation Comes in Subdued, Easing Pressure on Fed - Bloomberg",https://news.google.com/rss/articles/CBMisAFBVV95cUxNcmtEeUtTbGR0NmtLTVBmOWFHUlVRQjZVYXRlNTJIZl8weFBnWFVoTzNvcmRZRWtqelY4RlVuRkhSRmwxUmZSajhtZm1BYWo4V20tT0x2MnVzOGZpNGtXMXdaOTlNbWthdExkalhFcDJqUjhCSmtFYmVJRlJOaGJPYWctOEx6azd0RGM2Yk9VVDZLcWFKMUZsSWZITDBUVnJSWkhnaXNmZ3RfczMyck05bg?oc=5,Bloomberg,"(""S&P 500"" OR ""Federal Reserve"" OR inflation OR ""US stocks"" OR earnings) when:30d",positive,0.6289021968841553,0.6289021968841553
6f7bf8ce5fb9eb8e10a86e17,2026-08-12T15:02:33,2026-08-12,"US Core Inflation Comes in Subdued, Easing Pressure on Fed - Bloomberg.com",https://news.google.com/rss/articles/CBMisAFBVV95cUxNcmtEeUtTbGR0NmtLTVBmOWFHUlVRQjZVYXRlNTJIZl8weFBnWFVoTzNvcmRZRWtqelY4RlVuRkhSRmwxUmZSajhtZm1BYWo4V20tT0x2MnVzOGZpNGtXMXdaOTlNbWthdExkalhFcDJqUjhCSmtFYmVJRlJOaGJPYWctOEx6azd0RGM2Yk9VVDZLcWFKMUZsSWZITDBUVnJSWkhnaXNmZ3RfczMyck05bg?oc=5,Bloomberg.com,"(""S&P 500"" OR ""Federal Reserve"" OR inflation OR ""US stocks"" OR earnings) when:30d",negative,0.4751158356666565,-0.4751158356666565
2b327002a8561eb90f2cd872,2026-08-12T15:15:00,2026-08-12,"Inflation Was 3.4% in July, Down Slightly From the Previous Month - WSJ",https://news.google.com/rss/articles/CBMid0FVX3lxTE8xOWVyeFkxc2FubHBJOUtyT09ZWGpkS2NxbGNlLU5LZFloNk54YzZYbUVjQTF6X2pubE9sUjNMOEw5VkhfRGJCSlZheklXYWI2T1M2aWhCUzV4ZEJBUEdIRktQTjNTWmptMEp6YWZHQ2FoT1YyeUtB?oc=5,WSJ,"(""S&P 500"" OR ""Federal Reserve"" OR inflation OR ""US stocks"" OR earnings) when:30d",negative,0.97430157661438,-0.97430157661438
c8b2c0f8c336396a272ee6d9,2026-08-12T15:27:00,2026-08-12,Inflation slows but prices remain elevated as Iran war and spending on AI push up prices - AP News,https://news.google.com/rss/articles/CBMipwFBVV95cUxQT1p4OTRrUDJrbTJJTmk5Uk05TFV3a2JDOXhXa0pXQm1EdWE4ZnE3WU1pQ1hEdG80RFd6bzQ2QkN2X2NjZnA4U19zZzBmMm1aaG1oUmg4LTZZY2NsSV9SeFpJamZZYVRXQXlXZ0VDT0tIRVo4M3B4WW1VZFltbnVLTkRiU01BN2szVncteXcxQUJFX01jTFdfTUR1MjMydGZjN1d3Wmp2QQ?oc=5,AP News,"(""S&P 500"" OR ""Federal Reserve"" OR inflation OR ""US stocks"" OR earnings) when:30d",neutral,0.6839625835418701,0.0
83491676ed293da7af5a9df3,2026-08-12T15:27:00,2026-08-12,Inflation slows but prices remain elevated as Iran war and spending on AI push up prices - apnews.com,https://news.google.com/rss/articles/CBMipwFBVV95cUxQT1p4OTRrUDJrbTJJTmk5Uk05TFV3a2JDOXhXa0pXQm1EdWE4ZnE3WU1pQ1hEdG80RFd6bzQ2QkN2X2NjZnA4U19zZzBmMm1aaG1oUmg4LTZZY2NsSV9SeFpJamZZYVRXQXlXZ0VDT0tIRVo4M3B4WW1VZFltbnVLTkRiU01BN2szVncteXcxQUJFX01jTFdfTUR1MjMydGZjN1d3Wmp2QQ?oc=5,apnews.com,"(""S&P 500"" OR ""Federal Reserve"" OR inflation OR ""US stocks"" OR earnings) when:30d",neutral,0.7296945452690125,0.0
960f0cae226fbd4980e53cd8,2026-08-12T15:46:25,2026-08-12,Inflation pulls back slightly in July. Is that good news for mortgage rates? - Yahoo Finance,https://news.google.com/rss/articles/CBMi5AFBVV95cUxOLTdfTkI0WHpmWTNBYmh1a2UwVTNVUW4yWkFjc1lfdE9JeUFvcFhyeUNnQjBVVGR2YnZkWUdneVZxSVVqLXlyMWN5TWpSVUsyeDRwcTctQWpYank0VWw5N2JXWUwwaHdBSWVVOVdKMmdnUFhBeXNLVFZpWHRkUFZ3TGV4blV0YzJOREYzaXFVZ3VEenpXWmo0ZFVXdXJzY3N3cGpSNkFDZXB1NnAzVGhkZHowY2dkX1RnVVhyMHRqQVlkS1hTRjhGQTZvT3NlR1dKMS1wRHZQSG1NeU96VjMwaVNUTFA?oc=5,Yahoo Finance,"(""S&P 500"" OR ""Federal Reserve"" OR inflation OR ""US stocks"" OR earnings) when:30d",neutral,0.5817856788635254,0.0
d256e3c171c934f49863e78c,2026-08-12T15:46:25,2026-08-12,Inflation pulls back slightly in July. Is that good news for mortgage rates? - finance.yahoo.com,https://news.google.com/rss/articles/CBMi5AFBVV95cUxOLTdfTkI0WHpmWTNBYmh1a2UwVTNVUW4yWkFjc1lfdE9JeUFvcFhyeUNnQjBVVGR2YnZkWUdneVZxSVVqLXlyMWN5TWpSVUsyeDRwcTctQWpYank0VWw5N2JXWUwwaHdBSWVVOVdKMmdnUFhBeXNLVFZpWHRkUFZ3TGV4blV0YzJOREYzaXFVZ3VEenpXWmo0ZFVXdXJzY3N3cGpSNkFDZXB1NnAzVGhkZHowY2dkX1RnVVhyMHRqQVlkS1hTRjhGQTZvT3NlR1dKMS1wRHZQSG1NeU96VjMwaVNUTFA?oc=5,finance.yahoo.com,"(""S&P 500"" OR ""Federal Reserve"" OR inflation OR ""US stocks"" OR earnings) when:30d",neutral,0.8360654711723328,0.0
dfd62e918cb7e8ec75fd03b2,2026-08-12T15:56:00,2026-08-12,In-Line Inflation Reading Buys the Fed More Time to Defend Its Forecast - WSJ,https://news.google.com/rss/articles/CBMimAFBVV95cUxNNEhfYzhqTzJnQmFwQl8wRTNGYVBKR2hoN1hjNEU5T0h6QzROQ2ZNNjhqVmEybnp4YlBJako5X2JkbWl2RnZyblBkaFlwM0o4YUJyOXJWY0EzMTl2S2tYVGU1TmkxWmpwZjZURUdHU0VxV2RnXzZwWERwUEFkZXpPODRzbndPSHA0MnB1T0lCVGREdWF6eEVnQg?oc=5,WSJ,"(""S&P 500"" OR ""Federal Reserve"" OR inflation OR ""US stocks"" OR earnings) when:30d",positive,0.5062215328216553,0.5062215328216553
c4802198a4abf047dd8bf3a4,2026-08-12T15:59:24,2026-08-12,Inflation relief's staying power is in question - Axios,https://news.google.com/rss/articles/CBMib0FVX3lxTE1Nanl3RTlNcWNYVzVza3NGbUZNZFUwWlZPVVlpdmxfaVRIZVF0M0FNbTVvZ3pzRXVRZDVRSnAxeDEteUNsaGtTUTNnOEVIZ1dpc1JKRUVtRU5kajdHQzhVS0pPVnJUcE1TbGxzcVY0OA?oc=5,Axios,"(""S&P 500"" OR ""Federal Reserve"" OR inflation OR ""US stocks"" OR earnings) when:30d",neutral,0.8588719367980957,0.0
eb3fea74fcf7091f7f6985cc,2026-08-12T15:59:24,2026-08-12,Inflation relief's staying power is in question - axios.com,https://news.google.com/rss/articles/CBMib0FVX3lxTE1Nanl3RTlNcWNYVzVza3NGbUZNZFUwWlZPVVlpdmxfaVRIZVF0M0FNbTVvZ3pzRXVRZDVRSnAxeDEteUNsaGtTUTNnOEVIZ1dpc1JKRUVtRU5kajdHQzhVS0pPVnJUcE1TbGxzcVY0OA?oc=5,axios.com,"(""S&P 500"" OR ""Federal Reserve"" OR inflation OR ""US stocks"" OR earnings) when:30d",neutral,0.9247321486473083,0.0
d8584f23f40da2ef9ec98ed2,2026-08-12T16:12:35,2026-08-12,Here are five key takeaways from the July CPI inflation report - CNBC,https://news.google.com/rss/articles/CBMioAFBVV95cUxNdXE0cnRwNDRQX0tybGRZd1hNd2o4bHMxWGZUWTRHcXh5ZzdrcV91Y0s5NXpCV0owM1ViaGdyQkhoei1YUms3LU05X3R4b2RVNGlOTTA4Qnk1My1CNUJubnNDVE9iR09ZbjNoVXZuVUhZUG5Oa015N3FLMHJJU3FTdUcxSUxxR0EyNWFLR0FvMkFpbEdnTzJiZlNNWXdmVzVu0gGmAUFVX3lxTE14eFlRa0t6MUdzOURKanBZWEtKNzBlX2VYNmw5U3l0T2FVcEhHZVRvaGUxUlkyNEtqaHQxRjlRemtjbWE5ZFBkMTNtcFc4eU9zNGVkTDcwLVByZjFCckdIcXprUjUwTjBwVmhFWDRzbVlQTDYwYTA3WGdFcURjN180T3BncWwwbzlnbzdyS2g2aG9hRFZqdmhWa0pZYXU5TTJhRmVhV3c?oc=5,CNBC,"(""S&P 500"" OR ""Federal Reserve"" OR inflation OR ""US stocks"" OR earnings) when:30d",neutral,0.8801047801971436,0.0
f1e3d6bfa0cb72dd80cf59b2,2026-08-12T18:01:55,2026-08-12,"Inflation cooled last month as gas prices fell, though costs remain elevated - PBS",https://news.google.com/rss/articles/CBMisgFBVV95cUxNQjFkWVRmbXJjU1ljTDZJUFROaVhuWG02OEp2SWR2OUU3Qm1tbjNoTWhhM2FSTjFXNGNSQ3locnMzb2hQYzRySjU5SWJDb2NXSkdaa1Z2LTVIQXVOYVVBMlNrMExfbVBCVUJ2SlI2TXRRZ3lfcXprU2tIaURXYzdTcUNOd1N3LTRNR1I2NHVueWRfdzhqb1dpNEdqX2dCTmpnQ05kOEtJWExWbjdjeEdiSnF30gG3AUFVX3lxTE9hcUMyWkFqdUtXU05iTVB0eVQ5U211ZWZFc0g3SllYNFZpZUNSSk1tUGJQOVBXYTRPVXBCUnRKWFNPMTdUeXo3MWZneldsWnhJOGdsV1plRWI3eW5FWDZzb2kxaHBxQVpzWGpwTHNMV2hVd2dQV3o5MEtpbTVVWlRZMUZ0Q0UzcDhkbE4yWDh3aXMtczc5TGdxendHX2l5cjgySGV1aUYyNEtaRG41dmNfRFViT2tsNA?oc=5,PBS,"(""S&P 500"" OR ""Federal Reserve"" OR inflation OR ""US stocks"" OR earnings) when:30d",positive,0.8024348616600037,0.8024348616600037
eb680b48bb62aa6afca7b76d,2026-08-12T18:01:55,2026-08-12,"Inflation cooled last month as gas prices fell, though costs remain elevated - pbs.org",https://news.google.com/rss/articles/CBMisgFBVV95cUxNQjFkWVRmbXJjU1ljTDZJUFROaVhuWG02OEp2SWR2OUU3Qm1tbjNoTWhhM2FSTjFXNGNSQ3locnMzb2hQYzRySjU5SWJDb2NXSkdaa1Z2LTVIQXVOYVVBMlNrMExfbVBCVUJ2SlI2TXRRZ3lfcXprU2tIaURXYzdTcUNOd1N3LTRNR1I2NHVueWRfdzhqb1dpNEdqX2dCTmpnQ05kOEtJWExWbjdjeEdiSnF30gG3AUFVX3lxTE9hcUMyWkFqdUtXU05iTVB0eVQ5U211ZWZFc0g3SllYNFZpZUNSSk1tUGJQOVBXYTRPVXBCUnRKWFNPMTdUeXo3MWZneldsWnhJOGdsV1plRWI3eW5FWDZzb2kxaHBxQVpzWGpwTHNMV2hVd2dQV3o5MEtpbTVVWlRZMUZ0Q0UzcDhkbE4yWDh3aXMtczc5TGdxendHX2l5cjgySGV1aUYyNEtaRG41dmNfRFViT2tsNA?oc=5,pbs.org,"(""S&P 500"" OR ""Federal Reserve"" OR inflation OR ""US stocks"" OR earnings) when:30d",positive,0.6487112045288086,0.6487112045288086
616f1cdd3a01e3c7db0d4a5b,2026-08-12T19:00:00,2026-08-12,INFLATION REDUCTION ACT OF 2022 - Department of Energy (.gov),https://news.google.com/rss/articles/CBMiZkFVX3lxTE1WZ1JFc24yV0d0Z09fdUF1ZTluaWJVVmZwY3I3SnFjb01GT3dUbk5zemY1OFAzeUU5aFVNNHQ3MlZ0MVlPS0hSVGV5eFZJWGRTdmFpNS1ueUVsbjQzUVoxWjRycmo0UQ?oc=5,Department of Energy (.gov),"(""S&P 500"" OR ""Federal Reserve"" OR inflation OR ""US stocks"" OR earnings) when:30d",neutral,0.8997645974159241,0.0
26e4f5cd4651d196c413996b,2026-08-12T20:05:00,2026-08-12,CISCO REPORTS FOURTH QUARTER AND FISCAL YEAR 2026 EARNINGS - PR Newswire,https://news.google.com/rss/articles/CBMitAFBVV95cUxPT1ZYc2UwYjA2QzI0V0YwaHlDOWp6ejk5VTM1bFFrNXlQcEx3dmN1MWhYZVFwZGF2R2Y3MWRvR3B3dGw5TUdPd1dxUExvc3NTNjRYLU1XVmVRQkdkZ25GWGVmTDNzNmN5WmFDM1dMTlZIaHFWdXRTeGs3M3d3bVo1WmdUV2RzLWhIdWpCR0tjb3g5cDY2ZW82VWU3NTl4VGJxaXUzQng5a295dmRmWHlJTWdndm4?oc=5,PR Newswire,"(""S&P 500"" OR ""Federal Reserve"" OR inflation OR ""US stocks"" OR earnings) when:30d",neutral,0.9223110675811768,0.0
6ff0a29bdddc87c043ce0d71,2026-08-12T20:10:34,2026-08-12,"As high prices persist, some Americans are cutting back on spending - The Washington Post",https://news.google.com/rss/articles/CBMiuAFBVV95cUxQZGtQS0Y2X1psVVNTeDN0a1RMazRLeGotN3pydVppZE5OQnlFMVViemhCeXNKNWZvOElEZGktUzRuNC1jVHlzRXpPSzVUbHJ0NVk1NHVNTmpfTndIOHluSTlzV09YaUZRLUV1WlF1ZTJGdWc0VlpkbVpGbXMwanpMd29tZTVjaEJTOUl0VHk0amxOc0w2WFZWNVhTcGMwYWdUQnlIbUhfdnVfODBGeTVRem05OEJoOHBE?oc=5,The Washington Post,"(""S&P 500"" OR ""Federal Reserve"" OR inflation OR ""US stocks"" OR earnings) when:30d",negative,0.9274848699569702,-0.9274848699569702
e1308292065fb1927bd8138b,2026-08-12T20:15:47,2026-08-12,Cerebras stock plunges 14% after second earnings report following IPO - CNBC,https://news.google.com/rss/articles/CBMif0FVX3lxTFBJcHVySkhhUXc0UTFTUU44MC1zazJYSFpyMVRkdy1MUG5QSDBOX1dkVmstdi1VWVBZTm91U2ZXYzhXZmlzUlAzT2NNdExXMVZ6eWdyQkQ0eFA0UzU3amczTzYxQkthMTRWOXJGRjZ0bzQyT2F6b1pGbFMwN1hHcTDSAYQBQVVfeXFMTlk2ekExUzkydDVRQ1E3elduc0F5c08tUklVMFJBazUyS1lEZml4alVXSTdxYWpSdVdiVEFuVnMtVnFSTnNOWjZsaldlUlFyMnBEU0pWbkFJektITkdWSnItZS05aFBfRm94X1ZOV1J0Y3FIdXBUdklRLWZJSktrekxYRG8x?oc=5,CNBC,"(""S&P 500"" OR ""Federal Reserve"" OR inflation OR ""US stocks"" OR earnings) when:30d",negative,0.9570822715759276,-0.9570822715759276
dcd1e41b25e2788e374a1d05,2026-08-12T20:20:53,2026-08-12,Cisco Reports Fourth Quarter Earnings - Cisco Newsroom,https://news.google.com/rss/articles/CBMiogFBVV95cUxNb1k0Q1NaWFh3c1JoMjRFU0FSUHBKak9MV3ZSQUo2M1hMRHpfa3lWNHRxQS1laU4zdHBTcDlCWV9HT01HSkExbm9rWFc0MkFYTWtaaUhxdk94N1BRMzgyTXdfb3ROTkFpUkxieG1oTDFGXy01aFJFRUFJdTNoVUgwQ0pRaWJlZm5qa3dmMk9LbjIwMGhCOXh2WWdHZ3hUUlR4d0E?oc=5,Cisco Newsroom,"(""S&P 500"" OR ""Federal Reserve"" OR inflation OR ""US stocks"" OR earnings) when:30d",neutral,0.886940062046051,0.0
3e421375ed5b67295376daf1,2026-08-12T20:51:07,2026-08-12,"Cisco's stock drops despite earnings, revenue beat - CNBC",https://news.google.com/rss/articles/CBMijgFBVV95cUxONFBtZVBuaXd2OWtpV3AzNFItQl93WGRmRmtHcGFlc2s2NFlCMGRnOEVfWDFGU2ZRb1Nnd09vSzBwM0oyN0Z1dEl1bGR6dm9DTF9iNmtLNlhiQTMzMEplQm8teld2WXFBT09VR0ZWQW1CU20wRWMwUkNEWUZ1UXZDZzh4cUJkWWlBYWRNenJB0gGTAUFVX3lxTE03WFk3WWhMM3JsWExaTmFBa2Z0NFhRazZFajlRR2pTaXg4THhjWUJrWkhUa3RINXpWeUdXNUlkM3BkMWJXQnhzZ2lrSXQ2Ty1jR2RiM2RQaFpSWHN1WGc1NlRTSElBY1lXMVZ2X2pzOVNfQjZEQl9DZ09GOWxERERXR3lWTEdxS1J6V0g1MkEyWUNOMA?oc=5,CNBC,"(""S&P 500"" OR ""Federal Reserve"" OR inflation OR ""US stocks"" OR earnings) when:30d",negative,0.9595983028411864,-0.9595983028411864
0e57647606d8cd7c71a331eb,2026-08-12T22:27:21,2026-08-12,"US consumer inflation mild in July, economy still not out of the woods - Reuters",https://news.google.com/rss/articles/CBMijwFBVV95cUxONVo4RlREbjZCeDFybnNPaTFlMDl0SnhGblQ3ZjE4NzA2WlVKU0diWDJqN1lPWXFvVk13eDY5TVhKYXROYXVJb2tLRzM0YVFaNXEzRWxLNWI0blFUSHZqbVN6aVRrMWFPR3Foa0hJd1FLZTluRVAtWlp0d3k1U1doeUhRVlRoRFltSzRneHcyYw?oc=5,Reuters,"(""S&P 500"" OR ""Federal Reserve"" OR inflation OR ""US stocks"" OR earnings) when:30d",positive,0.4184733927249908,0.4184733927249908
b4cb8bb53536c4d052be278c,2026-08-12T23:02:09,2026-08-12,S&P 500 ends higher as CoreWeave results fuel AI optimism - Reuters,https://news.google.com/rss/articles/CBMiowFBVV95cUxPYklxZWxQWEI4bU5nVHpWUVJkQWo4YmQ5ZWpfTXNWWHBjNlE0d09NNEdtbWMtQldtbndIMzNBU1Z3TldjNEF5YUoxMHJSdHlXak50XzBMYlh4dHh2OWxVckViSjVxYUFCVlBvcnQ4Vk9vLVF0MWhGR3BidXQzOGItYUVjbnNYSk1pdS1XeTZqUGtaVTZzcDRkR1N1V0xkN0o5STBZ?oc=5,Reuters,"(""S&P 500"" OR ""Federal Reserve"" OR inflation OR ""US stocks"" OR earnings) when:30d",positive,0.6186017394065857,0.6186017394065857
3caaf14459ca1fe702d8bd01,2026-08-12T23:02:09,2026-08-12,S&P 500 ends higher as CoreWeave results fuel AI optimism - reuters.com,https://news.google.com/rss/articles/CBMiowFBVV95cUxPYklxZWxQWEI4bU5nVHpWUVJkQWo4YmQ5ZWpfTXNWWHBjNlE0d09NNEdtbWMtQldtbndIMzNBU1Z3TldjNEF5YUoxMHJSdHlXak50XzBMYlh4dHh2OWxVckViSjVxYUFCVlBvcnQ4Vk9vLVF0MWhGR3BidXQzOGItYUVjbnNYSk1pdS1XeTZqUGtaVTZzcDRkR1N1V0xkN0o5STBZ?oc=5,reuters.com,"(""S&P 500"" OR ""Federal Reserve"" OR inflation OR ""US stocks"" OR earnings) when:30d",positive,0.6164610981941223,0.6164610981941223
eae0fc5a7ed4af2941818d88,2026-08-12T23:46:46,2026-08-12,Opinion | Inflation is still too high - The Washington Post,https://news.google.com/rss/articles/CBMipAFBVV95cUxNUTN4R05hRWJ1WnRicHA3V0liUmNjaEp3VXVXcDBEZUlVWGliVWtiRzBvcU9rOGJ0Wlc5S2N6RExoS2ptLVp4dEhWWVd1bVlMSU9hdktmYVVmbnFWX25aWllodTNQaUdvZHNoN193dFNqTm5veDBoQ2d3eTVETUNuYmRwREQwTG5OMk1ZQU9ia0VnWndPcGVTLVEwZEMxek9Tb2w5Mg?oc=5,The Washington Post,"(""S&P 500"" OR ""Federal Reserve"" OR inflation OR ""US stocks"" OR earnings) when:30d",negative,0.6536542773246765,-0.6536542773246765
8e91a71f587743b5dbd235ff,2026-08-13T00:06:00,2026-08-13,"Japan's wholesale inflation stays hot, bolstering odds of September BOJ hike - Reuters",https://news.google.com/rss/articles/CBMiuwFBVV95cUxPa3BxTzUyem1ETnNDcTg1SFdadWpmYmNFZVY2cFlFT0N3UklwcTA5Qnh1cjZVTGFieGVjM09lc0QtaXZwVDEtQjF4YUJaMWRnbkNXVkdOQXhZRDc3OXdIY0x4czdsSFFnOTZGUWFNS0VYM0FKaTdOR2NyMVZTSlJvWnBLMElWdTVXZ0c3WW40Y3l4LXFjb190ZThlV3A1M0x0WDc4VXZiYXpVZFBTMFNON252VmJmenJnWEQ4?oc=5,Reuters,"(""S&P 500"" OR ""Federal Reserve"" OR inflation OR ""US stocks"" OR earnings) when:30d",positive,0.7164850831031799,0.7164850831031799
b9fc76e8a1c623ab492df40b,2026-08-13T00:06:00,2026-08-13,"Japan's wholesale inflation stays hot, bolstering odds of September BOJ hike - reuters.com",https://news.google.com/rss/articles/CBMiuwFBVV95cUxPa3BxTzUyem1ETnNDcTg1SFdadWpmYmNFZVY2cFlFT0N3UklwcTA5Qnh1cjZVTGFieGVjM09lc0QtaXZwVDEtQjF4YUJaMWRnbkNXVkdOQXhZRDc3OXdIY0x4czdsSFFnOTZGUWFNS0VYM0FKaTdOR2NyMVZTSlJvWnBLMElWdTVXZ0c3WW40Y3l4LXFjb190ZThlV3A1M0x0WDc4VXZiYXpVZFBTMFNON252VmJmenJnWEQ4?oc=5,reuters.com,"(""S&P 500"" OR ""Federal Reserve"" OR inflation OR ""US stocks"" OR earnings) when:30d",neutral,0.6726276874542236,0.0
f6a2833a7af49c90d1456efb,2026-08-13T01:33:00,2026-08-13,Tariff Refunds Are Here—and Turbocharging Earnings - WSJ,https://news.google.com/rss/articles/CBMihwFBVV95cUxQUW1WSXpXQ29YLTlKUmp3NWNHbzBqTkJMY0ZqSm9jWHJjZFdzWmgwMWJnSUY4QUt3Wlo2UFJUVDlHODc4QnBSMVhHZ2M5VkljeDdKNjJBZnBvdkhIRjlWZE5MVmF1VjE1NXAxNHh6amRJRmlzWWFCbUFKa1JWSWNpQVBVSGxMWVU?oc=5,WSJ,"(""S&P 500"" OR ""Federal Reserve"" OR inflation OR ""US stocks"" OR earnings) when:30d",neutral,0.6484058499336243,0.0
e5e3f6c9ea4be335630f7444,2026-08-13T08:40:17,2026-08-13,Treasury yields ease after lighter-than-expected wholesale inflation - CNBC,https://news.google.com/rss/articles/CBMihgFBVV95cUxQWld4RmhkaW0zN25LMUU1YmhXMUNCVlgwY2kwcldhNnc0endtMXNaZl9JSjdvQU5jQWNGb1BUSkp0MnBORTUwdVdsQ3J3a1ctQU8wR1k4Snc3VUVOb0JBWUZOMWNkQ3o5MkFUVjRoVG9CakJGS3hOSThLN0IyTzd1aTdHelJkQdIBiwFBVV95cUxNZ1lxeWRvWExPemM4enF0RmRUeGwxaFZmMmRtY2s5eVJVOTNMYzdhdFBEdWdpYTgtTV92UV9VamowOHBfalNMT3ZVdE45ZnpsempTQ1VQVV96azRRdkl3OGdoY3RkeUEtdUh6dldUTjhsU3JIRlgxeUJKSENCekhidkhmV255VjRoSnBz?oc=5,CNBC,"(""S&P 500"" OR ""Federal Reserve"" OR inflation OR ""US stocks"" OR earnings) when:30d",positive,0.44156014919281,0.44156014919281
2a1e110ae420f41a35318644,2026-08-13T09:30:00,2026-08-13,Inflation Protection Is on Sale - WSJ,https://news.google.com/rss/articles/CBMihAFBVV95cUxQNmNZa2QwY3RBOUtMa0pKOHBaUWxaZk9GMWI0dG9nLXBqaFRQS1ZBS2JaaHpXREpyY3JfRFBPVkgwZ0hEZ0otZWwtNUNsb05fWHhIQy1XbDZ1WTNpWUw4QjByNFJmMU5KcFVfcmRjRUJhbDdWbENOTS1xN2RhN3Vrdk95Z1o?oc=5,WSJ,"(""S&P 500"" OR ""Federal Reserve"" OR inflation OR ""US stocks"" OR earnings) when:30d",neutral,0.8802030682563782,0.0
3f36095b84187dd64246c2b1,2026-08-13T12:43:21,2026-08-13,The Mysterious U.S. Economy | Tom Barkin | Inflation | Employment - Federal Reserve Bank of Richmond,https://news.google.com/rss/articles/CBMilgFBVV95cUxNSkVvU0hnQzFfb2tLT2tKdkxjanFiM1MxSzVFcVBxNlJVTXpyVkktWmhjT3RHYlgyd05iV1A2R00ydmFUN0lYaEhERWdJbmdNeDkzU29tVXdRNUtDV3B6ZGlvUUc2c1doRkJaem5HZWRqbGZMZ2Z2S3ZxOGVwSVl0c1BNMXlCbDY0UXYyNVNQRnFyemF5b0E?oc=5,Federal Reserve Bank of Richmond,"(""S&P 500"" OR ""Federal Reserve"" OR inflation OR ""US stocks"" OR earnings) when:30d",neutral,0.6008386611938477,0.0
790ef10df1b9850711f2fef4,2026-08-13T13:15:54,2026-08-13,Wholesale price inflation slows last month as gas and food costs fall - PBS,https://news.google.com/rss/articles/CBMiqgFBVV95cUxNajBqRnRzbmxvNWhYT2NWM0h4OFllTXEydllfZW1sdlMyakZMam9ibjNCaTViZHVDemdua3RLRlFPLXFtb3hQUjJpX2FTTXpEckhXQ0dFWWtqYjVzLVhKRGhDZFNHdy1qa3FOOVlOem5VVTZPUThWb1JReEdmd2N5NFlad1hmdk94aHp4Tl83R01RUGRyemhFM0JFYUQya3M2MGhUT3NRTTV6QdIBrwFBVV95cUxNcWdJbHBPamM1dmNrbG1NNF9ZYkJQZjBmMXRHNDlGRWN1M09YVGlUdEpUWmsxdVBwTkI5dmZoSkRiZk9WbUJ1dVhTVnc4d1ROX2xabHBsbUZIUWZPbFR0TjhwQjFtVFJtcDhBQjMtMGxxenFEbTVscEY2VG1wdFVZRU0wZ28wNk9KU2ZPVE5VSFFfNENhbXFwMGU3eWx5c2hTWERRNjRiZnppajR3ajBZ?oc=5,PBS,"(""S&P 500"" OR ""Federal Reserve"" OR inflation OR ""US stocks"" OR earnings) when:30d",negative,0.789505124092102,-0.789505124092102
3d9d943742d32ab9c801bf9a,2026-08-13T17:36:49,2026-08-13,Trump Uses Deceptive Chart in False Inflation Boast - FactCheck.org,https://news.google.com/rss/articles/CBMijwFBVV95cUxNckFiSFhJbGhvRGRNQXFZNV9ZcnJrTE9KaUhieEhIb3k3Mk1KYVVsR180WDNmNjdmRXlNRG96S19OeE5vb1Y2ZzMybkhOb041TzNETjBmVDNLNUExazNNTXpCcXJTVnRTZFplZ1M5Q3dHM2I4VzM5aVoxUE9SaVVnVi10Q0YyNHZacFlzNElKYw?oc=5,FactCheck.org,"(""S&P 500"" OR ""Federal Reserve"" OR inflation OR ""US stocks"" OR earnings) when:30d",neutral,0.7377814650535583,0.0
b27077fff215411cdbd7aa42,2026-08-13T17:36:49,2026-08-13,Trump Uses Deceptive Chart in False Inflation Boast - factcheck.org,https://news.google.com/rss/articles/CBMijwFBVV95cUxNckFiSFhJbGhvRGRNQXFZNV9ZcnJrTE9KaUhieEhIb3k3Mk1KYVVsR180WDNmNjdmRXlNRG96S19OeE5vb1Y2ZzMybkhOb041TzNETjBmVDNLNUExazNNTXpCcXJTVnRTZFplZ1M5Q3dHM2I4VzM5aVoxUE9SaVVnVi10Q0YyNHZacFlzNElKYw?oc=5,factcheck.org,"(""S&P 500"" OR ""Federal Reserve"" OR inflation OR ""US stocks"" OR earnings) when:30d",neutral,0.7377814054489136,0.0
f42bcb89cb5284be1e31c554,2026-08-13T18:17:37,2026-08-13,Cisco shares slide 8% despite earnings beat and stronger-than-expected guidance - CNBC,https://news.google.com/rss/articles/CBMiqgFBVV95cUxPcHJISkFOM3hGZ0JGTFhkZXZFUUJrX2dQWEJ5d3Mxei1Wc2t2dTNFU0RxdjRkU014VUtudzc3di1lX19NNnZUR0xpTFBwOGZ2NXdLdGg2U3gwT05PcTNOUktWQlVCd0pJN090Nm1QMzlZTWxBY2I1aU5wUGJTYnAzRVZQTnZHTTBjNlZTaUxIUTZnblFhcVh6cUo5UEI3WUx0OTRDSmFVT0tRd9IBrwFBVV95cUxPU3V3ZzN3U3llRDlqRnVWVTNXNXowYWo4MXFiQTNseWttTFRSQjAzSUs3YzJKa2VUaWxEQjA1MHVOb0VuZkhBX1VNSnJ0WEJWTU9mcmJPSXRDOGNCZUpLVU1ZdWIzVDBvSHlPbTF0OV96Zm1oZGc0SGlWRDRMQ3A0NDZzWkY4ZEthX2lOa2VSMENRYllYQTU4RXhSMW01S1lheFllZGZZMDZXSzB6YnlB?oc=5,CNBC,"(""S&P 500"" OR ""Federal Reserve"" OR inflation OR ""US stocks"" OR earnings) when:30d",negative,0.9596766829490662,-0.9596766829490662
2897464ad7573060db4d818f,2026-08-13T19:48:00,2026-08-13,"Inflation Was Moderate in July, but Energy Prices Remain Elevated - The New York Times",https://news.google.com/rss/articles/CBMieEFVX3lxTFAyTVlwTmtFM0o1Sk84Wm1oUDhGYUNuWkxmVkRGSC0zZ1h6REVOQ0NoZjZ1aVU4OTYzMlJWaTN2dUxqNlhRZW50WFVvM3RXUW5Lc2pNQXFvMnExZm5FY3hLMjExVFF3a0ZYcUtjNlIwSVlhbFE2MWpySA?oc=5,The New York Times,"(""S&P 500"" OR ""Federal Reserve"" OR inflation OR ""US stocks"" OR earnings) when:30d",positive,0.6730723977088928,0.6730723977088928
9b1444f1dd79a780b011128e,2026-08-13T20:20:22,2026-08-13,Stocks rise and interest rates slide after inflation report - NBC News,https://news.google.com/rss/articles/CBMihAFBVV95cUxPNTFaSEQyZkFiaU1KTkNPU2FuTk40RmpObmYtUUVXdVU2a2JIZ3RJSThFZ2pNdkZCYU53SjlyU0ZTMUlKVEl4Qi1pV2QxUkotYngtZ3pDRmZ6djhTUWhOc1dvVXlWckxDNG5kOUdCNkgtQ1plb1hJMUxmOWNCMXNDbVUxMWQ?oc=5,NBC News,"(""S&P 500"" OR ""Federal Reserve"" OR inflation OR ""US stocks"" OR earnings) when:30d",negative,0.6760168671607971,-0.6760168671607971
7835d08ddf102ee32659d4a3,2026-08-14T04:18:59,2026-08-14,Gold rises on weaker dollar as inflation data cements rate-hold bets - CNBC,https://news.google.com/rss/articles/CBMiqwFBVV95cUxOVWxidENoLWdvdmlvbHp3RHdjdTN1RmFDc1RoVUVIVTFxQVFmNnJLRE0wUHlkcEhEQkIxbEpfQkR5VEZjdURzdThqenduWVgtclhTQXhvZ19WZFB2QVFDb0s3eURsOUMyMk1FNF9vRHFBVGV1eGdSUi1TX0l3Ti1IVmVTTzNlNXN2VHpmU0VnQm1sVk11ejgteFA1Z1VWNk5sWk1KWndUWjVWOTjSAbABQVVfeXFMUG5Ec1dBSHJGZUlabzZqWG1KUFpxZkgwNU1iSjhud0Q2MlpKN3lBSVBlTnRrenJjZm12NlZGSjlrOWFTT1hYY2FMbmJORm4zdlVlUEYydFZDQV9mbXpfeHJxSDNZeE1QOU5nWEQ5YnZobElnRjNOQWFEUk52OVh3MWZrNjVuUjJVTlVfLVhBcktIY0FDQ3dadE9Lc3RpSlJMWlp2TVNIdGwxaHVhS0VhaFg?oc=5,CNBC,"(""S&P 500"" OR ""Federal Reserve"" OR inflation OR ""US stocks"" OR earnings) when:30d",neutral,0.4224754869937897,0.0
59de7900b6c020dd7732627c,2026-08-14T09:30:00,2026-08-14,How Big Tech’s Earnings Are Inflated by Other Tech Companies - WSJ,https://news.google.com/rss/articles/CBMipwFBVV95cUxNN1lvQVNDelc5YXJQYjBQVkVaRmVtdFlvVExLejM5YklKenRiTUFsVkR4UFI0SWV4dkJJczFvN0F6aTBUY3pGa3pqVzVBRjhQWG83alQxNEdfSXpFVE54WTUzLVB1TUFNZUpxaXJvaDdxU01GN0xJck51Y2EtY2h3akQyUDhRdFlmRUZmNlZGYlRROUU0amJiM0Z6NFpSbHA2U2NaSEU5VQ?oc=5,WSJ,"(""S&P 500"" OR ""Federal Reserve"" OR inflation OR ""US stocks"" OR earnings) when:30d",neutral,0.6694628596305847,0.0
7c1e30662f6d27fbadc2558c,2026-08-14T10:59:51,2026-08-14,Cooler inflation data may force Warsh's divided Fed to hold the line on rates - reuters.com,https://news.google.com/rss/articles/CBMisAFBVV95cUxQbDJaOWp0UVZZRVd3MUp5UGNUVk1EOXNybWFfeXRKR2FQYzJsUnJCN3VEU1I2bldJWHFodHlUWXQxcUdzXzVtaTN4RmEyaHlwREhvdVpialZycTYyaFozME5kWWV3MGFqT1hGS00zTnMyQmVDZkZXZTFvT0VGR0RSMU1FMnBiT3dyZFlSQmx5RDRXX0JsZ1dPMy1KOTNteGVOaVJRemdUaDhtWkpmRndEeQ?oc=5,reuters.com,"(""S&P 500"" OR ""Federal Reserve"" OR inflation OR ""US stocks"" OR earnings) when:30d",neutral,0.728804349899292,0.0
833ced4837a0469f98e3a385,2026-08-14T10:59:51,2026-08-14,Cooler inflation data may force Warsh's divided Fed to hold the line on rates - Reuters,https://news.google.com/rss/articles/CBMisAFBVV95cUxQbDJaOWp0UVZZRVd3MUp5UGNUVk1EOXNybWFfeXRKR2FQYzJsUnJCN3VEU1I2bldJWHFodHlUWXQxcUdzXzVtaTN4RmEyaHlwREhvdVpialZycTYyaFozME5kWWV3MGFqT1hGS00zTnMyQmVDZkZXZTFvT0VGR0RSMU1FMnBiT3dyZFlSQmx5RDRXX0JsZ1dPMy1KOTNteGVOaVJRemdUaDhtWkpmRndEeQ?oc=5,Reuters,"(""S&P 500"" OR ""Federal Reserve"" OR inflation OR ""US stocks"" OR earnings) when:30d",negative,0.623852550983429,-0.623852550983429
b292096f04113074f2b5eb21,2026-08-14T20:44:00,2026-08-14,S&P 500 Logs Third Consecutive Weekly Gain - WSJ,https://news.google.com/rss/articles/CBMijwFBVV95cUxQUWJtRFljLWg0dlozUlNBaDlRaWFMZUFvRzJFeVowWFdzSG56R3luMFZTbU9pMzljTE54V0hKdGctUGcwZjl3cnBuRDJBZVZSSE85VVNTbVFPYVI4UnhURUhZUXVPVnVQRFc3MkVPcWFWOFlPT1lhWlZIeE9sVV9uU1pjcXBOMUsyd2tHNjJGTQ?oc=5,WSJ,"(""S&P 500"" OR ""Federal Reserve"" OR inflation OR ""US stocks"" OR earnings) when:30d",positive,0.8064919114112854,0.8064919114112854
