date,ext_sp500_return_1d,ext_sp500_return_5d,ext_nasdaq100_return_1d,ext_nasdaq100_return_5d,ext_vix_level,ext_vix_change_1d,ext_vix_change_5d,ext_eurusd_return_1d,ext_eurusd_return_5d,ext_us10y_level,ext_us10y_change_1d,ext_us2y_level,ext_us2y_change_1d,ext_yield_curve_10y2y,ext_fedfunds_level,ext_fedfunds_change_5d
2014-09-04,,,,,,,,,,,,,,,,
2014-09-05,,,,,12.64,,,,,2.45,,0.54,,1.9100000000000001,0.09,
2014-09-06,,,0.005850772110089997,,12.09,-0.04351265822784811,,0.002320903605137037,,2.46,0.009999999999999787,0.52,-0.020000000000000018,1.94,0.09,
2014-09-07,,,0.0,,12.09,0.0,,0.0,,2.46,0.0,0.52,0.0,1.94,0.09,
2014-09-08,,,0.0,,12.09,0.0,,0.0,,2.46,0.0,0.52,0.0,1.94,0.09,
2014-09-09,,,0.001354549722244025,,12.66,0.047146401985111774,,-0.000617474529175821,,2.48,0.020000000000000018,0.54,0.020000000000000018,1.94,0.09,
2014-09-10,,,-0.008199323152954685,-0.0010452199019707065,13.5,0.06635071090047395,0.06803797468354422,-0.003012048192771122,-0.0013151787095776468,2.5,0.020000000000000018,0.56,0.020000000000000018,1.94,0.09,0.0
2014-09-11,,,0.008146474046500485,0.001234742977857639,12.88,-0.045925925925925815,0.06534325889164605,-7.746533426289393e-05,-0.003704847175054149,2.54,0.040000000000000036,0.58,0.019999999999999907,1.96,0.09,0.0
2014-09-12,,,-0.0005665487170845029,0.0006674947187230718,12.8,-0.006211180124223614,0.058726220016542596,0.002169197396963307,-0.0015436863229392195,2.54,0.0,0.58,0.0,1.96,0.09,0.0
2014-09-13,,,-0.005722453666939575,-0.005058778655817275,13.31,0.039843749999999956,0.10090984284532678,0.0014687693259121115,-7.718431614700538e-05,2.62,0.08000000000000007,0.58,0.0,2.04,0.09,0.0
2014-09-14,,,0.0,-0.0064046529571769595,13.31,0.0,0.05134281200631907,0.0,0.0005406240345999791,2.62,0.0,0.58,0.0,2.04,0.09,0.0
2014-09-15,,,0.0,0.001809506927826554,13.31,0.0,-0.014074074074074017,0.0,0.003563405376094231,2.62,0.0,0.58,0.0,2.04,0.09,0.0
2014-09-16,,,-0.009667676685761184,-0.015892668322356474,14.12,0.0608564988730278,0.09627329192546563,-0.00030876109610200597,0.0033312674310503887,2.6,-0.020000000000000018,0.58,0.0,2.02,0.09,0.0
2014-09-17,,,0.009275687425711387,-0.006201360976384573,12.73,-0.098441926345609,-0.005468750000000022,0.0019303528685044036,0.0030921459492887493,2.6,0.0,0.55,-0.029999999999999916,2.05,0.09,0.0
2014-09-18,,,0.001548950524553394,0.0010665408443366609,12.65,-0.00628436763550666,-0.04958677685950419,-0.0013871763255240976,0.0002315708220763657,2.62,0.020000000000000018,0.59,0.039999999999999925,2.0300000000000002,0.09,0.0
2014-09-19,,,0.007244259948889997,0.008318527092349148,12.03,-0.04901185770750993,-0.09616829451540199,-0.003472758141688681,-0.003241991509070008,2.63,0.009999999999999787,0.59,0.0,2.04,0.09,0.0
2014-09-20,,,-0.0007287208633514064,0.007583744344753285,12.11,0.006650041562759723,-0.09015777610818942,-0.006040424378533138,-0.009262832883056737,2.59,-0.040000000000000036,0.59,0.0,2.0,0.09,0.0
2014-09-21,,,0.0,0.017419830317949137,12.11,0.0,-0.1423512747875354,0.0,-0.008956837309860077,2.59,0.0,0.59,0.0,2.0,0.09,0.0
2014-09-22,,,0.0,0.008069294637434998,12.11,0.0,-0.04870384917517678,0.0,-0.010866214549938302,2.59,0.0,0.59,0.0,2.0,0.09,0.0
2014-09-23,,,-0.009477840730325426,-0.003029283895943924,13.69,0.1304706853839801,0.08221343873517784,-0.0004674717569148612,-0.009955240006173871,2.57,-0.020000000000000018,0.58,-0.010000000000000009,1.9899999999999998,0.09,0.0
2014-09-24,,,-0.002378589737591752,-0.0125539838365325,14.93,0.09057706355003647,0.24106400665004157,0.002260503546652304,-0.004259273600247693,2.54,-0.029999999999999805,0.57,-0.010000000000000009,1.9700000000000002,0.09,0.0
2014-09-25,,,0.010548997055462417,-0.0014097251523748078,13.27,-0.11118553248492968,0.09578860445912474,-0.005444081505677545,-0.003661862095831858,2.57,0.029999999999999805,0.59,0.020000000000000018,1.98,0.09,0.0
2014-09-26,,,-0.02112443855008528,-0.02250438405010624,15.64,0.1785983421250943,0.2914946325350951,-0.0031279324366593197,-0.006778340475263045,2.52,-0.04999999999999982,0.56,-0.029999999999999916,1.96,0.09,0.0
2014-09-27,,,0.011452610147162146,-0.011309507840071897,14.85,-0.05051150895140666,0.22625928984310484,-0.0048635080012551235,-0.011608881963381501,2.54,0.020000000000000018,0.59,0.029999999999999916,1.9500000000000002,0.09,0.0
2014-09-28,,,0.0,-0.0018491934709435887,14.85,0.0,0.08473338203067926,0.0,-0.011146620936939744,2.54,0.0,0.59,0.0,1.9500000000000002,0.09,0.0
2014-09-29,,,0.0,0.0005306584854758434,14.85,0.0,-0.0053583389149364224,0.0,-0.013376885985378784,2.54,0.0,0.59,0.0,1.9500000000000002,0.09,0.0
2014-09-30,,,-0.0016133329386340822,-0.011511097107937629,15.98,0.07609427609427621,0.20422004521477022,0.0013400599085606757,-0.006646856427901082,2.5,-0.040000000000000036,0.58,-0.010000000000000009,1.92,0.08,-0.009999999999999995
2014-10-01,,,0.0005584135126186496,0.010384697915575059,16.31,0.020650813516895905,0.04283887468030678,-0.005904117137684017,-0.009413241292751784,2.52,0.020000000000000018,0.58,0.0,1.94,0.07,-0.01999999999999999
2014-10-02,,,-0.015977517879015468,-0.017016468823697783,16.71,0.024524831391784296,0.1252525252525254,-0.0007918910357933573,-0.00536023963424237,2.42,-0.10000000000000009,0.53,-0.04999999999999993,1.89,0.09,0.0
2014-10-03,,,0.000283581864814364,-0.016737712520844994,16.16,-0.03291442250149612,0.08821548821548819,0.0041210968457758845,-0.0012612328551159235,2.44,0.020000000000000018,0.53,0.0,1.91,0.09,0.0
2014-10-04,,,0.010396726436135761,-0.006515003502955308,14.55,-0.09962871287128705,-0.02020202020202011,-0.01207576953433298,-0.013321772032161339,2.45,0.010000000000000231,0.57,0.039999999999999925,1.8800000000000003,0.09,0.0
2014-10-05,,,0.0,-0.004909591369793298,14.55,0.0,-0.08948685857321648,0.0,-0.01464221050145631,2.45,0.0,0.57,0.0,1.8800000000000003,0.09,0.009999999999999995
2014-10-06,,,0.0,-0.005464953178711207,14.55,0.0,-0.10790925812385033,0.0,-0.008789990497307443,2.45,0.0,0.57,0.0,1.8800000000000003,0.09,0.01999999999999999
2014-10-07,,,-0.002741283884280077,0.00791268690052549,15.46,0.06254295532646048,-0.07480550568521838,0.005991851082527866,-0.0020605484228879423,2.43,-0.020000000000000018,0.54,-0.029999999999999916,1.8900000000000001,0.09,0.0
2014-10-08,,,-0.014361584256038507,-0.006844177055448264,17.2,0.11254851228978002,0.06435643564356441,0.0027001270648028264,-0.0034727703235990504,2.36,-0.07000000000000028,0.52,-0.020000000000000018,1.8399999999999999,0.09,0.0
2014-10-09,,,0.020848332360764665,0.003429087902346639,15.11,-0.12151162790697678,0.03848797250859093,0.004514493901473182,0.013261963729328086,2.35,-0.009999999999999787,0.46,-0.06,1.8900000000000001,0.09,0.0
2014-10-10,,,-0.01776735162529197,-0.0143991895334602,18.76,0.241561879549967,0.28934707903780077,0.0,0.013261963729328086,2.34,-0.010000000000000231,0.46,0.0,1.88,0.08,-0.009999999999999995
2014-10-11,,,-0.024807775639152374,-0.038849753309280866,21.24,0.1321961620469081,0.4597938144329896,-0.0037057478514546105,0.00950707038427745,2.31,-0.029999999999999805,0.45,-0.010000000000000009,1.86,0.09,0.0
2014-10-12,,,0.0,-0.03620772507824421,21.24,0.0,0.37386804657179806,0.0,0.003494282083862821,2.31,0.0,0.45,0.0,1.86,0.09,0.0
2014-10-13,,,0.0,-0.02216445754675278,21.24,0.0,0.23488372093023258,0.0,0.0007920164739427804,2.31,0.0,0.45,0.0,1.86,0.09,0.0
2014-10-14,,,-0.01623674386762597,-0.05768697786752186,24.64,0.1600753295668551,0.6307081403044343,0.0,-0.0037057478514546105,2.31,0.0,0.45,0.0,1.86,0.09,0.0
2014-10-15,,,0.0006433823529410354,-0.04002448782159174,22.79,-0.07508116883116889,0.21481876332622596,0.0018993352326686086,-0.001813451076243755,2.21,-0.10000000000000009,0.39,-0.06,1.8199999999999998,0.09,0.009999999999999995
2014-10-16,,,-0.006424438058497017,-0.02192800031000941,26.25,0.15182097411145246,0.23587570621468945,0.009320695102685628,0.011237733459955601,2.15,-0.06000000000000005,0.34,-0.04999999999999999,1.8099999999999998,0.09,0.0
2014-10-17,,,-0.005464913879401956,-0.027273079556169755,25.2,-0.040000000000000036,0.18644067796610164,0.0026608232900295903,0.013928458372902686,2.17,0.020000000000000018,0.35,0.009999999999999953,1.8199999999999998,0.09,0.0
2014-10-18,,,0.013329685972889083,-0.014306935169278057,21.99,-0.12738095238095237,0.035310734463276816,-0.004448954105525926,0.009417537195314907,2.22,0.050000000000000266,0.39,0.040000000000000036,1.83,0.09,0.0
2014-10-19,,,0.0,0.0019616596638654116,21.99,0.0,-0.10754870129870142,0.0,0.009417537195314907,2.22,0.0,0.39,0.0,1.83,0.09,0.0
2014-10-20,,,0.0,0.0013174296999041157,21.99,0.0,-0.03510311540149191,0.0,0.00750394944707744,2.22,0.0,0.39,0.0,1.83,0.09,0.0
2014-10-21,,,0.01431278453244289,0.022216235205244628,18.57,-0.155525238744884,-0.2925714285714286,0.002195217561740348,0.00039129754265143646,2.2,-0.020000000000000018,0.37,-0.020000000000000018,1.83,0.09,0.0
2014-10-22,,,0.026177753431453565,0.054739620957803936,16.08,-0.13408723747980622,-0.36190476190476195,-0.004615504967535045,-0.006868560724320849,2.23,0.029999999999999805,0.38,0.010000000000000009,1.85,0.09,0.0
2014-10-23,,,-0.005489261946069246,0.03515163269531674,17.87,0.1113184079601992,-0.18735788994997715,-0.0051870480980823475,-0.0076048608388867844,2.25,0.020000000000000018,0.41,0.02999999999999997,1.84,0.09,0.0
2014-10-24,,,0.015870001696378644,0.05157949086220048,16.53,-0.07498601007274763,-0.24829467939972705,0.0,-0.0076048608388867844,2.29,0.040000000000000036,0.41,0.0,1.8800000000000001,0.09,0.0
2014-10-25,,,0.007414755238306592,0.05937669540056678,16.11,-0.025408348457350405,-0.26739427012278305,0.0013430241744352145,-0.0062720501764014225,2.29,0.0,0.41,0.0,1.8800000000000001,0.09,0.0
2014-10-26,,,0.0,0.044428022159748615,16.11,0.0,-0.1324717285945073,0.0,-0.008448720957521694,2.29,0.0,0.41,0.0,1.8800000000000001,0.09,0.0
2014-10-27,,,0.0,0.01778470510325114,16.11,0.0,0.001865671641791078,0.0,-0.0038509902546368657,2.29,0.0,0.41,0.0,1.8800000000000001,0.09,0.0
2014-10-28,,,0.0009896042077970346,0.024415192463015156,16.04,-0.004345127250155234,-0.10240626748740911,0.00291913214990136,0.004266076789382289,2.27,-0.020000000000000018,0.41,0.0,1.86,0.09,0.0
2014-10-29,,,0.014980153335870883,0.023517858967616823,14.39,-0.1028678304239401,-0.12946158499697524,0.002753303964757592,0.007031126560278045,2.3,0.029999999999999805,0.42,0.010000000000000009,1.88,0.09,0.0
2014-10-30,,,-0.0039156193764716685,0.012006373051098196,15.15,0.05281445448227928,-0.059590316573556734,0.001176747469993078,0.0068639053254437865,2.34,0.040000000000000036,0.48,0.06,1.8599999999999999,0.09,0.0
2014-10-31,,,0.002466660962462397,0.014502649665266487,14.52,-0.04158415841584162,-0.0986964618249534,-0.010970067387556792,-0.004181459566074963,2.32,-0.020000000000000018,0.48,0.0,1.8399999999999999,0.09,0.0
2014-11-01,,,0.014039271918529828,0.028745528225986083,14.03,-0.03374655647382918,-0.1291123525760397,-0.007288860719378953,-0.011439842209073126,2.35,0.03000000000000025,0.5,0.020000000000000018,1.85,0.07,-0.01999999999999999
2014-11-02,,,0.0,0.027728483793950653,14.03,0.0,-0.12531172069825436,0.0,-0.014317180616740255,2.35,0.0,0.5,0.0,1.85,0.07,-0.01999999999999999
2014-11-03,,,0.0,0.012560177079503188,14.03,0.0,-0.02501737317581665,0.0,-0.017023613399231197,2.35,0.0,0.5,0.0,1.85,0.07,-0.01999999999999999
2014-11-04,,,0.0026622032076302204,0.019246800552492838,14.73,0.04989308624376343,-0.027722772277227747,-0.003431763766959306,-0.021548346654129524,2.36,0.009999999999999787,0.52,0.020000000000000018,1.8399999999999999,0.09,0.0
2014-11-05,,,-0.003130036840893413,0.013556420461196206,14.89,0.010862186014935604,0.025482093663911964,0.005365580203411602,-0.005387418792584309,2.35,-0.009999999999999787,0.52,0.0,1.83,0.1,0.010000000000000009
2014-11-06,,,-0.0007121838781778411,-0.0011880111875061106,14.17,-0.04835460040295503,0.009978617248752819,-0.005257288513621283,-0.003351955307262511,2.36,0.009999999999999787,0.52,0.0,1.8399999999999999,0.09,0.01999999999999999
2014-11-07,,,0.002602768421027246,0.00141166511551849,13.67,-0.035285815102328866,-0.02565930149679252,-0.0059256886611145365,-0.009257781324820247,2.39,0.03000000000000025,0.54,0.020000000000000018,1.85,0.09,0.01999999999999999
2014-11-08,,,-0.0008597337226949886,0.0005507177367183314,13.12,-0.04023408924652527,-0.06486101211689244,0.0006444337038826742,-0.008619313647246551,2.32,-0.07000000000000028,0.51,-0.030000000000000027,1.8099999999999998,0.09,0.01999999999999999
2014-11-09,,,0.0,-0.0021058791925703257,13.12,0.0,-0.10930074677528856,0.0,-0.005205413630175348,2.32,0.0,0.51,0.0,1.8099999999999998,0.09,0.0
2014-11-10,,,0.0,0.001027373364804296,13.12,0.0,-0.11887172599059781,0.0,-0.010514577027242344,2.32,0.0,0.51,0.0,1.8099999999999998,0.09,-0.010000000000000009
2014-11-11,,,0.0037134959740414697,0.0054607574272800274,12.67,-0.03429878048780488,-0.1058574453069866,0.00024150700370317857,-0.0050448430493272856,2.38,0.06000000000000005,0.55,0.040000000000000036,1.8299999999999998,0.09,0.0
2014-11-12,,,0.0026844191142134655,0.005542640871452953,12.92,0.019731649565903675,-0.054864667154352564,0.0,0.0008860963428385382,2.38,0.0,0.55,0.0,1.8299999999999998,0.09,0.0
2014-11-13,,,0.0019679209774643436,0.008388414853983894,13.02,0.007739938080495223,-0.007621951219512146,0.002494969818913617,0.0027370793753018763,2.37,-0.009999999999999787,0.55,0.0,1.82,0.09,0.0
2014-11-14,,,0.004311865376364521,0.012736449945919937,13.79,0.05913978494623651,0.05106707317073167,0.0016056518946692133,0.004347126066655882,2.35,-0.020000000000000018,0.53,-0.020000000000000018,1.82,0.09,0.0
2014-11-15,,,0.0027293288936249827,0.015500540800384544,13.31,-0.03480783176214641,0.014481707317073322,0.0014427701186277009,0.005796168088874731,2.32,-0.03000000000000025,0.54,0.010000000000000009,1.7799999999999998,0.09,0.0
2014-11-16,,,0.0,0.011743435625426457,13.31,0.0,0.05051302288871362,0.0,0.005553319919517241,2.32,0.0,0.54,0.0,1.7799999999999998,0.09,0.0
2014-11-17,,,0.0,0.00903476341959708,13.31,0.0,0.030185758513932015,0.0,0.005553319919517241,2.32,0.0,0.54,0.0,1.7799999999999998,0.09,0.0
2014-11-18,,,-0.002650893848269442,0.004383372264861629,13.99,0.05108940646130722,0.07450076804915517,-0.0037618056667201305,-0.0007225433526012459,2.34,0.020000000000000018,0.54,0.0,1.7999999999999998,0.1,0.010000000000000009
2014-11-19,,,0.006739775831258621,0.0068114555866989335,13.86,-0.009292351679771271,0.005076142131979822,0.006989636056881299,0.004648925937800641,2.32,-0.020000000000000018,0.53,-0.010000000000000009,1.7899999999999998,0.11,0.020000000000000004
2014-11-20,,,-0.004603754192999299,-0.0005514805952203661,13.96,0.00721500721500723,0.048835462058602674,0.001116961863730559,0.004322074595805914,2.36,0.040000000000000036,0.54,0.010000000000000009,1.8199999999999998,0.1,0.010000000000000009
2014-11-21,,,0.004601365016364101,0.0040473468576258664,13.58,-0.027220630372492893,0.020285499624342673,-0.0017532674529805448,0.002561229390107167,2.34,-0.020000000000000018,0.53,-0.010000000000000009,1.8099999999999998,0.1,0.010000000000000009
2014-11-22,,,0.0021758142802250635,0.00623196741294052,12.9,-0.050073637702503615,-0.030803906836964656,-0.01053808079195262,-0.008003841844085202,2.31,-0.029999999999999805,0.53,0.0,1.78,0.1,0.010000000000000009
2014-11-23,,,0.0,0.008906471371378233,12.9,0.0,-0.0779127948534668,0.0,-0.004258054149594126,2.31,0.0,0.53,0.0,1.78,0.1,0.0
2014-11-24,,,0.0,0.002152190260219289,12.9,0.0,-0.06926406926406925,0.0,-0.011169618637306589,2.31,0.0,0.53,0.0,1.78,0.1,-0.009999999999999995
2014-11-25,,,0.0077622950048454875,0.01460217019603749,12.62,-0.02170542635658923,-0.09598853868194857,0.0026625786670968488,-0.009642970991392996,2.3,-0.010000000000000231,0.53,0.0,1.7699999999999998,0.1,0.0
2014-11-26,,,0.0009126302423720922,0.010876714072544313,12.25,-0.029318541996830372,-0.09793814432989689,0.003621147501408295,-0.0043110330512532435,2.27,-0.029999999999999805,0.51,-0.020000000000000018,1.76,0.1,0.0
2014-11-27,,,0.006939926263283436,0.015682188120395457,12.07,-0.014693877551020362,-0.06434108527131788,0.0024855676715842545,0.0087945780216232,2.24,-0.029999999999999805,0.53,0.020000000000000018,1.7100000000000002,0.1,0.0
2014-11-28,,,0.0,0.015682188120395457,12.07,0.0,-0.06434108527131788,0.0,0.0087945780216232,2.24,0.0,0.53,0.0,1.7100000000000002,0.1,0.0
2014-11-29,,,0.004583150956810833,0.0203372129126953,13.33,0.10439105219552602,0.033333333333333215,-0.005198752299448106,0.003550104889462613,2.18,-0.06000000000000005,0.47,-0.06000000000000005,1.7100000000000002,0.08,-0.020000000000000004
2014-11-30,,,0.0,0.012478059528699958,13.33,0.0,0.056259904912836944,0.0,0.0008851693892331092,2.18,0.0,0.47,0.0,1.7100000000000002,0.08,-0.020000000000000004
2014-12-01,,,0.0,0.011554883949788097,13.33,0.0,0.0881632653061224,0.0,-0.0027261064785119027,2.18,0.0,0.47,0.0,1.7100000000000002,0.08,-0.020000000000000004
2014-12-02,,,-0.011519717459161027,-0.006989363106445268,14.29,0.07201800450112517,0.18392709196354584,0.004180736452805922,-0.0010397504598894658,2.22,0.040000000000000036,0.49,0.020000000000000018,1.7300000000000002,0.13,0.03
2014-12-03,,,0.004232930097182397,-0.002786018494716269,12.85,-0.10076976906927915,0.064623032311516,-0.008006405124099336,-0.00903783092057897,2.28,0.05999999999999961,0.55,0.06000000000000005,1.7299999999999998,0.12,0.01999999999999999
2014-12-04,,,0.0016186866575631509,-0.005728736819294533,12.47,-0.02957198443579756,-0.06451612903225801,-0.006941081517352843,-0.010773436243769141,2.29,0.010000000000000231,0.57,0.019999999999999907,1.7200000000000002,0.12,0.039999999999999994
2014-12-05,,,-0.00023186093908322825,-0.005959269488079011,12.38,-0.007217321571772239,-0.07126781695423856,0.01040312093628093,-0.00048239266763139277,2.25,-0.040000000000000036,0.55,-0.019999999999999907,1.7,0.12,0.039999999999999994
2014-12-06,,,-8.348929597667976e-05,-0.006042261248841552,11.82,-0.04523424878836835,-0.11327831957989498,-0.01029601029601046,-0.010773436243769141,2.31,0.06000000000000005,0.65,0.09999999999999998,1.6600000000000001,0.12,0.039999999999999994
2014-12-07,,,0.0,0.005541290309038827,11.82,0.0,-0.172848145556333,0.0,-0.014891913530824752,2.31,0.0,0.65,0.0,1.6600000000000001,0.12,-0.010000000000000009
2014-12-08,,,0.0,0.0013028453585262056,11.82,0.0,-0.08015564202334624,0.0,-0.006941081517352843,2.31,0.0,0.65,0.0,1.6600000000000001,0.12,0.0
2014-12-09,,,-0.007707169314194018,-0.00802006988288706,14.21,0.2021996615905246,0.13953488372093026,-0.0009752925877761776,-0.0009752925877761776,2.26,-0.050000000000000266,0.64,-0.010000000000000009,1.6199999999999997,0.12,0.0
2014-12-10,,,0.003816900947563706,-0.004002847912651708,14.89,0.04785362420830408,0.2027463651050081,0.01000650829808003,-0.0013674388674388416,2.22,-0.03999999999999959,0.64,0.0,1.58,0.12,0.0
2014-12-11,,,-0.0162527039330147,-0.0201086843075724,18.53,0.24445936870382812,0.5676818950930627,0.0008054772452676939,0.009834200260077974,2.18,-0.040000000000000036,0.59,-0.050000000000000044,1.5900000000000003,0.12,0.0
2014-12-12,,,0.005114950282493869,-0.015096588945558098,20.08,0.08364813815434413,0.6988155668358713,-0.0022535211267604716,0.007558517555266597,2.19,0.009999999999999787,0.62,0.030000000000000027,1.5699999999999998,0.12,0.0
2014-12-13,,,-0.011115088261336448,-0.026043877288319583,21.08,0.04980079681274896,0.7834179357021995,0.007017826893603196,0.014629388816645106,2.1,-0.08999999999999986,0.56,-0.05999999999999994,1.54,0.12,0.0
2014-12-14,,,0.0,-0.018479129755933466,21.08,0.0,0.48346235045742425,0.0,0.015619915392124817,2.1,0.0,0.56,0.0,1.54,0.12,0.0
2014-12-15,,,0.0,-0.022211252552582716,21.08,0.0,0.41571524513096025,0.0,0.005557792992347821,2.1,0.0,0.56,0.0,1.54,0.12,0.0
2014-12-16,,,-0.009970756891657606,-0.015967355208562628,20.42,-0.03130929791271331,0.10199676200755525,-0.0011214354373596525,0.003621730382293853,2.12,0.020000000000000018,0.6,0.039999999999999925,1.52,0.11,-0.009999999999999995
2014-12-17,,,-0.0163106357082895,-0.03694353911945891,23.57,0.15426052889324193,0.1738047808764942,0.0027265437048915597,0.008631120432362582,2.07,-0.050000000000000266,0.58,-0.020000000000000018,1.4899999999999998,0.12,0.0
2014-12-18,,,0.01846146322378739,-0.008139490579337272,19.44,-0.17522274077216793,-0.07779886148007575,-0.007837492002559232,-0.006247997436718999,2.14,0.07000000000000028,0.62,0.040000000000000036,1.52,0.13,0.010000000000000009
2014-12-19,,,0.024650068425728033,0.016309938846659655,16.81,-0.13528806584362152,-0.20256166982922197,-0.009269708205706828,-0.015459788529317398,2.22,0.08000000000000007,0.67,0.050000000000000044,1.5500000000000003,0.13,0.010000000000000009
2014-12-20,,,0.003282744852698194,0.0196462250671543,16.49,-0.019036287923854922,-0.217741935483871,-0.004556179318200404,-0.019945530278756785,2.17,-0.050000000000000266,0.67,0.0,1.5,0.13,0.010000000000000009
2014-12-21,,,0.0,0.02991525974104059,16.49,0.0,-0.19245837414299716,0.0,-0.018845228548516446,2.17,0.0,0.67,0.0,1.5,0.13,0.020000000000000004
2014-12-22,,,0.0,0.0469923708920188,16.49,0.0,-0.3003818413237167,0.0,-0.021513115802943017,2.17,0.0,0.67,0.0,1.5,0.13,0.010000000000000009
2014-12-23,,,0.0027768825114788953,0.030868406520851766,15.25,-0.07519708914493628,-0.21553497942386834,0.0013894564773191398,-0.012413348379816114,2.17,0.0,0.71,0.039999999999999925,1.46,0.13,0.0
2014-12-24,,,-0.0033467872472733307,0.002701645121456764,14.8,-0.02950819672131144,-0.1195716835217131,-0.00587659157688547,-0.009030998291432835,2.26,0.08999999999999986,0.73,0.020000000000000018,1.5299999999999998,0.13,0.0
2014-12-25,,,0.0008879957002314587,0.0003082830037977047,14.37,-0.029054054054054146,-0.12856276531231048,0.0006568144499179418,-0.0038414384961176218,2.27,0.010000000000000231,0.73,0.0,1.54,0.13,0.0
2014-12-26,,,0.0,0.0003082830037977047,14.37,0.0,-0.12856276531231048,0.0,-0.0038414384961176218,2.27,0.0,0.73,0.0,1.54,0.13,0.0
2014-12-27,,,0.0072354136022974025,0.007545927161134003,14.5,0.009046624913013224,-0.1206791995148574,0.0,-0.0038414384961176218,2.25,-0.020000000000000018,0.73,0.0,1.52,0.13,0.0
2014-12-28,,,0.0,0.004755838245603439,14.5,0.0,-0.049180327868852514,0.0,-0.005223636957231492,2.25,0.0,0.73,0.0,1.52,0.13,0.0
2014-12-29,,,0.0,0.008129834318697071,14.5,0.0,-0.020270270270270285,0.0,0.0006568144499179418,2.25,0.0,0.73,0.0,1.52,0.13,0.0
2014-12-30,,,-0.00033610796251348773,0.006896873759659972,15.06,0.0386206896551724,0.04801670146137793,-0.0007384312438465379,-0.0007384312438465379,2.22,-0.029999999999999805,0.72,-0.010000000000000009,1.5000000000000002,0.13,0.0
2014-12-31,,,-0.007023540105364656,-0.00017510681515719995,15.92,0.05710491367861881,0.10786360473208068,-0.00041054273749896453,-0.0011486708237611332,2.2,-0.020000000000000018,0.69,-0.030000000000000027,1.5100000000000002,0.13,0.0
2015-01-01,,,-0.010758111784417546,-0.01803624866426068,19.2,0.20603015075376874,0.32413793103448274,-0.005996385740101973,-0.007138168690515423,2.17,-0.03000000000000025,0.67,-0.019999999999999907,1.5,0.06,-0.07
2015-01-02,,,0.0,-0.01803624866426068,19.2,0.0,0.32413793103448274,0.0,-0.007138168690515423,2.17,0.0,0.67,0.0,1.5,0.06,-0.07
2015-01-03,,,-0.0014257792213923093,-0.019436312177075643,17.79,-0.07343750000000004,0.22689655172413792,-0.007106850673498033,-0.014194289465047638,2.12,-0.04999999999999982,0.66,-0.010000000000000009,1.46,0.12,-0.010000000000000009
2015-01-04,,,0.0,-0.01910662610373237,17.79,0.0,0.1812749003984062,0.0,-0.013465801789966259,2.12,0.0,0.66,0.0,1.46,0.12,-0.010000000000000009
2015-01-05,,,0.0,-0.012168552313566283,17.79,0.0,0.11746231155778886,0.0,-0.013060620995564376,2.12,0.0,0.66,0.0,1.46,0.12,-0.010000000000000009
2015-01-06,,,-0.016377321381292775,-0.01777975015815758,19.92,0.11973018549747061,0.03750000000000009,-0.008073241781107021,-0.015122717130815588,2.04,-0.08000000000000007,0.68,0.020000000000000018,1.3599999999999999,0.12,0.06
2015-01-07,,,-0.012047700530646854,-0.02961324558338918,21.12,0.06024096385542155,0.10000000000000009,0.0015103205235778017,-0.013635236757292724,1.97,-0.07000000000000006,0.65,-0.030000000000000027,1.3199999999999998,0.12,0.06
2015-01-08,,,0.011961088150081567,-0.016604258860017374,19.31,-0.08570075757575768,0.0854412591343452,-0.00971849865951746,-0.01622971285892638,1.96,-0.010000000000000009,0.62,-0.030000000000000027,1.3399999999999999,0.12,0.0
2015-01-09,,,0.01936298076923082,0.0024372139642196977,17.01,-0.11910926980838932,-0.04384485666104543,-0.00076142131979684,-0.016978776529338324,2.03,0.06999999999999984,0.62,0.0,1.4099999999999997,0.12,0.0
2015-01-10,,,-0.006430769593566921,-0.004009228790801456,17.55,0.03174603174603163,-0.013490725126475422,0.0016086698840065417,-0.015397419891801878,1.98,-0.04999999999999982,0.59,-0.030000000000000027,1.3900000000000001,0.12,0.0
2015-01-11,,,0.0,0.012574021379681444,17.55,0.0,-0.11897590361445787,0.0,-0.007383789226380166,1.98,0.0,0.59,0.0,1.3900000000000001,0.12,0.0
2015-01-12,,,0.0,0.024921974394465307,17.55,0.0,-0.16903409090909094,0.0,-0.008880697050938302,1.98,0.0,0.59,0.0,1.3900000000000001,0.12,0.0
2015-01-13,,,-0.010279402270914728,0.0023966346153847518,19.6,0.11680911680911676,0.015018125323666531,0.00016906170752317706,0.0010152284263960087,1.92,-0.06000000000000005,0.56,-0.029999999999999916,1.3599999999999999,0.12,0.0
2015-01-14,,,-0.0009040832428052203,-0.01753310301729738,20.56,0.048979591836734615,0.20870076425631967,-0.004479377958079844,-0.002709338752010959,1.91,-0.010000000000000009,0.54,-0.020000000000000018,1.3699999999999999,0.12,0.0
2015-01-15,,,-0.004886947338101799,-0.016006531728249618,21.48,0.04474708171206232,0.2239316239316238,0.002292214958825145,-0.002028740490278902,1.86,-0.04999999999999982,0.51,-0.030000000000000027,1.35,0.12,0.0
2015-01-16,,,-0.013553345039847176,-0.029342934720692604,22.39,0.042364990689013116,0.27578347578347584,-0.017618160257496296,-0.019611158072696644,1.77,-0.09000000000000008,0.44,-0.07,1.33,0.12,0.0
2015-01-17,,,0.01283483916716599,-0.01688470740135939,20.95,-0.0643144260830728,0.19373219373219364,-0.0069839627521987024,-0.02645815722738809,1.83,0.06000000000000005,0.49,0.04999999999999999,1.34,0.13,0.010000000000000009
2015-01-18,,,0.0,-0.0066739089250041905,20.95,0.0,0.06887755102040805,0.0,-0.026622718052738414,1.83,0.0,0.49,0.0,1.34,0.13,0.010000000000000009
2015-01-19,,,0.0,-0.005775046805242101,20.95,0.0,0.018968871595330672,0.0,-0.022242974785635417,1.83,0.0,0.49,0.0,1.34,0.13,0.010000000000000009
2015-01-20,,,0.0,-0.0008924608764447894,20.95,0.0,-0.024674115456238432,0.0,-0.024479078434694324,1.83,0.0,0.49,0.0,1.34,0.13,0.010000000000000009
2015-01-21,,,0.00701811141100972,0.019943026909393202,19.89,-0.0505966587112171,-0.11165698972755689,0.0036467830164104154,-0.0033626487325401078,1.82,-0.010000000000000009,0.53,0.040000000000000036,1.29,0.12,0.0
2015-01-22,,,0.0050057417392075365,0.012058984003437745,18.85,-0.05228758169934633,-0.10023866348448673,0.0021628168526690583,0.005817487192845583,1.87,0.050000000000000044,0.53,0.0,1.34,0.12,-0.010000000000000009
2015-01-23,,,0.018670877772185124,0.030955013592007807,16.4,-0.12997347480106114,-0.21718377088305496,-0.014675414364641037,-0.008943301206911447,1.9,0.029999999999999805,0.53,0.0,1.3699999999999999,0.12,-0.010000000000000009
2015-01-24,,,0.0018218604520463533,0.03283326975911005,16.66,0.01585365853658538,-0.2047732696897374,-0.011827580164710083,-0.020665103759659686,1.81,-0.08999999999999986,0.52,-0.010000000000000009,1.29,0.12,-0.010000000000000009
2015-01-25,,,0.0,0.03283326975911005,16.66,0.0,-0.2047732696897374,0.0,-0.020665103759659686,1.81,0.0,0.52,0.0,1.29,0.12,-0.010000000000000009
2015-01-26,,,0.0,0.025635247326315502,16.66,0.0,-0.16239316239316237,0.0,-0.024223548749891854,1.81,0.0,0.52,0.0,1.29,0.12,0.0
2015-01-27,,,-0.0005656663877292578,0.019949476275556988,15.52,-0.06842737094837936,-0.1766578249336871,0.000975263764518175,-0.025379834254143696,1.83,0.020000000000000018,0.54,0.020000000000000018,1.29,0.12,0.0
2015-01-28,,,-0.02577811456316137,-0.024555306812540367,17.22,0.10953608247422686,0.050000000000000044,0.007085916740478204,-0.0038549150166461432,1.83,0.0,0.54,0.0,1.29,0.11,-0.009999999999999995
2015-01-29,,,-0.006030488536790224,-0.0322009097411492,20.44,0.18699186991869943,0.2268907563025211,-0.0024626209322778925,0.005585601560422093,1.73,-0.10000000000000009,0.5,-0.040000000000000036,1.23,0.12,0.0
2015-01-30,,,0.009895227008149154,-0.02262431804475773,18.76,-0.0821917808219178,0.12605042016806722,-0.0029977076353377985,0.0025711499246388048,1.77,0.040000000000000036,0.51,0.010000000000000009,1.26,0.11,-0.009999999999999995
2015-01-31,,,-0.007873055352936253,-0.030319250889405236,20.97,0.11780383795309146,0.25870348139255683,-0.0015917934205872397,0.000975263764518175,1.68,-0.09000000000000008,0.47,-0.040000000000000036,1.21,0.06,-0.06
2015-02-01,,,0.0,-0.029770424630237713,20.97,0.0,0.35115979381443285,0.0,0.0,1.68,0.0,0.47,0.0,1.21,0.06,-0.06
2015-02-02,,,0.0,-0.004097947425279025,20.97,0.0,0.21777003484320567,0.0,-0.0070360598065083435,1.68,0.0,0.47,0.0,1.21,0.06,-0.05
2015-02-03,,,0.00968077079762697,0.011643858776247518,19.43,-0.07343824511206487,-0.049412915851272055,0.004162976085031023,-0.0004408393581379899,1.68,0.0,0.49,0.020000000000000018,1.19,0.12,0.0
2015-02-04,,,0.009683449561785684,0.01143171463761683,17.33,-0.10808028821410198,-0.07622601279317709,0.01102584457969491,0.01361867704280173,1.79,0.1100000000000001,0.52,0.030000000000000027,1.27,0.12,0.009999999999999995
2015-02-05,,,-0.0018798103637845953,0.017541575969704182,18.33,0.05770340450086553,-0.1258941344778255,-0.0038387715930903177,0.011337466784765216,1.81,0.020000000000000018,0.52,0.0,1.29,0.11,0.05
2015-02-06,,,0.008286743106225902,0.025973681609669175,16.85,-0.08074195308237841,-0.19647114926084874,0.0012261341741111043,0.012577502214349057,1.83,0.020000000000000018,0.52,0.0,1.31,0.12,0.06
2015-02-07,,,-0.006461192900676149,0.019344667741772126,17.29,0.026112759643916794,-0.1754887935145446,-0.008922323303009128,0.003542958370239102,1.95,0.11999999999999988,0.65,0.13,1.2999999999999998,0.11,0.05
2015-02-08,,,0.0,0.009571239963806377,17.29,0.0,-0.11013896037056103,0.0,-0.0006174472964628475,1.95,0.0,0.65,0.0,1.2999999999999998,0.11,-0.009999999999999995
2015-02-09,,,0.0,-0.0001111334428902655,17.29,0.0,-0.002308136180034559,0.0,-0.011516314779270731,1.95,0.0,0.65,0.0,1.2999999999999998,0.11,-0.009999999999999995
2015-02-10,,,-0.002977288420973001,-0.001210556239931715,18.55,0.07287449392712553,0.01200218221494831,-0.0012356575463372543,-0.008933263268523395,1.96,0.010000000000000009,0.65,0.0,1.31,0.12,0.009999999999999995
2015-02-11,,,0.015431359387489296,0.005866763153813848,17.23,-0.07115902964959575,0.022551928783382635,0.0,-0.010146955913226119,2.01,0.04999999999999982,0.67,0.020000000000000018,1.3399999999999999,0.12,0.0
2015-02-12,,,0.003767679245062716,0.016222556447874847,16.96,-0.015670342426001183,-0.01908617698091375,-0.0014139271827501299,-0.0026478375992939895,2.0,-0.009999999999999787,0.67,0.0,1.33,0.12,0.009999999999999995
2015-02-13,,,0.011795833643607256,0.028209748668615253,15.34,-0.09551886792452835,-0.11278195488721798,0.009734513274336498,0.007060900264783676,1.99,-0.010000000000000009,0.61,-0.06000000000000005,1.38,0.12,0.009999999999999995
2015-02-14,,,0.008293525484306397,0.03673723242241067,14.69,-0.0423728813559322,-0.15037593984962405,-0.0001752848378615557,0.006884377758164195,2.02,0.030000000000000027,0.66,0.050000000000000044,1.3599999999999999,0.12,0.009999999999999995
2015-02-15,,,0.0,0.03983311551698354,14.69,0.0,-0.20808625336927233,0.0,0.008130081300813163,2.02,0.0,0.66,0.0,1.3599999999999999,0.12,0.0
2015-02-16,,,0.0,0.024030926269810626,14.69,0.0,-0.14741729541497395,0.0,0.008130081300813163,2.02,0.0,0.66,0.0,1.3599999999999999,0.12,0.0
2015-02-17,,,0.0,0.02018718817484544,14.69,0.0,-0.13384433962264153,0.0,0.009557522123893936,2.02,0.0,0.66,0.0,1.3599999999999999,0.12,0.0
2015-02-18,,,0.0002988118238242965,0.008594815511606457,15.8,0.07556160653505795,0.02998696219035213,-0.0011395511921459267,-0.0013146362839614456,2.14,0.1200000000000001,0.7,0.039999999999999925,1.4400000000000002,0.12,0.0
2015-02-19,,,0.0012701409696853627,0.001569332326649242,15.45,-0.022151898734177333,0.0517358747447243,-0.0046511627906975495,-0.0057854137447405085,2.07,-0.07000000000000028,0.62,-0.07999999999999996,1.4499999999999997,0.12,0.0
2015-02-20,,,0.0047712205442607125,0.0063480405015476915,15.29,-0.01035598705501617,0.04084411164057178,0.004408393581378789,-0.0014025245441795509,2.11,0.040000000000000036,0.67,0.050000000000000044,1.44,0.12,0.0
2015-02-21,,,0.0070695806303917585,0.013462499116110083,14.3,-0.06474820143884885,-0.02654867256637161,-0.0017556179775281011,-0.003155680224403934,2.13,0.020000000000000018,0.67,0.0,1.46,0.12,0.0
2015-02-22,,,0.0,0.013462499116110083,14.3,0.0,-0.02654867256637161,0.0,-0.003155680224403934,2.13,0.0,0.67,0.0,1.46,0.12,0.0
2015-02-23,,,0.0,0.013159755001892703,14.3,0.0,-0.09493670886075944,0.0,-0.0020184291355858086,2.13,0.0,0.67,0.0,1.46,0.12,0.0
2015-02-24,,,0.0014494547664327673,0.013341198066004534,14.56,0.018181818181818077,-0.05760517799352738,-0.0022863172704888912,0.0003526714865103031,2.06,-0.06999999999999984,0.64,-0.030000000000000027,1.42,0.11,-0.009999999999999995
2015-02-25,,,0.0003461070819352763,0.008878341561155523,13.69,-0.059752747252747374,-0.10464355788096791,-0.003437334743521925,-0.007461376404494291,1.99,-0.07000000000000006,0.6,-0.040000000000000036,1.3900000000000001,0.11,-0.009999999999999995
2015-02-26,,,-0.0023455245190437957,-0.0005536737151281557,13.84,0.010956902848794803,-0.032167832167832255,0.004952684177942812,-0.0007914175167076376,1.96,-0.030000000000000027,0.61,0.010000000000000009,1.35,0.11,-0.009999999999999995
2015-02-27,,,0.00488223411753852,0.004325857237708286,13.91,0.005057803468208055,-0.027272727272727337,-0.013288744169673627,-0.014069644741470322,2.03,0.06999999999999984,0.66,0.050000000000000044,1.3699999999999997,0.11,-0.009999999999999995
2015-02-28,,,-0.004840585621219806,-0.0005356680658556989,13.34,-0.040977713874910116,-0.06713286713286715,-0.0013378523011060572,-0.0153886739359832,2.0,-0.029999999999999805,0.63,-0.030000000000000027,1.37,0.06,-0.06
2015-03-01,,,0.0,-0.001982249651083512,13.34,0.0,-0.08379120879120883,0.0,-0.013132381456019915,2.0,0.0,0.63,0.0,1.37,0.06,-0.05
2015-03-02,,,0.0,-0.0023275511510818525,13.34,0.0,-0.025566106647187725,0.0,-0.009728486778102119,2.0,0.0,0.63,0.0,1.37,0.06,-0.05
2015-03-03,,,0.009543604906466774,0.009561792464514829,13.04,-0.022488755622188994,-0.05780346820809257,-0.0006251674555683984,-0.01522485259174522,2.08,0.08000000000000007,0.66,0.030000000000000027,1.42,0.12,0.009999999999999995
2015-03-04,,,-0.005413725030950056,-0.0007821131397249825,13.86,0.06288343558282206,-0.0035945363048167644,0.001966041108132144,0.0,2.12,0.040000000000000036,0.68,0.020000000000000018,1.44,0.12,0.009999999999999995
2015-03-05,,,-0.0030097919161743425,0.0010561469327825534,14.23,0.02669552669552666,0.06671664167916047,-0.012665001783803032,-0.011342323836741941,2.12,0.0,0.66,-0.020000000000000018,1.46,0.11,0.05
2015-03-06,,,0.0015071895189593398,0.0025649282653295025,14.04,-0.013352073085031724,0.05247376311844065,-0.005781391147244741,-0.01705814057336774,2.11,-0.010000000000000231,0.65,-0.010000000000000009,1.46,0.11,0.05
2015-03-07,,,-0.011866416894651177,-0.009331925137423092,15.2,0.0826210826210827,0.13943028485757125,-0.013719789205887789,-0.030543895686344524,2.24,0.13000000000000034,0.73,0.07999999999999996,1.5100000000000002,0.12,0.06
2015-03-08,,,0.0,-0.018697092381303015,15.2,0.0,0.16564417177914104,0.0,-0.029937444146559522,2.24,0.0,0.73,0.0,1.5100000000000002,0.12,0.0
2015-03-09,,,0.0,-0.013355671282279102,15.2,0.0,0.0966810966810967,0.0,-0.03184088476632185,2.24,0.0,0.73,0.0,1.5100000000000002,0.12,0.0
2015-03-10,,,0.003127820095789602,-0.007281749959508366,15.06,-0.009210526315789447,0.05832747716092768,-0.000829111008751604,-0.02023486901535676,2.2,-0.040000000000000036,0.7,-0.030000000000000027,1.5000000000000002,0.12,0.009999999999999995
2015-03-11,,,-0.01901431908977813,-0.02762316770214246,16.69,0.10823373173970796,0.18874643874643882,-0.01281578462105848,-0.027166999818280968,2.14,-0.06000000000000005,0.7,0.0,1.4400000000000002,0.12,0.009999999999999995
2015-03-12,,,-0.005474604303916775,-0.021333278778331577,16.87,0.010784901138406244,0.10986842105263173,-0.012234986457457686,-0.02570244127130339,2.11,-0.03000000000000025,0.7,0.0,1.41,0.11,-0.009999999999999995
2015-03-13,,,0.007165453455908466,-0.014320687938571108,15.42,-0.08595139300533494,0.014473684210526416,0.003687594553706486,-0.02210962690004592,2.1,-0.009999999999999787,0.67,-0.029999999999999916,1.4300000000000002,0.11,-0.009999999999999995
2015-03-14,,,-0.0049190195169536155,-0.019169263712058737,16.0,0.03761348897535677,0.05263157894736836,-0.00857277437588333,-0.030492860432980162,2.13,0.029999999999999805,0.68,0.010000000000000009,1.4499999999999997,0.11,-0.009999999999999995
2015-03-15,,,0.0,-0.022227559999002944,16.0,0.0,0.062416998671978696,0.0,-0.029688364373962717,2.13,0.0,0.68,0.0,1.4499999999999997,0.11,-0.009999999999999995
2015-03-16,,,0.0,-0.003275522743862558,16.0,0.0,-0.041342121030557344,0.0,-0.017091622303166187,2.13,0.0,0.68,0.0,1.4499999999999997,0.11,-0.009999999999999995
2015-03-17,,,0.012878629863959823,0.015118293855594711,15.61,-0.024375000000000036,-0.07468879668049799,0.0048460661345497424,-9.455370650524042e-05,2.1,-0.029999999999999805,0.66,-0.020000000000000018,1.44,0.12,0.009999999999999995
2015-03-18,,,0.0011806510512599733,0.009086233894419982,15.66,0.0032030749519538215,0.015564202334630295,0.0028368794326241176,-0.0009420631182289751,2.06,-0.040000000000000036,0.7,0.039999999999999925,1.36,0.12,0.009999999999999995
2015-03-19,,,0.01071160038668717,0.024936846740364782,13.97,-0.10791826309067687,-0.12687499999999996,0.003583215464403544,0.01130748764728251,1.93,-0.13000000000000012,0.57,-0.13,1.3599999999999999,0.11,0.0
2015-03-20,,,0.0009768230638778075,0.025938028691279147,14.07,0.007158196134574135,-0.12062499999999998,-0.002067086347834257,0.009217027746104112,1.98,0.050000000000000044,0.63,0.06000000000000005,1.35,0.12,0.009999999999999995
2015-03-21,,,0.007165414451005603,0.033289299867899746,13.02,-0.0746268656716419,-0.18625000000000003,0.01610017889087656,0.02546560243253504,1.93,-0.050000000000000044,0.6,-0.030000000000000027,1.33,0.12,0.009999999999999995
2015-03-22,,,0.0,0.020151150791562378,13.02,0.0,-0.1659192825112108,0.0,0.020520094562647584,1.93,0.0,0.6,0.0,1.33,0.12,0.0
2015-03-23,,,0.0,0.018948128612336967,13.02,0.0,-0.1685823754789273,0.0,0.017633191890617628,1.93,0.0,0.6,0.0,1.33,0.12,0.0
2015-03-24,,,-0.00291575269034261,0.005209723007348677,13.41,0.02995391705069128,-0.04008589835361487,0.012601927353595332,0.02677816405148925,1.92,-0.010000000000000009,0.6,0.0,1.3199999999999998,0.12,0.009999999999999995
2015-03-25,,,-0.003272943219496449,0.0009419854432752839,13.62,0.015659955257270708,-0.031982942430703654,-0.0018301610541727742,0.02702193767065242,1.88,-0.040000000000000036,0.58,-0.020000000000000018,1.2999999999999998,0.11,-0.009999999999999995
2015-03-26,,,-0.02295198138564969,-0.028989310402059876,15.44,0.13362701908957408,0.1858678955453148,0.007150715071507108,0.01797627872498153,1.93,0.050000000000000044,0.59,0.010000000000000009,1.3399999999999999,0.12,0.0
2015-03-27,,,-0.0032407161451415423,-0.03213608042094496,15.8,0.023316062176165886,0.21351766513056836,-0.006098671035863812,0.011767976278725056,2.01,0.07999999999999985,0.61,0.020000000000000018,1.4,0.11,-0.009999999999999995
2015-03-28,,,0.004078549148834432,-0.028188599855558216,15.07,-0.046202531645569644,0.15745007680491563,-0.002564337393534344,0.009173461823573037,1.95,-0.05999999999999983,0.58,-0.030000000000000027,1.37,0.12,0.0
2015-03-29,,,0.0,-0.02534675202562575,15.07,0.0,0.12378821774794924,0.0,-0.003385797950219649,1.95,0.0,0.58,0.0,1.37,0.12,0.0
2015-03-30,,,0.0,-0.022146292363557585,15.07,0.0,0.10646108663729814,0.0,-0.0015584891822515434,1.95,0.0,0.58,0.0,1.37,0.12,0.009999999999999995
2015-03-31,,,0.011530490253550685,0.012364614059118262,14.51,-0.03715992037159921,-0.06023316062176165,-0.006702782113671701,-0.015292190060076427,1.96,0.010000000000000009,0.58,0.0,1.38,0.12,0.0
2015-04-01,,,-0.011209677787360706,0.004270889818921653,15.29,0.053756030323914405,-0.03227848101265829,-0.007117766685154403,-0.016301859144610353,1.94,-0.020000000000000018,0.56,-0.019999999999999907,1.38,0.06,-0.05
2015-04-02,,,-0.005175727843938827,-0.00498515991746773,15.11,-0.011772400261608862,0.002654280026542777,0.002513732427148252,-0.011293728766871736,1.87,-0.06999999999999984,0.55,-0.010000000000000009,1.32,0.12,0.0
2015-04-03,,,0.001101766073027477,-0.0038888863245061245,14.67,-0.029119788219722054,-0.02654280026542799,0.009843982169390753,-0.001560921862088005,1.92,0.04999999999999982,0.55,0.0,1.3699999999999999,0.12,0.0
2015-04-04,,,0.0,-0.0038888863245061245,14.67,0.0,-0.02654280026542799,0.01066764759977934,0.009090074373335755,1.85,-0.06999999999999984,0.49,-0.06000000000000005,1.36,0.12,0.0
2015-04-05,,,0.0,-0.01524361027831389,14.67,0.0,0.01102687801516189,0.0,0.01589942688112389,1.85,0.0,0.49,0.0,1.36,0.12,0.0
2015-04-06,,,0.0,-0.004079664212253142,14.67,0.0,-0.04054937867887498,0.0,0.02318219905036778,1.85,0.0,0.49,0.0,1.36,0.12,0.06
2015-04-07,,,0.008102390865637243,0.009213083878030881,14.74,0.0047716428084525475,-0.024487094639311646,0.0016378525932665422,0.022288261515601704,1.92,0.06999999999999984,0.51,0.020000000000000018,1.41,0.13,0.010000000000000009
2015-04-08,,,-0.001585849624682223,0.006503692067441946,14.78,0.0027137042062415073,0.00749829584185413,-0.014353197674418672,-0.0022070995034025875,1.89,-0.030000000000000027,0.52,0.010000000000000009,1.3699999999999999,0.12,0.0
2015-04-09,,,0.0073387230437744755,0.013890143906061247,13.98,-0.05412719891745599,-0.04703476482617586,-0.0029493087557602715,-0.015650591446769724,1.92,0.030000000000000027,0.54,0.020000000000000018,1.38,0.12,0.0
2015-04-10,,,0.0063963107523834495,0.020375300335263358,13.09,-0.0636623748211731,-0.1077027948193593,-0.013588463671658446,-0.02902638762511378,1.97,0.050000000000000044,0.56,0.020000000000000018,1.41,0.12,0.0
2015-04-11,,,0.004103134685907062,0.024562037622711808,12.58,-0.038961038961038974,-0.14246762099522836,-0.0068409708555897675,-0.03566878980891708,1.96,-0.010000000000000009,0.57,0.009999999999999898,1.3900000000000001,0.12,0.0
2015-04-12,,,0.0,0.016327356135859228,12.58,0.0,-0.14654002713704206,0.0,-0.03724563953488369,1.96,0.0,0.57,0.0,1.3900000000000001,0.12,-0.010000000000000009
2015-04-13,,,0.0,0.017941658532992122,12.58,0.0,-0.14884979702300405,0.0,-0.023225806451612763,1.96,0.0,0.57,0.0,1.3900000000000001,0.12,0.0
2015-04-14,,,-0.0028968661380999183,0.007598332708708577,13.94,0.10810810810810811,-0.0028612303290415086,-0.0015097188148707197,-0.021815492697356276,1.94,-0.020000000000000018,0.54,-0.029999999999999916,1.4,0.13,0.010000000000000009
2015-04-15,,,-0.0026240528348615566,-0.0014328046412878104,13.67,-0.01936872309899562,0.044308632543926585,0.00850500850500846,9.371192952856156e-05,1.9,-0.040000000000000036,0.53,-0.010000000000000009,1.3699999999999999,0.13,0.010000000000000009
2015-04-16,,,0.006114643308683609,0.000567613895911645,12.84,-0.0607168983174835,0.020667726550079424,-0.007121439280359687,-0.00018871485185878445,1.91,0.010000000000000009,0.51,-0.020000000000000018,1.4,0.13,0.010000000000000009
2015-04-17,,,-0.0012882724266758405,-0.0007213897720952378,12.6,-0.01869158878504673,0.0015898251192367763,0.013778784446961012,0.013587469333836477,1.9,-0.010000000000000009,0.5,-0.010000000000000009,1.4,0.13,0.010000000000000009
2015-04-18,,,-0.01516917374056026,-0.015879620625867896,13.89,0.10238095238095246,0.10413354531001584,0.0035375162911934765,0.017173051519154603,1.87,-0.029999999999999805,0.51,0.010000000000000009,1.36,0.13,0.010000000000000009
2015-04-19,,,0.0,-0.013020473055263881,13.89,0.0,-0.0035868005738880493,0.0,0.018711018711018657,1.87,0.0,0.51,0.0,1.36,0.13,0.0
2015-04-20,,,0.0,-0.010423772750839166,13.89,0.0,0.01609363569861011,0.0,0.010119940029985175,1.87,0.0,0.51,0.0,1.36,0.13,0.0
2015-04-21,,,0.015074222160944784,-0.0016114705968769405,13.3,-0.042476601871850206,0.03582554517133962,-0.00157699443413728,0.015760664401661018,1.9,0.029999999999999805,0.55,0.040000000000000036,1.3499999999999999,0.13,0.0
2015-04-22,,,0.004206094082491951,0.003881117852463145,13.25,-0.003759398496240629,0.051587301587301626,-0.0004645544922419198,0.001489480543660493,1.92,0.020000000000000018,0.55,0.0,1.3699999999999999,0.13,0.0
2015-04-23,,,0.005597410267855318,0.025049404843972667,12.71,-0.04075471698113198,-0.08495320374370052,-0.0026956683398402514,-0.004730983302411951,1.99,0.07000000000000006,0.57,0.019999999999999907,1.42,0.13,0.0
2015-04-24,,,0.0036450779118588628,0.02878578978813362,12.48,-0.018095987411487102,-0.10151187904967607,0.006897194519526639,0.0021335807050093525,1.96,-0.030000000000000027,0.55,-0.019999999999999907,1.41,0.13,0.0
2015-04-25,,,0.013336847536446816,0.04250654901420092,12.29,-0.015224358974359031,-0.11519078473722111,0.006757382208645524,0.008905380333951607,1.93,-0.030000000000000027,0.54,-0.010000000000000009,1.39,0.13,0.0
2015-04-26,,,0.0,0.027024946801285754,12.29,0.0,-0.07593984962406031,0.0,0.010498931524667743,1.93,0.0,0.54,0.0,1.39,0.13,0.0
2015-04-27,,,0.0,0.02272327648005623,12.29,0.0,-0.07245283018867932,0.0,0.010968581520728549,1.93,0.0,0.54,0.0,1.39,0.13,0.0
2015-04-28,,,-0.0025877384400389003,0.014398730275443139,13.12,0.06753458096013021,0.032258064516129004,0.0014711290915778719,0.015192469009227327,1.94,0.010000000000000009,0.54,0.0,1.4,0.13,0.0
2015-04-29,,,-0.0021590969361595658,0.008532366034035732,12.41,-0.05411585365853655,-0.005608974358974339,0.007987513771575694,0.016291770804406136,2.0,0.06000000000000005,0.56,0.020000000000000018,1.44,0.13,0.0
2015-04-30,,,-0.0060062853384185155,-0.010719056246941694,13.39,0.0789685737308623,0.0895036615134257,0.017761180435376556,0.02739977933063642,2.06,0.06000000000000005,0.56,0.0,1.5,0.13,0.0
2015-05-01,,,-0.016465581587068123,-0.027008142338839414,14.55,0.08663181478715454,0.18388934092758347,-0.0010739216037227717,0.026296432511953016,2.05,-0.010000000000000231,0.58,0.019999999999999907,1.4699999999999998,0.08,-0.05
2015-05-02,,,0.014681995809027626,-0.012722679962440142,12.7,-0.12714776632302416,0.03336045565500401,0.0028668697366063256,0.029238690695108538,2.12,0.07000000000000028,0.6,0.020000000000000018,1.52,0.13,0.0
2015-05-03,,,0.0,-0.010161236143768848,12.7,0.0,-0.03201219512195119,0.0,0.027726771942710338,2.12,0.0,0.6,0.0,1.52,0.13,0.0
2015-05-04,,,0.0,-0.008019453986140346,12.7,0.0,0.023368251410152974,0.0,0.019582839967209997,2.12,0.0,0.6,0.0,1.52,0.13,0.0
2015-05-05,,,0.0007925770139267652,-0.001234361596648914,12.85,0.011811023622047223,-0.04032860343539957,-0.004377345006253308,-0.002595310542330309,2.16,0.040000000000000036,0.6,0.0,1.56,0.13,0.0
2015-05-06,,,-0.01633423385036825,-0.0011009797813897881,14.31,0.1136186770428016,-0.016494845360824795,0.0026020637056975993,0.001075076151227261,2.19,0.029999999999999805,0.62,0.020000000000000018,1.5699999999999998,0.13,0.05
2015-05-07,,,-0.006722018238350502,-0.0221720628881954,15.15,0.05870020964360578,0.19291338582677175,0.015303382853051772,0.0134893693049849,2.25,0.06000000000000005,0.65,0.030000000000000027,1.6,0.13,0.0
2015-05-08,,,0.004977453050973191,-0.01730497023929134,15.13,-0.0013201320132012473,0.19133858267716541,-0.005464962538563212,0.007950687868501172,2.18,-0.06999999999999984,0.63,-0.020000000000000018,1.5500000000000003,0.13,0.0
2015-05-09,,,0.012972702797877878,-0.004556759677253885,12.86,-0.15003304692663588,0.012598425196850505,-0.0037224142515288605,0.004198677863141098,2.16,-0.020000000000000018,0.59,-0.040000000000000036,1.5700000000000003,0.13,0.0
2015-05-10,,,0.0,-0.0053451002875557485,12.86,0.0,0.0007782101167315147,0.0,0.008613728129206022,2.16,0.0,0.59,0.0,1.5700000000000003,0.13,0.0
2015-05-11,,,0.0,0.01117161330705585,12.86,0.0,-0.10132774283717683,0.0,0.0059960622874530856,2.16,0.0,0.59,0.0,1.5700000000000003,0.13,0.0
2015-05-12,,,-0.004487905531943337,0.013445972943661344,13.85,0.07698289269051317,-0.08580858085808585,-0.008807045636509248,-0.01789334508594098,2.28,0.11999999999999966,0.62,0.030000000000000027,1.6599999999999997,0.13,0.0
2015-05-13,,,-0.004053043274516721,0.004339380445524732,13.86,0.0007220216606498298,-0.08393919365499014,0.008795548375515994,-0.003811043162279537,2.28,0.0,0.61,-0.010000000000000009,1.67,0.13,0.0
2015-05-14,,,0.0013369074683589055,-0.0071972458031016595,13.76,-0.00721500721500723,0.06998444790046654,0.011743772241992856,0.01165376745841118,2.27,-0.009999999999999787,0.59,-0.020000000000000018,1.6800000000000002,0.13,0.0
2015-05-15,,,0.015470252295235909,0.008161663283729359,12.74,-0.0741279069767442,-0.009331259720062102,-0.0003517411185367525,0.011297927230673466,2.23,-0.040000000000000036,0.56,-0.029999999999999916,1.67,0.13,0.0
2015-05-16,,,-0.00016685057307608275,0.007993450932457291,12.38,-0.028257456828885363,-0.03732503888024874,0.005277973258268842,0.016635530646739616,2.14,-0.08999999999999986,0.55,-0.010000000000000009,1.59,0.13,0.0
2015-05-17,,,0.0,0.012537624137122894,12.38,0.0,-0.10613718411552342,0.0,0.02566864117752643,2.14,0.0,0.55,0.0,1.59,0.13,0.0
2015-05-18,,,0.0,0.01665818375125827,12.38,0.0,-0.10678210678210664,0.0,0.016725978647686768,2.14,0.0,0.55,0.0,1.59,0.13,0.0
2015-05-19,,,0.004151935010869412,0.019516283524904088,12.73,0.028271405492730217,-0.07485465116279066,-0.006475323766188423,-0.0015828350334153862,2.23,0.08999999999999986,0.58,0.029999999999999916,1.65,0.13,0.0
2015-05-20,,,-0.0020452254068845654,0.0019310172990674168,12.85,0.00942655145325988,0.008634222919937207,-0.017879161528976506,-0.01908866995073899,2.27,0.040000000000000036,0.63,0.050000000000000044,1.6400000000000001,0.12,-0.010000000000000009
2015-05-21,,,0.0003508210990026406,0.00244977515914635,12.88,0.0023346303501945442,0.04038772213247177,-0.006456820016141895,-0.03053902695134747,2.26,-0.010000000000000231,0.6,-0.030000000000000027,1.6599999999999997,0.12,-0.010000000000000009
2015-05-22,,,0.005364792577630784,0.007827710272367838,12.11,-0.05978260869565233,-0.02180936995153482,0.004242260131780862,-0.026426321316065815,2.19,-0.06999999999999984,0.6,0.0,1.5899999999999999,0.12,-0.010000000000000009
2015-05-23,,,-0.0005099934429415587,0.0073137247485142165,12.13,0.0016515276630884035,-0.020193861066235885,-0.008358799209059908,-0.0345642282114107,2.21,0.020000000000000018,0.64,0.040000000000000036,1.5699999999999998,0.13,0.0
2015-05-24,,,0.0,0.0031487164714876226,12.13,0.0,-0.04713275726630006,0.0,-0.02827197463449005,2.21,0.0,0.64,0.0,1.5699999999999998,0.13,0.0
2015-05-25,,,0.0,0.005204586430772595,12.13,0.0,-0.05603112840466917,0.0,-0.010582010582010581,2.21,0.0,0.64,0.0,1.5699999999999998,0.13,0.010000000000000009
2015-05-26,,,0.0,0.004852063125651895,12.13,0.0,-0.05822981366459623,0.0,-0.004151999277913321,2.21,0.0,0.64,0.0,1.5699999999999998,0.13,0.010000000000000009
2015-05-27,,,-0.011972185652815437,-0.012476073359576345,14.06,0.15910964550700735,0.1610239471511148,-0.014230037161243603,-0.02246989034693525,2.14,-0.06999999999999984,0.64,0.0,1.5,0.12,0.0
2015-05-28,,,0.0163426455859208,0.00417480274609261,13.27,-0.05618776671408254,0.09398186314921664,0.001103346818683404,-0.013142391008791776,2.14,0.0,0.64,0.0,1.5,0.12,-0.010000000000000009
2015-05-29,,,-0.002287695278988977,0.001877556790570667,13.31,0.0030143180105501877,0.09727947238252255,0.0023879500367376405,-0.01078582434514641,2.13,-0.010000000000000231,0.62,-0.020000000000000018,1.5099999999999998,0.12,-0.010000000000000009
2015-05-30,,,-0.0060432219346246985,-0.004177011636434247,13.84,0.03981968444778361,0.14097279472382507,0.007330034817665476,-0.003534849995468159,2.12,-0.009999999999999787,0.61,-0.010000000000000009,1.5100000000000002,0.08,-0.05
2015-05-31,,,0.0,-0.004177011636434247,13.84,0.0,0.14097279472382507,0.0,-0.003534849995468159,2.12,0.0,0.61,0.0,1.5100000000000002,0.08,-0.05
2015-06-01,,,0.0,0.007889630133066206,13.84,0.0,-0.015647226173541973,0.0,0.01084957705038625,2.12,0.0,0.61,0.0,1.5100000000000002,0.08,-0.039999999999999994
2015-06-02,,,0.0030166916209173333,-0.005325490644646158,13.97,0.009393063583815087,0.05275056518462695,-0.0073676550845915845,0.002296105804555415,2.19,0.06999999999999984,0.64,0.030000000000000027,1.5499999999999998,0.12,0.0
2015-06-03,,,-0.002866083571989364,-0.005902117883615499,14.24,0.01932712956334992,0.06987227648384664,0.019884541372674924,0.01979109400769663,2.27,0.08000000000000007,0.64,0.0,1.63,0.12,0.0
2015-06-04,,,0.002432971307793963,0.0025752786557975416,13.66,-0.0407303370786517,-0.013005780346820761,0.01392632524708004,0.026468983081681108,2.38,0.10999999999999988,0.69,0.04999999999999993,1.69,0.13,0.05
2015-06-05,,,-0.007263499311925603,-0.004706926190872318,14.71,0.0768667642752563,0.06286127167630062,-0.0012405848471422898,0.025195561215208384,2.31,-0.06999999999999984,0.66,-0.029999999999999916,1.65,0.13,0.05
2015-06-06,,,-0.0021929873435212466,-0.006889591304830134,14.21,-0.03399048266485383,0.026734104046242768,-0.014461893354626887,0.010369292341277037,2.41,0.10000000000000009,0.73,0.06999999999999995,1.6800000000000002,0.13,0.05
2015-06-07,,,0.0,-0.009876488605327638,14.21,0.0,0.01717967072297788,0.0,0.017868597086044158,2.41,0.0,0.73,0.0,1.6800000000000002,0.13,0.010000000000000009
2015-06-08,,,0.0,-0.007030555192076293,14.21,0.0,-0.002106741573033699,0.0,-0.001976639712488737,2.41,0.0,0.73,0.0,1.6800000000000002,0.13,0.010000000000000009
2015-06-09,,,-0.010202828113169082,-0.01954706561707653,15.29,0.07600281491907102,0.1193265007320643,0.011163125675188956,-0.004696499778467089,2.39,-0.020000000000000018,0.7,-0.030000000000000027,1.6900000000000002,0.13,0.0
2015-06-10,,,-0.0008800611981019113,-0.01324261259675108,14.47,-0.053629823413996025,-0.016315431679129855,0.004629629629629761,0.0011534025374857482,2.42,0.029999999999999805,0.72,0.020000000000000018,1.7,0.13,0.0
2015-06-11,,,0.013065739755759864,0.0018471407288946917,13.22,-0.08638562543192807,-0.06966924700914845,0.002038284296348891,0.017915016204537393,2.5,0.08000000000000007,0.75,0.030000000000000027,1.75,0.13,0.0
2015-06-12,,,0.000671057149099541,0.0025194374149859478,12.85,-0.027987897125567374,-0.09570724841660805,-0.00627929601132049,0.011523226503420858,2.39,-0.10999999999999988,0.73,-0.020000000000000018,1.6600000000000001,0.13,0.0
2015-06-13,,,-0.0077264635833591555,-0.005226492509810776,13.78,0.0723735408560311,-0.030260380014074717,0.0037379850480598886,0.015304285199855938,2.39,0.0,0.74,0.010000000000000009,1.6500000000000001,0.13,0.0
2015-06-14,,,0.0,0.005027631665053267,13.78,0.0,-0.09875735775016348,0.0,0.004095441595441507,2.39,0.0,0.74,0.0,1.6500000000000001,0.13,0.0
2015-06-15,,,0.0,0.005912896573998294,13.78,0.0,-0.04768486523842441,0.0,-0.0005317263381781068,2.39,0.0,0.74,0.0,1.6500000000000001,0.13,0.0
2015-06-16,,,-0.004685896730649564,-0.01171340286169087,15.39,0.11683599419448476,0.16414523449319218,-0.0010640184429862032,-0.0036260723445653564,2.36,-0.03000000000000025,0.72,-0.020000000000000018,1.64,0.13,0.0
2015-06-17,,,0.005183941961506067,-0.007256370210784624,14.81,-0.037686809616634176,0.15252918287937756,-0.002485354162968356,0.00017799928800288356,2.32,-0.040000000000000036,0.71,-0.010000000000000009,1.6099999999999999,0.14,0.010000000000000009
2015-06-18,,,0.0029354339190734713,0.0034105784062561373,14.5,-0.020931802835921665,0.052249637155297624,0.0005339028296851289,-0.0030147189217945014,2.32,0.0,0.67,-0.039999999999999925,1.65,0.14,0.010000000000000009
2015-06-19,,,0.014068087125026496,0.017526645845448607,13.19,-0.09034482758620688,-0.04281567489114657,0.014229811454998131,0.011172193651356688,2.35,0.03000000000000025,0.66,-0.010000000000000009,1.69,0.14,0.010000000000000009
2015-06-20,,,-0.004066771848141526,0.013388597127390378,13.96,0.058377558756633974,0.013062409288824517,-0.006050508593476112,0.005054087604185131,2.26,-0.0900000000000003,0.65,-0.010000000000000009,1.6099999999999999,0.13,0.0
2015-06-21,,,0.0,0.018159587811194422,13.96,0.0,-0.0929174788823911,0.0,0.006124622758743037,2.26,0.0,0.65,0.0,1.6099999999999999,0.13,0.0
2015-06-22,,,0.0,0.0129087277542137,13.96,0.0,-0.05739365293720455,0.0,0.008631429079907438,2.26,0.0,0.65,0.0,1.6099999999999999,0.13,-0.010000000000000009
2015-06-23,,,0.006784212415418933,0.01679577890256856,12.74,-0.08739255014326652,-0.12137931034482752,0.0037935597706220126,0.011917467093560896,2.37,0.11000000000000032,0.68,0.030000000000000027,1.69,0.13,-0.010000000000000009
2015-06-24,,,0.0010343218809694132,0.003726954775643332,12.11,-0.0494505494505495,-0.0818802122820319,-0.01652311478291435,-0.018765345492809615,2.42,0.04999999999999982,0.7,0.019999999999999907,1.72,0.13,-0.010000000000000009
2015-06-25,,,-0.005306964126329361,0.002477057309091535,13.26,0.09496284062758065,-0.05014326647564482,-0.0010723860589813006,-0.01385090427878255,2.38,-0.040000000000000036,0.68,-0.019999999999999907,1.6999999999999997,0.13,0.0
2015-06-26,,,-0.0023405383901339283,0.00013072127123114896,14.01,0.0565610859728507,0.003581661891117305,0.0016103059581320522,-0.01226290251433615,2.4,0.020000000000000018,0.68,0.0,1.7199999999999998,0.13,0.0
2015-06-27,,,-0.006586161749752573,-0.006456301429957789,14.02,0.0007137758743753775,0.004297994269340855,-0.0035727045373347144,-0.01579179532421704,2.49,0.0900000000000003,0.72,0.039999999999999925,1.7700000000000002,0.13,0.0
2015-06-28,,,0.0,-0.013151292682282767,14.02,0.0,0.10047095761381475,0.0,-0.019511337669186113,2.49,0.0,0.72,0.0,1.7700000000000002,0.13,0.0
2015-06-29,,,0.0,-0.014170957232112591,14.02,0.0,0.15772089182493798,0.0,-0.0030384271671135554,2.49,0.0,0.72,0.0,1.7700000000000002,0.13,0.0
2015-06-30,,,-0.023285789468989515,-0.031989568138620084,18.85,0.34450784593437955,0.42156862745098045,0.0021513087128004482,0.00017892288423704272,2.33,-0.16000000000000014,0.64,-0.07999999999999996,1.69,0.14,0.010000000000000009
2015-07-01,,,0.003858570821898555,-0.02597468769453326,18.23,-0.03289124668435017,0.3012134189864384,-0.0023255813953489968,-0.0037513397642015,2.35,0.020000000000000018,0.64,0.0,1.71,0.08,-0.05
2015-07-02,,,0.0073849834878410014,-0.012276218255773519,16.09,-0.11738891936368623,0.14764621968616254,-0.0062757755065446785,-0.0064539261384007895,2.43,0.08000000000000007,0.69,0.04999999999999993,1.7400000000000002,0.13,0.0
2015-07-03,,,0.0009392151683251804,-0.011348533097843894,16.79,0.04350528278433807,0.19757489300998565,0.0005413208228075561,-0.005916098960200733,2.4,-0.03000000000000025,0.64,-0.04999999999999993,1.7599999999999998,0.13,0.0
2015-07-04,,,0.0,-0.011348533097843894,16.79,0.0,0.19757489300998565,0.0,-0.005916098960200733,2.4,0.0,0.64,0.0,1.7599999999999998,0.13,0.0
2015-07-05,,,0.0,0.012221851840013231,16.79,0.0,-0.1092838196286473,0.0,-0.008050089445438391,2.4,0.0,0.64,0.0,1.7599999999999998,0.13,-0.010000000000000009
2015-07-06,,,0.0,0.008331134744675728,16.79,0.0,-0.07899067471201326,0.0,-0.005737851891698065,2.4,0.0,0.64,0.0,1.7599999999999998,0.13,0.05
2015-07-07,,,-0.003322513922754511,-0.0023864193099025766,17.01,0.013103037522334882,0.05717837165941586,-0.001262398557258848,-0.0007217610970770005,2.3,-0.10000000000000009,0.6,-0.040000000000000036,1.6999999999999997,0.13,0.0
2015-07-08,,,0.002353654727904164,-0.0009766792454531936,16.09,-0.05408583186360971,-0.04169148302561043,-0.01119537739256049,-0.01244364292155098,2.27,-0.029999999999999805,0.58,-0.020000000000000018,1.69,0.13,0.0
2015-07-09,,,-0.017493553936952844,-0.01845314759134664,19.66,0.22187694220012433,0.17093508040500294,0.010956902848794803,-0.0016230838593327412,2.22,-0.04999999999999982,0.55,-0.029999999999999916,1.6700000000000002,0.13,0.0
2015-07-10,,,0.00010341071518848999,-0.01835164512934806,19.97,0.01576805696846373,0.18939845145920198,-0.004244942196531709,-0.005861136158701541,2.32,0.09999999999999964,0.6,0.04999999999999993,1.7199999999999998,0.13,0.0
2015-07-11,,,0.015652465630981327,-0.002986427993025842,16.83,-0.15723585378067106,0.002382370458606342,0.011337868480725488,0.0054102795311090635,2.42,0.10000000000000009,0.65,0.050000000000000044,1.77,0.13,0.0
2015-07-12,,,0.0,0.0003372063023630023,16.83,0.0,-0.010582010582010803,0.0,0.006681112314915305,2.42,0.0,0.65,0.0,1.77,0.13,0.0
2015-07-13,,,0.0,-0.0020117135464411406,16.83,0.0,0.045991298943443004,0.0,0.018078889700511303,2.42,0.0,0.65,0.0,1.77,0.13,0.0
2015-07-14,,,0.016813909030236607,0.03283634909619049,13.9,-0.17409387997623282,-0.2929806714140386,-0.011659192825111964,-0.004696531791907432,2.44,0.020000000000000018,0.69,0.039999999999999925,1.75,0.13,0.0
2015-07-15,,,0.0064523736947850185,0.039393110801166475,13.37,-0.03812949640287777,-0.3304957436154231,-0.0004537205081671658,-0.0009070294784581101,2.41,-0.029999999999999805,0.66,-0.029999999999999916,1.75,0.13,0.0
2015-07-16,,,0.0010810285024549504,0.02448106964695773,13.23,-0.010471204188481575,-0.21390374331550788,-0.004539264639128349,-0.01659192825112099,2.36,-0.050000000000000266,0.64,-0.020000000000000018,1.7199999999999998,0.13,0.0
2015-07-17,,,0.014694061426211658,0.03953485741434104,12.11,-0.08465608465608476,-0.28045157456922154,-0.0061103511171910485,-0.02260089686098643,2.36,0.0,0.67,0.030000000000000027,1.69,0.14,0.010000000000000009
2015-07-18,,,0.014516093930227125,0.05462484304831294,11.95,-0.013212221304706895,-0.28995840760546643,-0.004587997797761201,-0.02708520179372198,2.34,-0.020000000000000018,0.68,0.010000000000000009,1.6599999999999997,0.13,0.0
2015-07-19,,,0.0,0.03718569708997954,11.95,0.0,-0.1402877697841728,0.0,-0.015607985480943887,2.34,0.0,0.68,0.0,1.6599999999999997,0.13,0.0
2015-07-20,,,0.0,0.03053629182906037,11.95,0.0,-0.10620792819745695,0.0,-0.015161143894689033,2.34,0.0,0.68,0.0,1.6599999999999997,0.13,0.0
2015-07-21,,,0.003878496653509478,0.033416071160420335,12.25,0.025104602510460206,-0.07407407407407407,0.00018436578171088236,-0.010487916096671324,2.38,0.040000000000000036,0.71,0.029999999999999916,1.67,0.14,0.010000000000000009
2015-07-22,,,-0.0011261453774618069,0.017303967442164225,12.22,-0.002448979591836653,0.009083402146986108,0.007096774193548372,0.002661038722701292,2.35,-0.029999999999999805,0.71,0.0,1.6400000000000001,0.13,-0.010000000000000009
2015-07-23,,,-0.010946836071290322,-0.008228934271494848,12.12,-0.008183306055646544,0.014225941422594035,-0.003935206369543254,0.0033185840707965486,2.33,-0.020000000000000018,0.75,0.040000000000000036,1.58,0.13,0.0
2015-07-24,,,-0.004414652927384188,-0.012607259310108199,12.64,0.04290429042904309,0.05774058577405872,0.008452774715178135,0.01179941002949847,2.28,-0.050000000000000266,0.71,-0.040000000000000036,1.5699999999999998,0.13,0.0
2015-07-25,,,-0.009876532481103983,-0.0223592757851383,13.74,0.08702531645569622,0.14979079497907954,0.0,0.01179941002949847,2.27,-0.009999999999999787,0.7,-0.010000000000000009,1.57,0.13,0.0
2015-07-26,,,0.0,-0.02613640248905913,13.74,0.0,0.12163265306122462,0.0,0.011612903225806326,2.27,0.0,0.7,0.0,1.57,0.13,-0.010000000000000009
2015-07-27,,,0.0,-0.02503845405088556,13.74,0.0,0.12438625204582654,0.0,0.004484304932735439,2.27,0.0,0.7,0.0,1.57,0.13,0.0
2015-07-28,,,-0.008399581337481865,-0.022527491542727485,15.6,0.1353711790393013,0.28712871287128716,0.012390670553935834,0.02094818081587646,2.23,-0.040000000000000036,0.68,-0.019999999999999907,1.5499999999999998,0.14,0.010000000000000009
2015-07-29,,,0.009103602716475923,-0.009255175620216383,13.44,-0.13846153846153852,0.06329113924050622,-0.00512958963282939,0.007197521865889289,2.26,0.029999999999999805,0.69,0.009999999999999898,1.5699999999999998,0.14,0.010000000000000009
2015-07-30,,,0.004686167145078413,0.005316662899874425,12.5,-0.06994047619047616,-0.0902474526928676,-0.0026232473993667016,0.004555393586005874,2.29,0.03000000000000025,0.7,0.010000000000000009,1.59,0.14,0.010000000000000009
2015-07-31,,,0.0037083115068972106,0.009044690248981357,12.13,-0.02959999999999996,-0.11717612809315858,-0.01015780881552708,-0.005648688046647199,2.28,-0.010000000000000231,0.72,0.020000000000000018,1.5599999999999998,0.14,0.010000000000000009
2015-08-01,,,-0.002104993052218229,0.006920658186629458,12.12,-0.0008244023083265883,-0.11790393013100442,0.010445299615173154,0.004737609329446224,2.2,-0.07999999999999963,0.67,-0.04999999999999993,1.5300000000000002,0.08,-0.05
2015-08-02,,,0.0,0.015450013166367516,12.12,0.0,-0.22307692307692306,0.0,-0.0075593952483801186,2.2,0.0,0.67,0.0,1.5300000000000002,0.08,-0.06000000000000001
2015-08-03,,,0.0,0.006289156467985224,12.12,0.0,-0.0982142857142857,0.0,-0.002442333785617312,2.2,0.0,0.67,0.0,1.5300000000000002,0.08,-0.06000000000000001
2015-08-04,,,-0.0018413958870406866,-0.0002488213724464172,12.56,0.03630363036303641,0.0048000000000001375,-0.00598476605005438,-0.005804462180301062,2.16,-0.040000000000000036,0.68,0.010000000000000009,1.48,0.14,0.0
2015-08-05,,,-0.002835959707103597,-0.00676729171332946,13.0,0.03503184713375784,0.0717230008244023,-0.0008210180623975383,0.003573391973611839,2.23,0.06999999999999984,0.74,0.05999999999999994,1.49,0.14,0.0
2015-08-06,,,0.0076125294747420025,0.0029048292513909058,12.51,-0.03769230769230769,0.03217821782178221,-0.007760430932164608,-0.014508523757707614,2.28,0.04999999999999982,0.73,-0.010000000000000009,1.5499999999999998,0.14,0.06000000000000001
2015-08-07,,,-0.01602045960228049,-0.013162167050563167,13.77,0.1007194244604317,0.13613861386138626,0.004968715495031306,-0.009611896989481283,2.23,-0.04999999999999982,0.71,-0.020000000000000018,1.52,0.14,0.06000000000000001
2015-08-08,,,-0.001861539446749605,-0.014999204604143501,13.39,-0.027596223674654974,0.1047854785478548,0.0032960996154551836,-0.006347479143997026,2.18,-0.04999999999999982,0.73,0.020000000000000018,1.4500000000000002,0.14,0.06000000000000001
2015-08-09,,,0.0,-0.013182082148954444,13.39,0.0,0.06608280254777066,0.0,-0.00036489691662100476,2.18,0.0,0.73,0.0,1.4500000000000002,0.14,0.0
2015-08-10,,,0.0,-0.010375547075295533,13.39,0.0,0.030000000000000027,0.0,0.0004564959371862187,2.18,0.0,0.73,0.0,1.4500000000000002,0.14,0.0
2015-08-11,,,0.011732093237287744,-0.00632952649144769,12.23,-0.08663181478715465,-0.022382094324540303,0.0032852710348603154,0.011593669488406233,2.24,0.06000000000000005,0.73,0.0,1.5100000000000002,0.14,0.0
2015-08-12,,,-0.012927745013787129,-0.0032063526413765864,13.71,0.12101390024529857,-0.004357298474945481,0.004366017827906354,0.010986998718183427,2.15,-0.0900000000000003,0.68,-0.04999999999999993,1.4699999999999998,0.15,0.009999999999999981
2015-08-13,,,0.003145775688470742,0.0017942160315744804,13.61,-0.007293946024799491,0.01643017176997752,0.014127875384893906,0.021901806899069065,2.14,-0.009999999999999787,0.67,-0.010000000000000009,1.4700000000000002,0.15,0.009999999999999981
2015-08-14,,,-0.0019588400663399508,-0.00016813861701570065,13.49,-0.00881704628949298,0.007468259895444307,-0.0048222896945882,0.016973900346778592,2.19,0.04999999999999982,0.72,0.04999999999999993,1.47,0.15,0.009999999999999981
2015-08-15,,,0.0025269288300009407,0.0023583653386665127,12.83,-0.048925129725722716,-0.041822255414488474,-0.0030509691313711507,0.013871144369410393,2.2,0.010000000000000231,0.73,0.010000000000000009,1.4700000000000002,0.14,0.0
2015-08-16,,,0.0,-0.009265029706261196,12.83,0.0,0.04905968928863458,0.0,0.010551209750773172,2.2,0.0,0.73,0.0,1.4700000000000002,0.14,0.0
2015-08-17,,,0.0,0.003710686111400241,12.83,0.0,-0.06418672501823497,0.0,0.006158304654953817,2.2,0.0,0.73,0.0,1.4700000000000002,0.14,-0.009999999999999981
2015-08-18,,,0.007864057527026569,0.008431624998067822,13.02,0.014809041309431059,-0.04335047759000732,-0.002880288028802913,-0.010716199321307407,2.16,-0.040000000000000036,0.72,-0.010000000000000009,1.4400000000000002,0.15,0.0
2015-08-19,,,-0.00532151358737909,0.005033943159590271,13.79,0.05913978494623651,0.02223869532987388,-0.004513450081242043,-0.010409188801148606,2.2,0.040000000000000036,0.74,0.020000000000000018,1.4600000000000002,0.15,0.0
2015-08-20,,,-0.006862509824815621,-0.004378975619876657,15.25,0.10587382160986225,0.18862042088854247,0.0029923830250273564,-0.004410441044104374,2.12,-0.08000000000000007,0.67,-0.06999999999999995,1.4500000000000002,0.15,0.009999999999999981
2015-08-21,,,-0.027881354053514662,-0.03213823790374193,19.14,0.2550819672131148,0.49181605611847234,0.012566675707440522,0.00810081008100827,2.09,-0.03000000000000025,0.69,0.019999999999999907,1.4,0.15,0.009999999999999981
2015-08-22,,,-0.04284023506714729,-0.07360166330444906,28.03,0.46447230929989547,1.1847233047544816,0.01392857142857129,0.02214221422142204,2.05,-0.040000000000000036,0.64,-0.04999999999999993,1.4099999999999997,0.15,0.009999999999999981
2015-08-23,,,0.0,-0.08083006852269958,28.03,0.0,1.1528417818740402,0.0,0.025094782451706044,2.05,0.0,0.64,0.0,1.4099999999999997,0.15,0.0
2015-08-24,,,0.0,-0.07591252446571706,28.03,0.0,1.0326323422770125,0.0,0.029742473703300742,2.05,0.0,0.64,0.0,1.4099999999999997,0.15,0.0
2015-08-25,,,-0.03780314347182823,-0.10470194417965373,40.74,0.4534427399215126,1.6714754098360656,0.01972525537160963,0.04692161649037141,2.01,-0.040000000000000036,0.59,-0.050000000000000044,1.42,0.15,0.0
2015-08-26,,,-0.005516763234784228,-0.0841046901688205,36.02,-0.11585665193912609,0.8819226750261233,-0.014680483592400595,0.018749999999999822,2.12,0.11000000000000032,0.67,0.08000000000000007,1.4500000000000002,0.15,0.0
2015-08-27,,,0.05061349693251538,0.005320124747752786,30.32,-0.15824541921154922,0.08169818052087052,-0.0017528483786152238,0.0029940119760478723,2.18,0.06000000000000005,0.67,0.0,1.5100000000000002,0.14,-0.009999999999999981
2015-08-28,,,0.02493601289221714,0.03038880033926805,26.1,-0.1391820580474934,-0.06885479843025333,-0.013257243195785917,-0.010302923564635469,2.18,0.0,0.68,0.010000000000000009,1.5,0.14,-0.009999999999999981
2015-08-29,,,0.000994261032829069,0.03141327577210884,26.05,-0.0019157088122605526,-0.07063860149839463,-0.005961384464809982,-0.01620288834096506,2.19,0.009999999999999787,0.72,0.039999999999999925,1.47,0.14,-0.009999999999999981
2015-08-30,,,0.0,0.07193581934333682,26.05,0.0,-0.3605792832596957,0.0,-0.03523316062176163,2.19,0.0,0.72,0.0,1.47,0.14,-0.009999999999999981
2015-08-31,,,0.0,0.07788224045892744,26.05,0.0,-0.2767906718489729,0.0,-0.020858895705521463,2.19,0.0,0.72,0.0,1.47,0.14,-0.009999999999999981
2015-09-01,,,-0.012598403370661981,0.013029671058867986,28.43,0.09136276391554699,-0.06233509234828494,0.001969208736126049,-0.017208077260755128,2.21,0.020000000000000018,0.74,0.020000000000000018,1.47,0.08,-0.06000000000000001
2015-09-02,,,-0.03086852977368537,-0.042126608737473425,31.4,0.10446711220541682,0.2030651340996168,0.006164016437377295,0.0021354213008275558,2.17,-0.040000000000000036,0.7,-0.040000000000000036,1.47,0.14,0.0
2015-09-03,,,0.02742219314783112,-0.0168371401116163,26.09,-0.1691082802547771,0.0015355086372359494,-0.0018645121193288094,0.006265664160401085,2.2,0.03000000000000025,0.72,0.020000000000000018,1.4800000000000002,0.14,0.0
2015-09-04,,,-0.005070214720539035,-0.021821986916509606,25.61,-0.01839785358374857,-0.016890595009596998,-0.012275395837039738,-0.006086645184389505,2.18,-0.020000000000000018,0.71,-0.010000000000000009,1.4700000000000002,0.14,0.0
2015-09-05,,,-0.011790820965132731,-0.033355508740806394,27.8,0.08551347130027342,0.06717850287907878,0.001170749279538752,-0.004923021840315123,2.13,-0.050000000000000266,0.71,0.0,1.42,0.14,0.0
2015-09-06,,,0.0,-0.021021948355159914,27.8,0.0,-0.02215969046781563,0.0,-0.0068786850098266905,2.13,0.0,0.71,0.0,1.42,0.14,0.06000000000000001
2015-09-07,,,0.0,0.010160212232325883,27.8,0.0,-0.1146496815286624,0.0,-0.012962798543904919,2.13,0.0,0.71,0.0,1.42,0.14,0.0
2015-09-08,,,0.0,-0.01680125369164709,27.8,0.0,0.06554235339210424,0.0,-0.011119017968333145,2.13,0.0,0.71,0.0,1.42,0.14,0.0
2015-09-09,,,0.02839138580359002,0.016265807091495166,24.9,-0.10431654676259006,-0.027723545490042967,0.005846901142394723,0.0070244956772334,2.2,0.07000000000000028,0.74,0.030000000000000027,1.4600000000000002,0.14,0.0
2015-09-10,,,-0.01163695849686186,0.016424037928463475,26.23,0.05341365461847403,-0.05647482014388494,-0.001520300482918957,0.004317711612845221,2.21,0.009999999999999787,0.75,0.010000000000000009,1.46,0.14,0.0
2015-09-11,,,0.010074175081404624,0.026663671643502918,24.37,-0.07091117041555473,-0.12338129496402872,0.008687863860277645,0.013043087163803424,2.23,0.020000000000000018,0.75,0.0,1.48,0.14,0.0
2015-09-12,,,0.0062681842515650565,0.033098988701752985,23.2,-0.04800984817398446,-0.16546762589928066,0.006748357307760466,0.019879463884141524,2.2,-0.029999999999999805,0.71,-0.040000000000000036,1.4900000000000002,0.14,0.0
2015-09-13,,,0.0,0.033098988701752985,23.2,0.0,-0.16546762589928066,0.0,0.019879463884141524,2.2,0.0,0.71,0.0,1.4900000000000002,0.14,0.0
2015-09-14,,,0.0,0.004577637427878978,23.2,0.0,-0.06827309236947787,0.0,0.013950992666785789,2.2,0.0,0.71,0.0,1.4900000000000002,0.14,0.0
2015-09-15,,,-0.0033470345089202658,0.01300356181452722,24.25,0.04525862068965525,-0.07548608463591311,-0.0027341682836478087,0.012718316166592025,2.18,-0.020000000000000018,0.73,0.020000000000000018,1.4500000000000002,0.14,0.0
2015-09-16,,,0.011957036363129836,0.014891883713893161,22.54,-0.07051546391752583,-0.07509232663110388,-0.0041567170779164275,-0.00017758835020442731,2.28,0.09999999999999964,0.82,0.08999999999999997,1.46,0.14,0.0
2015-09-17,,,0.00536433440054318,0.013980287886603326,21.35,-0.052795031055900554,-0.07974137931034475,0.003907637655417462,-0.0029987652143234067,2.3,0.020000000000000018,0.82,0.0,1.48,0.14,0.0
2015-09-18,,,0.00029427397591508253,0.01427867589741938,21.14,-0.00983606557377048,-0.08879310344827585,0.0007077140835101137,-0.002293173399188553,2.21,-0.08999999999999986,0.7,-0.12,1.51,0.14,0.0
2015-09-19,,,-0.01393399255637462,0.0001457243773752559,22.28,0.05392620624408706,-0.039655172413793016,0.004066478076379054,0.0017639795378374679,2.13,-0.08000000000000007,0.69,-0.010000000000000009,1.44,0.14,0.0
2015-09-20,,,0.0,0.0035044885303427975,22.28,0.0,-0.08123711340206186,0.0,0.00451048023348366,2.13,0.0,0.69,0.0,1.44,0.14,0.0
2015-09-21,,,0.0,-0.008352674598879006,22.28,0.0,-0.01153504880212941,0.0,0.008703374777975226,2.13,0.0,0.69,0.0,1.44,0.14,0.0
2015-09-22,,,0.00283774220256916,-0.01084479443023767,20.14,-0.09605026929982052,-0.05667447306791573,-0.013558725127663207,-0.008846426043878308,2.2,0.07000000000000028,0.72,0.030000000000000027,1.4800000000000002,0.14,0.0
2015-09-23,,,-0.01430538291056771,-0.025281872582646026,22.44,0.11420059582919562,0.06149479659413437,-0.006337022491967215,-0.015823903818953378,2.14,-0.06000000000000005,0.69,-0.030000000000000027,1.4500000000000002,0.14,0.0
2015-09-24,,,-0.00013336140941966335,-0.011640062351695013,22.13,-0.013814616755793319,-0.006732495511669767,0.0024252223120453387,-0.017432646592709822,2.16,0.020000000000000018,0.7,0.010000000000000009,1.4600000000000002,0.14,0.0
2015-09-25,,,-0.0029086024902128527,-0.014514808527565481,23.47,0.06055128784455488,0.053411131059245776,0.008243727598566286,-0.009332628983976021,2.13,-0.03000000000000025,0.67,-0.029999999999999916,1.46,0.14,0.0
2015-09-26,,,-0.008533007908756107,-0.022923961460361797,23.62,0.00639113762249699,0.060143626570915654,-0.005332385353714941,-0.014615249163585142,2.17,0.040000000000000036,0.7,0.029999999999999916,1.47,0.13,-0.010000000000000009
2015-09-27,,,0.0,-0.025688805455556074,23.62,0.0,0.1727904667328699,0.0,-0.001071046054980429,2.17,0.0,0.7,0.0,1.47,0.13,-0.010000000000000009
2015-09-28,,,0.0,-0.0115486301209613,23.62,0.0,0.05258467023172897,0.0,0.005299559867061987,2.17,0.0,0.7,0.0,1.47,0.13,-0.010000000000000009
2015-09-29,,,-0.02870472502449839,-0.03979380044132119,27.63,0.1697713801862828,0.24853140533212836,0.00393137955682632,0.006810035842293782,2.1,-0.06999999999999984,0.67,-0.029999999999999916,1.4300000000000002,0.13,-0.010000000000000009
2015-09-30,,,-0.00489829339558967,-0.041709887118349775,26.83,-0.028954035468693462,0.14316148274392848,0.0008899964400144178,-0.0005332385353714608,2.05,-0.050000000000000266,0.64,-0.030000000000000027,1.4099999999999997,0.13,-0.010000000000000009
2015-10-01,,,0.02392386680609415,-0.010339097790633134,24.5,-0.08684308609765179,0.03725656223539375,-0.007469322425751379,-0.00268048606147242,2.06,0.010000000000000231,0.64,0.0,1.42,0.07,-0.06
2015-10-02,,,0.0028461681965816776,-0.007522356405364583,22.55,-0.07959183673469383,-0.04530059271803555,0.003404407812219956,0.0007147962830593713,2.05,-0.010000000000000231,0.64,0.0,1.4099999999999997,0.13,0.0
2015-10-03,,,0.017765492635274382,0.01010949786259041,20.94,-0.0713968957871397,-0.11346316680779,0.006785714285714173,0.007505360972122954,1.99,-0.05999999999999983,0.58,-0.06000000000000005,1.4100000000000001,0.13,0.0
2015-10-04,,,0.0,0.039961301045212894,20.94,0.0,-0.24212812160694885,0.0,0.003559985760057005,1.99,0.0,0.58,0.0,1.4100000000000001,0.13,0.0
2015-10-05,,,0.0,0.04508041152283537,20.94,0.0,-0.21953037644427864,0.0,0.002667615152053937,1.99,0.0,0.58,0.0,1.4100000000000001,0.13,0.0
2015-10-06,,,0.014992559959694951,0.03596456401008363,19.54,-0.06685768863419306,-0.20244897959183672,-0.0067399787158565205,0.003404407812219956,2.07,0.07999999999999985,0.61,0.030000000000000027,1.46,0.13,0.06
2015-10-07,,,-0.005709430834620499,0.027126421430206715,19.4,-0.007164790174002067,-0.13968957871396903,0.005892857142857144,0.005892857142857144,2.05,-0.020000000000000018,0.61,0.0,1.44,0.13,0.0
2015-10-08,,,0.006213574198342231,0.01546825387526507,18.4,-0.05154639175257736,-0.12129894937917873,-0.0015089650275164068,-0.0023944661227385255,2.08,0.03000000000000025,0.65,0.040000000000000036,1.4300000000000002,0.13,0.0
2015-10-09,,,0.003851425881397308,0.01937925458997758,17.42,-0.05326086956521725,-0.16809933142311362,0.002933594097253245,0.0005321035828309562,2.12,0.040000000000000036,0.65,0.0,1.4700000000000002,0.13,0.0
2015-10-10,,,0.004565359815178915,0.02403308767530965,17.08,-0.019517795637198798,-0.18433619866284634,0.00717957808899139,0.007715501951046644,2.12,0.0,0.65,0.0,1.4700000000000002,0.13,0.0
2015-10-11,,,0.0,0.00890698914677146,17.08,0.0,-0.12589559877175027,0.0,0.014553571428571388,2.12,0.0,0.65,0.0,1.4700000000000002,0.13,0.0
2015-10-12,,,0.0,0.014700350616481339,17.08,0.0,-0.1195876288659794,0.0,0.008609976921711393,2.12,0.0,0.65,0.0,1.4700000000000002,0.13,0.0
2015-10-13,,,0.0028718469751785047,0.011330438033349877,16.17,-0.053278688524589946,-0.12119565217391293,0.0,0.010134234154147048,2.12,0.0,0.65,0.0,1.4700000000000002,0.13,0.0
2015-10-14,,,-0.006758606841663517,0.0006413571945795837,17.67,0.09276437847866426,0.014351320321469574,0.0016720936372436324,0.008863676653075636,2.06,-0.06000000000000005,0.64,-0.010000000000000009,1.42,0.13,0.0
2015-10-15,,,-0.0013829733467494165,-0.005283740769471912,18.03,0.02037351443123936,0.05562060889929765,0.004832191179054535,0.0065123646924225564,1.99,-0.07000000000000006,0.57,-0.07000000000000006,1.42,0.13,0.0
2015-10-16,,,0.016402418263966156,0.011032011368395045,16.05,-0.10981697171381033,-0.060304449648711844,-0.0016612748098278063,0.004840271055178924,2.04,0.050000000000000044,0.61,0.040000000000000036,1.4300000000000002,0.13,0.0
2015-10-17,,,0.004617244048508162,0.015700192905736987,15.05,-0.06230529595015577,-0.1188524590163933,-0.005079698721317194,-0.0002640147848280705,2.04,0.0,0.61,0.0,1.4300000000000002,0.13,0.0
2015-10-18,,,0.0,0.012791610382972385,15.05,0.0,-0.06926406926406936,0.0,-0.0002640147848280705,2.04,0.0,0.61,0.0,1.4300000000000002,0.13,0.0
2015-10-19,,,0.0,0.019683248563040268,15.05,0.0,-0.14827391058290895,0.0,-0.0019328764716219915,2.04,0.0,0.61,0.0,1.4300000000000002,0.13,0.0
2015-10-20,,,0.005283173599001545,0.02649002052027627,14.98,-0.0046511627906976605,-0.1691625069328897,-0.0035211267605633756,-0.010229955407886737,2.04,0.0,0.61,0.0,1.4300000000000002,0.13,0.0
2015-10-21,,,-0.005354017305869152,0.004517656431775707,15.75,0.051401869158878455,-0.01869158878504673,0.003445229681978912,-0.005167279733753749,2.08,0.040000000000000036,0.66,0.050000000000000044,1.42,0.13,0.0
2015-10-22,,,-0.0055563316494599,-0.005654910760551579,16.7,0.060317460317460325,0.10963455149501655,-0.0012325028611672728,-0.001320422535211141,2.04,-0.040000000000000036,0.64,-0.020000000000000018,1.4,0.13,0.0
2015-10-23,,,0.020323913792165804,0.014554073112814425,14.45,-0.1347305389221557,-0.039867109634551534,-0.018069634200088114,-0.0193661971830984,2.04,0.0,0.61,-0.030000000000000027,1.4300000000000002,0.12,-0.010000000000000009
2015-10-24,,,0.026840793920794415,0.04178550991073804,14.46,0.0006920415224913601,-0.039202657807308916,-0.011131059245960695,-0.03028169014084503,2.09,0.04999999999999982,0.66,0.050000000000000044,1.4299999999999997,0.12,-0.010000000000000009
2015-10-25,,,0.0,0.03631050162816818,14.46,0.0,-0.03471295060080104,0.0,-0.026855123674911607,2.09,0.0,0.66,0.0,1.4299999999999997,0.12,-0.010000000000000009
2015-10-26,,,0.0,0.04188879225268005,14.46,0.0,-0.08190476190476181,0.0,-0.030196320098600182,2.09,0.0,0.66,0.0,1.4299999999999997,0.12,-0.010000000000000009
2015-10-27,,,0.0014619092621468432,0.04924187496601351,15.29,0.057399723374826905,-0.08443113772455091,0.003177196804647897,-0.025914499779638667,2.07,-0.020000000000000018,0.66,0.0,1.4099999999999997,0.12,-0.010000000000000009
2015-10-28,,,0.0018096029886520704,0.030202832639755428,15.43,0.00915631131458472,0.06782006920415218,9.048954845725099e-05,-0.007899461400359242,2.05,-0.020000000000000018,0.65,-0.010000000000000009,1.4,0.12,0.0
2015-10-29,,,0.008482011023381197,0.01178394019147544,14.33,-0.07128969539857422,-0.008990318118948903,0.001266739051755339,0.0045388525780682976,2.1,0.050000000000000266,0.73,0.07999999999999996,1.37,0.12,0.0
2015-10-30,,,-0.0016714473194857637,0.010092796636743673,14.61,0.01953942777390094,0.010373443983402453,-0.00930778962588108,-0.004811183732752244,2.19,0.08999999999999986,0.75,0.020000000000000018,1.44,0.12,0.0
2015-10-31,,,-0.004695167381753795,0.005350241885430318,15.07,0.031485284052019225,0.04218533886583664,0.007206056736294819,0.0023602033405956124,2.16,-0.029999999999999805,0.75,0.0,1.4100000000000001,0.07,-0.04999999999999999
2015-11-01,,,0.0,0.003882656531738249,15.07,0.0,-0.014388489208633004,0.0,-0.0008144059361142597,2.16,0.0,0.75,0.0,1.4100000000000001,0.07,-0.04999999999999999
2015-11-02,,,0.0,0.002069308915488177,15.07,0.0,-0.02333117303953336,0.0,-0.0009048136083965597,2.16,0.0,0.75,0.0,1.4100000000000001,0.07,-0.04999999999999999
2015-11-03,,,0.01184814243583876,0.005414035882682411,14.15,-0.06104844061048442,-0.012561060711793415,-0.0014490128599892182,-0.0036146755828664334,2.2,0.040000000000000036,0.77,0.020000000000000018,1.4300000000000002,0.12,0.0
2015-11-04,,,0.0032185989953039673,0.010338788548330369,14.54,0.027561837455830407,-0.00479123887748123,-0.007255577725376439,-0.0015506704369242508,2.23,0.029999999999999805,0.8,0.030000000000000027,1.43,0.12,0.0
2015-11-05,,,-0.0003178605863468631,0.014782214019441575,15.51,0.06671251719394777,0.029197080291970767,-0.007765393751141936,-0.016391957978627025,2.25,0.020000000000000018,0.84,0.039999999999999925,1.4100000000000001,0.12,0.04999999999999999
2015-11-06,,,-0.003105425485686597,0.01163088346960417,15.05,-0.029658284977433835,-0.0013271400132713884,0.0007365804253751662,-0.015667451548632583,2.26,0.009999999999999787,0.85,0.010000000000000009,1.4099999999999997,0.12,0.04999999999999999
2015-11-07,,,0.0009207084990112691,0.01256230062187691,14.33,-0.04784053156146184,-0.049104180491041816,-0.011316588462600086,-0.02680673790979904,2.34,0.08000000000000007,0.9,0.050000000000000044,1.44,0.12,0.04999999999999999
2015-11-08,,,0.0,0.0007057958166716283,14.33,0.0,0.01272084805653706,0.0,-0.025394522038817313,2.34,0.0,0.9,0.0,1.44,0.12,0.0
2015-11-09,,,0.0,-0.0025047414204131258,14.33,0.0,-0.014442916093534985,0.0,-0.01827151470856936,2.34,0.0,0.9,0.0,1.44,0.12,0.0
2015-11-10,,,-0.010985229105014871,-0.013148774257824458,16.52,0.15282623866015355,0.06511927788523542,0.0019542155220546586,-0.008654819998158647,2.36,0.020000000000000018,0.89,-0.010000000000000009,1.4699999999999998,0.12,0.0
2015-11-11,,,-0.0029620751280202695,-0.013006868102660052,15.29,-0.07445520581113807,0.01594684385382039,-0.007522986904430207,-0.016836875517526884,2.32,-0.040000000000000036,0.87,-0.020000000000000018,1.4499999999999997,0.12,0.0
2015-11-12,,,-0.001031942831659749,-0.014932348748627144,16.06,0.050359712230215736,0.12072575017445919,0.0,-0.005583472920156374,2.32,0.0,0.87,0.0,1.4499999999999997,0.12,0.0
2015-11-13,,,-0.010353810918407258,-0.02513155295152336,18.37,0.1438356164383563,0.2819260293091417,0.007673591615197539,0.0020472734040573037,2.32,0.0,0.89,0.020000000000000018,1.4299999999999997,0.12,0.0
2015-11-14,,,-0.018912905622879395,-0.04356914788527422,20.08,0.09308655416439837,0.40125610607117923,-0.004271916790490327,-0.002233389168062483,2.28,-0.040000000000000036,0.86,-0.030000000000000027,1.42,0.12,0.0
2015-11-15,,,0.0,-0.03294583634051618,20.08,0.0,0.21549636803874095,0.0,-0.004179437169127831,2.28,0.0,0.86,0.0,1.42,0.12,0.0
2015-11-16,,,0.0,-0.030072839221583214,20.08,0.0,0.3132766514061478,0.0,0.003368893879842849,2.28,0.0,0.86,0.0,1.42,0.12,0.0
2015-11-17,,,0.014066643862696404,-0.01541318196914332,18.16,-0.095617529880478,0.1307596513075966,-0.001305726543555319,0.00205876848212605,2.27,-0.009999999999999787,0.88,0.020000000000000018,1.3900000000000001,0.13,0.010000000000000009
2015-11-18,,,7.66624246790748e-05,-0.005036032364843401,18.84,0.037444933920704804,0.025585193249863858,-0.006910720956294414,-0.012444279346211062,2.25,-0.020000000000000018,0.86,-0.020000000000000018,1.3900000000000001,0.13,0.010000000000000009
2015-11-19,,,0.019190419245612045,0.033606240587809255,16.85,-0.1056263269639065,-0.16085657370517914,0.00037615196539420026,-0.007834359261331802,2.27,0.020000000000000018,0.9,0.040000000000000036,1.37,0.12,0.0
2015-11-20,,,0.000410449044148109,0.03403048328128411,16.99,0.008308605341246222,-0.1538844621513944,0.010152284263959421,0.0022383883603804833,2.24,-0.029999999999999805,0.91,0.010000000000000009,1.33,0.12,0.0
2015-11-21,,,0.006661153296744438,0.04091831884392749,15.47,-0.08946439081812818,-0.22958167330677282,-0.008002977852224036,-0.0057825032643163965,2.26,0.019999999999999574,0.93,0.020000000000000018,1.3299999999999996,0.12,0.0
2015-11-22,,,0.0,0.026479201484184367,15.47,0.0,-0.14812775330396477,0.0,-0.004482629809488103,2.26,0.0,0.93,0.0,1.3299999999999996,0.12,-0.010000000000000009
2015-11-23,,,0.0,0.02640051513200259,15.47,0.0,-0.1788747346072186,0.0,0.0024449877750611915,2.26,0.0,0.93,0.0,1.3299999999999996,0.12,-0.010000000000000009
2015-11-24,,,-0.002468867095144156,0.004588003713382083,15.62,0.009696186166774368,-0.0729970326409497,-0.005440900562851847,-0.0033840947546531774,2.25,-0.009999999999999787,0.94,0.009999999999999898,1.31,0.12,0.0
2015-11-25,,,-0.001150853835145571,0.003020181081980766,15.93,0.01984635083226638,-0.06238964096527366,0.00471609130352757,-0.008747440908244974,2.24,-0.009999999999999787,0.93,-0.009999999999999898,1.31,0.12,0.0
2015-11-26,,,0.0007431345716053528,-0.0028764328818100537,15.19,-0.0464532328939109,-0.018099547511312264,-0.003379647014644993,-0.004127579737335796,2.23,-0.010000000000000231,0.93,0.0,1.2999999999999998,0.12,0.0
2015-11-27,,,0.0,-0.0028764328818100537,15.19,0.0,-0.018099547511312264,0.0,-0.004127579737335796,2.23,0.0,0.93,0.0,1.2999999999999998,0.12,0.0
2015-11-28,,,0.001624265977298922,-0.0012568389965771365,15.12,-0.004608294930875556,-0.022624434389140413,-0.0018839487565938118,-0.006003752345215774,2.22,-0.009999999999999787,0.92,-0.010000000000000009,1.3000000000000003,0.12,0.0
2015-11-29,,,0.0,0.0012150278408229465,15.12,0.0,-0.03201024327784896,0.0,-0.0005659309564232107,2.22,0.0,0.92,0.0,1.3000000000000003,0.12,0.0
2015-11-30,,,0.0,0.0023686075971054432,15.12,0.0,-0.05084745762711873,0.0,-0.005257228689447779,2.22,0.0,0.92,0.0,1.3000000000000003,0.12,0.0
2015-12-01,,,-0.0034099139616320384,-0.0017911865915666292,16.13,0.06679894179894186,0.06188281764318626,-0.0032087580218951306,-0.005086661642803358,2.21,-0.010000000000000231,0.94,0.019999999999999907,1.27,0.08,-0.039999999999999994
2015-12-02,,,0.011072974438901317,0.009261954083990886,14.67,-0.09051456912585243,-0.03423304805793281,0.005491384207536587,0.00037678975131871795,2.15,-0.06000000000000005,0.91,-0.029999999999999916,1.2399999999999998,0.13,0.010000000000000009
2015-12-03,,,-0.0063483851268828495,0.0012285091027182116,15.91,0.0845262440354464,0.05224867724867721,-0.004425612052730843,-0.002170630426576281,2.18,0.03000000000000025,0.94,0.029999999999999916,1.2400000000000002,0.13,0.010000000000000009
2015-12-04,,,-0.016958230727537438,-0.015750554965633823,18.11,0.13827781269641726,0.1977513227513228,0.031116996122198204,0.02887882219705551,2.33,0.1499999999999999,0.96,0.020000000000000018,1.37,0.13,0.010000000000000009
2015-12-05,,,0.02374124925381227,0.007616756436853445,14.81,-0.18221976808393148,-0.020502645502645467,-0.001651073197578401,0.027180067950169917,2.28,-0.050000000000000266,0.96,0.0,1.3199999999999998,0.13,0.010000000000000009
2015-12-06,,,0.0,0.011064399047273854,14.81,0.0,-0.0818350898946062,0.0,0.030486650255633352,2.28,0.0,0.96,0.0,1.3199999999999998,0.13,0.05
2015-12-07,,,0.0,-8.481476455379777e-06,14.81,0.0,0.009543285616905317,0.0,0.024858757062146797,2.28,0.0,0.96,0.0,1.3199999999999998,0.13,0.0
2015-12-08,,,-0.004770870970204344,0.0015790978656571308,15.84,0.06954760297096563,-0.00439974858579506,-0.004042631385519968,0.025253002931996837,2.23,-0.04999999999999982,0.94,-0.020000000000000018,1.29,0.13,0.0
2015-12-09,,,0.0002450134437812501,0.019106745536441094,17.6,0.11111111111111116,-0.028161236885698382,0.0033210332103319473,-0.0023848835076134556,2.24,0.010000000000000231,0.94,0.0,1.3000000000000003,0.13,0.0
2015-12-10,,,-0.015470406430985961,-0.01992739794576892,19.61,0.11420454545454528,0.32410533423362575,0.009930121368150191,0.009187798603454533,2.22,-0.020000000000000018,0.93,-0.009999999999999898,1.29,0.14,0.010000000000000009
2015-12-11,,,0.00452387854976255,-0.015493668524125703,19.34,-0.013768485466598701,0.30587440918298436,-0.00327749453750914,0.0058801911062109635,2.24,0.020000000000000018,0.95,0.019999999999999907,1.2900000000000003,0.14,0.010000000000000009
2015-12-12,,,-0.02271997932393577,-0.0378616320195414,24.39,0.2611168562564634,0.6468602295746118,0.004932407745707135,0.01084160235207654,2.13,-0.11000000000000032,0.88,-0.06999999999999995,1.25,0.14,0.010000000000000009
2015-12-13,,,0.0,-0.033249389596942125,24.39,0.0,0.5397727272727273,0.0,0.014944649446494429,2.13,0.0,0.88,0.0,1.25,0.14,0.010000000000000009
2015-12-14,,,0.0,-0.033486198471916584,24.39,0.0,0.3857954545454545,0.0,0.011585141596175186,2.13,0.0,0.88,0.0,1.25,0.14,0.010000000000000009
2015-12-15,,,0.007184478001392769,-0.01124587312370473,22.73,-0.06806068060680603,0.15910249872514037,0.002090528994728169,0.0037327021121631443,2.23,0.10000000000000009,0.97,0.08999999999999997,1.26,0.15,0.009999999999999981
2015-12-16,,,0.005945087261715054,-0.009846975587167961,20.95,-0.07831060272767276,0.08324715615305056,-0.010340136054421856,-0.003379612714651148,2.28,0.04999999999999982,0.98,0.010000000000000009,1.2999999999999998,0.15,0.009999999999999981
2015-12-17,,,0.01462370549862646,0.027988610618922882,17.86,-0.1474940334128878,-0.2677326773267733,0.0023829163229767136,-0.005908016724232135,2.3,0.020000000000000018,1.02,0.040000000000000036,1.2799999999999998,0.15,0.009999999999999981
2015-12-18,,,-0.014239285163016424,0.013350787647987028,18.94,0.06047032474804048,-0.2234522345223452,-0.012160555911127191,-0.01799672786766049,2.24,-0.05999999999999961,1.0,-0.020000000000000018,1.2400000000000002,0.37,0.22999999999999998
2015-12-19,,,-0.01811819561822836,-0.005009300152505003,20.7,0.09292502639915501,-0.1512915129151292,0.003980007404664976,-0.01408834757316857,2.19,-0.050000000000000266,0.97,-0.030000000000000027,1.22,0.37,0.22999999999999998
2015-12-20,,,0.0,-0.012106797136205327,20.7,0.0,-0.08930928288605378,0.0,-0.016145124716553272,2.19,0.0,0.97,0.0,1.22,0.37,0.22
2015-12-21,,,0.0,-0.017945198626159065,20.7,0.0,-0.011933174224343701,0.0,-0.005865640179635201,2.19,0.0,0.97,0.0,1.22,0.37,0.22
2015-12-22,,,0.010126627137677424,-0.022297923062411074,18.7,-0.09661835748792269,0.04703247480403139,0.006729971420669445,-0.0015543567705950112,2.2,0.010000000000000231,0.96,-0.010000000000000009,1.2400000000000002,0.36,0.21
2015-12-23,,,0.006295293330848217,-0.001931215665464725,16.6,-0.1122994652406416,-0.12354804646251316,0.0053113553113552925,0.016105146242132662,2.24,0.040000000000000036,0.99,0.030000000000000027,1.2500000000000002,0.36,-0.010000000000000009
2015-12-24,,,0.007698408893808573,0.024310992883453064,15.57,-0.06204819277108442,-0.24782608695652175,-0.009382401165968446,0.0025813589010785787,2.27,0.029999999999999805,1.01,0.020000000000000018,1.26,0.36,-0.010000000000000009
2015-12-25,,,-0.0003935484010473278,0.023907876930028493,15.74,0.010918432883750828,-0.2396135265700483,0.007356321839080415,0.009956670047017502,2.25,-0.020000000000000018,1.03,0.020000000000000018,1.22,0.36,-0.010000000000000009
2015-12-26,,,0.0,0.023907876930028493,15.74,0.0,-0.2396135265700483,0.0,0.009956670047017502,2.25,0.0,1.03,0.0,1.22,0.36,-0.010000000000000009
2015-12-27,,,0.0,0.013643091293813248,15.74,0.0,-0.15828877005347586,0.0,0.0032051282051279717,2.25,0.0,1.03,0.0,1.22,0.36,0.0
2015-12-28,,,0.0,0.007301830796250464,15.74,0.0,-0.051807228915662695,0.0,-0.002095099289488256,2.25,0.0,1.03,0.0,1.22,0.36,0.0
2015-12-29,,,-0.00030717513525446716,-0.0007006026480185223,16.91,0.07433290978398976,0.08606294155427108,0.0025559105431312013,0.009931034482758783,2.24,-0.009999999999999787,1.05,0.020000000000000018,1.1900000000000002,0.36,0.0
2015-12-30,,,0.01508866456771285,0.014776854569878983,16.08,-0.049083382613838045,0.021601016518424165,-0.006100336884275803,-0.003560018256503872,2.32,0.07999999999999963,1.09,0.040000000000000036,1.2299999999999998,0.36,0.0
2015-12-31,,,-0.008328572524876954,0.00632521194002722,17.29,0.07524875621890548,0.09847522236340533,-0.0003664345914253797,-0.003925148334093964,2.31,-0.009999999999999787,1.08,-0.010000000000000009,1.23,0.35,-0.010000000000000009
2016-01-01,,,-0.012626800028374796,-0.006381455274651393,18.21,0.05320994794679024,0.15692503176620076,-0.004857038123167068,-0.008763121862163215,2.27,-0.040000000000000036,1.06,-0.020000000000000018,1.21,0.2,-0.15999999999999998
2016-01-02,,,0.0,-0.006381455274651393,18.21,0.0,0.15692503176620076,0.0,-0.008763121862163215,2.27,0.0,1.06,0.0,1.21,0.2,-0.15999999999999998
2016-01-03,,,0.0,-0.006076146580544672,18.21,0.0,0.0768775872264933,0.0,-0.01129017572612212,2.27,0.0,1.06,0.0,1.21,0.2,-0.15999999999999998
2016-01-04,,,0.0,-0.02085020933345827,18.21,0.0,0.1324626865671643,0.0,-0.0052216929278122715,2.27,0.0,1.06,0.0,1.21,0.2,-0.15999999999999998
2016-01-05,,,-0.020771694239616,-0.0331362142385766,20.7,0.13673805601317945,0.1972238288027761,-0.0051570126162630014,-0.009989002932551228,2.24,-0.029999999999999805,1.02,-0.040000000000000036,1.2200000000000002,0.36,0.010000000000000009
2016-01-06,,,-0.003041446376721213,-0.02374996462215373,19.34,-0.06570048309178744,0.06205381658429432,-0.0055540127742294,-0.010682383276544805,2.25,0.009999999999999787,1.04,0.020000000000000018,1.21,0.36,0.15999999999999998
2016-01-07,,,-0.008962619698584917,-0.03249972241997545,20.59,0.06463288521199595,0.130697419000549,0.001768593502746052,-0.008932682567455608,2.18,-0.06999999999999984,0.99,-0.050000000000000044,1.1900000000000002,0.36,0.15999999999999998
2016-01-08,,,-0.031113931399485484,-0.06260245968558353,24.99,0.21369596891694997,0.3723228995057659,0.009106114105184915,9.20895110045894e-05,2.16,-0.020000000000000018,0.96,-0.030000000000000027,1.2000000000000002,0.36,0.15999999999999998
2016-01-09,,,-0.008114786841689758,-0.07020924091115932,27.01,0.08083233293317349,0.48325096101043385,0.002302025782688677,0.002394327286121989,2.13,-0.03000000000000025,0.94,-0.020000000000000018,1.19,0.36,0.15999999999999998
2016-01-10,,,0.0,-0.05048623122996265,27.01,0.0,0.3048309178743962,0.0,0.00759048412478025,2.13,0.0,0.94,0.0,1.19,0.36,0.0
2016-01-11,,,0.0,-0.047589525844190184,27.01,0.0,0.3965873836608067,0.0,0.013217909336312061,2.13,0.0,0.94,0.0,1.19,0.36,0.0
2016-01-12,,,0.0029900861200999884,-0.03610269150020584,24.3,-0.10033320992225103,0.18018455560951918,-0.0006430868167202064,0.010778665675525101,2.17,0.040000000000000036,0.94,0.0,1.23,0.36,0.0
2016-01-13,,,0.011712248018582727,0.006502977434668322,22.47,-0.07530864197530873,-0.10084033613445376,-0.0037690751976465764,-0.0021178637200736095,2.12,-0.04999999999999982,0.93,-0.009999999999999898,1.19,0.36,0.0
2016-01-14,,,-0.03475074531811018,-0.020525524611429313,25.22,0.1223854027592346,-0.06627175120325812,0.002306911506874565,-0.0021129995406522495,2.08,-0.040000000000000036,0.91,-0.020000000000000018,1.17,0.36,0.0
2016-01-15,,,0.02147918300216123,0.0005127868913876732,23.95,-0.05035685963521008,-0.11329137356534624,0.0,-0.0021129995406522495,2.1,0.020000000000000018,0.9,-0.010000000000000009,1.2000000000000002,0.36,0.0
2016-01-16,,,-0.030866118882182714,-0.03036915973194587,27.02,0.12818371607515666,0.0003702332469455172,0.009390535812925815,0.007257694074414456,2.03,-0.07000000000000028,0.85,-0.050000000000000044,1.1799999999999997,0.36,0.0
2016-01-17,,,0.0,-0.03325979619707964,27.02,0.0,0.11193415637860071,0.0,0.007905865048722038,2.03,0.0,0.85,0.0,1.1799999999999997,0.36,0.0
2016-01-18,,,0.0,-0.04445141818114695,27.02,0.0,0.20249221183800636,0.0,0.011719110454922799,2.03,0.0,0.85,0.0,1.1799999999999997,0.36,0.0
2016-01-19,,,0.0,-0.010049914896058443,27.02,0.0,0.0713719270420301,0.0,0.009390535812925815,2.03,0.0,0.85,0.0,1.1799999999999997,0.36,0.0
2016-01-20,,,0.0014464825601050446,-0.029464283624738852,26.05,-0.03589933382679489,0.08768267223382042,-0.005290040131338936,0.004050819370281733,2.06,0.03000000000000025,0.88,0.030000000000000027,1.1800000000000002,0.36,0.0
2016-01-21,,,-0.0026018369595883772,-0.001159117911269547,27.59,0.05911708253358916,0.021095484826054722,0.00018338529249950497,-0.005107624954396206,2.01,-0.050000000000000266,0.85,-0.030000000000000027,1.1599999999999997,0.37,0.010000000000000009
2016-01-22,,,0.00152794298258363,0.000367054005235401,26.69,-0.03262051467923155,-0.012213175425610623,-0.006875687568756894,-0.011948194089748343,2.02,0.010000000000000231,0.84,-0.010000000000000009,1.1800000000000002,0.37,0.010000000000000009
2016-01-23,,,0.02828416936223621,0.028661605185120953,22.34,-0.16298239040839269,-0.17320503330866022,-0.0017539001200037596,-0.013681138270704274,2.07,0.04999999999999982,0.88,0.040000000000000036,1.19,0.38,0.020000000000000018
2016-01-24,,,0.0,0.028661605185120953,22.34,0.0,-0.17320503330866022,0.0,-0.013681138270704274,2.07,0.0,0.88,0.0,1.19,0.38,0.020000000000000018
2016-01-25,,,0.0,0.02717581328504237,22.34,0.0,-0.14241842610364686,0.0,-0.008435723454979005,2.07,0.0,0.88,0.0,1.19,0.38,0.020000000000000018
2016-01-26,,,-0.014845871960223356,0.014566228591874841,24.15,0.08102059086839741,-0.12468285610728524,0.0016645089698539284,-0.006967363403006965,2.03,-0.040000000000000036,0.88,0.0,1.15,0.38,0.010000000000000009
2016-01-27,,,0.008893061648552747,0.022027229276299964,22.5,-0.06832298136645953,-0.1569876358186587,0.0012924667651403876,0.0012000369242131104,2.01,-0.020000000000000018,0.85,-0.030000000000000027,1.1599999999999997,0.38,0.010000000000000009
2016-01-28,,,-0.024797760903196964,-0.030731706171929662,23.11,0.027111111111111086,0.03446732318710821,0.0019361976765628341,0.004901054189014209,2.02,0.010000000000000231,0.84,-0.010000000000000009,1.1800000000000002,0.38,0.0
2016-01-29,,,0.013853702959170544,-0.017303751141493517,22.42,-0.02985720467330155,0.0035810205908684,0.00782184595564539,0.012761235435546636,2.0,-0.020000000000000018,0.83,-0.010000000000000009,1.17,0.38,0.0
2016-01-30,,,0.022242872772965327,0.004554236496336461,20.2,-0.09901873327386268,-0.09579230080572965,-0.010956902848794803,0.0016645089698539284,1.94,-0.06000000000000005,0.76,-0.06999999999999995,1.18,0.29,-0.09000000000000002
2016-01-31,,,0.0,0.019692460199259854,20.2,0.0,-0.16356107660455488,0.0,0.0,1.94,0.0,0.76,0.0,1.18,0.29,-0.09000000000000002
2016-02-01,,,0.0,0.01070420539225525,20.2,0.0,-0.10222222222222221,0.0,-0.0012907984510419634,1.94,0.0,0.76,0.0,1.18,0.29,-0.09000000000000002
2016-02-02,,,0.0017269704171605227,0.0381945621793911,19.98,-0.01089108910891079,-0.13543920380787533,0.005169867060561328,0.0019324560596301055,1.97,0.030000000000000027,0.81,0.050000000000000044,1.16,0.38,0.0
2016-02-03,,,-0.02180303086857527,0.0016817723587334577,21.98,0.10010010010010006,-0.019625334522747617,0.0018368846436442876,-0.0040175310445580426,1.87,-0.09999999999999987,0.75,-0.06000000000000005,1.12,0.38,0.0
2016-02-04,,,-0.005039231117788812,-0.025051587106845408,21.65,-0.0150136487716106,0.07178217821782185,0.013109644297763179,0.02021787296898081,1.88,0.009999999999999787,0.72,-0.030000000000000027,1.16,0.38,0.09000000000000002
2016-02-05,,,-0.0010067186485041013,-0.026033085855434512,21.84,0.00877598152424941,0.08118811881188126,0.013392453171658714,0.033881093057607004,1.87,-0.009999999999999787,0.7,-0.020000000000000018,1.1700000000000002,0.38,0.09000000000000002
2016-02-06,,,-0.03438289540929573,-0.05952088839658165,23.38,0.07051282051282048,0.15742574257425734,-0.006071970711670649,0.02760339734121131,1.86,-0.010000000000000009,0.74,0.040000000000000036,1.12,0.38,0.09000000000000002
2016-02-07,,,0.0,-0.061142267925796134,23.38,0.0,0.1701701701701701,0.0,0.022318148420279238,1.86,0.0,0.74,0.0,1.12,0.38,0.0
2016-02-08,,,0.0,-0.04021606925663601,23.38,0.0,0.06369426751592355,0.0,0.02044371103777043,1.86,0.0,0.74,0.0,1.12,0.38,0.0
2016-02-09,,,-0.015853019155317227,-0.0506475358164129,26.0,0.11206159110350722,0.20092378752886852,0.003503728326295974,0.010768256266401321,1.75,-0.1100000000000001,0.66,-0.07999999999999996,1.0899999999999999,0.38,0.0
2016-02-10,,,-0.003249450219281025,-0.05277882416736057,26.54,0.02076923076923065,0.2152014652014651,0.011638316920322245,0.009018662380569697,1.74,-0.010000000000000009,0.69,0.029999999999999916,1.05,0.38,0.0
2016-02-11,,,0.004681088201023309,-0.014459046781315155,26.29,-0.009419743782969059,0.12446535500427713,-0.006902654867256497,0.008175366094690606,1.71,-0.030000000000000027,0.71,0.020000000000000018,1.0,0.38,0.0
2016-02-12,,,-0.001023629194106368,-0.015467875273017295,28.14,0.07036896158235084,0.20359281437125754,0.012475494564248901,0.020752852394214427,1.63,-0.08000000000000007,0.64,-0.06999999999999995,0.9899999999999999,0.38,0.0
2016-02-13,,,0.014378303072519971,-0.0013119739990606893,25.4,-0.0973702914001422,0.08639863130881098,-0.011177609575779068,0.009343275536789042,1.74,0.1100000000000001,0.71,0.06999999999999995,1.03,0.38,0.0
2016-02-14,,,0.0,0.014775277920149765,25.4,0.0,-0.023076923076923106,0.0,0.005819158460161011,1.74,0.0,0.71,0.0,1.03,0.38,0.0
2016-02-15,,,0.0,0.01808348953847716,25.4,0.0,-0.042954031650339175,0.0,-0.005752212389380507,1.74,0.0,0.71,0.0,1.03,0.38,0.0
2016-02-16,,,0.0,0.013339955827626815,25.4,0.0,-0.03385317611259031,0.0,0.001158438780965776,1.74,0.0,0.71,0.0,1.03,0.38,0.0
2016-02-17,,,0.021183372769139952,0.03586625679543287,24.11,-0.050787401574803104,-0.1432125088841507,-0.00845571873609241,-0.019538813589156878,1.78,0.040000000000000036,0.74,0.030000000000000027,1.04,0.38,0.0
2016-02-18,,,0.023090248591122187,0.0447627507035,22.31,-0.07465781833264207,-0.12165354330708666,0.0,-0.00845571873609241,1.81,0.030000000000000027,0.74,0.0,1.07,0.37,-0.010000000000000009
2016-02-19,,,-0.01133814388797616,0.032917080307226065,21.64,-0.03003137606454498,-0.14803149606299204,-0.004308797127468678,-0.012728081886960396,1.75,-0.06000000000000005,0.71,-0.030000000000000027,1.04,0.38,0.0
2016-02-20,,,0.003035054883909316,0.03605204033648568,20.53,-0.05129390018484281,-0.19173228346456683,0.003155427335016281,-0.009612817089452497,1.76,0.010000000000000009,0.76,0.050000000000000044,1.0,0.38,0.0
2016-02-21,,,0.0,0.03605204033648568,20.53,0.0,-0.19173228346456683,0.0,-0.009612817089452497,1.76,0.0,0.76,0.0,1.0,0.38,0.0
2016-02-22,,,0.0,0.01456023272982443,20.53,0.0,-0.1484861053504769,0.0,-0.0011669658886894752,1.76,0.0,0.76,0.0,1.0,0.38,0.0
2016-02-23,,,0.016133176756506273,0.0076611654878426805,19.38,-0.056015586945932894,-0.13133124159569698,-0.009795991731823661,-0.010951526032316194,1.77,0.010000000000000009,0.78,0.020000000000000018,0.99,0.38,0.010000000000000009
2016-02-24,,,-0.016243350105287657,0.002661694957714067,20.98,0.08255933952528394,-0.030499075785582308,-0.00018152114721359247,-0.006851785070321026,1.74,-0.030000000000000027,0.76,-0.020000000000000018,0.98,0.38,0.0
2016-02-25,,,0.00915786995440282,0.008782230931608126,20.72,-0.012392755004766554,0.009254749147588726,0.00045388525780687416,-0.009526377280488885,1.75,0.010000000000000009,0.75,-0.010000000000000009,1.0,0.38,0.0
2016-02-26,,,0.009617536291916196,0.018484230648232902,19.11,-0.07770270270270263,-0.06916707257671706,0.0004536793394427363,-0.009077019861597924,1.71,-0.040000000000000036,0.72,-0.030000000000000027,0.99,0.37,-0.010000000000000009
2016-02-27,,,-0.0012826981933763415,0.017177822765598094,19.81,0.0366300366300365,-0.03507062834875807,-0.00852530382731731,-0.01752493933674848,1.76,0.050000000000000044,0.8,0.08000000000000007,0.96,0.37,-0.010000000000000009
2016-02-28,,,0.0,0.0010280601332459671,19.81,0.0,0.022187822497419907,0.0,-0.007805409330186919,1.76,0.0,0.8,0.0,0.96,0.37,-0.010000000000000009
2016-02-29,,,0.0,0.017556588044799648,19.81,0.0,-0.0557673975214491,0.0,-0.00762527233115462,1.76,0.0,0.8,0.0,0.96,0.37,-0.010000000000000009
2016-03-01,,,-0.008145206604936228,0.00010950660134367851,20.55,0.03735487127713277,-0.00820463320463316,-0.005854372484449311,-0.013882587786952283,1.74,-0.020000000000000018,0.78,-0.020000000000000018,0.96,0.29,-0.09000000000000002
2016-03-02,,,0.03153682827436488,0.021822374595030336,17.7,-0.13868613138686137,-0.07378335949764525,-0.0019322782480677425,-0.016234355160529734,1.83,0.09000000000000008,0.85,0.06999999999999995,0.9800000000000001,0.36,-0.010000000000000009
2016-03-03,,,0.00017998850842615433,0.02331890018462479,17.09,-0.03446327683615813,-0.13730439172135278,-0.00018438277864840646,-0.007958287596048219,1.84,0.010000000000000009,0.85,0.0,0.9900000000000001,0.37,0.0
2016-03-04,,,-0.001967981653704598,0.021305027363172302,16.7,-0.022820362785254567,-0.15699141847551734,0.009497464269248468,0.0014635931211124387,1.83,-0.010000000000000009,0.85,0.0,0.9800000000000001,0.37,0.0
2016-03-05,,,0.0007258672264012223,0.02204635921069409,16.86,0.009580838323353325,-0.14891468955073195,0.005663134819144933,0.007135016465422694,1.88,0.04999999999999982,0.88,0.030000000000000027,0.9999999999999999,0.36,-0.010000000000000009
2016-03-06,,,0.0,0.030439501847126404,16.86,0.0,-0.17956204379562046,0.0,0.013065881486934217,1.88,0.0,0.88,0.0,0.9999999999999999,0.36,0.07
2016-03-07,,,0.0,-0.0010637782356971437,16.86,0.0,-0.0474576271186441,0.0,0.015027196459850733,1.88,0.0,0.88,0.0,0.9999999999999999,0.36,0.0
2016-03-08,,,-0.005929775929775949,-0.00716594491958511,17.35,0.02906287069988145,0.015213575190169859,-0.0005449591280652921,0.0146611341632088,1.91,0.030000000000000027,0.91,0.030000000000000027,0.9999999999999999,0.36,-0.010000000000000009
2016-03-09,,,-0.008788542826136947,-0.01395098315710619,18.67,0.0760806916426513,0.11796407185628754,0.0021810250817884125,0.007307270734380644,1.83,-0.07999999999999985,0.88,-0.030000000000000027,0.9500000000000001,0.36,-0.010000000000000009
2016-03-10,,,0.006498636739803443,-0.008262878262878415,18.34,-0.017675415104445702,0.08778173190984573,-0.0005440696409140244,0.0010899182561308063,1.9,0.06999999999999984,0.9,0.020000000000000018,0.9999999999999999,0.36,0.0
2016-03-11,,,-0.001458109628414861,-0.009708939708939601,18.05,-0.0158124318429661,0.07058125741399768,0.012701868989294152,0.013805631244323546,1.93,0.030000000000000027,0.93,0.030000000000000027,0.9999999999999999,0.36,0.0
2016-03-12,,,0.01746221690378036,0.007583737583737538,16.5,-0.08587257617728539,-0.021352313167259718,0.0016126142268411137,0.015440508628519645,1.98,0.050000000000000044,0.97,0.039999999999999925,1.01,0.36,0.0
2016-03-13,,,0.0,0.013594123620545018,16.5,0.0,-0.04899135446685887,0.0,0.015994183933115247,1.98,0.0,0.97,0.0,1.01,0.36,0.0
2016-03-14,,,0.0,0.02258112160093395,16.5,0.0,-0.11622924477771834,0.0,0.013783097569822322,1.98,0.0,0.97,0.0,1.01,0.36,0.0
2016-03-15,,,0.0012609386427255842,0.017259732182995258,16.92,0.02545454545454562,-0.07742639040348953,-0.006529516994633333,0.0077118490292142905,1.97,-0.010000000000000009,0.97,0.0,1.0,0.36,0.0
2016-03-16,,,-5.724321267230881e-05,0.01868685808391457,16.84,-0.004728132387706974,-0.06703601108033241,0.0004501665616276629,-0.00447948396344755,1.97,0.0,0.98,0.010000000000000009,0.99,0.37,0.010000000000000009
2016-03-17,,,0.008499958782527406,0.009713812780415498,14.99,-0.10985748218527314,-0.09151515151515155,-0.0033297336213102824,-0.009391771019678141,1.94,-0.030000000000000027,0.87,-0.10999999999999999,1.0699999999999998,0.37,0.010000000000000009
2016-03-18,,,-0.0008946006085099878,0.008810522189081293,14.44,-0.036691127418278846,-0.12484848484848488,0.021760722347629713,0.012164579606440018,1.91,-0.030000000000000027,0.87,0.0,1.04,0.37,0.010000000000000009
2016-03-19,,,0.002402130783180967,0.011233816998828416,14.02,-0.02908587257617723,-0.15030303030303038,-0.0021208907741251393,0.010017889087656329,1.88,-0.030000000000000027,0.84,-0.030000000000000027,1.04,0.37,0.010000000000000009
2016-03-20,,,0.0,0.009960319004975515,14.02,0.0,-0.1713947990543736,0.0,0.016656162780228634,1.88,0.0,0.84,0.0,1.04,0.37,0.010000000000000009
2016-03-21,,,0.0,0.01001813568791965,14.02,0.0,-0.167458432304038,0.0,0.016198704103671746,1.88,0.0,0.84,0.0,1.04,0.37,0.0
2016-03-22,,,0.003661442404264026,0.005172335497933833,13.79,-0.016405135520684788,-0.0800533689126085,-0.002833864682961429,0.016704288939051848,1.92,0.040000000000000036,0.87,0.030000000000000027,1.0499999999999998,0.37,0.0
2016-03-23,,,0.00240344433451245,0.00849040738501805,14.17,0.027556200145032683,-0.018698060941828243,-0.002841918294848922,-0.007776599505125437,1.94,0.020000000000000018,0.91,0.040000000000000036,1.0299999999999998,0.37,0.0
2016-03-24,,,-0.007900631419544557,-0.001874930568622979,14.94,0.0543401552575864,0.06562054208273893,-0.0048094050587816906,-0.010449876018420179,1.88,-0.06000000000000005,0.87,-0.040000000000000036,1.0099999999999998,0.37,0.0
2016-03-25,,,0.0006746075010901631,-0.0012015879097585502,14.74,-0.01338688085676032,0.05135520684736106,-0.0009844281367459295,-0.01142401700318807,1.91,0.030000000000000027,0.89,0.020000000000000018,1.02,0.37,0.0
2016-03-26,,,0.0,-0.0012015879097585502,14.74,0.0,0.05135520684736106,8.95816536772287e-05,-0.011335458731845494,1.91,0.0,0.89,0.0,1.02,0.37,0.0
2016-03-27,,,0.0,-0.004845289565347022,14.74,0.0,0.06889050036258171,0.0,-0.008525754884546877,1.91,0.0,0.89,0.0,1.02,0.37,0.0
2016-03-28,,,0.0,-0.007231353743673452,14.74,0.0,0.04022582921665485,0.0,-0.005700035625222588,1.91,0.0,0.89,0.0,1.02,0.37,0.0
2016-03-29,,,-0.0016933263421200495,-0.0010198611716820682,15.24,0.03392130257801895,0.02008032128514059,0.0041203869580794805,0.003221764811168759,1.89,-0.020000000000000018,0.89,0.0,0.9999999999999999,0.37,0.0
2016-03-30,,,0.0158364919157723,0.01411634922472449,13.82,-0.09317585301837272,-0.062415196743555,-0.0005352363960748896,0.0036728478007703735,1.81,-0.07999999999999985,0.78,-0.10999999999999999,1.03,0.37,0.0
2016-03-31,,,0.005183852166205538,0.019373378458437562,13.56,-0.01881331403762665,-0.0800542740841248,0.011245983577293783,0.014869222500895729,1.83,0.020000000000000018,0.76,-0.020000000000000018,1.07,0.37,0.0
2016-04-01,,,-0.0016077027219609796,0.017734529103195396,13.95,0.028761061946902533,-0.05359565807327005,0.005295675198587757,0.020243640272303853,1.78,-0.050000000000000044,0.73,-0.030000000000000027,1.05,0.25,-0.12
2016-04-02,,,0.010799213142834274,0.028725261205802655,13.1,-0.06093189964157708,-0.11126187245590236,-0.0004389815627743321,0.019795772124686417,1.79,0.010000000000000009,0.76,0.030000000000000027,1.03,0.37,0.0
2016-04-03,,,0.0,0.030470183512313342,13.1,0.0,-0.14041994750656173,0.0,0.015611061552185612,1.79,0.0,0.76,0.0,1.03,0.37,0.0
2016-04-04,,,0.0,0.01440555809227062,13.1,0.0,-0.05209840810419686,0.0,0.016154944662620574,1.79,0.0,0.76,0.0,1.03,0.37,0.0
2016-04-05,,,-0.0044968314769378015,0.004636062419837383,14.12,0.0778625954198473,0.041297935103244754,8.783487044361493e-05,0.004942630185348573,1.78,-0.010000000000000009,0.75,-0.010000000000000009,1.03,0.37,0.0
2016-04-06,,,-0.00907640135647314,-0.0028793441072694215,15.42,0.09206798866855537,0.10537634408602159,-0.0010539258738803126,-0.0014047410008779515,1.73,-0.050000000000000044,0.72,-0.030000000000000027,1.01,0.37,0.12
2016-04-07,,,0.01633506682323982,0.002581596088330196,14.09,-0.08625162127107655,0.07557251908396956,0.004923509759099831,0.0039525691699604515,1.76,0.030000000000000027,0.73,0.010000000000000009,1.03,0.37,0.0
2016-04-08,,,-0.015073353023253744,-0.012530670244126352,16.16,0.14691270404542234,0.23358778625954213,-0.003849518810148722,8.783487044361493e-05,1.7,-0.06000000000000005,0.7,-0.030000000000000027,1.0,0.37,0.0
2016-04-09,,,-8.044171439158809e-05,-0.012610103969921016,15.36,-0.04950495049504955,0.1725190839694657,0.0017565431231336692,0.0018445322793148033,1.72,0.020000000000000018,0.7,0.0,1.02,0.37,0.0
2016-04-10,,,0.0,-0.008149921315690256,15.36,0.0,0.0878186968838528,0.0,0.0017565431231336692,1.72,0.0,0.7,0.0,1.02,0.37,0.0
2016-04-11,,,0.0,0.0009349661689874722,15.36,0.0,-0.0038910505836575737,0.0,0.0028134341480570146,1.72,0.0,0.7,0.0,1.02,0.37,0.0
2016-04-12,,,-0.003624637703830036,-0.018722297294323176,16.26,0.05859375000000022,0.15400993612491143,0.0005260389268806342,-0.0015748031496063408,1.73,0.010000000000000009,0.7,0.0,1.03,0.37,0.0
2016-04-13,,,0.008372376763682743,0.00463657103785442,14.85,-0.08671586715867174,-0.08106435643564358,-0.0014896600070102295,0.0007904444054100956,1.79,0.06000000000000005,0.74,0.040000000000000036,1.05,0.37,0.0
2016-04-14,,,0.013051485307070232,0.01783044650977783,13.84,-0.06801346801346797,-0.09895833333333326,-0.010004387889425037,-0.010959144310012214,1.77,-0.020000000000000018,0.75,0.010000000000000009,1.02,0.37,0.0
2016-04-15,,,-2.1955246425786612e-05,0.017808099791505105,13.72,-0.00867052023121384,-0.10677083333333326,-0.0016842478503679148,-0.012624934245134112,1.8,0.030000000000000027,0.77,0.020000000000000018,1.03,0.37,0.0
2016-04-16,,,-0.00251612648256061,0.015247165877454893,13.62,-0.007288629737609464,-0.11328125,0.00293020777836972,-0.009731720147290956,1.76,-0.040000000000000036,0.74,-0.030000000000000027,1.02,0.37,0.0
2016-04-17,,,0.0,0.018940455871765627,13.62,0.0,-0.1623616236162363,0.0,-0.010252365930599416,1.76,0.0,0.74,0.0,1.02,0.37,0.0
2016-04-18,,,0.0,0.010480333804859354,13.62,0.0,-0.0828282828282828,0.0,-0.00877577885037295,1.76,0.0,0.74,0.0,1.02,0.37,0.0
2016-04-19,,,0.004899673355109657,0.0023492113675482873,13.35,-0.01982378854625544,-0.03540462427745661,0.0023904382470121277,0.0036344295718464537,1.78,0.020000000000000018,0.75,0.010000000000000009,1.03,0.37,0.0
2016-04-20,,,-0.00620534364855807,-0.003848839200635834,13.24,-0.008239700374531811,-0.03498542274052485,0.004681151739975187,0.010033741786538597,1.79,0.010000000000000009,0.77,0.020000000000000018,1.02,0.37,0.0
2016-04-21,,,0.0007383587277307591,-0.0005987022248832297,13.28,0.0030211480362536403,-0.02496328928046987,-0.003956043956043875,0.003098716246126676,1.85,0.06000000000000005,0.8,0.030000000000000027,1.05,0.37,0.0
2016-04-22,,,7.928746993690616e-05,-0.00051946222453092,13.95,0.050451807228915735,0.02422907488986792,-0.002559576345984027,0.0005312084993360777,1.88,0.029999999999999805,0.82,0.019999999999999907,1.06,0.37,0.0
2016-04-23,,,-0.014669221282593514,-0.015181063400804828,13.22,-0.05232974910394261,-0.029368575624082127,-0.00548624015573862,-0.004957945993802615,1.89,0.010000000000000009,0.84,0.020000000000000018,1.0499999999999998,0.37,0.0
2016-04-24,,,0.0,-0.019982827428801864,13.22,0.0,-0.009737827715355696,0.0,-0.007330860272036888,1.89,0.0,0.84,0.0,1.0499999999999998,0.37,0.0
2016-04-25,,,0.0,-0.01386351163410926,13.22,0.0,-0.0015105740181268201,0.0,-0.011956043956043994,1.89,0.0,0.84,0.0,1.0499999999999998,0.37,0.0
2016-04-26,,,-1.3410248558831661e-05,-0.014604311476420717,14.08,0.06505295007564293,0.06024096385542177,0.0031141560637066856,-0.004942630185348684,1.91,0.020000000000000018,0.85,0.010000000000000009,1.06,0.37,0.0
2016-04-27,,,-0.004729411081036972,-0.019342406624383357,13.96,-0.008522727272727182,0.0007168458781363629,0.003902785169416223,0.0015042916556056163,1.94,0.030000000000000027,0.86,0.010000000000000009,1.08,0.37,0.0
2016-04-28,,,-0.008160845458199839,-0.01286489845089267,13.77,-0.013610315186246558,0.041603630862329766,0.0003534193320375856,0.007384998665361797,1.87,-0.06999999999999984,0.83,-0.030000000000000027,1.04,0.37,0.0
2016-04-29,,,-0.011918589512818656,-0.02463015651995104,15.22,0.1053013798111837,0.15128593040847194,0.00026497085320609237,0.007651926327965297,1.84,-0.030000000000000027,0.78,-0.04999999999999993,1.06,0.37,0.0
2016-04-30,,,-0.0051993703010317915,-0.029701465516663195,15.7,0.03153745072273306,0.18759455370650513,0.01024282560706391,0.017973129281964484,1.83,-0.010000000000000009,0.77,-0.010000000000000009,1.06,0.3,-0.07
2016-05-01,,,0.0,-0.02968845339764381,15.7,0.0,0.11505681818181812,0.0,0.014812843711193846,1.83,0.0,0.77,0.0,1.06,0.3,-0.07
2016-05-02,,,0.0,-0.025077644807847355,15.7,0.0,0.12464183381088811,0.0,0.01086764446015187,1.83,0.0,0.77,0.0,1.06,0.3,-0.07
2016-05-03,,,0.009213829958768072,-0.00799931169239898,14.68,-0.06496815286624202,0.06608569353667404,0.006555371034000501,0.01713478184066397,1.88,0.04999999999999982,0.8,0.030000000000000027,1.0799999999999998,0.37,0.0
2016-05-04,,,-0.009109168511628907,-0.005178746972380632,15.6,0.06267029972752036,0.024967148488830526,-0.0006946856547411784,0.016158940397350996,1.81,-0.06999999999999984,0.75,-0.050000000000000044,1.06,0.37,0.0
2016-05-05,,,-0.0067674178085820325,-0.006746826987307886,16.05,0.028846153846153966,0.022292993630573354,-0.0019117135905456495,0.003933222620400523,1.79,-0.020000000000000018,0.75,0.0,1.04,0.37,0.07
2016-05-06,,,-0.0005867333331788238,-0.007329601732200208,15.91,-0.008722741433021874,0.013375796178344057,-0.007139125892390741,-0.003233983043440136,1.76,-0.030000000000000027,0.72,-0.030000000000000027,1.04,0.37,0.07
2016-05-07,,,0.0048010432813241355,-0.002563748186027226,14.72,-0.07479572595851658,-0.06242038216560497,0.0014907050157837443,-0.0017480989424001336,1.79,0.030000000000000027,0.74,0.020000000000000018,1.05,0.37,0.07
2016-05-08,,,0.0,-0.01167005226759188,14.72,0.0,0.0027247956403271267,0.0,-0.00824939215005216,1.79,0.0,0.74,0.0,1.05,0.37,0.0
2016-05-09,,,0.0,-0.002584425725401407,14.72,0.0,-0.05641025641025632,0.0,-0.007559958289885427,1.79,0.0,0.74,0.0,1.05,0.37,0.0
2016-05-10,,,0.00255417223804133,0.006776422132601656,14.57,-0.010190217391304324,-0.09221183800623056,-0.0016636021364151432,-0.007313250914156355,1.77,-0.020000000000000018,0.72,-0.020000000000000018,1.05,0.37,0.0
2016-05-11,,,0.014007550855402728,0.021478229391945325,13.63,-0.06451612903225801,-0.14330609679446882,-0.0014032625855113778,-0.0015783935461242127,1.77,0.0,0.72,0.0,1.05,0.37,0.0
2016-05-12,,,-0.00931613524638586,0.007126740982455582,14.69,0.07776962582538505,-0.0020380434782609758,0.005093975057087752,0.002013834165134565,1.73,-0.040000000000000036,0.74,0.020000000000000018,0.99,0.37,0.0
2016-05-13,,,-0.004177912098747183,0.0029190539863330756,14.41,-0.019060585432266852,-0.021059782608695676,-0.005592450192240639,-0.0035898782943699636,1.75,0.020000000000000018,0.76,0.020000000000000018,0.99,0.37,0.0
2016-05-14,,,-0.003748724903921752,-0.0008406136479630621,15.04,0.04371963913948629,0.021739130434782483,-0.007557117750439324,-0.01111986691182898,1.71,-0.040000000000000036,0.76,0.0,0.95,0.37,0.0
2016-05-15,,,0.0,-0.0033861371086074676,15.04,0.0,0.032258064516129004,0.0,-0.009472022452201467,1.71,0.0,0.76,0.0,0.95,0.37,0.0
2016-05-16,,,0.0,-0.017153410691406745,15.04,0.0,0.10344827586206895,0.0,-0.00808009836641499,1.71,0.0,0.76,0.0,0.95,0.37,0.0
2016-05-17,,,0.012469577236260854,0.0044599555609567965,14.68,-0.02393617021276595,-0.000680735194009463,0.003010448025500434,-0.010136315973435894,1.75,0.040000000000000036,0.79,0.030000000000000027,0.96,0.37,0.0
2016-05-18,,,-0.0132222952735771,-0.004662879564153122,15.57,0.06062670299727535,0.08049965301873696,0.0007944915254236573,-0.0037785588752196064,1.76,0.010000000000000009,0.82,0.029999999999999916,0.9400000000000001,0.37,0.0
2016-05-19,,,0.0036251665679596368,0.0027042456656951597,15.95,0.02440590879897231,0.0605053191489362,-0.005380612154891051,-0.0015937666017354912,1.87,0.1100000000000001,0.9,0.08000000000000007,0.9700000000000001,0.37,0.0
2016-05-20,,,-0.005221023320570728,-0.002530896584560849,16.33,0.023824451410658254,0.08577127659574457,-0.005498403689251474,-0.007083407118824159,1.85,-0.020000000000000018,0.89,-0.010000000000000009,0.9600000000000001,0.37,0.0
2016-05-21,,,0.010964922443796654,0.008406274774472866,15.2,-0.06919779546846294,0.010638297872340496,-0.0006242197253432114,-0.007703205241721189,1.85,0.0,0.89,0.0,0.9600000000000001,0.37,0.0
2016-05-22,,,0.0,-0.00401325882095116,15.2,0.0,0.03542234332425065,0.0,-0.010681497175141219,1.85,0.0,0.89,0.0,0.9600000000000001,0.37,0.0
2016-05-23,,,0.0,0.009332432632513932,15.2,0.0,-0.023763648041104757,0.0,-0.011466878362882515,1.85,0.0,0.89,0.0,0.9600000000000001,0.37,0.0
2016-05-24,,,-0.0017878016915352513,0.003888682711612912,15.82,0.04078947368421049,-0.008150470219435713,-0.0013384491835460866,-0.007449450159631055,1.84,-0.010000000000000009,0.91,0.020000000000000018,0.93,0.37,0.0
2016-05-25,,,0.0204817340589194,0.029826813545340336,14.42,-0.08849557522123896,-0.1169626454378444,-0.004199428162973473,-0.006153023006955527,1.86,0.020000000000000018,0.92,0.010000000000000009,0.9400000000000001,0.37,0.0
2016-05-26,,,0.007229484958261256,0.026021682825643655,13.9,-0.03606102635228847,-0.08552631578947367,0.0008075370121130021,-0.0047291871151959874,1.87,0.010000000000000009,0.92,0.0,0.9500000000000001,0.37,0.0
2016-05-27,,,0.002575713235770438,0.02866442045428519,13.43,-0.033812949640287804,-0.11644736842105263,0.002689618074233513,-0.0020522887481038143,1.83,-0.040000000000000036,0.87,-0.050000000000000044,0.9600000000000001,0.37,0.0
2016-05-28,,,0.005476875907984846,0.03429828783607247,13.12,-0.023082650781831804,-0.13684210526315788,-0.003934191702432033,-0.005978406353172039,1.85,0.020000000000000018,0.9,0.030000000000000027,0.9500000000000001,0.37,0.0
2016-05-29,,,0.0,0.036150719845698065,13.12,0.0,-0.17067003792667512,0.0,-0.004646175839885469,1.85,0.0,0.9,0.0,0.9500000000000001,0.37,0.0
2016-05-30,,,0.0,0.015354499021218215,13.12,0.0,-0.09015256588072129,0.0,-0.00044863167339603827,1.85,0.0,0.9,0.0,0.9500000000000001,0.37,0.0
2016-05-31,,,0.0,0.008066696005522234,13.12,0.0,-0.05611510791366914,0.0,-0.0012551551013088025,1.85,0.0,0.9,0.0,0.9500000000000001,0.37,0.0
2016-06-01,,,0.002515213161545571,0.00800586457989838,14.19,0.08155487804878048,0.056589724497393856,-0.00044883303411147324,-0.00438125894134489,1.84,-0.010000000000000009,0.87,-0.030000000000000027,0.9700000000000001,0.29,-0.08000000000000002
2016-06-02,,,-0.0008444060310928148,0.0016686832692895948,14.2,0.0007047216349542751,0.08231707317073167,0.0026942074539739735,0.002244165170556478,1.85,0.010000000000000009,0.91,0.040000000000000036,0.9400000000000001,0.37,0.0
2016-06-03,,,0.00249553657354884,0.004168384102966494,13.63,-0.04014084507042248,0.03887195121951237,-0.0007165248544560576,0.001526032315978254,1.81,-0.040000000000000036,0.89,-0.020000000000000018,0.92,0.37,0.0
2016-06-04,,,-0.0047579639621747605,-0.0006094128805506083,13.47,-0.011738811445341168,0.026676829268292845,0.015505960383615847,0.017055655296229766,1.71,-0.10000000000000009,0.78,-0.10999999999999999,0.9299999999999999,0.37,0.0
2016-06-05,,,0.0,-0.0006094128805506083,13.47,0.0,0.026676829268292845,0.0,0.017055655296229766,1.71,0.0,0.78,0.0,0.9299999999999999,0.37,0.0
2016-06-06,,,0.0,-0.0031167866592689553,13.47,0.0,-0.05073995771670181,0.0,0.017512348450830828,1.71,0.0,0.78,0.0,0.9299999999999999,0.37,0.08000000000000002
2016-06-07,,,0.0030688790387136677,0.0007875984221483723,13.65,0.013363028953229383,-0.03873239436619713,0.002118270079435103,0.01692789968652031,1.73,0.020000000000000018,0.8,0.020000000000000018,0.9299999999999999,0.37,0.0
2016-06-08,,,-0.00232998720054467,-0.004029704172045956,14.05,0.029304029304029422,0.030814380044020595,-0.000352298749339397,0.01729855695975635,1.72,-0.010000000000000009,0.78,-0.020000000000000018,0.94,0.37,0.0
2016-06-09,,,0.0016706956874337209,0.0024036595939056493,14.08,0.002135231316725994,0.04528582034149964,0.004405286343612147,0.0061782877316856055,1.71,-0.010000000000000009,0.78,0.0,0.9299999999999999,0.37,0.0
2016-06-10,,,-0.0017563923612418098,0.0006430454633141736,14.64,0.03977272727272729,0.0868596881959911,-0.0062280701754384715,-8.826125330974044e-05,1.68,-0.030000000000000027,0.77,-0.010000000000000009,0.9099999999999999,0.37,0.0
2016-06-11,,,-0.011443285490472244,-0.01080759857997815,17.03,0.16325136612021862,0.2642910170749815,-0.004236914114220114,-0.004324801412179946,1.64,-0.040000000000000036,0.73,-0.040000000000000036,0.9099999999999999,0.37,0.0
2016-06-12,,,0.0,-0.013834022676478819,17.03,0.0,0.24761904761904763,0.0,-0.006429452175444661,1.64,0.0,0.73,0.0,0.9099999999999999,0.37,0.0
2016-06-13,,,0.0,-0.011530902330775583,17.03,0.0,0.212099644128114,0.0,-0.006079295154184927,1.64,0.0,0.73,0.0,0.9099999999999999,0.37,0.0
2016-06-14,,,-0.008583181089653724,-0.021649637329310245,20.97,0.23135642982971216,0.48934659090909083,8.864462370361537e-05,-0.010350877192982333,1.62,-0.019999999999999796,0.73,0.0,0.8900000000000001,0.37,0.0
2016-06-15,,,0.0004861217882046187,-0.01945181255526074,20.5,-0.022412970910824948,0.4002732240437159,-0.006736394256337541,-0.010857092417689063,1.62,0.0,0.74,0.010000000000000009,0.8800000000000001,0.37,0.0
2016-06-16,,,-0.00348029677439754,-0.011553333856379133,20.14,-0.017560975609756113,0.18261890780974754,0.002944850972693036,-0.00372307419555018,1.6,-0.020000000000000018,0.69,-0.050000000000000044,0.9100000000000001,0.37,0.0
2016-06-17,,,0.0033382393962140267,-0.008253662254402161,19.37,-0.038232373386295926,0.13740458015267176,-0.007207046890292723,-0.010903288715539583,1.57,-0.030000000000000027,0.7,0.010000000000000009,0.8700000000000001,0.38,0.010000000000000009
2016-06-18,,,-0.01126749739502686,-0.019428161531478083,19.41,0.0020650490449147796,0.13975337639459773,0.008782936010037767,-0.002216115592589496,1.62,0.050000000000000044,0.7,0.0,0.9200000000000002,0.38,0.010000000000000009
2016-06-19,,,0.0,-0.010938870750391128,19.41,0.0,-0.07439198855507867,0.0,-0.002304555929799834,1.62,0.0,0.7,0.0,0.9200000000000002,0.38,0.010000000000000009
2016-06-20,,,0.0,-0.011419441299371003,19.41,0.0,-0.05317073170731712,0.0,0.004461895413171435,1.62,0.0,0.7,0.0,0.9200000000000002,0.38,0.010000000000000009
2016-06-21,,,0.005893406608479257,-0.0021204170077855355,18.37,-0.05358062854198864,-0.08788480635551144,0.005508173418621087,0.007029095115223871,1.67,0.04999999999999982,0.74,0.040000000000000036,0.9299999999999999,0.38,0.010000000000000009
2016-06-22,,,0.00300898149158213,-0.0024478835865223703,18.48,0.0059880239520957446,-0.045947341249354734,-0.004947870648524311,0.009320666786162501,1.71,0.040000000000000036,0.76,0.020000000000000018,0.95,0.38,0.0
2016-06-23,,,-0.001964471835772863,0.006938126088725571,21.17,0.14556277056277067,0.09067490984028859,0.0021310602024506853,0.0026652452025588413,1.69,-0.020000000000000018,0.75,-0.010000000000000009,0.94,0.38,0.0
2016-06-24,,,0.014246049133544991,0.021283016107425334,17.25,-0.1851676901275391,-0.11128284389489951,0.0077086656034024426,0.010394456289978704,1.74,0.050000000000000044,0.78,0.030000000000000027,0.96,0.39,0.010000000000000009
2016-06-25,,,-0.04068960577327707,-0.02027258720092906,25.76,0.4933333333333334,0.3271509531169501,-0.02171810428207155,-0.011549395877754054,1.57,-0.16999999999999993,0.64,-0.14,0.93,0.4,0.020000000000000018
2016-06-26,,,0.0,-0.026012690447620113,25.76,0.0,0.4022863364180729,0.0,-0.016964127937798112,1.57,0.0,0.64,0.0,0.93,0.4,0.020000000000000018
2016-06-27,,,0.0,-0.02893460823854621,25.76,0.0,0.39393939393939403,0.0,-0.012076007813887513,1.57,0.0,0.64,0.0,0.93,0.4,0.020000000000000018
2016-06-28,,,-0.019751732505774888,-0.046241199801122734,23.85,-0.07414596273291929,0.12659423712801132,-0.00916771526154947,-0.023214602161970577,1.46,-0.1100000000000001,0.61,-0.030000000000000027,0.85,0.41,0.02999999999999997
2016-06-29,,,0.021285154901750758,-0.039621889745449224,18.75,-0.21383647798742145,0.08695652173913038,0.002721335268504932,-0.028048887716521587,1.46,0.0,0.61,0.0,0.85,0.41,0.019999999999999962
2016-06-30,,,0.01731045782862939,0.01844272814242709,16.64,-0.11253333333333326,-0.35403726708074534,0.00569929437307759,-0.0008089160524897832,1.5,0.040000000000000036,0.62,0.010000000000000009,0.88,0.41,0.009999999999999953
2016-07-01,,,0.012133597877536761,0.030800102667008833,15.63,-0.06069711538461542,-0.3932453416149069,-0.00764594764774662,-0.008448678770447637,1.49,-0.010000000000000009,0.58,-0.040000000000000036,0.91,0.3,-0.10000000000000003
2016-07-02,,,0.004468388527967049,0.035406118020393285,14.77,-0.05502239283429311,-0.42663043478260876,0.010242929659173283,0.0017077116663670733,1.46,-0.030000000000000027,0.59,0.010000000000000009,0.87,0.41,0.009999999999999953
2016-07-03,,,0.0,0.05626926601682891,14.77,0.0,-0.38071278825995813,0.0,0.010976052249637158,1.46,0.0,0.59,0.0,0.87,0.41,0.0
2016-07-04,,,0.0,0.034254988381226203,14.77,0.0,-0.21226666666666671,0.0,0.00823231409444558,1.46,0.0,0.59,0.0,0.87,0.41,0.0
2016-07-05,,,0.0,0.01665620403506285,14.77,0.0,-0.11237980769230771,0.0,0.002518665107493101,1.46,0.0,0.59,0.0,0.87,0.41,0.0
2016-07-06,,,-0.006014729213239978,-0.0015732168322882822,15.58,0.05484089370345302,-0.0031989763275752647,-0.00583221175414983,0.004350978970268482,1.37,-0.08999999999999986,0.56,-0.029999999999999916,0.81,0.4,0.10000000000000003
2016-07-07,,,0.007697103667176686,0.0016360784596525235,14.96,-0.03979460847240046,0.012863913337846977,-0.0002707581227439082,-0.006101390758187608,1.38,0.009999999999999787,0.58,0.019999999999999907,0.7999999999999999,0.4,-0.009999999999999953
2016-07-08,,,0.003347807501068667,0.00498936323646082,14.76,-0.013368983957219305,-0.0006770480704130222,-0.00108332581023729,-0.007178106774338278,1.4,0.020000000000000018,0.58,0.0,0.82,0.4,-0.009999999999999953
2016-07-09,,,0.015422977051650522,0.020489291122809616,13.2,-0.10569105691056913,-0.10629654705484093,-0.0024401265250791893,-0.009600717810677617,1.37,-0.029999999999999805,0.61,0.030000000000000027,0.7600000000000001,0.4,-0.009999999999999953
2016-07-10,,,0.0,0.020489291122809616,13.2,0.0,-0.10629654705484093,0.0,-0.009600717810677617,1.37,0.0,0.61,0.0,0.7600000000000001,0.4,-0.009999999999999953
2016-07-11,,,0.0,0.026664399478546708,13.2,0.0,-0.15275994865211817,0.0,-0.0037906137184117172,1.37,0.0,0.61,0.0,0.7600000000000001,0.4,0.0
2016-07-12,,,0.005818883657659812,0.02475082682745744,13.54,0.025757575757575646,-0.09491978609625684,0.0006341728574017491,-0.002888868827299662,1.43,0.05999999999999983,0.66,0.050000000000000044,0.7699999999999999,0.4,0.0
2016-07-13,,,0.005027762470058317,0.026466617932630276,13.55,0.0007385524372232055,-0.0819783197831978,0.002625622453598764,0.0008133755083596927,1.53,0.10000000000000009,0.69,0.029999999999999916,0.8400000000000001,0.4,0.0
2016-07-14,,,-0.00258650256356463,0.008261268980381598,13.04,-0.037638376383763994,-0.012121212121212088,0.0034314610800072476,0.006704113063960904,1.48,-0.050000000000000044,0.68,-0.009999999999999898,0.7999999999999999,0.4,0.0
2016-07-15,,,0.006728328409008721,0.015045181920165351,12.82,-0.016871165644171682,-0.028787878787878696,-0.0002699784017278217,0.006432324696503011,1.53,0.050000000000000044,0.68,0.0,0.85,0.4,0.0
2016-07-16,,,-0.001448931684829069,0.01357445079454811,12.67,-0.011700468018720822,-0.04015151515151516,-0.004500855162480777,0.0019025185722052473,1.6,0.07000000000000006,0.71,0.029999999999999916,0.8900000000000001,0.4,0.0
2016-07-17,,,0.0,0.007710699473731486,12.67,0.0,-0.06425406203840467,0.0,0.0012675418741512345,1.6,0.0,0.71,0.0,0.8900000000000001,0.4,0.0
2016-07-18,,,0.0,0.002669515314760451,12.67,0.0,-0.06494464944649447,0.0,-0.001354524110529054,1.6,0.0,0.71,0.0,0.8900000000000001,0.4,0.0
2016-07-19,,,0.0065035088445541955,0.011807427881824983,12.44,-0.01815311760063143,-0.04601226993865026,0.0015372095126140461,-0.003239740820734416,1.59,-0.010000000000000009,0.68,-0.029999999999999916,0.91,0.4,0.0
2016-07-20,,,-0.0035500294392686316,0.0014772141351335755,11.97,-0.03778135048231501,-0.06630265210608421,-0.00559768869628019,-0.008551624808713743,1.56,-0.030000000000000027,0.7,0.019999999999999907,0.8600000000000001,0.4,0.0
2016-07-21,,,0.011713386976243134,0.0146781035463186,11.77,-0.01670843776106945,-0.07103393843725336,-0.0006355547485018542,-0.004702052626819886,1.59,0.030000000000000027,0.73,0.030000000000000027,0.8600000000000001,0.4,0.0
2016-07-22,,,-0.0021858627501502026,0.012460156476383766,12.74,0.08241291418861518,0.005524861878453136,0.0008176614881438837,-0.0038882358260242667,1.57,-0.020000000000000018,0.7,-0.030000000000000027,0.8700000000000001,0.4,0.0
2016-07-23,,,0.004099401336770558,0.01661063699526988,12.02,-0.05651491365777084,-0.05130228887134969,-0.004357298474945481,-0.008228592096934717,1.57,0.0,0.71,0.010000000000000009,0.8600000000000001,0.4,0.0
2016-07-24,,,0.0,0.010041821078516033,12.02,0.0,-0.0337620578778135,0.0,-0.009750812567713929,1.57,0.0,0.71,0.0,0.8600000000000001,0.4,0.0
2016-07-25,,,0.0,0.013640273891659893,12.02,0.0,0.004177109440267168,0.0,-0.004176502633012502,1.57,0.0,0.71,0.0,0.8600000000000001,0.4,0.0
2016-07-26,,,-3.0003836204661738e-05,0.0018745168770937237,12.87,0.07071547420965052,0.09345794392523366,0.001094091903719896,-0.002452984464431651,1.58,0.010000000000000009,0.72,0.010000000000000009,0.8600000000000001,0.4,0.0
2016-07-27,,,0.0013244947952497643,0.005399159030948786,13.05,0.013986013986014179,0.024332810047095865,0.00036429872495435944,-0.002904865649963617,1.57,-0.010000000000000009,0.75,0.030000000000000027,0.8200000000000001,0.4,0.0
2016-07-28,,,0.006585889458938343,0.007888865790697697,12.83,-0.01685823754789273,0.0673876871880199,0.00036416605972311444,0.0018234865061999006,1.52,-0.050000000000000044,0.73,-0.020000000000000018,0.79,0.4,0.0
2016-07-29,,,0.003940138808559812,0.011860087825514842,12.72,-0.008573655494933718,0.058236272878535944,0.009646887513651281,0.01148796498905913,1.52,0.0,0.72,-0.010000000000000009,0.8,0.4,0.0
2016-07-30,,,0.0018680860166770952,0.013750329506415415,11.87,-0.06682389937106925,-0.012479201331114798,0.006670272219217566,0.018234865061998562,1.46,-0.06000000000000005,0.67,-0.04999999999999993,0.7899999999999999,0.3,-0.10000000000000003
2016-07-31,,,0.0,0.013780746817890321,11.87,0.0,-0.0777000777000777,0.0,0.01712204007285978,1.46,0.0,0.67,0.0,0.7899999999999999,0.3,-0.10000000000000003
2016-08-01,,,0.0,0.012439775604598413,11.87,0.0,-0.09042145593869744,0.0,0.016751638747268816,1.46,0.0,0.67,0.0,0.7899999999999999,0.3,-0.10000000000000003
2016-08-02,,,0.00545639429795175,0.011303711768108071,12.44,0.048020219039595746,-0.030397505845674244,0.0007163323782233277,0.01710957408081537,1.51,0.050000000000000044,0.67,0.0,0.84,0.4,0.0
2016-08-03,,,-0.007743837310031032,-0.00046596249849084614,13.37,0.07475884244372999,0.05110062893081757,0.004384395132426722,0.011808184604290783,1.55,0.040000000000000036,0.67,0.0,0.88,0.4,0.0
2016-08-04,,,0.003203926080848296,0.0008667654638359057,12.86,-0.03814510097232604,0.08340353833192915,-0.004899777282850848,0.00017908309455583193,1.55,0.0,0.67,0.0,0.88,0.4,0.10000000000000003
2016-08-05,,,0.002002395270291668,0.0028708963411929744,12.42,-0.03421461897356137,0.046335299073294145,-0.0032229185317815823,-0.00304441260744992,1.51,-0.040000000000000036,0.64,-0.030000000000000027,0.87,0.4,0.10000000000000003
2016-08-06,,,0.00999196848103101,0.01289155072797743,11.39,-0.08293075684380025,-0.04043807919123832,-0.004850008981498011,-0.007879656160458381,1.59,0.08000000000000007,0.72,0.07999999999999996,0.8700000000000001,0.4,0.10000000000000003
2016-08-07,,,0.0,0.007394807444849105,11.39,0.0,-0.08440514469453364,0.0,-0.008589835361488718,1.59,0.0,0.72,0.0,0.8700000000000001,0.4,0.0
2016-08-08,,,0.0,0.015256790861182257,11.39,0.0,-0.14809274495138358,0.0,-0.012917594654788367,1.59,0.0,0.72,0.0,0.8700000000000001,0.4,0.0
2016-08-09,,,-0.0013503895675622823,0.010647757972088945,11.5,0.009657594381035972,-0.10575427682737171,-0.00018050541516267948,-0.008236347358997365,1.59,0.0,0.74,0.020000000000000018,0.8500000000000001,0.4,0.0
2016-08-10,,,0.0023010654706421274,0.010949005124572864,11.66,0.013913043478260834,-0.06119162640901765,0.0028886080519949786,-0.0021555595473324862,1.55,-0.040000000000000036,0.71,-0.030000000000000027,0.8400000000000001,0.4,0.0
2016-08-11,,,-0.0025772819684094506,-0.001632155551520298,12.05,0.0334476843910807,0.057945566286216055,0.005490549054905536,0.008212996389891591,1.5,-0.050000000000000044,0.69,-0.020000000000000018,0.81,0.4,0.0
2016-08-12,,,0.004164410595832724,0.002525458078439513,11.68,-0.030705394190871482,0.025460930640913038,-0.00026855250201407443,0.007942238267147905,1.57,0.07000000000000006,0.76,0.07000000000000006,0.81,0.4,0.0
2016-08-13,,,0.0007848754296515548,0.0033123156780854313,11.55,-0.011130136986301276,0.014047410008779737,0.00035816618911166387,0.00830324909747282,1.51,-0.06000000000000005,0.71,-0.050000000000000044,0.8,0.4,0.0
2016-08-14,,,0.0,0.004669010228351089,11.55,0.0,0.004347826086956497,0.0,0.008485286152735139,1.51,0.0,0.71,0.0,0.8,0.4,0.0
2016-08-15,,,0.0,0.002362508471042135,11.55,0.0,-0.009433962264150941,0.0,0.005580558055805485,1.51,0.0,0.71,0.0,0.8,0.4,0.0
2016-08-16,,,0.004168850944856306,0.009142051975690846,11.81,0.022510822510822592,-0.01991701244813282,0.0024167561761545553,0.002506490018798546,1.55,0.040000000000000036,0.72,0.010000000000000009,0.8300000000000001,0.4,0.0
2016-08-17,,,-0.006200384494274069,-0.001274121387127014,12.64,0.07027942421676547,0.08219178082191791,0.006964907581034074,0.00976002865329506,1.57,0.020000000000000018,0.76,0.040000000000000036,0.81,0.4,0.0
2016-08-18,,,0.0017218413279440625,-0.00033908318563458106,12.19,-0.03560126582278489,0.055411255411255356,-0.0012414649286156543,0.008145363408521344,1.56,-0.010000000000000009,0.74,-0.020000000000000018,0.8200000000000001,0.4,0.0
2016-08-19,,,0.0006721534923890271,0.0003328423908068867,11.43,-0.06234618539786707,-0.010389610389610504,0.0063038266891590755,0.014500537056927998,1.53,-0.030000000000000027,0.71,-0.030000000000000027,0.8200000000000001,0.4,0.0
2016-08-20,,,-0.0005282114842326546,-0.00019554490459894325,11.34,-0.007874015748031482,-0.0181818181818183,-0.0007058408328921573,0.013784461152882344,1.58,0.050000000000000044,0.76,0.050000000000000044,0.8200000000000001,0.4,0.0
2016-08-21,,,0.0,-0.0043462768690232245,11.34,0.0,-0.03979678238780704,0.0,0.011340298240914537,1.58,0.0,0.76,0.0,0.8200000000000001,0.4,0.0
2016-08-22,,,0.0,0.0018656755308839035,11.34,0.0,-0.10284810126582289,0.0,0.004345127250155345,1.58,0.0,0.76,0.0,0.8200000000000001,0.4,0.0
2016-08-23,,,0.0005035225773697416,0.0006471818456128542,12.27,0.08201058201058209,0.00656275635767023,-0.0010595090941197816,0.0045281008612270135,1.55,-0.030000000000000027,0.76,0.0,0.79,0.4,0.0
2016-08-24,,,0.0020629876719848728,0.002037981317118076,12.38,0.00896495517522422,0.08311461067366599,-0.0005303164221318601,-0.002293982706899511,1.55,0.0,0.74,-0.020000000000000018,0.81,0.4,0.0
2016-08-25,,,-0.007261626072952443,-0.004712721643564399,13.45,0.08642972536348936,0.18606701940035264,-0.00459851432614089,-0.006180469715698522,1.56,0.010000000000000009,0.76,0.020000000000000018,0.8,0.4,0.0
2016-08-26,,,-0.0016849622346862825,-0.00638974312025864,13.63,0.013382899628253009,0.20194003527336868,0.0015991471215353048,-0.004591206074518905,1.58,0.020000000000000018,0.78,0.020000000000000018,0.8,0.4,0.0
2016-08-27,,,0.0017296871695322569,-0.004671108207418118,13.65,0.0014673514306675628,0.20370370370370372,-0.0032818875288274096,-0.007858025781388056,1.62,0.040000000000000036,0.84,0.05999999999999994,0.7800000000000001,0.4,0.0
2016-08-28,,,0.0,-0.005172026552647924,13.65,0.0,0.1124694376528117,0.0,-0.006805727417359075,1.62,0.0,0.84,0.0,0.7800000000000001,0.4,0.0
2016-08-29,,,0.0,-0.007220119207716924,13.65,0.0,0.10258481421647825,0.0,-0.006278740714538489,1.62,0.0,0.84,0.0,0.7800000000000001,0.4,0.0
2016-08-30,,,0.0015469229820495034,0.0015887981369251403,12.94,-0.05201465201465205,-0.03791821561338293,-0.004894544807332757,-0.006574271499644513,1.57,-0.050000000000000044,0.81,-0.029999999999999916,0.76,0.4,0.0
2016-08-31,,,-0.003151683646101522,0.00011726692674796091,13.12,0.01391035548686248,-0.03741746148202507,-0.002861742085494612,-0.01099875820471874,1.57,0.0,0.8,-0.010000000000000009,0.77,0.4,0.0
2016-09-01,,,-0.0010343405241635129,-0.0026423116882572373,13.42,0.02286585365853666,-0.0168498168498169,-0.00035874439461880403,-0.008098246863041614,1.58,0.010000000000000009,0.8,0.0,0.78,0.3,-0.10000000000000003
2016-09-02,,,0.002701711363326531,5.226091155563495e-05,13.48,0.0044709388971684305,-0.01245421245421241,0.004306477660147134,-0.0038266441220966563,1.57,-0.010000000000000009,0.78,-0.020000000000000018,0.79,0.4,0.0
2016-09-03,,,0.003093684285337961,0.0031461068756546418,11.98,-0.1112759643916914,-0.12234432234432235,-0.0032160085760228885,-0.007030346177805513,1.6,0.030000000000000027,0.8,0.020000000000000018,0.8,0.4,0.0
2016-09-04,,,0.0,0.0015967139001771269,11.98,0.0,-0.07418856259659967,0.0,-0.00214630656412107,1.6,0.0,0.8,0.0,0.8,0.4,0.0
2016-09-05,,,0.0,0.0047634103086480195,11.98,0.0,-0.08689024390243894,0.0,0.0007174887892376081,1.6,0.0,0.8,0.0,0.8,0.4,0.0
2016-09-06,,,0.0,0.005803753890653018,11.98,0.0,-0.10730253353204167,0.0,0.0010766194150366726,1.6,0.0,0.8,0.0,0.8,0.4,0.10000000000000003
2016-09-07,,,0.006412099842875607,0.00952562114073352,12.02,0.0033388981636059967,-0.10830860534124631,0.007080121885642665,0.003841343576916234,1.55,-0.050000000000000044,0.74,-0.06000000000000005,0.81,0.4,0.0
2016-09-08,-0.00014635395704520882,,0.000486591807450365,0.006901811725577911,11.94,-0.006655574043261225,-0.0033388981636061077,8.899172376963804e-05,0.007169743681663343,1.54,-0.010000000000000009,0.74,0.0,0.8,0.4,0.0
2016-09-09,-0.002223076078603392,,-0.00576589553505269,0.0010961210651130315,12.51,0.047738693467336724,0.04424040066777968,0.0016017084890549427,0.008782936010037767,1.61,0.07000000000000006,0.78,0.040000000000000036,0.8300000000000001,0.4,0.0
2016-09-10,-0.024522073992573334,,-0.025493338884263195,-0.024425161604921253,17.5,0.398880895283773,0.4607679465776293,-0.003731343283582045,0.005018820577164407,1.67,0.05999999999999983,0.79,0.010000000000000009,0.8799999999999999,0.4,0.0
2016-09-11,0.0,,0.0,-0.024425161604921253,17.5,0.0,0.4607679465776293,0.0,0.005018820577164407,1.67,0.0,0.79,0.0,0.8799999999999999,0.4,0.0
2016-09-12,0.0,-0.02683308331199008,0.0,-0.03064078964532646,17.5,0.0,0.4559068219633944,0.0,-0.002046809646702785,1.67,0.0,0.79,0.0,0.8799999999999999,0.4,0.0
2016-09-13,0.014677062331693191,-0.012405313426281706,0.01775487928091879,-0.01390975731912758,15.16,-0.13371428571428567,0.2696817420435511,0.0014267879436418163,-0.0007118704395798758,1.68,0.010000000000000009,0.79,0.0,0.8899999999999999,0.4,0.0
2016-09-14,-0.014830665480954464,-0.024884243341126933,-0.008775041188754606,-0.01689425478767692,17.85,0.17744063324538262,0.4268585131894487,0.0010685663401603929,-0.0012437810945272743,1.73,0.050000000000000044,0.8,0.010000000000000009,0.9299999999999999,0.4,0.0
2016-09-15,-0.0005876766556026647,-0.0009587322176322077,0.004916533272353085,0.013783955245400659,18.14,0.016246498599439718,0.0365714285714287,0.0025796121686532114,0.005082932049224276,1.7,-0.030000000000000027,0.77,-0.030000000000000027,0.9299999999999999,0.4,0.0
2016-09-16,0.01010927804983619,0.009140853741640642,0.015558168249031556,0.02955657658927735,16.3,-0.10143329658213895,-0.0685714285714285,-0.002218081802856875,0.0028535758872838546,1.71,0.010000000000000009,0.74,-0.030000000000000027,0.97,0.4,0.0
2016-09-17,-0.0037722492851356426,0.005334122877512559,-0.0003838253905681377,0.029161406634156117,15.37,-0.057055214723926495,-0.12171428571428577,-0.007647163435888227,-0.004815409309791185,1.7,-0.010000000000000009,0.77,0.030000000000000027,0.9299999999999999,0.4,0.0
2016-09-18,0.0,-0.0092077960575071,0.0,0.01120753885385084,15.37,0.0,0.01385224274406327,0.0,-0.006233303650934885,1.7,0.0,0.77,0.0,0.9299999999999999,0.4,0.0
2016-09-19,0.0,0.0057075156792130155,0.0,0.020159480312693212,15.37,0.0,-0.13893557422969194,0.0,-0.007294075787226406,1.7,0.0,0.77,0.0,0.9299999999999999,0.4,0.0
2016-09-20,-1.8698928551330596e-05,0.006280077336682677,-0.004562011602204263,0.01053716135067817,15.53,0.010409889394925154,-0.14388092613009928,0.0017025089605733346,-0.008162541034513415,1.7,0.0,0.79,0.020000000000000018,0.9099999999999999,0.4,0.0
2016-09-21,0.00029918845132592686,-0.0034928234121625046,0.0019078120210924698,-0.0030457063424551567,15.92,0.025112685125563416,-0.02331288343558291,-0.0006261740763932044,-0.006580117375066807,1.69,-0.010000000000000009,0.79,0.0,0.8999999999999999,0.4,0.0
2016-09-22,0.010917112199498868,0.011200658202284997,0.01009943353269982,0.007409636678739284,13.3,-0.164572864321608,-0.1346779440468444,-0.0006265664160400863,0.00044802867383508804,1.66,-0.030000000000000027,0.79,0.0,0.8699999999999999,0.4,0.0
2016-09-23,0.006499870557343135,0.017773331588099905,0.007748647952613874,0.015215699297433494,12.02,-0.09624060150375946,-0.21795705920624597,0.005732198835647129,0.006182795698924659,1.63,-0.030000000000000027,0.79,0.0,0.8399999999999999,0.4,0.0
2016-09-24,-0.005736778768866024,0.011934591147927387,-0.00663414674037488,0.008480609375162151,12.29,0.022462562396006636,-0.2003903708523097,-0.0005343307507346129,0.005645161290322553,1.62,-0.009999999999999787,0.77,-0.020000000000000018,0.8500000000000001,0.4,0.0
2016-09-25,0.0,0.011953513594375353,0.0,0.01310239425196058,12.29,0.0,-0.20862846104314237,0.0,0.003935951337329158,1.62,0.0,0.77,0.0,0.8500000000000001,0.4,0.0
2016-09-26,0.0,0.011650839346468711,0.0,0.011173265740174187,12.29,0.0,-0.22801507537688448,0.0,0.0045649838882921845,1.62,0.0,0.77,0.0,0.8500000000000001,0.4,0.0
2016-09-27,-0.00858783474770064,-0.007868264358888988,-0.008590404020654807,-0.007536440896214303,14.5,0.17982099267697316,0.09022556390977443,0.004187828566336815,0.00940438871473348,1.59,-0.030000000000000027,0.76,-0.010000000000000009,0.8300000000000001,0.4,0.0
2016-09-28,0.006444247705139627,-0.007923093175575713,0.010284046442205597,-0.005039498217264682,13.1,-0.096551724137931,0.08985024958402654,-0.005501330967169427,-0.0018701576275714782,1.56,-0.030000000000000027,0.75,-0.010000000000000009,0.81,0.4,0.0
2016-09-29,0.005296467941090732,0.003085892206274199,0.0017588884482535594,0.0033670102965481785,12.39,-0.05419847328244265,0.00813669650122062,-0.0007137758743753775,-0.002049362915441444,1.57,0.010000000000000009,0.75,0.0,0.8200000000000001,0.4,0.0
2016-09-30,-0.00932130406149101,-0.006264176394772392,-0.00758316975264961,-0.004241692066739189,14.02,0.1315577078288941,0.14076484947111467,0.003928571428571281,0.0018711574445335888,1.56,-0.010000000000000009,0.73,-0.020000000000000018,0.8300000000000001,0.4,0.0
2016-10-01,0.007967905240501505,0.0016538164818056256,0.007729987805634053,0.0034555075109437006,13.29,-0.052068473609129806,0.08136696501220508,-0.0005336179295625243,0.0013365410318095794,1.6,0.040000000000000036,0.77,0.040000000000000036,0.8300000000000001,0.29,-0.11000000000000004
2016-10-02,0.0,0.010330366711709615,0.0,0.012150287409412597,13.29,0.0,-0.08344827586206904,0.0,-0.0028393966282166394,1.6,0.0,0.77,0.0,0.8300000000000001,0.29,-0.11000000000000004
2016-10-03,0.0,0.0038612362437673298,0.0,0.0018472438259111712,13.29,0.0,0.01450381679389312,0.0,0.002676659528907832,1.6,0.0,0.77,0.0,0.8300000000000001,0.29,-0.11000000000000004
2016-10-04,-0.003260664031693561,-0.004683678967656424,-0.00186024570830845,-0.0017722095391640158,13.57,0.02106847253574129,0.09523809523809512,-0.0024915465385298985,0.0008928571428570287,1.63,0.029999999999999805,0.8,0.030000000000000027,0.8299999999999998,0.4,0.0
2016-10-05,-0.004955580233203749,-0.0002975180486536333,-0.00147124396142706,0.0043755037926545,13.63,0.00442151805453217,-0.02781740370898711,0.0001784121320249632,-0.0028459622909997595,1.69,0.06000000000000005,0.82,0.019999999999999907,0.87,0.4,0.0
2016-10-06,0.004296695171798204,-0.00393862387986732,0.003761727101926793,0.00042045244785371416,12.99,-0.046955245781364674,-0.022573363431151128,-0.0014270424545130833,-0.0037373198077950143,1.72,0.030000000000000027,0.85,0.030000000000000027,0.87,0.4,0.11000000000000004
2016-10-07,0.0004815416741907885,-0.003458978817213687,-0.000785198093383177,-0.000365075783989921,12.84,-0.011547344110854563,-0.0338600451467268,-0.0033940693104680397,-0.00711870439579998,1.75,0.030000000000000027,0.86,0.010000000000000009,0.89,0.4,0.11000000000000004
2016-10-08,-0.0032534698278855467,-0.006701194961882151,-0.0019286323944586181,-0.0022930040814650443,13.48,0.049844236760124616,0.014296463506395796,-0.00017924359204157803,-0.0072966720056949486,1.73,-0.020000000000000018,0.83,-0.030000000000000027,0.9,0.4,0.11000000000000004
2016-10-09,0.0,-0.0034517860447899062,0.0,-0.00043356491042045864,13.48,0.0,-0.0066322770817980325,0.0,-0.0048171275646744505,1.73,0.0,0.83,0.0,0.9,0.4,0.0
2016-10-10,0.0,0.001511283474928904,0.0,0.0010392079794709908,13.48,0.0,-0.011005135730007387,0.0,-0.0049946485907955696,1.73,0.0,0.83,0.0,0.9,0.4,0.0
2016-10-11,0.004605941292820992,0.0018196719034322406,0.006012926249660877,0.003284301163446246,13.38,-0.007418397626112738,0.03002309468822184,0.0,-0.0035727045373347144,1.73,0.0,0.83,0.0,0.9,0.4,0.0
2016-10-12,-0.012446502685264704,-0.011125663536609598,-0.014683975748758238,-0.010671082003808063,15.36,0.14798206278026904,0.19626168224299056,-0.00842595912513433,-0.008603692417995856,1.77,0.040000000000000036,0.87,0.040000000000000036,0.9,0.41,0.009999999999999953
2016-10-13,0.0011466118788989732,-0.006760333187849965,-0.00047284167477201766,-0.00922804305460767,15.91,0.03580729166666674,0.18026706231453993,-0.004339179171940044,-0.012728576550735005,1.79,0.020000000000000018,0.87,0.0,0.92,0.41,0.009999999999999953
2016-10-14,-0.0030993184304264343,-0.009838699193031486,-0.0034297238584704015,-0.012626117273646709,16.69,0.04902576995600261,0.23813056379821962,0.0021790448520064842,-0.010577267837934778,1.75,-0.040000000000000036,0.85,-0.020000000000000018,0.9,0.41,0.009999999999999953
2016-10-15,0.00020163653841631657,-0.00963904649586289,0.0011221919177197837,-0.011518094282683689,16.12,-0.034152186938286366,0.19584569732937696,-0.004801594491755656,-0.015328074578702,1.8,0.050000000000000044,0.84,-0.010000000000000009,0.9600000000000001,0.41,0.009999999999999953
2016-10-16,0.0,-0.014179677028738236,0.0,-0.01742623784934738,16.12,0.0,0.20478325859491786,0.0,-0.015328074578702,1.8,0.0,0.84,0.0,0.9600000000000001,0.41,0.009999999999999953
2016-10-17,0.0,-0.0017550181819883104,0.0,-0.002783129506772175,16.12,0.0,0.04947916666666674,0.0,-0.006960766588320455,1.8,0.0,0.84,0.0,0.9600000000000001,0.41,0.0
2016-10-18,-0.0030380031692749387,-0.005927504931796168,-0.002562134890578882,-0.004867593570460849,16.21,0.005583126550868567,0.018856065367693242,0.001365498406918686,-0.0012711094970037085,1.77,-0.030000000000000027,0.81,-0.029999999999999916,0.96,0.41,0.0
2016-10-19,0.006160357394780158,0.003305901385664889,0.009080161879166049,0.0076242426766046645,15.28,-0.0573719925971623,-0.08448172558418221,-0.00027272727272742436,-0.0037144410219243085,1.75,-0.020000000000000018,0.82,0.009999999999999898,0.93,0.41,0.0
2016-10-20,0.0021919985043934442,0.005302440716743684,-0.0006425991586291868,0.00584798970154865,14.41,-0.056937172774869094,-0.10607940446650133,-0.002818950622897054,-0.0017296313154301357,1.76,0.010000000000000009,0.81,-0.009999999999999898,0.95,0.41,0.0
2016-10-21,-0.0013757467506726462,0.003919399150484448,-0.0008063499021008225,0.0050369242735246456,13.75,-0.04580152671755722,-0.14702233250620356,-0.002918110523436157,-0.004642694583523066,1.76,0.0,0.84,0.029999999999999916,0.92,0.41,0.0
2016-10-22,-8.405951413614776e-05,0.0038350101735600273,0.003962580001696692,0.009019463490617552,13.34,-0.029818181818181855,-0.17245657568238215,-0.00621913297969634,-0.010832954028220265,1.74,-0.020000000000000018,0.84,0.0,0.9,0.41,0.0
2016-10-23,0.0,0.0068939572066775145,0.0,0.011611348221601814,13.34,0.0,-0.1770512029611352,0.0,-0.012181818181818294,1.74,0.0,0.84,0.0,0.9,0.41,0.0
2016-10-24,0.0,0.000729108244531762,0.0,0.002508409577413495,13.34,0.0,-0.12696335078534027,0.0,-0.011912339729016952,1.74,0.0,0.84,0.0,0.9,0.41,0.0
2016-10-25,0.004749761811354558,0.003283138008385089,0.011976850115213766,0.015167648414902368,13.02,-0.02398800599700157,-0.09646079111727968,0.002024664089821382,-0.00711289440087548,1.77,0.030000000000000027,0.84,0.0,0.93,0.41,0.0
2016-10-26,-0.0037976507555791406,0.0008499350873749645,-0.0037719171400233398,0.012154670981705973,13.46,0.03379416282642089,-0.02109090909090905,0.00018368846436445097,-0.004024144869215207,1.77,0.0,0.86,0.020000000000000018,0.91,0.41,0.0
2016-10-27,-0.0017404206872095873,-0.0008079732481458546,-0.0063089676885176305,0.0017993099553574865,14.24,0.05794947994056465,0.06746626686656665,0.002387511478420423,0.004601509295048656,1.79,0.020000000000000018,0.86,0.0,0.93,0.41,0.0
2016-10-28,-0.0029867768517781723,-0.0037923368641297195,-0.004966475263291192,-0.0031761015363179768,15.36,0.0786516853932584,0.15142428785607187,-0.0010993037742761391,0.003497147064237094,1.85,0.06000000000000005,0.87,0.010000000000000009,0.9800000000000001,0.41,0.0
2016-10-29,-0.003108239882983921,-0.006888789254422822,-0.0063807131263632355,-0.009536548869917838,16.19,0.05403645833333348,0.2136431784107946,0.0027512839325016802,0.006258052641266332,1.86,0.010000000000000009,0.86,-0.010000000000000009,1.0,0.41,0.0
2016-10-30,0.0,-0.011583532047617084,0.0,-0.02125878569522832,16.19,0.0,0.24347158218125964,0.0,0.004224834680381928,1.86,0.0,0.86,0.0,1.0,0.41,0.0
2016-10-31,0.0,-0.007815562067227777,0.0,-0.01755307730836453,16.19,0.0,0.20282317979197617,0.0,0.004040404040404066,1.86,0.0,0.86,0.0,1.0,0.41,0.0
2016-11-01,-0.00012227181023405365,-0.006207260812459259,-0.0008989530942089541,-0.012204279727358158,17.06,0.05373687461395904,0.19803370786516838,0.00256081946222797,0.004213997801392644,1.84,-0.020000000000000018,0.86,0.0,0.9800000000000001,0.31,-0.09999999999999998
2016-11-02,-0.006786915316417175,-0.009995124329595373,-0.007150191511829385,-0.01437211177619957,18.56,0.08792497069167649,0.20833333333333326,0.0072979383324212055,0.012655906089508395,1.83,-0.010000000000000009,0.83,-0.030000000000000027,1.0,0.41,0.0
2016-11-03,-0.00652548633341532,-0.013388763220639421,-0.008397420567491931,-0.01637259941027014,19.32,0.04094827586206895,0.19332921556516358,0.006973374388697717,0.016919700018291683,1.81,-0.020000000000000018,0.81,-0.019999999999999907,1.0,0.41,0.0
2016-11-04,-0.0044233867508127744,-0.017752926293612248,-0.01011442993414291,-0.026321429834838095,22.08,0.1428571428571428,0.3638048177887583,-0.0022484036334203816,0.014633254069873702,1.82,0.010000000000000009,0.81,0.0,1.01,0.41,0.0
2016-11-05,-0.0016661400132141901,-0.019389487445977016,-0.003983672073689437,-0.030200245963554972,22.51,0.019474637681159646,0.3903644224830143,0.0024337479718767874,0.017102615694165157,1.79,-0.030000000000000027,0.8,-0.010000000000000009,0.99,0.41,0.0
2016-11-06,0.0,-0.019269571761164617,0.0,-0.02932765705740359,22.51,0.0,0.3194607268464247,0.0,0.014504652435686882,1.79,0.0,0.8,0.0,0.99,0.41,0.09999999999999998
2016-11-07,0.0,-0.012567954084821809,0.0,-0.022337180665164547,22.51,0.0,0.21282327586206917,0.0,0.007154500996196411,1.79,0.0,0.8,0.0,0.99,0.41,0.0
2016-11-08,0.022223501088635134,0.01600617748839328,0.024304467799315832,0.009904990786792967,18.71,-0.16881386050644165,-0.031573498964803326,-0.007463357611725785,-0.007284827772281899,1.83,0.040000000000000036,0.82,0.019999999999999907,1.0100000000000002,0.41,0.0
2016-11-09,0.003771956162738288,0.024369691572587282,0.00653367492505863,0.026889786497403367,18.74,0.0016034206306787535,-0.15126811594202894,-0.0003623844899437456,-0.005408328826392639,1.88,0.04999999999999982,0.87,0.050000000000000044,1.0099999999999998,0.41,0.0
2016-11-10,0.011077043878180648,0.03744520856712619,0.004216511409139034,0.035344150577410804,14.38,-0.23265741728922085,-0.3611728120835185,-0.007431575131412016,-0.015196475137128074,2.07,0.18999999999999995,0.9,0.030000000000000027,1.17,0.41,0.0
2016-11-11,0.0019507595018628532,0.03946901466540065,-0.016196286977895213,0.018575419593773956,14.74,0.025034770514603677,-0.34517992003553977,-0.006391526661796876,-0.02149087312292064,2.15,0.08000000000000007,0.92,0.020000000000000018,1.23,0.41,0.0
2016-11-12,-0.0013979367745031723,0.03801590270384336,0.0010364375198808062,0.019631109375469302,14.17,-0.038670284938941646,-0.37050199911150605,0.0,-0.02149087312292064,2.15,0.0,0.92,0.0,1.23,0.41,0.0
2016-11-13,0.0,0.015449069208827382,0.0,-0.004562470018203757,14.17,0.0,-0.24265098877605562,0.0,-0.014132995107809188,2.15,0.0,0.92,0.0,1.23,0.41,0.0
2016-11-14,0.0,0.01163323300117769,0.0,-0.01102411694679628,14.17,0.0,-0.24386339381003197,0.0,-0.013775602682617238,2.15,0.0,0.92,0.0,1.23,0.41,0.0
2016-11-15,-0.00011550278361704969,0.00043452936771326556,-0.010503056639905695,-0.025520291470991774,14.48,0.021877205363443952,0.006954102920723182,-0.014611284690314252,-0.02090942293644993,2.23,0.08000000000000007,1.0,0.07999999999999996,1.23,0.41,0.0
2016-11-16,0.007480824323075508,0.005956225662981929,0.01327721584673891,0.0036738760867323084,13.37,-0.07665745856353601,-0.09294436906377213,0.00027977245173915755,-0.014335600073515975,2.23,0.0,1.02,0.020000000000000018,1.21,0.41,0.0
2016-11-17,-0.0015822857378724464,0.00577051906950965,0.005834856762662044,0.008484937762392342,13.72,0.026178010471204383,-0.031757233592095924,-0.00251724780906204,-0.01681676162470136,2.22,-0.009999999999999787,1.0,-0.020000000000000018,1.2200000000000002,0.41,0.0
2016-11-18,0.004676288735564471,0.010473792418397299,0.007161533052186142,0.015707235976809564,13.35,-0.02696793002915454,-0.05786873676781934,-0.0040190672025423035,-0.020768241132144816,2.29,0.06999999999999984,1.04,0.040000000000000036,1.25,0.41,0.0
2016-11-19,-0.002386700318226631,0.008062094296472644,-0.0038432930909814145,0.011803575374319975,12.85,-0.03745318352059923,-0.0931545518701482,-0.005255255255255276,-0.025914353979047955,2.34,0.04999999999999982,1.07,0.030000000000000027,1.2699999999999998,0.41,0.0
2016-11-20,0.0,0.008178541724424893,0.0,0.02254340669156374,12.85,0.0,-0.11256906077348072,0.0,-0.011470670521309345,2.34,0.0,1.07,0.0,1.2699999999999998,0.41,0.0
2016-11-21,0.0,0.0006925366562864355,0.0,0.009144773710402232,12.85,0.0,-0.03889304412864625,0.0,-0.011747156442289741,2.34,0.0,1.07,0.0,1.2699999999999998,0.41,0.0
2016-11-22,0.007461386864659136,0.009756814611335152,0.010598913486576711,0.013924507592435242,12.42,-0.033463035019455245,-0.09475218658892137,-0.0002830188679244783,-0.009533601271146774,2.33,-0.009999999999999787,1.08,0.010000000000000009,1.25,0.41,0.0
2016-11-23,0.0021654277629676866,0.007233256519989739,0.003054126363449372,0.009789520137405416,12.41,-0.0008051529790660261,-0.07041198501872659,0.0019816929319618204,-0.0035660660660661314,2.31,-0.020000000000000018,1.07,-0.010000000000000009,1.24,0.41,0.0
2016-11-24,0.0008080111124224576,0.01045877446262411,-0.004099436994238759,0.009529870799743767,12.43,0.0016116035455278066,-0.03268482490272373,-0.005462422301751757,-0.0037735849056603765,2.36,0.04999999999999982,1.12,0.050000000000000044,1.2399999999999998,0.41,0.0
2016-11-25,0.0,0.01045877446262411,0.0,0.009529870799743767,12.43,0.0,-0.03268482490272373,0.0,-0.0037735849056603765,2.36,0.0,1.12,0.0,1.2399999999999998,0.41,0.0
2016-11-26,0.003914329257229898,0.014414042806728089,0.0033293090447603646,0.012890907729553147,12.34,-0.007240547063555924,-0.03968871595330736,0.0033143939393940336,-0.0004716981132074638,2.36,0.0,1.12,0.0,1.2399999999999998,0.41,0.0
2016-11-27,0.0,0.006901163689961631,0.0,0.002267956369623514,12.34,0.0,-0.006441223832528209,0.0,-0.0001887326601868189,2.36,0.0,1.12,0.0,1.2399999999999998,0.41,0.0
2016-11-28,0.0,0.004725503191189917,0.0,-0.0007837762421416539,12.34,0.0,-0.005640612409347323,0.0,-0.002166132981729074,2.36,0.0,1.12,0.0,1.2399999999999998,0.41,0.0
2016-11-29,-0.005254478505433036,-0.0013607170071483488,-0.002669393554851962,0.000651028253802366,13.15,0.06564019448946512,0.057924376508447395,-0.0017932987258141297,0.0015151515151514694,2.32,-0.040000000000000036,1.11,-0.010000000000000009,1.2099999999999997,0.41,0.0
2016-11-30,0.00133531965917566,-2.7214340142966975e-05,0.0033333196074958327,0.003986517946541701,12.9,-0.019011406844106515,0.037811745776347605,0.0047276853252646855,0.006249999999999867,2.3,-0.020000000000000018,1.09,-0.020000000000000018,1.2099999999999997,0.41,0.0
2016-12-01,-0.0026534703763845258,-0.006569227641358144,-0.012804701623775672,-0.01215806095252181,13.33,0.033333333333333215,0.08022690437601288,-0.004517221908526214,-0.001604530438886309,2.37,0.07000000000000028,1.11,0.020000000000000018,1.26,0.31,-0.09999999999999998
2016-12-02,-0.0035155379500729778,-0.01006167122235524,-0.01594533976606849,-0.027909536305805727,14.07,0.05551387846961742,0.14019448946515412,0.005294006428436138,0.0036809815950917812,2.45,0.08000000000000007,1.14,0.029999999999999805,1.3100000000000003,0.41,0.0
2016-12-03,0.0003970644613615626,-0.00966860189305807,0.0011131999746518684,-0.026827405226262035,14.12,0.003553660270078085,0.14424635332252822,0.00300921572315227,0.00670127418593669,2.4,-0.050000000000000266,1.11,-0.029999999999999805,1.2899999999999998,0.41,0.0
2016-12-04,0.0,-0.004437439819777289,0.0,-0.024222671514632532,14.12,0.0,0.07376425855513302,0.0,0.008509833585476523,2.4,0.0,1.11,0.0,1.2899999999999998,0.41,0.0
2016-12-05,0.0,-0.005765061279290218,0.0,-0.027464443354585644,14.12,0.0,0.09457364341085261,0.0,0.0037643515904386415,2.4,0.0,1.11,0.0,1.2899999999999998,0.41,0.0
2016-12-06,0.005821300668354734,0.002683269586731152,0.008180412164486173,-0.006790956200723008,12.14,-0.140226628895184,-0.08927231807951985,0.005344084005250327,0.01370769521648696,2.39,-0.009999999999999787,1.13,0.019999999999999796,1.2600000000000002,0.41,0.09999999999999998
2016-12-07,0.0034108794353906458,0.00965277397447828,0.0022037864106116967,0.011527006189138378,11.79,-0.02883031301482708,-0.16204690831556512,-0.0005595449034784261,0.007805153281926103,2.39,0.0,1.12,-0.009999999999999787,1.27,0.41,0.0
2016-12-08,0.013163188276083426,0.022537010424507953,0.013212436856162357,0.023752102072638337,12.22,0.03647158608990675,-0.13456090651558061,0.003825697489969304,0.008625539096193569,2.34,-0.050000000000000266,1.1,-0.020000000000000018,1.2399999999999998,0.41,0.0
2016-12-09,0.002159412853860454,0.024745089988366553,0.0014942476617600953,0.02528184125738231,12.64,0.03436988543371511,-0.10481586402266285,-0.012362892730991004,-0.0038439902493905276,2.4,0.06000000000000005,1.12,0.020000000000000018,1.2799999999999998,0.41,0.0
2016-12-10,0.005938945503274562,0.030830995232555614,0.00755475706856501,0.03302759649489273,11.75,-0.07041139240506333,-0.1678470254957507,-0.007905882352941096,-0.011719482467654196,2.47,0.07000000000000028,1.15,0.029999999999999805,1.3200000000000003,0.41,0.0
2016-12-11,0.0,0.024864948224483152,0.0,0.02464557338211093,11.75,0.0,-0.032125205930807255,0.0,-0.016972862072181294,2.47,0.0,1.15,0.0,1.3200000000000003,0.41,0.0
2016-12-12,0.0,0.021381140297347168,0.0,0.022392438819129223,11.75,0.0,-0.003392705682781938,0.0,-0.01642250629840447,2.47,0.0,1.15,0.0,1.3200000000000003,0.41,0.0
2016-12-13,-0.0011374046815045835,0.006964552613380359,-0.0044118548172960015,0.004608465891993818,12.64,0.07574468085106378,0.03436988543371511,0.006166397874964424,-0.014129020263989656,2.49,0.020000000000000018,1.15,0.0,1.3400000000000003,0.41,0.0
2016-12-14,0.006539770310506121,0.011365912945921597,0.012625402621915027,0.01577423397726796,12.72,0.006329113924050667,0.006329113924050667,0.002734301338864764,0.0009411764705882231,2.48,-0.010000000000000231,1.17,0.020000000000000018,1.31,0.41,0.0
2016-12-15,-0.008117197541950394,-0.0027660619686394883,-0.0029620084929818935,0.005171674258052761,13.19,0.036949685534591215,0.12255319148936161,0.001974612129760356,0.010909780855706375,2.54,0.06000000000000005,1.27,0.10000000000000009,1.27,0.41,0.0
2016-12-16,0.003883228005396644,0.0011064247874557065,0.002477028054018948,0.00766151269429538,12.79,-0.030326004548900665,0.0885106382978722,-0.026370120120120077,-0.015748031496062964,2.6,0.06000000000000005,1.29,0.020000000000000018,1.31,0.66,0.25000000000000006
2016-12-17,-0.0017506399119374683,-0.0006461520758741512,-0.003760076701510795,0.0038726281174044086,12.2,-0.04612978889757624,0.038297872340425476,0.007807228915662545,-0.008063751067261093,2.6,0.0,1.28,-0.010000000000000009,1.32,0.66,0.25000000000000006
2016-12-18,0.0,0.0004918119948957855,0.0,0.008321194838233126,12.2,0.0,-0.034810126582278555,0.0,-0.014142937959645385,2.6,0.0,1.28,0.0,1.32,0.66,0.25000000000000006
2016-12-19,0.0,-0.006008663039458906,0.0,-0.004250542967357274,12.2,0.0,-0.04088050314465419,0.0,-0.01683121767747986,2.6,0.0,1.28,0.0,1.32,0.66,0.25000000000000006
2016-12-20,0.001975138060378967,0.004105126748562116,0.004067257256564982,0.002769638422992715,11.71,-0.04016393442622934,-0.11220621683093246,-0.0011476664116297774,-0.019894894894895043,2.54,-0.06000000000000005,1.24,-0.040000000000000036,1.3,0.66,0.25000000000000006
2016-12-21,0.0036375208284531446,0.0038593652604077544,0.00384003566471125,0.004133043878372211,11.45,-0.02220324508966709,-0.1047693510555121,-0.005170432784373902,0.0014457831325298542,2.57,0.029999999999999805,1.25,0.010000000000000009,1.3199999999999998,0.66,0.0
2016-12-22,-0.002457327062305281,0.0031487066388551366,-0.0009891396503695082,0.006925934818082347,11.27,-0.015720524017467263,-0.07622950819672125,0.00336862367661217,-0.002964804896710138,2.55,-0.020000000000000018,1.21,-0.040000000000000036,1.3399999999999999,0.66,0.0
2016-12-23,-0.00186298660592088,0.0012798540346401488,-0.002931964679019461,0.003973663542807149,11.43,0.014196983141082642,-0.06311475409836065,0.0025899280575538697,-0.0003825554705434442,2.55,0.0,1.22,0.010000000000000009,1.3299999999999998,0.66,0.0
2016-12-24,0.0012516807020026555,0.0025331367052392473,0.0011409718323844853,0.005119169213365415,11.44,0.0008748906386701893,-0.06229508196721312,-0.0002870264064294137,-0.0006694720734508053,2.55,0.0,1.22,0.0,1.3299999999999998,0.66,0.0
2016-12-25,0.0,0.0005568986930559738,0.0,0.0010476508911112514,11.44,0.0,-0.023057216054654273,0.0,0.00047874377633094767,2.55,0.0,1.22,0.0,1.3299999999999998,0.66,0.0
2016-12-26,0.0,-0.0030694569219117396,0.0,-0.002781702935120478,11.44,0.0,-0.0008733624454148048,0.0,0.005678537054860433,2.55,0.0,1.22,0.0,1.3299999999999998,0.66,0.0
2016-12-27,0.0,-0.0006136377683009231,0.0,-0.0017943381357471422,11.44,0.0,0.015084294587400127,0.0,0.002302158273381316,2.55,0.0,1.22,0.0,1.3299999999999998,0.66,0.0
2016-12-28,0.002248441772426002,0.0035029368056047616,0.00522062663713907,0.006367555057464003,11.99,0.04807692307692313,0.04899387576552927,0.0008613264427219658,0.0005740528128588274,2.57,0.020000000000000018,1.28,0.06000000000000005,1.2899999999999998,0.66,0.0
2016-12-29,-0.00835654596100277,-0.006126893395588806,-0.007958419673729011,-0.0027793409743280817,12.95,0.08006672226855716,0.1319930069930071,-0.006597819850832076,-0.005742176284811995,2.51,-0.06000000000000005,1.26,-0.020000000000000018,1.2499999999999998,0.66,0.0
2016-12-30,-0.00029334376333378653,-0.006418439872956316,-0.00162597005048426,-0.004400791899628054,13.37,0.03243243243243232,0.16870629370629375,0.00933679853691416,0.0035410087089673414,2.49,-0.019999999999999574,1.22,-0.040000000000000036,1.2700000000000002,0.66,0.0
2016-12-31,-0.004637080639855018,-0.011025757689538396,-0.011113641354294601,-0.015465524431075295,14.04,0.05011219147344792,0.2272727272727273,0.0062941064276176295,0.009857402622260425,2.45,-0.040000000000000036,1.2,-0.020000000000000018,1.2500000000000002,0.55,-0.10999999999999999
2017-01-01,0.0,-0.011025757689538396,0.0,-0.015465524431075295,14.04,0.0,0.2272727272727273,0.0,0.009857402622260425,2.45,0.0,1.2,0.0,1.2500000000000002,0.55,-0.10999999999999999
2017-01-02,0.0,-0.013244420154437497,0.0,-0.020578717268683322,14.04,0.0,0.17097581317764798,0.0,0.008988334289538935,2.45,0.0,1.2,0.0,1.2500000000000002,0.55,-0.10999999999999999
2017-01-03,0.0,-0.004929064144503004,0.0,-0.012721540956784905,14.04,0.0,0.08416988416988413,0.0,0.01568967176821645,2.45,0.0,1.2,0.0,1.2500000000000002,0.55,-0.10999999999999999
2017-01-04,0.008486575577422162,0.0038101420022584875,0.009809565714426816,-0.0014130956350594248,12.85,-0.08475783475783472,-0.03889304412864625,-0.012888551933282644,-0.006675567423230833,2.45,0.0,1.22,0.020000000000000018,1.2300000000000002,0.66,0.0
2017-01-05,0.00572230858833489,0.014257446970069143,0.005267412289542639,0.015128649030968777,11.85,-0.07782101167315181,-0.15598290598290598,0.005760368663594528,-0.0072024260803637,2.46,0.009999999999999787,1.24,0.020000000000000018,1.22,0.66,0.10999999999999999
2017-01-06,-0.0007706704833204681,0.013475788693201318,0.0056205946690430775,0.02083427570410512,11.67,-0.015189873417721489,-0.16880341880341876,0.011645666284841427,0.004359363153904727,2.37,-0.08999999999999986,1.17,-0.07000000000000006,1.2000000000000002,0.66,0.10999999999999999
2017-01-07,0.00351696782723665,0.017040150435718715,0.008485483237494762,0.02949654783885247,11.32,-0.02999143101970858,-0.19373219373219364,-0.0035855821853180148,0.0007581501137225999,2.42,0.04999999999999982,1.22,0.050000000000000044,1.2,0.66,0.10999999999999999
2017-01-08,0.0,0.017040150435718715,0.0,0.02949654783885247,11.32,0.0,-0.19373219373219364,0.0,0.0007581501137225999,2.42,0.0,1.22,0.0,1.2,0.66,0.10999999999999999
2017-01-09,0.0,0.008481595159954614,0.0,0.019495737407178915,11.32,0.0,-0.11906614785992209,0.0,0.01382488479262678,2.42,0.0,1.22,0.0,1.2,0.66,0.0
2017-01-10,-0.0035485599346501973,-0.0008147087966530187,0.003558960511915066,0.017763104593696788,11.56,0.021201413427561766,-0.024472573839662393,0.0015151515151514694,0.009545628102329173,2.38,-0.040000000000000036,1.21,-0.010000000000000009,1.17,0.66,0.0
2017-01-11,0.0,-4.407227853675533e-05,0.0020438217675975423,0.014143143435482841,11.49,-0.006055363321799345,-0.015424164524421524,-0.00037821482602129475,-0.002453293074165086,2.38,0.0,1.19,-0.020000000000000018,1.19,0.66,0.0
2017-01-12,0.002829564987438804,-0.0007290358281583087,0.0029869895157461634,0.008613802855157227,11.26,-0.020017406440382968,-0.005300353356890497,-0.006715853197124422,-0.005587121212121238,2.38,0.0,1.2,0.010000000000000009,1.18,0.66,0.0
2017-01-13,-0.002144753265474808,-0.0028722254916599965,-0.0017385415655981618,0.006860285835257329,11.54,0.0248667850799289,0.019434628975264934,0.015712789258165882,0.010037878787878762,2.36,-0.020000000000000018,1.18,-0.020000000000000018,1.18,0.66,0.0
2017-01-14,0.0018498617008155804,-0.0010276770107775501,0.003586284050358657,0.010471172819287888,11.23,-0.026863084922010283,-0.007950530035335635,-0.0038439902493905276,0.006155303030302983,2.4,0.040000000000000036,1.21,0.030000000000000027,1.19,0.66,0.0
2017-01-15,0.0,0.002529860284719465,0.0,0.006887699257696722,11.23,0.0,-0.028546712802768215,0.0,0.004633131618759334,2.4,0.0,1.21,0.0,1.19,0.66,0.0
2017-01-16,0.0,0.002529860284719465,0.0,0.004833997660456335,11.23,0.0,-0.022628372497824123,0.0,0.005013242527430961,2.4,0.0,1.21,0.0,1.19,0.66,0.0
2017-01-17,0.0,-0.00029885906158266806,0.0,0.0018415075808728698,11.23,0.0,-0.002664298401420906,0.0,0.011808399200076147,2.4,0.0,1.21,0.0,1.19,0.66,0.0
2017-01-18,-0.0029675025498540064,-0.0011231303183524277,-0.0029370433105183613,0.0006387076682605741,11.87,0.05699020480854844,0.02859618717504331,0.0065882352941175615,0.0027189199324957336,2.33,-0.06999999999999984,1.17,-0.040000000000000036,1.1600000000000001,0.66,0.0
2017-01-19,0.0017637539739581154,-0.001208982520310875,0.0022201738475415844,-0.0007233902097237843,12.48,0.05139005897219895,0.11130899376669645,-0.0012155212716221664,0.005364705882352938,2.42,0.08999999999999986,1.23,0.06000000000000005,1.19,0.66,0.0
2017-01-20,-0.0036093296770529637,-0.00481394858087425,-0.0009256603736266245,-0.0016483809696986595,12.78,0.024038461538461453,0.1380231522707034,-0.004868002246770309,0.0004705882352940005,2.47,0.050000000000000266,1.25,0.020000000000000018,1.2200000000000002,0.66,0.0
2017-01-21,0.003366185299223723,-0.001463967924594578,0.0023816264350635663,0.0007293196376723099,11.54,-0.09702660406885766,0.027604630454140633,0.0,0.0004705882352940005,2.48,0.009999999999999787,1.2,-0.050000000000000044,1.28,0.66,0.0
2017-01-22,0.0,-0.001463967924594578,0.0,0.0007293196376723099,11.54,0.0,0.027604630454140633,0.0,0.0004705882352940005,2.48,0.0,1.2,0.0,1.28,0.66,0.0
2017-01-23,0.0,0.001508009647734232,0.0,0.003677162934990541,11.54,0.0,-0.02780117944397642,0.0,-0.006077606358111276,2.48,0.0,1.2,0.0,1.28,0.66,0.0
2017-01-24,-0.0026900775323491777,-0.002944684821888366,0.0004937588876599008,0.0019482381795346004,11.77,0.019930675909878737,-0.05689102564102566,0.010348071495766886,0.005429694813705366,2.41,-0.06999999999999984,1.16,-0.040000000000000036,1.2500000000000002,0.66,0.0
2017-01-25,0.006564541762317022,0.007235973123528527,0.006980279132202893,0.009876919604765,11.07,-0.05947323704333041,-0.13380281690140838,0.0008379888268155167,0.011194731890874943,2.47,0.06000000000000005,1.21,0.050000000000000044,1.2600000000000002,0.66,0.0
2017-01-26,0.008026069375062894,0.011913829464053727,0.009882259765617407,0.01743363880549853,10.81,-0.023486901535682003,-0.06325823223570182,-0.0005581914596706206,0.010630291627469424,2.53,0.05999999999999961,1.23,0.020000000000000018,1.2999999999999998,0.66,0.0
2017-01-27,-0.0007353037152416642,0.01116976546574433,0.0010579504490950686,0.018510033180597407,10.63,-0.016651248843663202,-0.07885615251299816,-0.006795122405287235,0.0037629350893697566,2.51,-0.020000000000000018,1.21,-0.020000000000000018,1.2999999999999998,0.66,0.0
2017-01-28,-0.000866468119198105,0.010293619100871343,0.0021602041528665517,0.020710222784010135,10.58,-0.004703668861712251,-0.08318890814558055,0.0018744142455482393,0.005644402634054524,2.49,-0.019999999999999574,1.22,0.010000000000000009,1.2700000000000002,0.66,0.0
2017-01-29,0.0,0.013018717993996232,0.0,0.020206486763922227,10.58,0.0,-0.1011045029736618,0.0,-0.004655493482309203,2.49,0.0,1.22,0.0,1.2700000000000002,0.66,0.0
2017-01-30,0.0,0.00641208383953118,0.0,0.013134524981082363,10.58,0.0,-0.0442637759710931,0.0,-0.00548888268676162,2.49,0.0,1.22,0.0,1.2700000000000002,0.66,0.0
2017-01-31,-0.006009526341248739,-0.007601038997202325,-0.007494108040541403,-0.004297802374856219,11.88,0.12287334593572785,0.09898242368177623,-0.0008419083255377657,-0.005771199851065778,2.49,0.0,1.22,0.0,1.2700000000000002,0.66,0.0
2017-02-01,-0.0008899995615766487,-0.00775467196126578,-0.002448662885795927,-0.007785655003374026,11.99,0.0092592592592593,0.12793979303856995,0.01057953375152132,0.011621368322399128,2.45,-0.040000000000000036,1.19,-0.030000000000000027,1.2600000000000002,0.56,-0.09999999999999998
2017-02-02,0.00029839350204285964,-0.006597841102719659,0.007020053666668469,-0.002974036679140868,11.81,-0.015012510425354453,0.11625708884688102,-0.0033351862145635236,0.006361085126286303,2.48,0.029999999999999805,1.22,0.030000000000000027,1.26,0.66,0.0
2017-02-03,0.0005702879954376794,-0.006031315776858781,-0.0009684262006834921,-0.003939582744782455,11.93,0.0101608806096527,0.1275992438563327,0.004089979550102152,0.010477081384471454,2.48,0.0,1.21,-0.010000000000000009,1.27,0.66,0.0
2017-02-04,0.007264835478001608,0.0011897031843082218,0.0027002350564331312,-0.001249985487784544,10.97,-0.08046940486169318,0.036862003780718355,-0.0009257544899093917,0.009541627689429344,2.49,0.010000000000000231,1.21,0.0,1.2800000000000002,0.66,0.0
2017-02-05,0.0,0.007242755052830008,0.0,0.006291270009923355,10.97,0.0,-0.07659932659932656,0.0,0.010392285366538578,2.49,0.0,1.21,0.0,1.2800000000000002,0.66,0.0
2017-02-06,0.0,0.008139999210134974,0.0,0.00876138657786063,10.97,0.0,-0.08507089241034194,0.0,-0.00018528812303131303,2.49,0.0,1.21,0.0,1.2800000000000002,0.66,0.09999999999999998
2017-02-07,-0.002115416423640437,0.00570726678511102,0.0012321760694358197,0.002963500618123893,11.37,0.03646308113035546,-0.037256562235393864,-0.005652335063009661,-0.0025097601784719314,2.42,-0.07000000000000028,1.16,-0.050000000000000044,1.26,0.66,0.0
2017-02-08,0.00022682067208701362,0.005362036083039312,0.0034675190984450044,0.007416904637022492,11.29,-0.0070360598065083435,-0.05364626990779553,-0.003820706364737636,-0.010368450286983966,2.4,-0.020000000000000018,1.16,0.0,1.24,0.66,0.0
2017-02-09,0.0006933905489561187,-0.0011969948899199778,0.0020632949470484885,0.006776968381897008,11.45,0.01417183348095663,0.04375569735642659,0.0016838166510757535,-0.007783543365455836,2.34,-0.06000000000000005,1.15,-0.010000000000000009,1.19,0.66,0.0
2017-02-10,0.0057524611382027135,0.004548580581695827,0.0029981256903579556,0.009795412275263482,10.88,-0.049781659388646204,-0.008204193254329972,-0.004669406051550196,-0.01241660489251284,2.4,0.06000000000000005,1.2,0.050000000000000044,1.2,0.66,0.0
2017-02-11,0.0035660587468098193,0.008130859834074577,0.002787711812377136,0.012610430874147482,10.85,-0.0027573529411766273,-0.010938924339106704,-0.0007506098705198916,-0.013157894736842146,2.41,0.010000000000000231,1.2,0.0,1.2100000000000002,0.66,0.0
2017-02-12,0.0,0.010267997347942925,0.0,0.011364252045294343,10.85,0.0,-0.04573438874230429,0.0,-0.00754822476935979,2.41,0.0,1.2,0.0,1.2100000000000002,0.66,0.0
2017-02-13,0.0,0.010038899645891108,0.0,0.007869445494303573,10.85,0.0,-0.03897254207263057,0.0,-0.00374181478016844,2.41,0.0,1.2,0.0,1.2100000000000002,0.66,0.0
2017-02-14,0.005245887483269263,0.014633912501579749,0.005764642632335226,0.011592239511371005,11.07,0.02027649769585249,-0.033187772925764136,-0.004413145539906016,-0.009805752708255455,2.43,0.020000000000000018,1.2,0.0,1.2300000000000002,0.66,0.0
2017-02-15,0.004007301621389514,0.012873342085992778,0.0027107643023729366,0.011302415888998052,10.74,-0.02981029810298108,-0.012867647058823595,-0.0024521361878713233,-0.007599924939012959,2.47,0.040000000000000036,1.25,0.050000000000000044,1.2200000000000002,0.66,0.0
2017-02-16,0.004992342508064018,0.01431285350373468,0.005941867590451455,0.014483353709517921,11.97,0.1145251396648046,0.10322580645161294,0.0018908953389429328,-0.004976525821596134,2.51,0.03999999999999959,1.27,0.020000000000000018,1.2399999999999998,0.66,0.0
2017-02-17,-0.0008641055656061214,0.013436380121756297,-0.00033003984995449986,0.014148533775678374,11.76,-0.01754385964912286,0.08387096774193559,0.005945078795885683,0.0009389671361503815,2.45,-0.05999999999999961,1.22,-0.050000000000000044,1.2300000000000002,0.66,0.0
2017-02-18,0.0016785814708464297,0.015137515651310274,0.004542847656131999,0.018755656065311044,11.49,-0.022959183673469385,0.05898617511520743,-0.0043151969981239935,-0.0033802816901409294,2.42,-0.03000000000000025,1.21,-0.010000000000000009,1.21,0.66,0.0
2017-02-19,0.0,0.009840008590142668,0.0,0.012916554114464684,11.49,0.0,0.03794037940379402,0.0,0.0010374422333301325,2.42,0.0,1.21,0.0,1.21,0.66,0.0
2017-02-20,0.0,0.005809426843145449,0.0,0.010178199113273223,11.49,0.0,0.06983240223463683,0.0,0.0034981563770444257,2.42,0.0,1.21,0.0,1.21,0.66,0.0
2017-02-21,0.0,0.0008130254336489173,0.0,0.00421130848541873,11.49,0.0,-0.040100250626566414,0.0,0.0016042276115879606,2.42,0.0,1.21,0.0,1.21,0.66,0.0
2017-02-22,0.00604807839534538,0.0077368120585203926,0.004884763893688193,0.009449802288025388,11.57,0.006962576153176636,-0.016156462585034004,-0.005935556811758058,-0.010225140712945668,2.43,0.010000000000000231,1.22,0.010000000000000009,1.2100000000000002,0.66,0.0
2017-02-23,-0.0010822785345272479,0.004959254155395776,0.0002616465416869218,0.005147688516954796,11.74,0.014693171996542853,0.021758050478677182,0.00037911098474086025,-0.005558696061804924,2.42,-0.010000000000000231,1.22,0.0,1.2,0.66,0.0
2017-02-24,0.00041899086684549225,0.0053803229044386836,-0.0036919880496176782,0.0014366952628495078,11.71,-0.0025553662691651935,0.019147084421235805,0.0029369966840357975,-0.0026380252496701617,2.38,-0.040000000000000036,1.18,-0.040000000000000036,1.2,0.66,0.0
2017-02-25,0.001493351834538359,0.00688170945405675,0.0020516205739662396,0.003491263390375421,11.47,-0.020495303159692613,-0.0017406440382941035,-0.0005667863215567115,-0.003203316374599474,2.31,-0.06999999999999984,1.12,-0.05999999999999983,1.19,0.66,0.0
2017-02-26,0.0,0.00688170945405675,0.0,0.003491263390375421,11.47,0.0,-0.0017406440382941035,0.0,-0.003203316374599474,2.31,0.0,1.12,0.0,1.19,0.66,0.0
2017-02-27,0.0,0.0008286195029973964,0.0,-0.001386726670940086,11.47,0.0,-0.008643042350907515,0.0,0.002748554639370848,2.31,0.0,1.12,0.0,1.19,0.66,0.0
2017-02-28,0.001018020225231675,0.002932936067918668,0.0007935156298248813,-0.000855734072229164,12.09,0.054054054054053946,0.029812606473594627,0.0041587901701323204,0.006537186167693054,2.36,0.04999999999999982,1.2,0.07999999999999985,1.16,0.66,0.0
2017-03-01,-0.0025783310475788745,-7.191779373139084e-05,-0.0032239062748361524,-0.00038631977900993597,12.92,0.06865177832919778,0.10333048676344991,-0.0005647590361445021,0.0030228603816362387,2.36,0.0,1.22,0.020000000000000018,1.14,0.57,-0.09000000000000008
2017-03-02,0.013673825117192173,0.012089518193415305,0.011383953278514714,0.008923307837276795,12.54,-0.02941176470588236,0.09328683522231906,-0.005085703522320628,-0.0015122873345936316,2.46,0.10000000000000009,1.29,0.07000000000000006,1.17,0.66,0.0
2017-03-03,-0.0058598641045760624,0.006158811155136057,-0.005143767656775378,0.003733640758256662,11.81,-0.05821371610845283,0.0296425457715781,-0.004733055660734675,-0.006238185255198592,2.49,0.03000000000000025,1.32,0.030000000000000027,1.1700000000000002,0.66,0.0
2017-03-04,0.0005037952576072424,0.006665709192595903,0.0019055574408102238,0.005646312865994929,10.96,-0.07197290431837422,-0.04446381865736704,0.003614228647517592,-0.002646502835538911,2.49,0.0,1.32,0.0,1.1700000000000002,0.66,0.0
2017-03-05,0.0,0.005641945352885314,0.0,0.00484894951893855,10.96,0.0,-0.09346567411083528,0.0,-0.006777108433735024,2.49,0.0,1.32,0.0,1.1700000000000002,0.66,0.0
2017-03-06,0.0,0.008241525782268111,0.0,0.008098966101408589,10.96,0.0,-0.15170278637770895,0.0,-0.006215859860614237,2.49,0.0,1.32,0.0,1.1700000000000002,0.66,0.09000000000000008
2017-03-07,-0.0032772164221692712,-0.008618674769194867,-0.00245092565711591,-0.005690976981964191,11.24,0.025547445255474477,-0.10366826156299835,0.0032221379833208275,0.0020825444907230928,2.49,0.0,1.31,-0.010000000000000009,1.1800000000000002,0.66,0.0
2017-03-08,-0.0029133039476952893,-0.005680291529522541,-0.0016846040620785985,-0.002233716060754176,11.45,0.01868327402135228,-0.030482641828958656,-0.00037785754770447433,0.006467567053452639,2.52,0.029999999999999805,1.32,0.010000000000000009,1.2,0.66,0.0
2017-03-09,-0.0022842521713062336,-0.00845110611299471,0.001592142440687061,-0.002545836217869857,11.86,0.03580786026200866,0.08211678832116776,-0.003307503307503401,-0.0004738438210765139,2.57,0.04999999999999982,1.36,0.040000000000000036,1.2099999999999997,0.66,0.0
2017-03-10,0.0007998374933346764,-0.007658028131189321,0.0007798798462628209,-0.0017679418179652462,12.3,0.03709949409780777,0.12226277372262762,0.0036977339527828335,0.0032221379833208275,2.6,0.03000000000000025,1.37,0.010000000000000009,1.23,0.66,0.0
2017-03-11,0.0032686786165836423,-0.0044143811474034456,0.00408651784682279,0.0023113513030661448,11.66,-0.052032520325203335,0.06386861313868608,0.007651615341016438,0.010898407884761152,2.58,-0.020000000000000018,1.36,-0.010000000000000009,1.22,0.66,0.0
2017-03-12,0.0,-0.0011409037136205225,0.0,0.004773977624428216,11.66,0.0,0.03736654804270456,0.0,0.007651615341016438,2.58,0.0,1.36,0.0,1.22,0.66,0.0
2017-03-13,0.0,0.0017775788615894683,0.0,0.006469480199129851,11.66,0.0,0.0183406113537119,0.0,0.008032508032507879,2.58,0.0,1.36,0.0,1.22,0.66,0.0
2017-03-14,0.00036668633566550035,0.004439309685227988,0.0016097588146828379,0.006487182357550525,11.35,-0.026586620926243643,-0.04300168634064083,0.000281241211212091,0.011662084004930184,2.62,0.040000000000000036,1.4,0.039999999999999813,1.2200000000000002,0.66,0.0
2017-03-15,-0.0033790189048102937,0.0002452566102999487,-0.002298607674012909,0.003391138669420979,12.3,0.08370044052863457,0.0,-0.0023430178069352436,0.005573398828641718,2.6,-0.020000000000000018,1.4,0.0,1.2000000000000002,0.66,0.0
2017-03-16,0.008374727853051489,0.005335918401753403,0.006332018498115044,0.005635084201340623,11.63,-0.05447154471544713,-0.002572898799313883,-0.0014091122592767569,-0.0034686416049498625,2.51,-0.0900000000000003,1.33,-0.06999999999999984,1.1799999999999997,0.66,0.0
2017-03-17,-0.001626657052061442,0.0037005816403945513,-0.0007699053773366771,0.00486084034237555,11.21,-0.03611349957007737,-0.038593481989708356,0.010159924741298454,0.006656041998687634,2.53,0.020000000000000018,1.35,0.020000000000000018,1.1799999999999997,0.91,0.25
2017-03-18,-0.0013143639402364293,0.002381353789092211,-0.0006134425211747896,0.004244415975046101,11.28,0.006244424620874156,-0.032590051457976,0.0003725088470851734,0.007031030280303829,2.5,-0.029999999999999805,1.33,-0.020000000000000018,1.17,0.91,0.25
2017-03-19,0.0,0.0020139289731913035,0.0,0.0026304228140519026,11.28,0.0,-0.006167400881057272,0.0,0.006747891283973795,2.5,0.0,1.33,0.0,1.17,0.91,0.25
2017-03-20,0.0,0.005411232535035726,0.0,0.004940386498382576,11.28,0.0,-0.08292682926829276,0.0,0.00911225927665571,2.5,0.0,1.33,0.0,1.17,0.91,0.25
2017-03-21,-0.00200988121517931,-0.0049428573824239486,0.0008412279339442552,-0.0005428109854603846,11.34,0.005319148936170359,-0.024935511607910632,0.0011171104077452032,0.011665098777046135,2.47,-0.029999999999999805,1.3,-0.030000000000000027,1.1700000000000002,0.91,0.25
2017-03-22,-0.012407993359932812,-0.01568838236652703,-0.014922478114129945,-0.014698600168511988,12.47,0.09964726631393295,0.11239964317573592,0.005207364701506512,0.006705159247532011,2.43,-0.040000000000000036,1.27,-0.030000000000000027,1.1600000000000001,0.91,0.0
2017-03-23,0.0018899156150544716,-0.012530221801745012,0.006567239190403029,-0.007619121573151699,12.81,0.027265437048917374,0.1356382978723405,-0.0009250693802034249,0.005399366970769037,2.4,-0.03000000000000025,1.27,0.0,1.13,0.91,0.0
2017-03-24,-0.0010602737976110888,-0.01357721013350155,-0.0023120418067833493,-0.009913547652326993,13.12,0.024199843871974824,0.16312056737588643,-0.0012037037037038179,0.00418916402904479,2.41,0.010000000000000231,1.26,-0.010000000000000009,1.1500000000000001,0.91,0.0
2017-03-25,-0.0008440041603438031,-0.014409755072006702,0.0016544852235422791,-0.008275464246888409,12.96,-0.012195121951219412,0.14893617021276606,0.0017613794382127512,0.005957922174641528,2.4,-0.010000000000000231,1.26,0.0,1.14,0.91,0.0
2017-03-26,0.0,-0.012424846322051541,0.0,-0.00910902941084113,12.96,0.0,0.14285714285714302,0.0,0.004835410079970348,2.4,0.0,1.26,0.0,1.14,0.91,0.0
2017-03-27,0.0,-1.706470081308531e-05,0.0,0.005901513915533618,12.96,0.0,0.039294306335204476,0.0,-0.00037002775208139216,2.4,0.0,1.26,0.0,1.14,0.91,0.0
2017-03-28,-0.0010196332733214408,-0.0029210756030572105,0.0019146159582401623,0.0012519678438021042,12.5,-0.035493827160493874,-0.024199843871975046,0.007033129742735511,0.007592592592592595,2.38,-0.020000000000000018,1.27,0.010000000000000009,1.1099999999999999,0.91,0.0
2017-03-29,0.007251482966702083,0.005375198213098287,0.00612920452452137,0.009723368576731728,11.53,-0.0776,-0.12118902439024393,-0.002756846167983884,0.006025771762306453,2.42,0.040000000000000036,1.3,0.030000000000000027,1.1199999999999999,0.91,0.0
2017-03-30,0.0010854034436120763,0.007316615329482357,0.004264676237837994,0.012354586129754042,11.42,-0.0095403295750216,-0.11882716049382724,-0.008846295613711752,-0.0046270590412734736,2.39,-0.029999999999999805,1.26,-0.040000000000000036,1.1300000000000001,0.91,0.0
2017-03-31,0.0029350353432466836,0.010273125197314048,0.0017439280183120243,0.014120059656972384,11.54,0.010507880910682887,-0.10956790123456805,-0.0027891409445889304,-0.00740329446603738,2.42,0.029999999999999805,1.28,0.020000000000000018,1.14,0.91,0.0
2017-04-01,-0.002255010430479043,0.007994948762361398,-0.0006452514274579713,0.013465697240864882,12.37,0.07192374350086661,-0.04552469135802484,-0.0026104792093976092,-0.009994447529150352,2.4,-0.020000000000000018,1.27,-0.010000000000000009,1.13,0.82,-0.09000000000000008
2017-04-02,0.0,0.009023782985065454,0.0,0.011529007660575186,12.37,0.0,-0.010400000000000076,0.0,-0.01690865649696749,2.4,0.0,1.27,0.0,1.13,0.82,-0.09000000000000008
2017-04-03,0.0,0.0017595407386676865,0.0,0.00536690825767816,12.37,0.0,0.07285342584562016,0.0,-0.014190932546995771,2.4,0.0,1.27,0.0,1.13,0.82,-0.09000000000000008
2017-04-04,-0.0016421751202002621,-0.0009698745939443754,-0.0007413225709728133,0.00035541510827252765,12.38,0.0008084074373484462,0.08406304728546421,-0.0040194428865210075,-0.00939010784678318,2.35,-0.04999999999999982,1.24,-0.030000000000000027,1.11,0.91,0.0
2017-04-05,0.0005595970900948988,-0.0033360641199969843,0.0015113581974153245,0.00012316765139508412,11.79,-0.04765751211631675,0.02166377816291165,0.0008446738620366823,-0.00578034682080919,2.36,0.009999999999999787,1.25,0.010000000000000009,1.1099999999999999,0.91,0.0
2017-04-06,-0.0030548776354145657,-0.004135064671226374,-0.004023593810025261,-0.003257772390056868,12.89,0.09329940627650557,0.04203718674211809,-0.0002813203300824352,-0.0034585903907272675,2.34,-0.020000000000000018,1.24,-0.010000000000000009,1.0999999999999999,0.91,0.09000000000000008
2017-04-07,0.0019294927644020188,-0.0022135504841876985,0.0004355432848821561,-0.00282364800606294,12.39,-0.03878975950349106,0.0016168148746968924,-0.0009379983116031276,-0.004393344550383427,2.34,0.0,1.24,0.0,1.0999999999999999,0.91,0.09000000000000008
2017-04-08,-0.0008271509105022279,-0.00303887045439144,-0.0004630244535942518,-0.0032853650415820557,12.87,0.03874092009685226,0.0404203718674212,-0.003286076424748652,-0.0076649841091792625,2.38,0.040000000000000036,1.29,0.050000000000000044,1.0899999999999999,0.91,0.09000000000000008
2017-04-09,0.0,-0.001398992725237913,0.0,-0.0025459298258532215,12.87,0.0,0.03957996768982208,0.0,-0.0036602534021583644,2.38,0.0,1.29,0.0,1.0899999999999999,0.91,0.0
2017-04-10,0.0,-0.0019574944071587552,0.0,-0.004051165261441669,12.87,0.0,0.09160305343511443,0.0,-0.004501125281320295,2.38,0.0,1.29,0.0,1.0899999999999999,0.91,0.0
2017-04-11,0.0006877403907383783,0.0017892432903376942,0.0006108848232957431,0.000583185076367787,14.05,0.09168609168609176,0.08999224204809941,-0.0009419743782970169,-0.005158990713816758,2.37,-0.009999999999999787,1.29,0.0,1.08,0.91,0.0
2017-04-12,-0.0014339289653649834,-0.001573707629724641,-0.004293872010151967,-0.004146928174023512,15.07,0.07259786476868313,0.2163034705407587,0.0007542900245143258,-0.0034738522204488254,2.32,-0.050000000000000266,1.24,-0.050000000000000044,1.0799999999999998,0.91,0.0
2017-04-13,-0.0037599095922304926,-0.004504275028231364,-0.003958580320094773,-0.007629600783999657,15.77,0.04644990046449893,0.2253302253302254,-0.0002826455624646007,-0.0004709871891486195,2.28,-0.040000000000000036,1.24,0.0,1.0399999999999998,0.91,0.0
2017-04-14,-0.006814702357852864,-0.011288282092428936,-0.004359283842567341,-0.011955625031144002,15.96,0.012048192771084487,0.2400932400932403,0.0017905946659126926,0.0013187641296155128,2.24,-0.03999999999999959,1.21,-0.030000000000000027,1.0300000000000002,0.91,0.0
2017-04-15,0.0,-0.011288282092428936,0.0,-0.011955625031144002,15.96,0.0,0.2400932400932403,-0.0004703668861711918,0.0008477769404671154,2.24,0.0,1.21,0.0,1.0300000000000002,0.91,0.0
2017-04-16,0.0,-0.01196779174939333,0.0,-0.012558837850998206,15.96,0.0,0.13594306049822058,0.0,0.0017914388082218569,2.24,0.0,1.21,0.0,1.0300000000000002,0.91,0.0
2017-04-17,0.0,-0.010548989285319998,0.0,-0.008300607587433229,15.96,0.0,0.059057730590577284,0.0,0.0010363670623705357,2.24,0.0,1.21,0.0,1.0300000000000002,0.91,0.0
2017-04-18,0.008613323600764389,0.0017399240062605514,0.008519516810215233,0.0041230939756706775,14.66,-0.08145363408521311,-0.07038681039949268,0.0032941176470588918,0.004617849401564511,2.26,0.019999999999999574,1.21,0.0,1.0499999999999998,0.91,0.0
2017-04-19,-0.0029033507733046138,0.005684965327722891,-0.0013965031856570942,0.007111116092192393,14.42,-0.016371077762619368,-0.09649122807017552,0.00431519699812366,0.0071495766698024266,2.18,-0.07999999999999963,1.18,-0.030000000000000027,1.0000000000000002,0.91,0.0
2017-04-20,-0.0017163423974997372,0.0039588655832027975,0.0014800636538654377,0.008601704650524233,14.93,0.035367545076282925,-0.06453634085213045,9.340556697168267e-05,0.007717647058823607,2.21,0.029999999999999805,1.19,0.010000000000000009,1.02,0.91,0.0
2017-04-21,0.007557192163101911,0.01154597565426485,0.008128319665755335,0.016799941721349576,14.15,-0.05224380442062959,-0.11340852130325818,0.004763239002521846,0.012517647058823522,2.24,0.03000000000000025,1.21,0.020000000000000018,1.0300000000000002,0.91,0.0
2017-04-22,-0.0030350108666123976,0.008475922626076215,-0.00027188239983977347,0.016523491713037464,14.63,0.03392226148409905,-0.08333333333333337,-0.005949061163785241,0.006494117647058761,2.24,0.0,1.2,-0.010000000000000009,1.0400000000000003,0.91,0.0
2017-04-23,0.0,-0.0001362276022665032,0.0,0.007936360942361942,14.63,0.0,-0.0020463847203273655,0.0,0.003189493433395807,2.24,0.0,1.2,0.0,1.0400000000000003,0.91,0.0
2017-04-24,0.0,0.0027751804934696978,0.0,0.00934591572910759,14.63,0.0,0.014563106796116498,0.0,-0.0011208668036616354,2.24,0.0,1.2,0.0,1.0400000000000003,0.91,0.0
2017-04-25,0.010840085324159476,0.01538810266148305,0.01212410764325944,0.02007356045958608,10.84,-0.2590567327409433,-0.2739450770261219,0.014213577707125502,0.012982161202951259,2.28,0.03999999999999959,1.25,0.050000000000000044,1.0299999999999998,0.91,0.0
2017-04-26,0.006090600846618832,0.013910112741102987,0.00729117306913718,0.01922649457245562,10.76,-0.0073800738007380184,-0.23957597173144884,0.00875898948921261,0.017010596765197894,2.35,0.07000000000000028,1.29,0.040000000000000036,1.06,0.91,0.0
2017-04-27,-0.0004856380907726221,0.016502816463645598,-0.001279696621781068,0.018199024264753172,10.85,0.008364312267657992,-0.2583732057416268,-0.006306553331505427,0.016644847578081157,2.32,-0.03000000000000025,1.28,-0.010000000000000009,1.0399999999999998,0.91,0.0
2017-04-28,0.0005528911600243269,0.01706483188500818,0.005448386508791536,0.023746566091821908,10.36,-0.04516129032258065,-0.29186602870813405,-0.0007358351729211954,0.015896764540864083,2.3,-0.020000000000000018,1.25,-0.030000000000000027,1.0499999999999998,0.91,0.0
2017-04-29,-0.0019131184668260692,0.015119066373169732,0.0021987765827602423,0.025997556068025673,10.82,0.044401544401544424,-0.2604237867395762,0.002853460972017663,0.01879558631008038,2.29,-0.009999999999999787,1.28,0.030000000000000027,1.01,0.83,-0.08000000000000007
2017-04-30,0.0,0.004233093949413291,0.0,0.013707260127486576,10.82,0.0,-0.0018450184501844769,0.0,0.004517794578646317,2.29,0.0,1.28,0.0,1.01,0.83,-0.08000000000000007
2017-05-01,0.0,-0.0018462620519885675,0.0,0.006369644875175551,10.82,0.0,0.005576208178438735,0.0,-0.0042043688876703955,2.29,0.0,1.28,0.0,1.01,0.83,-0.08000000000000007
2017-05-02,0.00173223722842053,0.0003685941066828846,0.00825642559456119,0.015978805614057956,10.11,-0.06561922365988915,-0.06820276497695854,0.0015603487838458108,0.003679175864606421,2.33,0.040000000000000036,1.28,0.0,1.05,0.91,0.0
2017-05-03,0.001189115406999841,0.0010047011641975967,0.0025649998312500255,0.013065220200743743,10.59,0.04747774480712175,0.022200772200772212,-0.0001832844574779502,0.004234167893961693,2.29,-0.040000000000000036,1.27,-0.010000000000000009,1.02,0.91,0.0
2017-05-04,-0.0012713441536987835,0.0016483516483518645,-0.0033504191124489324,0.007455856778776138,10.68,0.008498583569405138,-0.012939001848428888,0.0009165902841430373,0.0022946305644793163,2.33,0.040000000000000036,1.3,0.030000000000000027,1.03,0.91,0.08000000000000007
2017-05-05,0.000582045366039452,0.002231356429829745,0.000206216356512412,0.007663610654908171,10.46,-0.020599250936329527,-0.03327171903881698,0.004304029304029289,0.006608536025699996,2.36,0.029999999999999805,1.32,0.020000000000000018,1.0399999999999998,0.91,0.08000000000000007
2017-05-06,0.004088687267735702,0.006329167016190018,0.0035138420850575613,0.011204381457608381,10.57,0.010516252390057268,-0.02310536044362288,0.0026442965259414475,0.009270307480495621,2.36,0.0,1.32,0.0,1.0399999999999998,0.91,0.08000000000000007
2017-05-07,0.0,0.004588980584760094,0.0,0.0029238155971174073,10.57,0.0,0.04549950544015835,0.0,0.0076979472140761285,2.36,0.0,1.32,0.0,1.0399999999999998,0.91,0.0
2017-05-08,0.0,0.0033958271473797375,0.0,0.0003578977581781828,10.57,0.0,-0.0018885741265344258,0.0,0.007882676443629721,2.36,0.0,1.32,0.0,1.0399999999999998,0.91,0.0
2017-05-09,3.751109703298283e-05,0.0047107988258596745,0.002298936077887559,0.006028272973568782,9.77,-0.0756859035004731,-0.08520599250936334,-0.00618406693343021,0.00073260073260073,2.39,0.03000000000000025,1.33,0.010000000000000009,1.06,0.91,0.0
2017-05-10,-0.0010252648600889147,0.0030968562723894255,0.0033998519191316134,0.009240498229748928,9.96,0.01944728761514858,-0.04780114722753348,-0.0048499267935578905,-0.008388802771952308,2.42,0.029999999999999805,1.37,0.040000000000000036,1.0499999999999998,0.91,0.0
2017-05-11,0.0011306176259533451,0.00014170858879092307,0.0005934864422689756,0.006303477273653213,10.21,0.025100401606425793,-0.03405865657521279,-0.00018390804597701038,-0.011185885776646032,2.41,-0.009999999999999787,1.35,-0.020000000000000018,1.06,0.91,0.0
2017-05-12,-0.002162833436821554,-0.0020214313401047956,-0.0013129919319637695,0.004982208926885612,10.6,0.038197845249755114,0.002838221381267658,-0.00036788374873530927,-0.011549654419788946,2.39,-0.020000000000000018,1.35,0.0,1.04,0.91,0.0
2017-05-13,-0.0014784250179582514,-0.0034968678233977535,0.0022188071664475117,0.007212070654204927,10.4,-0.01886792452830177,-0.016083254493850507,0.005244272702180641,-0.006365951255001723,2.33,-0.06000000000000005,1.29,-0.06000000000000005,1.04,0.91,0.0
2017-05-14,0.0,-0.003534246346972969,0.0,0.004901865500868574,10.4,0.0,0.06448311156601849,0.0,-0.00018301610541726632,2.33,0.0,1.29,0.0,1.04,0.91,0.0
2017-05-15,0.0,-0.0025115564975051186,0.0,0.001496924260915744,10.4,0.0,0.04417670682730912,0.0,0.00468965517241382,2.33,0.0,1.29,0.0,1.04,0.91,0.0
2017-05-16,0.004776444016897363,0.001121006155115678,0.003107190147024319,0.004012897593669296,10.42,0.0019230769230769162,0.020568070519098924,0.004850814570748652,0.009748919341488138,2.34,0.009999999999999787,1.31,0.020000000000000018,1.0299999999999998,0.91,0.0
2017-05-17,-0.0006868360584768585,0.0026018609779321356,0.0034990042913640718,0.008850555671087612,10.65,0.02207293666026877,0.004716981132075526,0.008470716823025581,0.018676971202502557,2.33,-0.009999999999999787,1.29,-0.020000000000000018,1.04,0.91,0.0
2017-05-18,-0.01817825856948263,-0.014166213559747343,-0.025136083180188673,-0.018685343804347276,15.59,0.46384976525821586,0.49903846153846154,0.005599710982658879,0.019037159070107945,2.22,-0.10999999999999988,1.26,-0.030000000000000027,0.9600000000000002,0.91,0.0
2017-05-19,0.0036868431882495223,-0.010531598979463874,0.00819990861115838,-0.010638653304752554,14.66,-0.05965362411802433,0.4096153846153845,-0.00035925992455532185,0.018671059857221284,2.23,0.009999999999999787,1.27,0.010000000000000009,0.96,0.91,0.0
2017-05-20,0.00676749573068669,-0.003835375799908003,0.004487843719951368,-0.0061985541982235715,12.04,-0.17871759890859484,0.15769230769230758,0.005390835579514919,0.02416254805052165,2.23,0.0,1.28,0.010000000000000009,0.95,0.91,0.0
2017-05-21,0.0,-0.00857088148123486,0.0,-0.00927691919333562,12.04,0.0,0.15547024952015343,0.0,0.019218508060843353,2.23,0.0,1.28,0.0,0.95,0.91,0.0
2017-05-22,0.0,-0.007889464191246587,0.0,-0.012731376344236156,12.04,0.0,0.1305164319248826,0.0,0.010657514450867156,2.23,0.0,1.28,0.0,0.95,0.91,0.0
2017-05-23,0.005160114706536767,0.015693478657462956,0.008464919420478445,0.021297183969321898,10.93,-0.09219269102990024,-0.29890955740859526,0.004110813226094745,0.009161128076162983,2.25,0.020000000000000018,1.29,0.010000000000000009,0.96,0.91,0.0
2017-05-24,0.0018379127993919386,0.013822430380603157,0.0006930554093413921,0.013692811096438051,10.72,-0.019213174748398787,-0.26875852660300137,-0.0033819864720541215,0.006109613656783308,2.29,0.040000000000000036,1.31,0.020000000000000018,0.98,0.91,0.0
2017-05-25,0.0024891386829661855,0.00951409269732495,0.004725293029535171,0.013932436353856215,10.02,-0.06529850746268662,-0.16777408637873747,-0.002053938203250505,-0.0013404825737265424,2.26,-0.03000000000000025,1.29,-0.020000000000000018,0.9699999999999998,0.91,0.0
2017-05-26,0.004441875070184231,0.013998228178676797,0.008388740554595708,0.022438052502317785,9.99,-0.0029940119760478723,-0.17026578073089693,0.003847874720357858,0.0025022341376228496,2.25,-0.009999999999999787,1.3,0.010000000000000009,0.95,0.91,0.0
2017-05-27,0.0003105500047617671,0.01431312533326623,0.0017288612532599945,0.02420570603514771,9.81,-0.018018018018017945,-0.18521594684385367,-0.004278837582456729,-0.0017873100983020196,2.25,0.0,1.3,0.0,0.95,0.91,0.0
2017-05-28,0.0,0.009106022506077727,0.0,0.015608660560760823,9.81,0.0,-0.10247026532479409,0.0,-0.005873976504093936,2.25,0.0,1.3,0.0,0.95,0.91,0.0
2017-05-29,0.0,0.007254776060906742,0.0,0.014905274969973625,9.81,0.0,-0.08488805970149249,0.0,-0.002500446508304943,2.25,0.0,1.3,0.0,0.95,0.91,0.0
2017-05-30,0.0,0.004753804499270098,0.0,0.01013210477636406,9.81,0.0,-0.020958083832335217,0.0,-0.0004474272930647949,2.25,0.0,1.3,0.0,0.95,0.91,0.0
2017-05-31,-0.0012045599423798903,-0.0008943840137140002,0.0010832083699010564,0.0028139423401409847,10.38,0.05810397553516822,0.03903903903903916,0.00116383169203238,-0.003119985737207953,2.21,-0.040000000000000036,1.28,-0.020000000000000018,0.9299999999999999,0.91,0.0
2017-06-01,-0.00046002544645251664,-0.0016640312606071017,-0.0010061039272567518,7.601462244921642e-05,10.41,0.0028901734104045396,0.06116207951070329,0.004739336492890933,0.005908683974932716,2.21,0.0,1.28,0.0,0.9299999999999999,0.83,-0.08000000000000007
2017-06-02,0.007571108715482167,0.005894478893294863,0.004786829740187848,0.004863208231692617,9.89,-0.04995196926032652,0.00815494393476035,-0.001957992168031275,0.003939122649955218,2.21,0.0,1.28,0.0,0.9299999999999999,0.91,0.0
2017-06-03,0.003707727381216941,0.009624061395302697,0.011166489871073937,0.01608400306822655,9.75,-0.014155712841253831,-0.006116207951070374,0.004993757802746579,0.008952551477171111,2.15,-0.06000000000000005,1.28,0.0,0.8699999999999999,0.91,0.0
2017-06-04,0.0,0.009624061395302697,0.0,0.01608400306822655,9.75,0.0,-0.006116207951070374,0.0,0.008952551477171111,2.15,0.0,1.28,0.0,0.8699999999999999,0.91,0.0
2017-06-05,0.0,0.010841680792072816,0.0,0.014984563293946263,9.75,0.0,-0.06069364161849722,0.0,0.007779665563802052,2.15,0.0,1.28,0.0,0.8699999999999999,0.91,0.0
2017-06-06,-0.0012176772294358873,0.010075462310307648,-0.0005678862051259337,0.015429795467108764,10.07,0.03282051282051279,-0.032660902977905804,-0.0017746228926353025,0.0012459950160199629,2.18,0.03000000000000025,1.32,0.040000000000000036,0.8600000000000001,0.91,0.08000000000000007
2017-06-07,-0.0027790320594393014,-0.00030040410524845296,-0.003632113668996073,0.006921676400453158,10.45,0.037735849056603765,0.0566228513650151,0.0014222222222222136,0.004637060816836236,2.14,-0.040000000000000036,1.3,-0.020000000000000018,0.8400000000000001,0.91,0.0
2017-06-08,0.001568333655781684,-0.0024312545355402726,0.003554860443554908,-0.0006579998843824209,10.39,-0.00574162679425827,0.06564102564102581,-0.0026628794603231754,-0.0030168589174800475,2.18,0.040000000000000036,1.32,0.020000000000000018,0.8600000000000001,0.91,0.0
2017-06-09,0.0002671445128517025,-0.0021647595189970836,0.0013117621337996876,0.0006528991100849257,10.16,-0.022136669874879722,0.04205128205128217,-0.0016909932360270608,-0.004702750665483646,2.19,0.009999999999999787,1.33,0.010000000000000009,0.8599999999999999,0.91,0.0
2017-06-10,-0.0008299812227020587,-0.0029929440319467204,-0.024358996142932465,-0.023722000999751858,10.7,0.053149606299212504,0.09743589743589731,-0.0024070607114200504,-0.007098491570541321,2.21,0.020000000000000018,1.35,0.020000000000000018,0.8599999999999999,0.91,0.0
2017-06-11,0.0,-0.0017774311399367804,0.0,-0.023167271168332837,10.7,0.0,0.06256206554121135,0.0,-0.005333333333333301,2.21,0.0,1.35,0.0,0.8599999999999999,0.91,0.0
2017-06-12,0.0,0.0010043921575084713,0.0,-0.019606370064045642,10.7,0.0,0.02392344497607657,0.0,-0.006745961299485237,2.21,0.0,1.35,0.0,0.8599999999999999,0.91,0.0
2017-06-13,-0.000978710980068076,-0.0015412183433751725,-0.005879545937435671,-0.028823038013879865,11.46,0.07102803738317776,0.1029836381135707,0.0012511170688114248,-0.002847988608045471,2.21,0.0,1.35,0.0,0.8599999999999999,0.91,0.0
2017-06-14,0.004511420562363311,0.0026953845648145514,0.007645168862929985,-0.0226802372011623,10.42,-0.09075043630017454,0.025590551181102317,-0.000892538379150376,-0.002050459124543047,2.21,0.0,1.38,0.029999999999999805,0.8300000000000001,0.91,0.0
2017-06-15,-0.0009957588050893973,0.0025290220703437782,-0.0043029858375261965,-0.0025897170642674716,10.64,0.021113243761996303,-0.005607476635513864,0.007414686439163765,0.007774798927613791,2.15,-0.06000000000000005,1.35,-0.029999999999999805,0.7999999999999998,0.91,0.0
2017-06-16,-0.002239614097263254,0.0002837439395995123,-0.0045712729196604185,-0.007149151680442389,10.9,0.02443609022556381,0.01869158878504673,-0.011084508291212214,-0.003395889186773915,2.16,0.010000000000000231,1.35,0.0,0.81,1.16,0.2499999999999999
2017-06-17,0.00028366345181418673,0.0005674878791992466,-0.0034047315419172275,-0.010529542280135251,10.38,-0.047706422018348627,-0.02990654205607468,0.003766140602582402,0.00035746201966047053,2.16,0.0,1.32,-0.030000000000000027,0.8400000000000001,1.16,0.2499999999999999
2017-06-18,0.0,0.0015477136235846345,0.0,-0.004677497906513284,10.38,0.0,-0.09424083769633507,0.0,-0.000892538379150376,2.16,0.0,1.32,0.0,0.8400000000000001,1.16,0.2499999999999999
2017-06-19,0.0,-0.0029503964595242183,0.0,-0.012229172679256384,10.38,0.0,-0.0038387715930900956,0.0,0.0,2.16,0.0,1.32,0.0,0.8400000000000001,1.16,0.2499999999999999
2017-06-20,0.00834720424141544,0.006374286276826124,0.015971190605264862,0.007883612388184691,10.37,-0.0009633911368016612,-0.025375939849624163,-0.0030373414329103454,-0.010375099760574491,2.19,0.029999999999999805,1.36,0.040000000000000036,0.8299999999999998,1.16,0.2499999999999999
2017-06-21,-0.006696665117833511,0.0018787564852043026,-0.007953612301679347,0.00445895290033671,10.86,0.047251687560269984,-0.003669724770642313,-0.003225806451612967,-0.002510760401721601,2.16,-0.029999999999999805,1.36,0.0,0.8,1.16,0.0
2017-06-22,-0.0005826764545369123,0.0010110350779852784,0.00979339225434872,0.01776121714764467,10.75,-0.01012891344383049,0.035645472061657024,0.0017080186983100543,-0.004556012149365629,2.16,0.0,1.36,0.0,0.8,1.16,0.0
2017-06-23,-0.00045573798760889517,0.0005548363232845688,-0.0004358059556689442,0.017317670747762914,10.48,-0.025116279069767433,0.00963391136801528,0.0004487121959975138,-0.004109344291584716,2.15,-0.010000000000000231,1.34,-0.020000000000000018,0.8099999999999998,1.16,0.0
2017-06-24,0.0015608954610804027,0.0021165978258637086,0.00402085168005506,0.02140815421333886,10.02,-0.04389312977099247,-0.034682080924855585,0.0043057050592034685,0.00017866714311232101,2.15,0.0,1.34,0.0,0.8099999999999998,1.16,0.0
2017-06-25,0.0,-0.006179028800143427,0.0,0.00535149387930467,10.02,0.0,-0.03375120540019283,0.0,0.003225806451612856,2.15,0.0,1.34,0.0,0.8099999999999998,1.16,0.0
2017-06-26,0.0,0.0005211261248323495,0.0,0.013411778265584484,10.02,0.0,-0.07734806629834257,0.0,0.006472491909385036,2.15,0.0,1.34,0.0,0.8099999999999998,1.16,0.0
2017-06-27,0.00031579379075585834,0.0014205886820961577,-0.0043976419540555645,-0.0008301065822263753,9.9,-0.011976047904191489,-0.07906976744186045,0.0,0.004756349277573291,2.14,-0.009999999999999787,1.36,0.020000000000000018,0.78,1.16,0.0
2017-06-28,-0.008072749039592986,-0.006210720887245835,-0.018345019290049946,-0.01873225522373334,11.06,0.11717171717171726,0.055343511450381744,0.009289031797070413,0.013634732687477502,2.21,0.06999999999999984,1.38,0.019999999999999796,0.8300000000000001,1.16,0.0
2017-06-29,0.0088080417296994,0.0009801911167617305,0.014357500528951128,-0.008629855370654638,10.03,-0.09312839059674516,0.0009980039920158834,0.005663716814159558,0.015005359056806222,2.22,0.010000000000000231,1.34,-0.039999999999999813,0.8800000000000001,1.16,0.0
2017-06-30,-0.008600027041533398,-0.007628265594881833,-0.017383882927778815,-0.02586371790298636,11.44,0.14057826520438677,0.14171656686626743,0.004927842309045971,0.020007145409074667,2.27,0.04999999999999982,1.38,0.039999999999999813,0.8900000000000001,1.16,0.0
2017-07-01,0.0015332479232963436,-0.006106713693967203,-0.0010790692408659819,-0.026914878401408826,11.18,-0.022727272727272707,0.11576846307385225,-0.0007880910683011333,0.01920328688817441,2.31,0.040000000000000036,1.38,0.0,0.9300000000000002,1.06,-0.09999999999999987
2017-07-02,0.0,-0.006420479937025325,0.0,-0.022616696581100437,11.18,0.0,0.12929292929292924,0.0,0.01920328688817441,2.31,0.0,1.38,0.0,0.9300000000000002,1.06,-0.09999999999999987
2017-07-03,0.0,0.0016657160098867418,0.0,-0.00435150574793719,11.18,0.0,0.010849909584086825,0.0,0.009823008849557668,2.31,0.0,1.38,0.0,0.9300000000000002,1.06,-0.09999999999999987
2017-07-04,0.0023107934687074394,-0.004785531960224243,-0.00884730082947871,-0.027128313254059067,11.22,0.003577817531305927,0.1186440677966103,-0.0038559284900534507,0.000263991552270193,2.35,0.040000000000000036,1.41,0.030000000000000027,0.9400000000000002,1.16,0.0
2017-07-05,0.0,0.0038475844112908497,0.0,-0.009916823220154969,11.22,0.0,-0.019230769230769162,0.0,-0.004640980735551525,2.35,0.0,1.41,0.0,0.9400000000000002,1.16,0.0
2017-07-06,0.0014532669688471778,0.00376741863737462,0.009265744261170328,0.0003364666048040199,11.07,-0.013368983957219305,-0.009838998211091132,-0.002727192750945795,-0.006572605380772978,2.33,-0.020000000000000018,1.41,0.0,0.9200000000000002,1.16,0.09999999999999987
2017-07-07,-0.00936880791271677,-0.005636685496882454,-0.009014272007251134,-0.00868083840394418,12.54,0.13279132791327908,0.12164579606440062,0.006439661256175011,-0.00017526947682056093,2.37,0.040000000000000036,1.4,-0.010000000000000009,0.9700000000000002,1.16,0.09999999999999987
2017-07-08,0.006403153854134258,0.0007303757927878962,0.010462852140981527,0.0016911874083571643,11.19,-0.10765550239234445,0.0008944543828264262,-0.0011394513103690773,-0.0013145210761545956,2.39,0.020000000000000018,1.4,0.0,0.9900000000000002,1.16,0.09999999999999987
2017-07-09,0.0,-0.001576774076681553,0.0,0.010632557674165932,11.19,0.0,-0.002673796791443972,0.0,0.0025512448315296865,2.39,0.0,1.4,0.0,0.9900000000000002,1.16,0.0
2017-07-10,0.0,-0.001576774076681553,0.0,0.010632557674165932,11.19,0.0,-0.002673796791443972,0.0,0.0025512448315296865,2.39,0.0,1.4,0.0,0.9900000000000002,1.16,0.0
2017-07-11,0.0009277661864273146,-0.002100684880824266,0.006661398363290161,0.008024684801427595,11.11,-0.007149240393208189,0.0036133694670279493,0.0,0.005292872265349358,2.38,-0.010000000000000231,1.4,0.0,0.98,1.16,0.0
2017-07-12,-0.0007827208199616686,0.006548397136632467,0.0027484347971165057,0.019989638971757318,10.89,-0.01980198019801971,-0.1315789473684209,0.002983502983503028,0.0018406521167499967,2.37,-0.009999999999999787,1.37,-0.029999999999999805,1.0,1.16,0.0
2017-07-13,0.007305619802682184,0.007450993328330435,0.012110756944201162,0.021653080454771212,10.3,-0.05417814508723595,-0.07953529937444137,-0.0016622922134733598,0.00131625131625146,2.33,-0.040000000000000036,1.35,-0.020000000000000018,0.98,1.16,0.0
2017-07-14,0.00187455233807432,0.0093395129433691,0.0024935325621435744,0.02420060567809945,9.9,-0.03883495145631066,-0.11528150134048254,-0.0022785031986678472,-0.0009652509652509078,2.35,0.020000000000000018,1.37,0.020000000000000018,0.98,1.16,0.0
2017-07-15,0.0046735271648765675,0.014056688575693421,0.007719181960037069,0.03210659651690895,9.51,-0.039393939393939426,-0.15013404825737264,0.00588493631971887,0.004914004914005066,2.33,-0.020000000000000018,1.35,-0.020000000000000018,0.98,1.16,0.0
2017-07-16,0.0,0.01311675310925553,0.0,0.02527681919162661,9.51,0.0,-0.144014401440144,0.0,0.004914004914005066,2.33,0.0,1.35,0.0,0.98,1.16,0.0
2017-07-17,0.0,0.013910361859057474,0.0,0.022466636309502963,9.51,0.0,-0.1267217630853995,0.0,0.0019247594050744166,2.33,0.0,1.35,0.0,0.98,1.16,0.0
2017-07-18,-5.286121491343554e-05,0.00650363245676866,0.00028434005700495035,0.010519211967571884,9.82,0.03259726603575186,-0.04660194174757282,0.0015717778553965278,0.005170449566208157,2.31,-0.020000000000000018,1.36,0.010000000000000009,0.95,1.16,0.0
2017-07-19,0.0005977699520971491,0.005220950801322122,0.0069112665974855325,0.014972313130894754,9.89,0.007128309572301372,-0.0010101010101010166,0.009415867480383477,0.016952129995608134,2.27,-0.040000000000000036,1.36,0.0,0.9099999999999999,1.16,0.0
2017-07-20,0.0053726514969865136,0.005920456070297231,0.006132548766177415,0.013374260030694973,9.79,-0.01011122345803861,0.029442691903259766,-0.005182242183451424,0.0057631854697868246,2.27,0.0,1.37,0.010000000000000009,0.8999999999999999,1.16,0.0
2017-07-21,-0.00015360796821128897,0.0057659386728581286,0.000855284508870735,0.014240983336987645,9.58,-0.021450459652706755,0.007360672975814886,0.010071192915436677,0.01589242053789741,2.27,0.0,1.37,0.0,0.8999999999999999,1.16,0.0
2017-07-22,-0.0003679071741898854,0.005395910168464635,5.066523452934568e-05,0.01429237009427764,9.36,-0.022964509394572064,-0.01577287066246058,0.0018050541516245744,0.01772616136919325,2.24,-0.029999999999999805,1.36,-0.010000000000000009,0.8800000000000001,1.16,0.0
2017-07-23,0.0,0.005449059427279579,0.0,0.014004048125430435,9.36,0.0,-0.046843177189409446,0.0,0.016129032258064502,2.24,0.0,1.36,0.0,0.8800000000000001,1.16,0.0
2017-07-24,0.0,0.0048483912525754125,0.0,0.007044097889491674,9.36,0.0,-0.0535894843276038,0.0,0.006650544135429204,2.24,0.0,1.36,0.0,0.8800000000000001,1.16,0.0
2017-07-25,-0.0010636834995592093,-0.0015845874615475486,0.0033521798457152308,0.004261209974037117,9.43,0.007478632478632452,-0.036772216547497405,-0.0011154011154012045,0.010765757944087406,2.26,0.019999999999999574,1.37,0.010000000000000009,0.8899999999999997,1.16,0.0
2017-07-26,0.002923183435833865,0.0014878004406801981,-0.0018042976619870865,0.0015925772053730913,9.43,0.0,-0.01565762004175364,0.0012025425184676308,0.0018910091112256389,2.33,0.07000000000000028,1.4,0.029999999999999805,0.9300000000000002,1.16,0.0
2017-07-27,0.0002825850883885206,0.0021395002709763133,0.0033858008818594687,0.004932855077750098,9.6,0.018027571580063517,0.025641025641025772,-0.0020590253946465298,-0.0019734019734019004,2.29,-0.040000000000000036,1.36,-0.039999999999999813,0.9299999999999999,1.16,0.0
2017-07-28,-0.0009726252406339064,0.0011647940983765537,-0.005663170737035594,-0.0007582512598117708,10.11,0.05312500000000009,0.08012820512820507,0.0020632737276478075,8.580008580016951e-05,2.32,0.029999999999999805,1.36,0.0,0.9599999999999997,1.16,0.0
2017-07-29,-0.0013411865461215866,-0.00017795465391867715,-0.0013706200576978356,-0.002127832043124167,10.29,0.017804154302670572,0.09935897435897423,0.008407687028139987,0.008494208494208566,2.3,-0.020000000000000018,1.34,-0.020000000000000018,0.9599999999999997,1.16,0.0
2017-07-30,0.0,0.0008866719839994985,0.0,-0.0054617032771902,10.29,0.0,0.09119830328738066,0.0,0.009620340147741047,2.3,0.0,1.34,0.0,0.9599999999999997,1.16,0.0
2017-07-31,0.0,-0.002030575706563731,0.0,-0.003664016591773178,10.29,0.0,0.09119830328738066,0.0,0.008407687028139987,2.3,0.0,1.34,0.0,0.9599999999999997,1.16,0.0
2017-08-01,-0.0007281258848751415,-0.0030389494033083997,-0.004838447635100884,-0.011830481302293916,10.26,-0.002915451895043719,0.06875000000000009,0.006125574272588086,0.016678129298487,2.3,0.0,1.34,0.0,0.9599999999999997,1.07,-0.08999999999999986
2017-08-02,0.002449095251588762,0.00037569382165436593,0.0025236678893871822,-0.003694421018652916,10.09,-0.016569200779727122,-0.001978239366963397,-0.0022831050228311334,0.012268359643102356,2.26,-0.040000000000000036,1.34,0.0,0.9199999999999997,1.16,0.0
2017-08-03,0.0004926605689827834,0.002212693661259868,0.00323315527796475,0.0008986413760889711,10.28,0.018830525272546916,-0.0009718172983479434,0.005254682600220439,0.009103283988429522,2.27,0.010000000000000231,1.36,0.020000000000000018,0.9099999999999999,1.16,0.0
2017-08-04,-0.0021835911800677232,2.4270862829078865e-05,-0.003893998035247148,-0.0029988559669110737,10.44,0.015564202334630295,0.014577259475218707,0.0016018885422814932,0.010719754977029039,2.24,-0.029999999999999805,1.34,-0.020000000000000018,0.9000000000000001,1.16,0.0
2017-08-05,0.0018890363083294837,0.0019133530196997484,0.0014784763715371962,-0.0015248133330626468,10.03,-0.039272030651340994,-0.02526724975704564,-0.010606060606060508,0.0,2.27,0.029999999999999805,1.36,0.020000000000000018,0.9099999999999999,1.16,0.0
2017-08-06,0.0,0.0026434036351858925,0.0,0.003329745099339698,10.03,0.0,-0.022417153996101447,0.0,-0.006088280060882911,2.27,0.0,1.36,0.0,0.9099999999999999,1.16,0.08999999999999986
2017-08-07,0.0,0.00019383366648506595,0.0,0.0008040480596827049,10.03,0.0,-0.00594648166501488,0.0,-0.0038138825324179892,2.27,0.0,1.36,0.0,0.9099999999999999,1.16,0.0
2017-08-08,0.001647266869345021,0.0013480951093207683,0.005901784942482058,0.0034662162276408726,9.93,-0.009970089730807596,-0.03404669260700388,0.0028926322953888306,-0.006154624399291708,2.26,-0.010000000000000231,1.36,0.0,0.8999999999999997,1.16,0.0
2017-08-09,-0.002414436638168982,0.0011164325933596952,-0.0014120271688854436,0.00596652634437822,10.96,0.10372608257804639,0.049808429118774145,-0.005429250084831971,-0.013131313131312994,2.29,0.03000000000000025,1.36,0.0,0.9299999999999999,1.16,0.0
2017-08-10,-0.0003636481179190021,-0.0011345146820734842,-0.0011744159558582101,0.0033017452808603576,11.11,0.013686131386861256,0.10767696909272195,0.0020470829068577334,-0.0005104645227156368,2.24,-0.04999999999999982,1.33,-0.030000000000000027,0.9100000000000001,1.16,0.0
2017-08-11,-0.01447441815345063,-0.015592511395614461,-0.022164445998658744,-0.01893588207277741,16.04,0.44374437443744363,0.5992023928215353,0.00025536261491310164,-0.0002552322613578184,2.2,-0.040000000000000036,1.33,0.0,0.8700000000000001,1.16,0.0
2017-08-12,0.0012755258980974293,-0.014336874149618595,0.007487660218479464,-0.011590007305196215,15.51,-0.03304239401496256,0.5463609172482553,0.005105948429920959,0.004849412965798994,2.19,-0.010000000000000231,1.3,-0.030000000000000027,0.8899999999999999,1.16,0.0
2017-08-13,0.0,-0.01595785417447615,0.0,-0.017389165134723883,15.51,0.0,0.5619335347432024,0.0,0.0019511367492364151,2.19,0.0,1.3,0.0,0.8899999999999999,1.16,0.0
2017-08-14,0.0,-0.013576196402307894,0.0,-0.015999730019320646,15.51,0.0,0.41514598540145964,0.0,0.007420675537359145,2.19,0.0,1.3,0.0,0.8899999999999999,1.16,0.0
2017-08-15,0.01004374682548792,-0.0033063596898973424,0.01314234857747465,-0.0018954655800682563,12.33,-0.20502901353965186,0.10981098109810983,-0.002116670900008444,0.003234593122233509,2.22,0.03000000000000025,1.33,0.030000000000000027,0.8900000000000001,1.16,0.0
2017-08-16,-0.0004988158193557357,0.010827615340762264,-7.447314481479061e-05,0.02065239738156488,12.04,-0.023519870235198748,-0.24937655860349128,-0.004242321398269189,-0.0012764871074802953,2.27,0.04999999999999982,1.35,0.020000000000000018,0.9199999999999999,1.16,0.0
2017-08-17,0.0014201029777529683,0.010973571674339988,0.0016402239100299365,0.014728553227026264,11.74,-0.02491694352159457,-0.24306898774983876,-0.00281186094069541,-0.009144018288036682,2.23,-0.040000000000000036,1.33,-0.020000000000000018,0.8999999999999999,1.16,0.0
2017-08-18,-0.015436913265616137,-0.004632739665426877,-0.020464999949302287,-0.006037866563320393,15.55,0.32453151618398635,0.0025789813023855412,0.0028197897974879815,-0.0063500127000254425,2.19,-0.040000000000000036,1.32,-0.010000000000000009,0.8699999999999999,1.16,0.0
2017-08-19,-0.0018353833934839914,-0.006459620205462646,-0.000933350815689904,-0.006965581931328457,14.26,-0.08295819935691329,-0.08059316569954866,0.0010224948875257045,-0.005334010668021305,2.19,0.0,1.33,0.010000000000000009,0.8599999999999999,1.16,0.0
2017-08-20,0.0,-0.016339259643772475,0.0,-0.019847093093123602,14.26,0.0,0.15652879156528798,0.0,-0.00322416426268457,2.19,0.0,1.33,0.0,0.8599999999999999,1.16,0.0
2017-08-21,0.0,-0.01584834923172429,0.0,-0.019774092587169667,14.26,0.0,0.1843853820598007,0.0,0.0010224948875257045,2.19,0.0,1.33,0.0,0.8599999999999999,1.16,0.0
2017-08-22,0.0011626229102676966,-0.01610138932219396,-0.0007546309647360472,-0.022117747261475418,13.19,-0.07503506311360453,0.12350936967632031,0.00561797752808979,0.009484747500640989,2.18,-0.009999999999999787,1.32,-0.010000000000000009,0.8600000000000001,1.16,0.0
2017-08-23,0.009940824503679613,0.009259221155468511,0.014998600199773948,0.013286015954950825,11.35,-0.13949962092494317,-0.2700964630225081,-0.004401557474183249,0.0022154055896386193,2.22,0.040000000000000036,1.33,0.010000000000000009,0.8900000000000001,1.16,0.0
2017-08-24,-0.003453604674394928,0.007623013337181073,-0.0036691280755550837,0.010511301332605694,12.25,0.07929515418502198,-0.14095371669004209,0.0034007821799013627,0.004596527068437162,2.17,-0.050000000000000266,1.32,-0.010000000000000009,0.8499999999999999,1.16,0.0
2017-08-25,-0.002074434133647607,0.005532765764465708,-0.0029632009405685666,0.007516953294041784,12.23,-0.0016326530612245094,-0.14235624123422153,-8.47314014573719e-05,0.004511406196799239,2.19,0.020000000000000018,1.33,0.010000000000000009,0.8599999999999999,1.16,0.0
2017-08-26,0.0016728373042720346,0.007214858485704356,-0.0020413270168173625,0.005460281717381221,11.28,-0.0776778413736714,-0.20897615708274897,0.006185916447758677,0.010725229826353377,2.17,-0.020000000000000018,1.35,0.020000000000000018,0.8199999999999998,1.16,0.0
2017-08-27,0.0,0.0060452072789567435,0.0,0.00621960618953632,11.28,0.0,-0.1448066717210008,0.0,0.00507872016251909,2.17,0.0,1.35,0.0,0.8199999999999998,1.16,0.0
2017-08-28,0.0,-0.003857272753220231,0.0,-0.008649267110821368,11.28,0.0,-0.006167400881057272,0.0,0.009522190103723904,2.17,0.0,1.35,0.0,0.8199999999999998,1.16,0.0
2017-08-29,0.00048709604797259054,8.18317212483155e-05,0.0026706603486801317,-0.0023411679864929757,11.32,0.0035460992907803135,-0.0759183673469388,0.008337544214249704,0.01448906964921215,2.16,-0.009999999999999787,1.33,-0.020000000000000018,0.8300000000000001,1.16,0.0
2017-08-30,0.0008427977612674997,0.0030053670196847904,0.004121217934663468,0.00474767072761062,11.7,0.03356890459363959,-0.04333605887162728,0.004343105320304019,0.018981442250656677,2.13,-0.03000000000000025,1.33,0.0,0.7999999999999998,1.16,0.0
2017-08-31,0.004615133058087695,0.0059515769222897585,0.01207067726120492,0.018955677343010624,11.22,-0.04102564102564088,-0.005319148936170137,-0.008149688149687973,0.004463533771265071,2.15,0.020000000000000018,1.33,0.0,0.8199999999999998,1.16,0.0
2017-09-01,0.005721051924853171,0.01170667812775017,0.009388326113705103,0.028521965537318117,10.59,-0.05614973262032097,-0.061170212765957355,-0.0027668315586485415,0.0016843523665150961,2.12,-0.029999999999999805,1.33,0.0,0.79,1.07,-0.08999999999999986
2017-09-02,0.0019824813383773066,0.01371236773705009,-0.00011688875530191378,0.028401742884965886,10.13,-0.04343720491029268,-0.10195035460992896,-0.0013452160753321118,0.000336870473302886,2.16,0.040000000000000036,1.35,0.020000000000000018,0.81,1.16,0.0
2017-09-03,0.0,0.013218832847838424,0.0,0.025662546590659918,10.13,0.0,-0.10512367491166075,0.0,-0.007934519335170864,2.16,0.0,1.35,0.0,0.81,1.16,0.0
2017-09-04,0.0,0.012365613375301399,0.0,0.021452916511717435,10.13,0.0,-0.13418803418803404,0.0,-0.012224532224532125,2.16,0.0,1.35,0.0,0.81,1.16,0.0
2017-09-05,0.0,0.007714875141907385,0.0,0.009270339968649344,10.13,0.0,-0.09714795008912658,0.0,-0.0041083256476902585,2.16,0.0,1.35,0.0,0.81,1.16,0.0
2017-09-06,-0.007550826754961659,-0.00558331478971541,-0.009213580721120995,-0.00932939251244047,12.23,0.20730503455083915,0.15486307837582625,0.002778245495874687,0.0014292920800402786,2.07,-0.0900000000000003,1.3,-0.050000000000000044,0.7699999999999998,1.16,0.08999999999999986
2017-09-07,0.003128750737433128,-0.004445700672306319,0.003101438966546688,-0.006140717112844141,11.63,-0.04905968928863447,0.14807502467917066,0.0026865922256735786,0.005472301734298579,2.1,0.03000000000000025,1.3,0.0,0.8,1.16,0.0
2017-09-08,-0.00017845989113951521,-0.0046233671841877655,0.0022147054424959123,-0.003939611549958921,11.55,-0.006878761822871837,0.140177690029615,0.0071171397471323505,0.012628388617612396,2.05,-0.050000000000000266,1.27,-0.030000000000000027,0.7799999999999998,1.16,0.0
2017-09-09,-0.001488783416494277,-0.006105267408289872,-0.008540803546428721,-0.012446767648090273,12.12,0.049350649350649256,0.1964461994076998,0.0010808114399731839,0.013722848964472067,2.06,0.010000000000000231,1.27,0.0,0.79,1.16,0.0
2017-09-10,0.0,-0.006105267408289872,0.0,-0.012446767648090273,12.12,0.0,0.1964461994076998,0.0,0.013722848964472067,2.06,0.0,1.27,0.0,0.79,1.16,0.0
2017-09-11,0.0,0.0014565575604694736,0.0,-0.0032632531734968495,12.12,0.0,-0.008994276369583054,0.0,0.010914280916799468,2.06,0.0,1.27,0.0,0.79,1.16,0.0
2017-09-12,0.01083922760346634,0.009154181234131364,0.011357314018909603,0.004940238240468631,10.73,-0.1146864686468646,-0.07738607050730872,-0.0063948177061705636,0.0017583521728208318,2.14,0.08000000000000007,1.32,0.050000000000000044,0.8200000000000001,1.16,0.0
2017-09-13,0.003363999180100441,0.012729706705610466,0.00252653192944452,0.005252912742630844,10.58,-0.013979496738117492,-0.08398268398268405,0.00033433634236046395,-0.004988360492184873,2.17,0.029999999999999805,1.33,0.010000000000000009,0.8399999999999999,1.16,0.0
2017-09-14,0.0007570659488558285,0.015007536269566968,0.001457725947521915,0.015390547183754766,10.5,-0.007561436672967825,-0.13366336633663356,-0.005848930481283543,-0.0118760900257453,2.2,0.03000000000000025,1.35,0.020000000000000018,0.8500000000000001,1.16,0.0
2017-09-15,-0.0011007176679195263,0.013890299541323481,-0.005922343356016824,0.009377055722878724,10.44,-0.005714285714285783,-0.13861386138613863,-0.0010085728693897122,-0.012872684992940697,2.2,0.0,1.37,0.020000000000000018,0.8300000000000001,1.16,0.0
2017-09-16,0.0018472363580994688,0.015763194565760585,0.0032133654558188507,0.0126205530856347,10.17,-0.025862068965517238,-0.1608910891089108,0.0061416792865554015,-0.006810065609168636,2.2,0.0,1.39,0.019999999999999796,0.8100000000000003,1.16,0.0
2017-09-17,0.0,0.004871167271543353,0.0,0.001249053177561299,10.17,0.0,-0.05219012115563848,0.0,-0.0004179204279505244,2.2,0.0,1.39,0.0,0.8100000000000003,1.16,0.0
2017-09-18,0.0,0.0015021149778888798,0.0,-0.0012742592950878429,10.17,0.0,-0.03875236294896034,0.0,-0.0007520053475936761,2.2,0.0,1.39,0.0,0.8100000000000003,1.16,0.0
2017-09-19,0.0014558660603223306,0.0022014353358390526,-0.0011489645958584482,-0.0038738387643687533,10.15,-0.001966568338249708,-0.033333333333333326,-0.0017559996655238663,0.00336190956463267,2.23,0.029999999999999805,1.4,0.010000000000000009,0.8300000000000001,1.16,0.0
2017-09-20,0.0011102812845715793,0.004419743390420061,0.0016652399550585173,0.003729380346534139,10.18,0.002955665024630516,-0.02490421455938696,0.003518177249120402,0.007908463738852234,2.24,0.010000000000000231,1.4,0.0,0.8400000000000003,1.16,0.0
2017-09-21,0.0006343127281429606,0.003203705259116063,-0.002917670937460315,-0.0024048096192383905,9.78,-0.03929273084479379,-0.0383480825958703,0.001502504173622743,0.003261142235972958,2.28,0.03999999999999959,1.45,0.050000000000000044,0.8299999999999998,1.16,0.0
2017-09-22,-0.003045960514145296,0.00014798638525248542,-0.006476831391455828,-0.00886606546426183,9.67,-0.011247443762781084,-0.04916420845624381,-0.004334055675945914,-0.001087047411990838,2.27,-0.009999999999999787,1.45,0.0,0.8200000000000001,1.16,0.0
2017-09-23,0.0006478445173156988,0.0007959267747366106,-0.0004364008889772286,-0.009298597194388858,9.59,-0.008273009307135482,-0.05703048180924286,0.0019253306546123117,0.0008361903169162854,2.26,-0.010000000000000231,1.46,0.010000000000000009,0.7999999999999998,1.16,0.0
2017-09-24,0.0,-0.0006589798991162299,0.0,-0.008159007008720853,9.59,0.0,-0.05517241379310345,0.0,0.002596749874350879,2.26,0.0,1.46,0.0,0.7999999999999998,1.16,0.0
2017-09-25,0.0,-0.0017672989847008491,0.0,-0.009807914432790166,9.59,0.0,-0.057956777996070685,0.0,-0.0009181969949915159,2.26,0.0,1.46,0.0,0.7999999999999998,1.16,0.0
2017-09-26,-0.002222026840165925,-0.004616783082958542,-0.010951870431804012,-0.017786594348466633,10.21,0.06465067778936406,0.0439672801635993,-0.009775252736235363,-0.01216869478246374,2.22,-0.03999999999999959,1.44,-0.020000000000000018,0.7800000000000002,1.16,0.0
2017-09-27,7.209632068461147e-05,-0.0015036391266095572,0.0023843813646704515,-0.009026253136104834,10.17,-0.003917727717923647,0.05170630816959676,-0.006749915626054648,-0.014565544952285348,2.24,0.020000000000000018,1.45,0.010000000000000009,0.7900000000000003,1.16,0.0
2017-09-28,0.004085163646849521,0.0019262894549640919,0.009598152801912452,0.0009220675890715402,9.87,-0.029498525073746396,0.029197080291970767,-0.0021236833163438273,-0.018547915448241303,2.31,0.06999999999999984,1.47,0.020000000000000018,0.8400000000000001,1.16,0.0
2017-09-29,0.0012046078243665992,0.0031332177026801578,-0.0007949085434143521,0.00012642608625301754,9.55,-0.032421479229989725,-0.004171011470281427,0.0024687154167020164,-0.016124989556353997,2.31,0.0,1.45,-0.020000000000000018,0.8600000000000001,1.16,0.0
2017-09-30,0.0037050907149631662,0.006849917273461292,0.0077919188548256635,0.007919330042883699,9.51,-0.004188481675392763,-0.008342022940563076,0.0031419836956521063,-0.013033670314980372,2.33,0.020000000000000018,1.47,0.020000000000000018,0.8600000000000001,1.06,-0.09999999999999987
2017-10-01,0.0,0.009092147108537008,0.0,0.019080163958175245,9.51,0.0,-0.06856023506366316,0.0,-0.0032905838677016463,2.33,0.0,1.47,0.0,0.8600000000000001,1.06,-0.09999999999999987
2017-10-02,0.0,0.009019400522260135,0.0,0.016656068174939698,9.51,0.0,-0.06489675516224191,0.0,0.0034828406388038857,2.33,0.0,1.47,0.0,0.8600000000000001,1.06,-0.09999999999999987
2017-10-03,0.0038739997459671383,0.008807198927819337,0.0004381783820848195,0.007432058055269808,9.45,-0.006309148264984299,-0.04255319148936165,-0.005756370100736374,-0.00017025623563460268,2.34,0.009999999999999787,1.49,0.020000000000000018,0.8499999999999999,1.16,0.0
2017-10-04,0.002158853672423522,0.00976869078826792,0.002196619145692358,0.010448216521969256,9.51,0.006349206349206327,-0.004188481675392763,0.0011919965942952526,-0.0014436141304348116,2.33,-0.009999999999999787,1.47,-0.020000000000000018,0.8600000000000001,1.16,0.0
2017-10-05,0.0012467548864110167,0.007295503619966892,0.0006305191274149635,0.003267941063335167,9.63,0.012618296529968598,0.012618296529968598,8.504124500374743e-05,-0.004486582578515308,2.33,0.0,1.47,0.0,0.8600000000000001,1.16,0.09999999999999987
2017-10-06,0.005646756562926125,0.012983456115839065,0.009718545585479799,0.013018246283009738,9.19,-0.04569055036344771,-0.03364879074658256,-0.004591836734693766,-0.009057817658511769,2.35,0.020000000000000018,1.49,0.020000000000000018,0.8600000000000001,1.16,0.09999999999999987
2017-10-07,-0.0010736382622734686,0.011895878318302966,0.0012266515220054064,0.014260866656631954,9.65,0.05005440696409158,0.014721345951629994,0.0022210832051938745,-0.006856852619994913,2.37,0.020000000000000018,1.54,0.050000000000000044,0.8300000000000001,1.16,0.09999999999999987
2017-10-08,0.0,0.007990921743531443,0.0,0.013816634124160787,9.65,0.0,0.021164021164021385,0.0,-0.0011068539804172106,2.37,0.0,1.54,0.0,0.8300000000000001,1.16,0.0
2017-10-09,0.0,0.005819504612204041,0.0,0.011594546176351805,9.65,0.0,0.014721345951629994,0.0,-0.00229611361510329,2.37,0.0,1.54,0.0,0.8300000000000001,1.16,0.0
2017-10-10,-0.001804395664743219,0.0027544192864519257,-0.0009959485998183304,0.009950257049696098,10.33,0.07046632124352326,0.07268951194184825,0.0,-0.0023809523809522615,2.37,0.0,1.54,0.0,0.8300000000000001,1.16,0.0
2017-10-11,0.002322446782173193,-0.000560329458047848,0.0008236321351879905,0.0010533023836332145,10.08,-0.024201355275895398,0.09684439608269857,0.006137061029662272,0.008371775158038552,2.35,-0.020000000000000018,1.51,-0.030000000000000027,0.8400000000000001,1.16,0.0
2017-10-12,0.001803468933287311,0.0023182561692678405,0.0029240441195872435,0.002750401100160449,9.85,-0.022817460317460347,0.02072538860103612,0.0036428329379873947,0.00980225025571091,2.35,0.0,1.51,0.0,0.8400000000000001,1.16,0.0
2017-10-13,-0.0016867300136190755,0.0006276158833888879,-0.0018515930113053303,0.0008937154653998469,9.91,0.006091370558375608,0.02694300518134707,-0.0005908668861316357,0.009205591544493519,2.33,-0.020000000000000018,1.51,0.0,0.8200000000000001,1.16,0.0
2017-10-14,0.0008781111202582625,0.0015062781201335973,0.0037001708404791334,0.004597193205783778,9.61,-0.030272452068617617,-0.004145077720207335,-0.000253378378378355,0.008949880668257748,2.28,-0.050000000000000266,1.51,0.0,0.7699999999999998,1.16,0.0
2017-10-15,0.0,0.0033166583488228873,0.0,0.005598717840796352,9.61,0.0,-0.06969990319457897,0.0,0.008949880668257748,2.28,0.0,1.51,0.0,0.7699999999999998,1.16,0.0
2017-10-16,0.0,0.0009919079133080544,0.0,0.004771156028181567,9.61,0.0,-0.04662698412698418,0.0,0.0027956624872924607,2.28,0.0,1.51,0.0,0.7699999999999998,1.16,0.0
2017-10-17,0.0017507647356032052,0.0009392464112960575,0.0036241577690419025,0.0054725590955806425,9.91,0.031217481789802326,0.006091370558375608,-0.0022809833572695615,-0.0031231535409809164,2.3,0.020000000000000018,1.54,0.030000000000000027,0.7599999999999998,1.16,0.0
2017-10-18,0.0006724949562879612,0.003304677117757171,0.0013214425311511846,0.008668877543455578,10.31,0.04036326942482349,0.04036326942482349,-0.00474174428450469,-0.007263513513513509,2.3,0.0,1.54,0.0,0.7599999999999998,1.16,0.0
2017-10-19,0.0007423730932734074,0.003168610002467487,-0.0013490978520597219,0.003594613004620495,10.07,-0.023278370514064006,0.04786680541103028,0.0017866258295049509,-0.005237813635211586,2.34,0.040000000000000036,1.59,0.050000000000000044,0.7499999999999998,1.16,0.0
2017-10-20,0.0003279635804251946,0.00349761277157401,-0.0035539345964821223,2.790338862035391e-05,10.05,-0.0019860973187685316,0.04578563995837692,0.005690021231422371,0.00042240432542017814,2.33,-0.009999999999999787,1.58,-0.010000000000000009,0.75,1.16,0.0
2017-10-21,0.005116896296007312,0.008632405989417169,0.00265895460409471,0.002686932186558799,9.97,-0.007960199004975133,0.037460978147762836,-0.006080054044924732,-0.005660217960631875,2.39,0.06000000000000005,1.6,0.020000000000000018,0.79,1.16,0.0
2017-10-22,0.0,0.006869614175568195,0.0,-0.0009338411946625547,9.97,0.0,0.006054490413723634,0.0,-0.003386960203217604,2.39,0.0,1.6,0.0,0.79,1.16,0.0
2017-10-23,0.0,0.0061929544886221155,0.0,-0.0022523074309812596,9.97,0.0,-0.032977691561590694,0.0,0.0013612387272419202,2.39,0.0,1.6,0.0,0.79,1.16,0.0
2017-10-24,-0.0039724915637947555,0.0014524101418831314,-0.00670997017427255,-0.007608331220816722,11.07,0.11033099297893667,0.09930486593843102,-0.0006796941376381316,-0.0011040339702760305,2.38,-0.010000000000000231,1.58,-0.020000000000000018,0.7999999999999998,1.16,0.0
2017-10-25,0.0016179463387628878,0.0027438429413373377,0.0020419161380593742,-0.0020352492031342484,11.16,0.008130081300812941,0.11044776119402977,0.0003400782179903139,-0.00641783482519831,2.42,0.040000000000000036,1.6,0.020000000000000018,0.8199999999999998,1.16,0.0
2017-10-26,-0.004663057143858063,-0.007013020297373829,-0.004141297518839848,-0.008803664210109252,11.23,0.006272401433691677,0.12637913741223672,0.003059663437021687,0.0027187765505520822,2.44,0.020000000000000018,1.61,0.010000000000000009,0.8299999999999998,1.16,0.0
2017-10-27,0.0012709461705413538,-0.005750987298123289,-0.0028356542648768635,-0.01161435432702218,11.3,0.006233303650934996,0.13340020060180535,-0.008642602948652711,-0.005947323704333152,2.46,0.020000000000000018,1.63,0.019999999999999796,0.8300000000000001,1.16,0.0
2017-10-28,0.008072957350414134,0.0022755425771101567,0.02908310380978718,0.01713096801018854,9.8,-0.1327433628318584,-0.017051153460381108,-0.01025641025641022,-0.016142735768904126,2.42,-0.040000000000000036,1.59,-0.039999999999999813,0.8299999999999998,1.16,0.0
2017-10-29,0.0,0.006272953395348058,0.0,0.024001990827033692,9.8,0.0,-0.11472448057813911,0.0,-0.015473558918551289,2.42,0.0,1.59,0.0,0.8299999999999998,1.16,0.0
2017-10-30,0.0,0.004647487670923711,0.0,0.021915325432303456,9.8,0.0,-0.12186379928315405,0.0,-0.015808261091280085,2.42,0.0,1.59,0.0,0.8299999999999998,1.16,0.0
2017-10-31,-0.0031924744388955872,0.00613182644741217,0.002272482203985904,0.028496921572772393,10.5,0.0714285714285714,-0.06500445235975072,0.003972366148532025,-0.014912726656498787,2.37,-0.04999999999999982,1.58,-0.010000000000000009,0.79,1.16,0.0
2017-11-01,0.0009444852555358096,0.0058037806592721175,0.0033672736965664196,0.03489475593214175,10.18,-0.030476190476190546,-0.09911504424778772,0.0018923103388954754,-0.004444444444444362,2.38,0.009999999999999787,1.6,0.020000000000000018,0.7799999999999998,1.07,-0.08999999999999986
2017-11-02,0.001592072256781707,-0.0006625159333144559,1.4403318524536246e-05,0.005661892630044019,10.2,0.0019646365422396617,0.04081632653061207,-0.002575549450549497,0.003281519861830784,2.37,-0.009999999999999787,1.61,0.010000000000000009,0.76,1.16,0.0
2017-11-03,0.00018996960486306058,-0.0004726721863413941,-0.0019620237971400556,0.0036887600648269903,9.93,-0.026470588235294024,0.013265306122448806,0.004647960061972878,0.00794473229706405,2.35,-0.020000000000000018,1.61,0.0,0.74,1.16,0.0
2017-11-04,0.0030970792875555375,0.0026229431979760687,0.009491067749130444,0.013214838085642944,9.14,-0.07955689828801604,-0.06734693877551023,-0.00479780671692942,0.0031088082901555847,2.34,-0.010000000000000231,1.63,0.019999999999999796,0.71,1.16,0.0
2017-11-05,0.0,0.005834042668967809,0.0,0.01091754595276817,9.14,0.0,-0.12952380952380949,0.0,-0.0008601410631344786,2.34,0.0,1.63,0.0,0.71,1.16,0.0
2017-11-06,0.0,0.004884943656174423,0.0,0.00752493374473473,9.14,0.0,-0.10216110019646363,0.0,-0.0027472527472528485,2.34,0.0,1.63,0.0,0.71,1.16,0.08999999999999986
2017-11-07,0.0012713305304810074,0.004563147447428806,0.00286391404763342,0.010395845502628509,9.4,0.02844638949671774,-0.07843137254901955,-0.0013774104683196287,-0.001549320020657663,2.32,-0.020000000000000018,1.61,-0.019999999999999796,0.7099999999999997,1.16,0.0
2017-11-08,-0.00018910668318461443,0.004182413706223187,0.0011356418910892785,0.013531866993565123,9.89,0.05212765957446819,-0.004028197381671594,-0.0019827586206896397,-0.008139136394791024,2.32,0.0,1.63,0.019999999999999796,0.69,1.16,0.0
2017-11-09,0.0014436587098169973,0.0025272041548163315,0.003959954309436631,0.00797861356697882,9.78,-0.011122345803842415,0.07002188183807423,0.0012092942904033954,-0.002152203856749302,2.32,0.0,1.65,0.020000000000000018,0.6699999999999999,1.16,0.0
2017-11-10,-0.003761977813581785,-0.0012442809447261727,-0.005294832338188615,0.00264153580766191,10.5,0.07361963190184051,0.14879649890590807,0.004917608489345193,0.0027548209366392573,2.33,0.010000000000000231,1.63,-0.020000000000000018,0.7000000000000002,1.16,0.0
2017-11-11,-0.0008976174447306029,-0.0021407815011746933,-0.0004974485956582564,0.002142773183725799,11.29,0.0752380952380951,0.23522975929978096,0.0,0.0027548209366392573,2.4,0.06999999999999984,1.67,0.040000000000000036,0.73,1.16,0.0
2017-11-12,0.0,-0.00340777961738703,0.0,-0.0007190814763661235,11.29,0.0,0.2010638297872338,0.0,0.0041379310344829,2.4,0.0,1.67,0.0,0.73,1.16,0.0
2017-11-13,0.0,-0.0032192817218910097,0.0,-0.0018526194551937714,11.29,0.0,0.14155712841253787,0.0,0.00613284961561722,2.4,0.0,1.67,0.0,0.73,1.16,0.0
2017-11-14,0.0009836192541532451,-0.003677179133357522,0.0011269489798022558,-0.0046692226839442075,11.5,0.01860053144375562,0.17586912065439675,0.0006868131868131844,0.00560779915451648,2.4,0.0,1.7,0.030000000000000027,0.7,1.16,0.0
2017-11-15,-0.002309620711533511,-0.0022246984082766597,-0.003568612674116345,-0.0029419173316476144,11.59,0.00782608695652165,0.1038095238095238,0.009265614275909329,0.009958791208791062,2.38,-0.020000000000000018,1.68,-0.020000000000000018,0.7,1.16,0.0
2017-11-16,-0.005525675974360822,-0.006846609611586674,-0.005605659046275413,-0.008037634706858587,13.13,0.13287316652286463,0.16297608503100114,0.002550153009180711,0.01253434065934056,2.33,-0.04999999999999982,1.68,0.0,0.6500000000000001,1.16,0.0
2017-11-17,0.008196146017733552,0.0012934205940440258,0.012907534881342775,0.004766154124141941,11.76,-0.10434120335110442,0.041629760850310005,-0.0018653552653891126,0.010645604395604469,2.37,0.040000000000000036,1.72,0.040000000000000036,0.6500000000000001,1.16,0.0
2017-11-18,-0.0026260422951377427,-0.0013360182782791163,-0.003885385083781112,0.0008622506962199239,11.43,-0.028061224489795977,0.01240035429583708,0.002293577981651307,0.012963598901098772,2.35,-0.020000000000000018,1.73,0.010000000000000009,0.6200000000000001,1.16,0.0
2017-11-19,0.0,-0.0023173581343527427,0.0,-0.00026440031791363783,11.43,0.0,-0.006086956521739184,0.0,0.012268359643102356,2.35,0.0,1.73,0.0,0.6200000000000001,1.16,0.0
2017-11-20,0.0,-7.755334700876304e-06,0.0,0.003316046040129361,11.43,0.0,-0.01380500431406384,0.0,0.0029751785107106077,2.35,0.0,1.73,0.0,0.6200000000000001,1.16,0.0
2017-11-21,0.001275762452255913,0.006831421419157602,-0.0009343559516099553,0.008029260061741317,10.65,-0.06824146981627288,-0.1888804265041889,-0.004915670819561013,-0.004493810412073973,2.37,0.020000000000000018,1.77,0.040000000000000036,0.6000000000000001,1.16,0.0
2017-11-22,0.006541086075890767,0.005178601816184791,0.01109911692116028,0.0062295516426518205,9.73,-0.08638497652582156,-0.17261904761904756,0.0,-0.002633367312266488,2.36,-0.010000000000000231,1.77,0.0,0.5899999999999999,1.16,0.0
2017-11-23,-0.0007502799121211767,0.007069042402621406,0.0011742333385067472,0.011340547405895185,9.88,0.01541623843782114,-0.13560804899387569,0.00408823779916534,-0.0008475294516483434,2.32,-0.040000000000000036,1.74,-0.030000000000000027,0.5799999999999998,1.16,0.0
2017-11-24,0.0,0.007069042402621406,0.0,0.011340547405895185,9.88,0.0,-0.13560804899387569,0.0,-0.0008475294516483434,2.32,0.0,1.74,0.0,0.5799999999999998,1.16,0.0
2017-11-25,0.002056155374497548,0.009139732826647595,0.0036281811177991674,0.01500987408365817,9.67,-0.021255060728745057,-0.15398075240594922,0.012469250996691716,0.011611153487583792,2.34,0.020000000000000018,1.75,0.010000000000000009,0.5899999999999999,1.16,0.0
2017-11-26,0.0,0.007853950599115533,0.0,0.015959141554161782,9.67,0.0,-0.09201877934272307,0.0,0.01660846605910926,2.34,0.0,1.75,0.0,0.5899999999999999,1.16,0.0
2017-11-27,0.0,0.0013043327703026186,0.0,0.0048066747875328275,9.67,0.0,-0.006166495375128478,0.0,0.01660846605910926,2.34,0.0,1.75,0.0,0.5899999999999999,1.16,0.0
2017-11-28,-0.0003842577293442506,0.00167110755155786,-0.0005179980933924799,0.003108303633505116,9.87,0.020682523267838704,-0.0010121457489880026,-0.0020945040214477295,0.010348630078887089,2.32,-0.020000000000000018,1.74,-0.010000000000000009,0.5799999999999998,1.16,0.0
2017-11-29,0.00984846737551015,0.01153603277527071,0.0025897717285594535,0.005706125158938535,10.03,0.016210739614994862,0.015182186234817596,-0.0027705482327261555,0.007549410467384776,2.34,0.020000000000000018,1.75,0.010000000000000009,0.5899999999999999,1.16,0.0
2017-11-30,-0.00036923685973555553,0.009087695298990894,-0.017312411250342663,-0.015277823284638448,10.7,0.06679960119641071,0.1065149948293691,-0.0016837851490150157,-0.0065348525469168806,2.37,0.03000000000000025,1.78,0.030000000000000027,0.5900000000000001,1.16,0.0
2017-12-01,0.008190946928299692,0.017353079057185195,0.008586091450826228,-0.0068229086217037604,11.28,0.0542056074766355,0.16649431230610134,0.0033732501264969184,-0.00318364611260058,2.42,0.04999999999999982,1.78,0.0,0.6399999999999999,1.07,-0.08999999999999986
2017-12-02,-0.00202449028924534,0.01529345762790002,-0.004349970780261336,-0.01114319994882429,11.43,0.013297872340425565,0.18200620475698037,0.0010085728693898233,-0.00217828418230559,2.37,-0.04999999999999982,1.78,0.0,0.5900000000000001,1.16,0.0
2017-12-03,0.0,0.015683741956316055,0.0,-0.010630708542188061,11.43,0.0,0.15805471124620074,0.0,-8.395600705224382e-05,2.37,0.0,1.78,0.0,0.5900000000000001,1.16,0.0
2017-12-04,0.0,0.0057783665265849216,0.0,-0.013186330684337833,11.43,0.0,0.13958125623130613,0.0,0.002694056238424114,2.37,0.0,1.78,0.0,0.5900000000000001,1.16,0.0
2017-12-05,-0.0010521455442770167,0.005091258039580104,-0.01170266982440471,-0.007553035236406713,11.68,0.021872265966754068,0.09158878504672896,-0.005205709487825394,-0.0008433125316241741,2.37,0.0,1.8,0.020000000000000018,0.5700000000000001,1.16,0.0
2017-12-06,-0.003739429575970621,-0.006802438453228921,0.00022510656640650772,-0.015780229861944717,11.33,-0.02996575342465746,0.004432624113475336,-0.002363268062120283,-0.006555723651033851,2.36,-0.010000000000000231,1.83,0.030000000000000027,0.5299999999999998,1.16,0.08999999999999986
2017-12-07,-0.00011408709408766704,-0.004901181582154357,0.004459618426492229,-0.007071776480110814,11.02,-0.027360988526037078,-0.035870516185476875,-0.002707275803722431,-0.010243492863140191,2.33,-0.029999999999999805,1.78,-0.050000000000000044,0.55,1.16,0.0
2017-12-08,0.0029323728639507607,-0.0019831808100763126,0.0036913738171473476,-0.0034065072335027757,10.16,-0.07803992740471866,-0.11111111111111105,0.000169664065150954,-0.010075566750629705,2.37,0.040000000000000036,1.8,0.020000000000000018,0.5700000000000001,1.16,0.0
2017-12-09,0.005506298872194781,0.003512198075860562,0.004478902138600471,0.0010571374925645305,9.58,-0.057086614173228356,-0.1618547681539807,-0.0024597116200171243,-0.012510495382031972,2.38,0.009999999999999787,1.8,0.0,0.5799999999999998,1.16,0.0
2017-12-10,0.0,0.004569151032037144,0.0,0.012910899308715251,9.58,0.0,-0.1797945205479452,0.0,-0.007343011478730732,2.38,0.0,1.8,0.0,0.5799999999999998,1.16,0.0
2017-12-11,0.0,0.00833976657780533,0.0,0.012682937729744603,9.58,0.0,-0.1544571932921448,0.0,-0.004991539763113395,2.38,0.0,1.8,0.0,0.5799999999999998,1.16,0.0
2017-12-12,0.0032019611540636816,0.011683851411228074,0.007773576459870535,0.016024026505430555,9.34,-0.025052192066805867,-0.15245009074410165,0.0034860981209081654,0.0011876484560569,2.39,0.010000000000000231,1.82,0.020000000000000018,0.5700000000000001,1.16,0.0
2017-12-13,0.0015488780033008354,0.010288284325250974,-0.0016015289596787996,0.010666088267144547,9.92,0.062098501070663836,-0.023622047244094557,-0.0065243179122180806,-0.005513146734520746,2.4,0.009999999999999787,1.83,0.010000000000000009,0.5699999999999998,1.17,0.010000000000000009
2017-12-14,-0.0004729534441145766,0.004280595889119443,0.0017262851190149586,0.007896516233566686,10.18,0.02620967741935476,0.06263048016701456,0.0031556503198293395,8.502678343669245e-05,2.36,-0.040000000000000036,1.79,-0.040000000000000036,0.5699999999999998,1.17,0.010000000000000009
2017-12-15,-0.004070826370242253,0.00019234395625122858,-0.0007443699205744725,0.00714626838383059,10.49,0.03045186640471509,0.09498956158663874,0.0013603128719605895,0.001445455318425326,2.35,-0.009999999999999787,1.82,0.030000000000000027,0.53,1.41,0.25
2017-12-16,0.008974325134520456,0.00916839524797286,0.01195791490020981,0.01918963775322835,9.42,-0.10200190657769304,-0.01670146137787054,0.0,0.001445455318425326,2.35,0.0,1.84,0.020000000000000018,0.51,1.41,0.25
2017-12-17,0.0,0.005947390779664552,0.0,0.011328002202102283,9.42,0.0,0.008565310492505418,0.0,-0.0020335536349770367,2.35,0.0,1.84,0.0,0.51,1.41,0.25
2017-12-18,0.0,0.004391710552492212,0.0,0.012950271396458213,9.42,0.0,-0.050403225806451624,0.0,0.004520255863539324,2.35,0.0,1.84,0.0,0.51,1.41,0.24
2017-12-19,0.005362862086620401,0.01025592879809234,0.007260698511672992,0.018546695920196088,9.53,0.011677282377919207,-0.06385068762278978,0.002207505518763808,0.0035708212888965196,2.39,0.040000000000000036,1.84,0.0,0.55,1.42,0.25
2017-12-20,-0.003230291135099761,0.011108555397604025,-0.0050051663757222364,0.014203642930808114,10.03,0.05246589716684147,-0.04385128693994289,0.0015249068112503927,0.0037357785702156754,2.46,0.06999999999999984,1.87,0.030000000000000027,0.5899999999999999,1.42,0.010000000000000009
2017-12-21,-0.0008279040973793172,0.0012855920263397103,-0.001263758222529554,0.0009526283883258824,9.72,-0.030907278165503316,0.031847133757961776,0.00499069531382168,0.008745118016641129,2.49,0.03000000000000025,1.87,0.0,0.6200000000000001,1.42,0.010000000000000009
2017-12-22,0.0019856303069889503,0.0032737750438185387,3.2445059698904544e-05,0.0009851043561097672,9.62,-0.010288065843621519,0.02123142250530785,-0.0007575119939398078,0.007980981490915307,2.48,-0.010000000000000231,1.89,0.019999999999999796,0.5900000000000001,1.42,0.010000000000000009
2017-12-23,-0.0004581739347455649,0.0028141011506797042,-0.0011618044429749785,-0.00017784458548286697,9.9,0.02910602910602922,0.05095541401273884,-0.002779649595687439,0.005179147563253439,2.48,0.0,1.91,0.020000000000000018,0.5700000000000001,1.42,0.010000000000000009
2017-12-24,0.0,-0.0025351651946351472,0.0,-0.0073849233948539705,9.9,0.0,0.0388247639034629,0.0,0.002965096577431492,2.48,0.0,1.91,0.0,0.5700000000000001,1.42,0.0
2017-12-25,0.0,0.0006973786766215628,0.0,-0.00239172801577614,9.9,0.0,-0.012961116650049731,0.0,0.0014379969548299343,2.48,0.0,1.91,0.0,0.5700000000000001,1.42,0.0
2017-12-26,0.0,0.0015265466081926249,0.0,-0.001129397078090566,9.9,0.0,0.01851851851851838,0.0,-0.0035350559717195473,2.48,0.0,1.91,0.0,0.5700000000000001,1.42,0.0
2017-12-27,-0.0010583824636460903,-0.0015160714751338844,-0.004951145909543042,-0.006107198089202459,10.25,0.03535353535353525,0.06548856548856552,0.0023650646169441902,-0.00042115902964956486,2.47,-0.009999999999999787,1.92,0.010000000000000009,0.5500000000000003,1.42,0.0
2017-12-28,0.00079089722066783,-0.0002683223147272873,0.00030933475927841236,-0.004643342711792675,10.47,0.02146341463414636,0.05757575757575761,0.002949355355186478,0.005321395388123928,2.42,-0.050000000000000266,1.89,-0.030000000000000027,0.53,1.42,0.0
2017-12-29,0.0018340279279212002,0.0015652135025749914,0.000974336262558051,-0.0036735306264181755,10.18,-0.02769818529130863,0.028282828282828243,0.004200974626113352,0.00954472506123838,2.43,0.010000000000000231,1.91,0.020000000000000018,0.5200000000000002,1.42,0.0
2017-12-30,-0.005183178668968558,-0.003626077947632478,-0.006986037240235832,-0.01063390444489476,11.04,0.08447937131630634,0.115151515151515,0.005856760374832515,0.0154573866035983,2.4,-0.03000000000000025,1.89,-0.020000000000000018,0.51,1.33,-0.08999999999999986
2017-12-31,0.0,-0.003626077947632478,0.0,-0.01063390444489476,11.04,0.0,0.115151515151515,0.0,0.0154573866035983,2.4,0.0,1.89,0.0,0.51,1.33,-0.08999999999999986
2018-01-01,0.0,-0.0025704159671702254,0.0,-0.005711034701453066,11.04,0.0,0.07707317073170716,0.0,0.01306143085868361,2.4,0.0,1.89,0.0,0.51,1.33,-0.08999999999999986
2018-01-02,0.0,-0.0033586568354816437,0.0,-0.006018507727092559,11.04,0.0,0.054441260744985565,0.0,0.010082339102671867,2.4,0.0,1.89,0.0,0.51,1.33,-0.08999999999999986
2018-01-03,0.008303380074131894,0.0030771635026827227,0.017966299899006,0.010854749418606424,9.77,-0.11503623188405798,-0.04027504911591362,0.002329063383796459,0.008199464524765832,2.46,0.06000000000000005,1.92,0.030000000000000027,0.54,1.42,0.0
2018-01-04,0.006398818907860759,0.014755330807410205,0.00989965199175602,0.02804381200734163,9.15,-0.06345957011258951,-0.17119565217391297,-0.0016597510373443924,0.0006654466810847026,2.44,-0.020000000000000018,1.94,0.020000000000000018,0.5,1.42,0.08999999999999986
2018-01-05,0.004028661363921104,0.018843436402466995,0.0013351987590863867,0.029416454829420235,9.22,0.007650273224043769,-0.16485507246376796,0.0028262676641728213,0.0034935950756944667,2.46,0.020000000000000018,1.96,0.020000000000000018,0.5,1.42,0.08999999999999986
2018-01-06,0.007033799683552555,0.026009777043024318,0.010434985982401335,0.04015840110561841,9.22,0.0,-0.16485507246376796,-0.0020722811671086694,0.001414074197304993,2.47,0.010000000000000231,1.96,0.0,0.5100000000000002,1.42,0.08999999999999986
2018-01-07,0.0,0.026009777043024318,0.0,0.04015840110561841,9.22,0.0,-0.16485507246376796,0.0,0.001414074197304993,2.47,0.0,1.96,0.0,0.5100000000000002,1.42,0.08999999999999986
2018-01-08,0.0,0.01756058475931166,0.0,0.021800428176074416,9.22,0.0,-0.05629477993858745,0.0,-0.0009128630705395047,2.47,0.0,1.96,0.0,0.5100000000000002,1.42,0.0
2018-01-09,0.0016623225124401397,0.012771556839878295,0.0035080388800128315,0.015333495544268327,9.52,0.03253796095444672,0.04043715846994522,-0.005482182905556909,-0.004738154613466383,2.49,0.020000000000000018,1.96,0.0,0.5300000000000002,1.42,0.0
2018-01-10,0.0013029031448006378,0.010022063223433353,0.00019620676898357559,0.014178580866205603,10.08,0.05882352941176472,0.09327548806941421,-0.004259584064144395,-0.01177055702917773,2.55,0.05999999999999961,1.98,0.020000000000000018,0.5699999999999998,1.42,0.0
2018-01-11,-0.0011122055472160275,0.0018518856059639432,-0.0022881307708664256,0.0014083258057291381,9.82,-0.025793650793650813,0.06507592190889366,0.003019627579265327,-0.006728133565910732,2.55,0.0,1.98,0.0,0.5699999999999998,1.42,0.0
2018-01-12,0.007033618001404562,0.008898529063303018,0.006878634059069411,0.00829664722265222,9.88,0.006109979633401208,0.07158351409978314,0.006439203880247657,-0.0003322535094276713,2.54,-0.009999999999999787,1.98,0.0,0.56,1.42,0.0
2018-01-13,0.006749627831013516,0.015708218653737394,0.007460695327860645,0.015819241307683862,10.16,0.028340080971659853,0.10195227765726678,0.00789364353967592,0.0075587673394801325,2.55,0.009999999999999787,1.99,0.010000000000000009,0.5599999999999998,1.42,0.0
2018-01-14,0.0,0.014022586080772559,0.0,0.012268165227068195,10.16,0.0,0.0672268907563025,0.0,0.013112837217071682,2.55,0.0,1.99,0.0,0.5599999999999998,1.42,0.0
2018-01-15,0.0,0.01270313198535944,0.0,0.012069590322764334,10.16,0.0,0.007936507936507908,0.0,0.01744673712464362,2.55,0.0,1.99,0.0,0.5599999999999998,1.42,0.0
2018-01-16,0.0,0.013830720136233099,0.0,0.014390648779916804,10.16,0.0,0.03462321792260692,0.0,0.014383676200033557,2.55,0.0,1.99,0.0,0.5599999999999998,1.42,0.0
2018-01-17,-0.0035244630756861017,0.003201375941262352,-0.0031663643331251157,0.004270707715149147,11.66,0.1476377952755905,0.18016194331983804,0.009398186314921508,0.017366015787287026,2.54,-0.009999999999999787,2.03,0.039999999999999813,0.5100000000000002,1.42,0.0
2018-01-18,0.009415002053003496,0.00585735615022398,0.010856238700694965,0.0076554995605560006,11.91,0.021440823327615766,0.1722440944881889,-0.0012250898399214227,0.008161582852431959,2.57,0.029999999999999805,2.05,0.020000000000000018,0.52,1.42,0.0
2018-01-19,-0.001616379310344751,0.004231509130584676,0.00016152052485374213,0.007818256605716556,12.22,0.02602854743912686,0.2027559055118111,0.000735955515577702,0.008903544929925733,2.62,0.050000000000000266,2.05,0.0,0.5700000000000003,1.42,0.0
2018-01-20,0.004385228178396927,0.008635293442058156,0.003369361274807803,0.011213960411568191,11.27,-0.07774140752864167,0.10925196850393704,0.0,0.008903544929925733,2.64,0.020000000000000018,2.06,0.010000000000000231,0.5800000000000001,1.42,0.0
2018-01-21,0.0,0.008635293442058156,0.0,0.011213960411568191,11.27,0.0,0.10925196850393704,0.0,0.008903544929925733,2.64,0.0,2.06,0.0,0.5800000000000001,1.42,0.0
2018-01-22,0.0,0.012202764711390923,0.0,0.0144260027251919,11.27,0.0,-0.0334476843910807,0.0,-0.0004900359359686357,2.64,0.0,2.06,0.0,0.5800000000000001,1.42,0.0
2018-01-23,0.008066754439027823,0.0108507935601736,0.010527732784340271,0.014096336714496394,11.03,-0.021295474711623852,-0.07388748950461799,-0.0006537015852262629,8.177283506416444e-05,2.66,0.020000000000000018,2.08,0.020000000000000018,0.5800000000000001,1.42,0.0
2018-01-24,0.002174396481431362,0.0146889061232367,0.008279421048668745,0.02232734042147122,11.1,0.006346328195829587,-0.0916530278232407,0.0038430089942762535,0.0031867952279784895,2.63,-0.03000000000000025,2.06,-0.020000000000000018,0.5699999999999998,1.42,0.0
2018-01-25,-0.0005600307136341964,0.009692915347115916,-0.0063344946334149554,0.012440136780050182,11.47,0.03333333333333344,0.017746228926353247,0.009204202981184295,0.01242033011930066,2.65,0.020000000000000018,2.08,0.020000000000000018,0.5699999999999998,1.42,0.0
2018-01-26,0.0006026346765155566,0.01030139131053609,-0.0004407928490393065,0.011993860407677248,11.58,0.009590235396687019,0.027506654835847355,0.00790960451977396,0.02042817453832324,2.63,-0.020000000000000018,2.08,0.0,0.5499999999999998,1.42,0.0
2018-01-27,0.011841155234656897,0.022264526918834182,0.015422986278790685,0.027601827830965098,11.08,-0.04317789291882557,-0.01685891748003543,-0.005285073670723839,0.015035136460205933,2.66,0.03000000000000025,2.13,0.04999999999999982,0.5300000000000002,1.42,0.0
2018-01-28,0.0,0.014084159027451859,0.0,0.01689621619743198,11.08,0.0,0.004533091568449832,0.0,0.01569910057236301,2.66,0.0,2.13,0.0,0.5300000000000002,1.42,0.0
2018-01-29,0.0,0.011883922187430507,0.0,0.008546038894457597,11.08,0.0,-0.0018018018018017834,0.0,0.011810702940457718,2.66,0.0,2.13,0.0,0.5300000000000002,1.42,0.0
2018-01-30,-0.006731944014173874,0.0056351628523299,-0.004933810054720489,0.009967699278111253,13.84,0.2490974729241877,0.2066259808195292,-0.005635163419739131,-0.0030669895076674836,2.7,0.040000000000000036,2.11,-0.020000000000000018,0.5900000000000003,1.42,0.0
2018-01-31,-0.010898781509218525,-0.005924099674209815,-0.008240893376376568,0.002086375663288065,14.79,0.0686416184971097,0.27720207253886,0.003076424870466443,-0.007847533632286852,2.73,0.029999999999999805,2.13,0.020000000000000018,0.6000000000000001,1.42,0.0
2018-02-01,0.0004889403811609849,-0.017076999655396885,0.0027789280494263657,-0.010391614943535354,13.54,-0.08451656524678841,0.22202166064981932,0.0030669895076673725,0.0004830140074061351,2.72,-0.009999999999999787,2.14,0.010000000000000231,0.5800000000000001,1.34,-0.07999999999999985
2018-02-02,-0.0006480605989779287,-0.017713993323749344,-0.00697698845609851,-0.017296101222132543,13.47,-0.005169867060561217,0.21570397111913353,0.0043450273575798,0.004830140074062239,2.78,0.05999999999999961,2.16,0.020000000000000018,0.6199999999999997,1.42,0.0
2018-02-03,-0.021208513171602883,-0.03854681903462387,-0.020460769397956935,-0.0374029790814997,17.31,0.285077951002227,0.5622743682310467,-0.002884153180580107,0.0019320560296247624,2.84,0.06000000000000005,2.15,-0.010000000000000231,0.69,1.42,0.0
2018-02-04,0.0,-0.03203050257050044,0.0,-0.032630160038464195,17.31,0.0,0.250722543352601,0.0,0.007610103626942921,2.84,0.0,2.15,0.0,0.69,1.42,0.0
2018-02-05,0.0,-0.02136456882898774,0.0,-0.0245919261030223,17.31,0.0,0.1703853955375254,0.0,0.004519774011299216,2.84,0.0,2.15,0.0,0.69,1.42,0.0
2018-02-06,-0.040979244278871785,-0.06192697100725608,-0.03910631052809865,-0.06533390695526176,37.32,1.1559792027729636,1.756277695716396,-0.0022497187851517886,-0.0008046346958480166,2.77,-0.06999999999999984,2.08,-0.06999999999999984,0.69,1.42,0.07999999999999985
2018-02-07,0.017440938639606607,-0.044947164756660274,0.02617950959987181,-0.03412591465623427,29.98,-0.19667738478027863,1.2256867112100966,-0.0029795458205830183,-0.008091651978849534,2.79,0.020000000000000018,2.1,0.020000000000000018,0.69,1.42,0.0
2018-02-08,-0.0050015954644285765,-0.029133313783203607,-0.012595297315623366,-0.026370170510436663,27.73,-0.07505003335557037,0.6019641825534374,-0.008076892011953829,-0.013257271412501992,2.84,0.04999999999999982,2.15,0.04999999999999982,0.69,1.42,0.0
2018-02-09,-0.037536451302551344,-0.06557620387164986,-0.04192026156104056,-0.06718498762627045,33.46,0.20663541291020548,0.9329867128827269,-0.003501343538799717,-0.016712196689699477,2.85,0.010000000000000231,2.13,-0.020000000000000018,0.7200000000000002,1.42,0.0
2018-02-10,0.014936071290197583,-0.05161958343741968,0.016901095764418672,-0.051419391771654666,29.06,-0.1315002988643157,0.6787983824378971,-0.0009805523778395608,-0.01767636188333599,2.83,-0.020000000000000018,2.05,-0.08000000000000007,0.7800000000000002,1.42,0.0
2018-02-11,0.0,-0.011095004039351486,0.0,-0.012814197219177537,29.06,0.0,-0.22132904608788861,0.0,-0.01546142696086339,2.83,0.0,2.05,0.0,0.7800000000000002,1.42,0.0
2018-02-12,0.0,-0.028046780501198354,0.0,-0.03799891388813037,29.06,0.0,-0.03068712474983326,0.0,-0.012519182618528468,2.83,0.0,2.05,0.0,0.7800000000000002,1.42,0.0
2018-02-13,0.013914603653299107,-0.009568699984337958,0.01733596561811912,-0.008837712434784484,25.61,-0.11871988988300064,-0.07645149657410755,0.0033535089154261843,-0.0011399723149581042,2.86,0.029999999999999805,2.09,0.040000000000000036,0.77,1.42,0.0
2018-02-14,0.0026129518072288693,0.03174738473459904,0.004600044452278906,0.03928894245254577,24.97,-0.02499023818820778,-0.25373580394500905,0.007825874296894186,0.01021408726916162,2.83,-0.029999999999999805,2.1,0.010000000000000231,0.73,1.42,0.0
2018-02-15,0.013402479965752168,0.03018839113588201,0.01848834122181442,0.04091113231909271,19.26,-0.22867440929114924,-0.33723331039229176,0.002669255035185669,0.013904793063962195,2.91,0.08000000000000007,2.17,0.06999999999999984,0.7400000000000002,1.42,0.0
2018-02-16,0.0120690869070601,0.04262182435914541,0.017960967965687136,0.059606903821803,19.13,-0.006749740394600301,-0.3417068134893324,0.006937721845756695,0.020938982496319314,2.9,-0.010000000000000231,2.19,0.020000000000000018,0.71,1.42,0.0
2018-02-17,0.0003734622144111466,0.04301120421446414,-0.0035703142936194254,0.055823774147470306,19.46,0.01725039205436496,-0.3303509979353062,-0.0032046146450889212,0.017667266481269372,2.87,-0.029999999999999805,2.21,0.020000000000000018,0.6600000000000001,1.42,0.0
2018-02-18,0.0,0.028697289156626393,0.0,0.03783195505721304,19.46,0.0,-0.2401405700898086,0.0,0.014265916687046687,2.87,0.0,2.21,0.0,0.6600000000000001,1.42,0.0
2018-02-19,0.0,0.026016357860109363,0.0,0.03307974231979327,19.46,0.0,-0.22066479775730874,0.0,0.006390034781202036,2.87,0.0,2.21,0.0,0.6600000000000001,1.42,0.0
2018-02-20,0.0,0.012447056469393702,0.0,0.0143265273714126,19.46,0.0,0.01038421599169248,0.0,0.003710874475637338,2.87,0.0,2.21,0.0,0.6600000000000001,1.42,0.0
2018-02-21,-0.005841403693699454,-0.0054701230228469955,0.001333695681071001,-0.002241380325301967,20.6,0.058581706063720373,0.07684265551489822,-0.007555055457322046,-0.010735459061048003,2.88,0.009999999999999787,2.25,0.040000000000000036,0.6299999999999999,1.42,0.0
2018-02-22,-0.00549652831466807,-0.01130582456756768,-0.00301341211766315,-0.0016837354113188319,20.02,-0.028155339805825297,0.02877697841726623,-0.002753482345318914,-0.01028773509082137,2.94,0.06000000000000005,2.26,0.009999999999999787,0.6800000000000002,1.42,0.0
2018-02-23,0.0009735944886408721,-0.010343237367415381,0.00038317804019971646,-0.0013012025415541917,18.72,-0.06493506493506496,-0.038026721479959,0.0009745005684584918,-0.009323259926056982,2.92,-0.020000000000000018,2.25,-0.009999999999999787,0.6699999999999999,1.42,0.0
2018-02-24,0.016028343614550522,0.00551932128452326,0.019927978289965065,0.018600845412411804,16.49,-0.11912393162393164,-0.15262076053442974,-0.0022716209638162788,-0.011573701977174111,2.88,-0.040000000000000036,2.25,0.0,0.6299999999999999,1.42,0.0
2018-02-25,0.0,0.00551932128452326,0.0,0.018600845412411804,16.49,0.0,-0.15262076053442974,0.0,-0.011573701977174111,2.88,0.0,2.25,0.0,0.6299999999999999,1.42,0.0
2018-02-26,0.0,0.011427477487427451,0.0,0.01724415128125334,16.49,0.0,-0.19951456310679627,0.0,-0.004049238743116246,2.88,0.0,2.25,0.0,0.6299999999999999,1.42,0.0
2018-02-27,0.011756997779638123,0.028974616207571913,0.013412406113157305,0.034003722300961936,15.8,-0.04184354154032732,-0.21078921078921076,-0.0001626280696047644,-0.0014617508526880707,2.86,-0.020000000000000018,2.22,-0.029999999999999805,0.6399999999999997,1.42,0.0
2018-02-28,-0.012706864297021059,0.01491146318732528,-0.012698344565108544,0.020482560246086523,18.59,0.1765822784810125,-0.00694444444444442,-0.004635653871177703,-0.00705825085185785,2.9,0.040000000000000036,2.27,0.04999999999999982,0.6299999999999999,1.42,0.0
2018-03-01,-0.011095806550352139,-0.012182870454628292,-0.006656184106603291,-0.006116057187599777,19.85,0.06777837547068333,0.20375985445724698,-0.0022877686085464033,-0.0070743210278093605,2.87,-0.029999999999999805,2.25,-0.020000000000000018,0.6200000000000001,1.35,-0.06999999999999984
2018-03-02,-0.013324342350110263,-0.025344884067994067,-0.015155184537860245,-0.02117855175013783,22.47,0.1319899244332492,0.3626440266828381,0.00040946687412990457,-0.0066677508537973385,2.81,-0.06000000000000005,2.22,-0.029999999999999805,0.5899999999999999,1.42,0.0
2018-03-03,0.005071573420174946,-0.020401849088195756,0.008962245983284323,-0.012406113157207965,19.59,-0.1281708945260347,0.1879927228623408,0.008022265880812007,0.0013010245568385592,2.86,0.04999999999999982,2.25,0.029999999999999805,0.6099999999999999,1.42,0.0
2018-03-04,0.0,-0.031785148942293784,0.0,-0.02547681389592371,19.59,0.0,0.23987341772151893,0.0,0.001463890696161263,2.86,0.0,2.25,0.0,0.6099999999999999,1.42,0.0
2018-03-05,0.0,-0.019323829929890568,0.0,-0.012942821740926203,19.59,0.0,0.05379236148466915,0.0,0.006127951630035211,2.86,0.0,2.25,0.0,0.6099999999999999,1.42,0.0
2018-03-06,0.011032048304691067,0.002619913553907338,0.010312668843524664,0.0039186393597123725,18.73,-0.04389994895354765,-0.05642317380352646,0.001299334091278359,0.009745311604291151,2.88,0.020000000000000018,2.24,-0.009999999999999787,0.6399999999999997,1.42,0.06999999999999984
2018-03-07,0.0026387939462098053,0.018841007293654455,0.004612513950893016,0.02406918557626514,18.36,-0.019754404698344996,-0.18291054739652868,0.006893755068937413,0.016290111329404056,2.88,0.0,2.25,0.009999999999999787,0.6299999999999999,1.42,0.0
2018-03-08,-0.00048384968403136774,0.013209475150952166,0.002367995463632422,0.017376200991331858,17.76,-0.03267973856209139,-0.09341500765696775,-0.0014498590414820933,0.006740295598505641,2.89,0.010000000000000231,2.25,0.0,0.6400000000000001,1.42,0.0
2018-03-09,0.00446310693853591,0.01773153738968869,0.005345347858902505,0.02281443068899902,16.54,-0.06869369369369382,-0.15569167942827977,-0.006695168185851363,0.0,2.86,-0.03000000000000025,2.25,0.0,0.6099999999999999,1.42,0.0
2018-03-10,0.017378795678667736,0.03541848583372054,0.019342762361783672,0.042598487162019305,14.64,-0.11487303506650537,-0.2526799387442572,0.0009745005684584918,0.0009745005684584918,2.9,0.040000000000000036,2.27,0.020000000000000018,0.6299999999999999,1.42,0.0
2018-03-11,0.0,0.024120340764588688,0.0,0.031956263950893016,14.64,0.0,-0.21836625734116388,0.0,-0.00032441200324428987,2.9,0.0,2.27,0.0,0.6299999999999999,1.42,0.0
2018-03-12,0.0,0.021425010630031105,0.0,0.02721820564673605,14.64,0.0,-0.20261437908496727,0.0,-0.007168747482883764,2.9,0.0,2.27,0.0,0.6299999999999999,1.42,0.0
2018-03-13,-0.001273967637633433,0.020617573712776727,0.004216200687773064,0.02911223065810975,15.78,0.07786885245901631,-0.11148648648648662,-0.0006490345610903336,-0.006372509478099531,2.87,-0.029999999999999805,2.27,0.0,0.6000000000000001,1.42,0.0
2018-03-14,-0.00636359063175973,0.009616753743195483,-0.011864896397760782,0.011495127346431433,16.35,0.03612167300380231,-0.011487303506650393,0.006494560805325511,0.0068215039792105525,2.84,-0.03000000000000025,2.26,-0.010000000000000231,0.5800000000000001,1.42,0.0
2018-03-15,-0.005724493818052956,-0.01331027033234411,-0.0007847856598515168,-0.008477464308748739,17.23,0.05382262996941889,0.17691256830601088,-0.002903694144216873,0.0029206555249068344,2.81,-0.029999999999999805,2.26,0.0,0.5500000000000003,1.42,0.0
2018-03-16,-0.0007819660444884358,-0.014081828197389679,-0.0014216770960859826,-0.00988708918799408,16.59,-0.037144515380150955,0.1331967213114753,-0.0033166154343957643,-0.00040564660068143077,2.82,0.009999999999999787,2.29,0.03000000000000025,0.5299999999999998,1.43,0.010000000000000009
2018-03-17,0.0017034720983646334,-0.012402344100453266,-0.001567351304300857,-0.01143894395016043,15.8,-0.04761904761904756,0.0792349726775956,-0.003327651976300583,-0.003731948726269585,2.85,0.03000000000000025,2.31,0.020000000000000018,0.54,1.43,0.010000000000000009
2018-03-18,0.0,-0.01114257173861477,0.0,-0.01558941652924084,15.8,0.0,0.0012674271229404788,0.0,-0.003084916382529612,2.85,0.0,2.31,0.0,0.54,1.43,0.010000000000000009
2018-03-19,0.0,-0.004809587351869982,0.0,-0.0037692417948743673,15.8,0.0,-0.033639143730886945,0.0,-0.00951766413937738,2.85,0.0,2.31,0.0,0.54,1.43,0.010000000000000009
2018-03-20,-0.014204163502312905,-0.013297059807672706,-0.02208990092522023,-0.0250107229391362,19.02,0.20379746835443036,0.10388856645385958,0.0039902280130295065,-0.002669470959391518,2.85,0.0,2.31,0.0,0.54,1.43,0.010000000000000009
2018-03-21,0.001481798210046792,-0.01106164894643158,0.0030648751325588197,-0.020630154871945194,18.2,-0.04311251314405895,0.09704641350210963,-0.004704355584394526,-0.004058112166220207,2.89,0.040000000000000036,2.34,0.029999999999999805,0.5500000000000003,1.44,0.010000000000000009
2018-03-22,-0.001843986249236318,-0.014563900567221899,-0.004715419290378109,-0.023718117650410653,17.86,-0.018681318681318726,0.13037974683544284,-0.0002444788525793884,-0.000977198697068471,2.89,0.0,2.31,-0.029999999999999805,0.5800000000000001,1.44,0.010000000000000009
2018-03-23,-0.02516289137256489,-0.03936032209185292,-0.02497866038272689,-0.0481043312274303,23.34,0.30683090705487115,0.4772151898734176,0.0034235409194653954,0.002442996742671122,2.83,-0.06000000000000005,2.29,-0.020000000000000018,0.54,1.68,0.25
2018-03-24,-0.020966906104724736,-0.05950196401902608,-0.02606453505251216,-0.07291504925248748,24.87,0.06555269922879181,0.5740506329113924,0.004061738424045336,0.006514657980456029,2.82,-0.010000000000000231,2.28,-0.010000000000000231,0.54,1.68,0.25
2018-03-25,0.0,-0.04595048877224539,0.0,-0.05197323187003999,24.87,0.0,0.30757097791798116,0.0,0.0025143969502796626,2.82,0.0,2.28,0.0,0.54,1.68,0.25
2018-03-26,0.0,-0.04736210589854761,0.0,-0.054869937495643284,24.87,0.0,0.3664835164835165,0.0,0.007252872626517748,2.82,0.0,2.28,0.0,0.54,1.68,0.24
2018-03-27,0.0271572407717926,-0.019683398907788807,0.03775915821692699,-0.01453574477088182,21.03,-0.15440289505428229,0.17749160134378505,0.006472491909385036,0.014020215194000762,2.85,0.03000000000000025,2.33,0.050000000000000266,0.52,1.68,0.24
2018-03-28,-0.017276334844182117,-0.01175251258657417,-0.03316488570189058,-0.02280964823278353,22.5,0.06990014265335232,-0.03598971722365041,-0.002411575562700885,0.008123476848090894,2.78,-0.07000000000000028,2.26,-0.07000000000000028,0.52,1.68,0.0
2018-03-29,-0.0029166124426820428,0.006467665535919709,-0.010571468826188646,-0.007264804266689628,22.87,0.016444444444444484,-0.08041817450743871,-0.004754230459307007,-0.0007281553398057472,2.77,-0.009999999999999787,2.28,0.020000000000000018,0.4900000000000002,1.68,0.0
2018-03-30,0.01376967370441462,0.020326396884393194,0.018623051908351895,0.011222954814699815,19.97,-0.12680367293397476,-0.19702452754322486,-0.004372115618168637,-0.0050970873786407855,2.74,-0.029999999999999805,2.27,-0.009999999999999787,0.4700000000000002,1.68,0.0
2018-03-31,0.0,0.020326396884393194,0.0,0.011222954814699815,19.97,0.0,-0.19702452754322486,0.0018703748881840898,-0.003236245954692518,2.74,0.0,2.27,0.0,0.4700000000000002,1.67,-0.010000000000000009
2018-04-01,0.0,-0.006650241673092583,0.0,-0.02557067619410025,19.97,0.0,-0.050404184498335836,0.0,-0.009646302250803873,2.74,0.0,2.27,0.0,0.4700000000000002,1.67,-0.010000000000000009
2018-04-02,0.0,0.010812900460074548,0.0,0.007854710069465698,19.97,0.0,-0.11244444444444446,0.0,-0.007252215954875241,2.74,0.0,2.27,0.0,0.4700000000000002,1.67,-0.010000000000000009
2018-04-03,-0.02233733580221664,-0.008875239923224476,-0.02891448732968349,-0.010829911419775629,23.62,0.18277416124186296,0.03279405334499352,-0.0025974025974027093,-0.005100801554530188,2.73,-0.010000000000000231,2.25,-0.020000000000000018,0.48,1.68,0.0
2018-04-04,0.01261483879963432,-0.010004278892940643,0.010638664087975869,-0.01858343475968416,21.1,-0.1066892464013548,0.05658487731597406,-0.002197265624999889,-0.0029275433032447395,2.79,0.06000000000000005,2.28,0.029999999999999805,0.5100000000000002,1.69,0.010000000000000009
2018-04-05,0.011566486259060316,0.001446493011772798,0.015673117267368974,-0.0032015778445342313,20.06,-0.04928909952606653,0.004506760140210231,0.002528341897072073,-0.002272727272727204,2.79,0.0,2.28,0.0,0.5100000000000002,1.69,0.020000000000000018
2018-04-06,0.00686280811739759,0.008319228133153223,0.005301780776395315,0.0020832288679908384,18.94,-0.05583250249252236,-0.05157736604907348,-0.00504393101204037,-0.007305194805194759,2.83,0.040000000000000036,2.3,0.020000000000000018,0.5300000000000002,1.69,0.020000000000000018
2018-04-07,-0.02192020549488527,-0.013783336551969616,-0.02450855517343864,-0.02247638323509793,21.49,0.13463569165786682,0.07611417125688535,0.0035977105478330884,-0.0037337662337662003,2.77,-0.06000000000000005,2.27,-0.029999999999999805,0.5,1.69,0.020000000000000018
2018-04-08,0.0,0.008749438393728548,0.0,0.006629801403258417,21.49,0.0,-0.09017781541066905,0.0,-0.0011393229166665186,2.77,0.0,2.27,0.0,0.5,1.69,0.010000000000000009
2018-04-09,0.0,-0.003817246457189838,0.0,-0.0039666626927786774,21.49,0.0,0.018483412322274795,0.0,0.0010602724084496362,2.77,0.0,2.27,0.0,0.5,1.69,0.0
2018-04-10,0.003336571356168383,-0.011922002200636106,0.006082500027202675,-0.013371828916198925,21.77,0.013029315960912058,0.08524426719840483,0.0037477594916082158,0.00227790432801811,2.78,0.009999999999999787,2.29,0.020000000000000018,0.48999999999999977,1.69,0.0
2018-04-11,0.01672687474169199,-0.002241967222965102,0.022175905468501345,0.0031888567425442105,20.47,-0.05971520440973821,0.08078141499472014,0.0014610389610389962,0.008830744071954166,2.8,0.020000000000000018,2.32,0.029999999999999805,0.48,1.69,0.0
2018-04-12,-0.005525298565605352,0.014482793044266362,-0.004901849643357603,0.02335226115733824,20.24,-0.011235955056179803,-0.05816658911121453,0.0037283190144268286,0.008962033566889183,2.79,-0.009999999999999787,2.32,0.0,0.4700000000000002,1.69,0.0
2018-04-13,0.008250731400845313,0.022853018080454035,0.011061086605179238,0.03467164914560539,18.49,-0.08646245059288538,-0.1395998138669149,-0.0051679586563306845,0.0037477594916082158,2.83,0.040000000000000036,2.34,0.020000000000000018,0.4900000000000002,1.69,0.0
2018-04-14,-0.0028866474724003055,0.019900402001175044,-0.0041945476889424516,0.030331669570867525,17.41,-0.058409951325040455,-0.18985574685900408,0.00016233766233764158,0.00391070555646067,2.82,-0.010000000000000231,2.37,0.03000000000000025,0.44999999999999973,1.69,0.0
2018-04-15,0.0,0.0165087480292061,0.0,0.024102565687216693,17.41,0.0,-0.20027560863573723,0.0,0.00016233766233764158,2.82,0.0,2.37,0.0,0.44999999999999973,1.69,0.0
2018-04-16,0.0,-0.00021453815956362643,0.0,0.0018848617037516835,17.41,0.0,-0.14948705422569608,0.0,-0.0012968066137137857,2.82,0.0,2.37,0.0,0.44999999999999973,1.69,0.0
2018-04-17,0.008109023830139561,0.013492595157804654,0.007066626033064072,0.013934964091721236,16.56,-0.04882251579551988,-0.18181818181818177,0.004138938484012478,-0.0008882428940567566,2.83,0.010000000000000231,2.39,0.020000000000000018,0.43999999999999995,1.69,0.0
2018-04-18,0.01066157798822931,0.015915975660569348,0.02115148954784729,0.024054048369504644,15.25,-0.07910628019323662,-0.17522985397512159,-0.0022629919987069425,0.0020292207792207417,2.82,-0.010000000000000231,2.41,0.020000000000000018,0.4099999999999997,1.69,0.0
2018-04-19,0.0008313657676830566,0.01970409968753528,0.0024705231670230088,0.030908191191157952,15.6,0.022950819672131084,-0.10396323951751874,0.0028351559335764165,0.004707028079857123,2.87,0.050000000000000266,2.42,0.009999999999999787,0.4500000000000002,1.69,0.0
2018-04-20,-0.005726120857699746,0.013865150773632484,-0.008534788188859999,0.02210960813718077,15.96,0.023076923076923217,-0.08328546812176907,-0.003554119547657497,0.0011361791916897346,2.92,0.04999999999999982,2.44,0.020000000000000018,0.48,1.69,0.0
2018-04-21,-0.008536535555283331,0.005210254865790631,-0.015814278903421353,0.005945681724232488,16.88,0.05764411027568905,-0.0304422745548536,-0.0043774319066148815,-0.003246226261970464,2.96,0.040000000000000036,2.46,0.020000000000000018,0.5,1.7,0.010000000000000009
2018-04-22,0.0,-0.0028754518567204457,0.0,-0.0011130785986296354,16.88,0.0,0.019323671497584627,0.0,-0.0073547239957973964,2.96,0.0,2.46,0.0,0.5,1.7,0.010000000000000009
2018-04-23,0.0,-0.013394226257117392,0.0,-0.021803393888535916,16.88,0.0,0.10688524590163917,0.0,-0.0051032806804374164,2.96,0.0,2.46,0.0,0.5,1.7,0.010000000000000009
2018-04-24,5.617682967939963e-05,-0.014158396833835352,-0.002842038168797578,-0.026987316356441582,16.34,-0.03199052132701419,0.04743589743589749,-0.005373717635564157,-0.013247172859450651,2.98,0.020000000000000018,2.49,0.03000000000000025,0.48999999999999977,1.7,0.010000000000000009
2018-04-25,-0.01338056915166519,-0.021747928989688692,-0.021018830465647897,-0.039239013474757556,18.02,0.10281517747858016,0.12907268170426067,0.0008185985592663592,-0.00891699092088205,3.0,0.020000000000000018,2.48,-0.010000000000000231,0.52,1.7,0.010000000000000009
2018-04-26,0.0018371189116968,-0.011512504962286507,0.0007512617048570647,-0.02306775149038287,17.84,-0.009988901220865709,0.056872037914692086,-0.003926059218059774,-0.008467676274222402,3.03,0.029999999999999805,2.49,0.010000000000000231,0.5399999999999996,1.7,0.0
2018-04-27,0.01043418958854292,-0.0011984390331591932,0.02083378109101397,-0.002714558884181373,16.24,-0.08968609865470856,-0.03791469194312802,-0.00533749384135318,-0.013759973945611348,3.0,-0.029999999999999805,2.49,0.0,0.5099999999999998,1.7,0.0
2018-04-28,0.0011136358523251566,-8.613780550836836e-05,0.0010075718270887712,-0.0017097221701473098,15.41,-0.05110837438423632,-0.08708530805687198,-0.00041277965821839846,-0.014167073766487404,2.96,-0.040000000000000036,2.49,0.0,0.46999999999999975,1.7,0.0
2018-04-29,0.0,-0.000142306640851797,0.0,0.0011355432559259082,15.41,0.0,-0.056915544675642527,0.0,-0.008840864440078477,2.96,0.0,2.49,0.0,0.46999999999999975,1.7,0.0
2018-04-30,0.0,0.013417800315802308,0.0,0.022630030496001652,15.41,0.0,-0.14483906770255273,0.0,-0.009651562244397005,2.96,0.0,2.49,0.0,0.46999999999999975,1.7,0.0
2018-05-01,-0.008187541902161422,0.0032772599833295057,-0.007628805576629927,0.014066755297101219,15.93,0.03374432186891618,-0.10706278026905836,-0.0028080607862570606,-0.008539990146165133,2.95,-0.009999999999999787,2.49,0.0,0.45999999999999996,1.69,-0.010000000000000009
2018-05-02,0.0025490455240648746,-0.00455203341657473,0.011564482701720058,0.004858902348243932,15.49,-0.02762084118016317,-0.04618226600985209,-0.006128871956269766,-0.009328820275736893,2.97,0.020000000000000018,2.5,0.009999999999999787,0.4700000000000002,1.7,0.0
2018-05-03,-0.007205815880669042,-0.012824402320677386,-0.0056091326497016425,-0.0017832595942222085,15.97,0.030987734021949764,0.03634003893575599,-0.002666666666666595,-0.01156260323752889,2.97,0.0,2.49,-0.009999999999999787,0.48,1.7,0.0
2018-05-04,-0.0022536964035709817,-0.015049196414860355,-0.00015050086688495057,-0.0019334920789924048,15.9,-0.004383218534752653,0.031797534068786604,0.0001671122994653107,-0.011397423191278566,2.94,-0.03000000000000025,2.49,0.0,0.44999999999999973,1.7,0.0
2018-05-05,0.012811201149927953,-0.002430793547347987,0.018911775153985566,0.016941717307533244,14.77,-0.0710691823899372,-0.0415314730694355,-0.002005012531328232,-0.013379583746283452,2.95,0.010000000000000231,2.51,0.019999999999999574,0.4400000000000004,1.7,0.0
2018-05-06,0.0,0.005804271067389122,0.0,0.02475940759086659,14.77,0.0,-0.07281858129315755,0.0,-0.010601292032466403,2.95,0.0,2.51,0.0,0.4400000000000004,1.7,0.010000000000000009
2018-05-07,0.0,0.00324694892270605,0.0,0.013044076887619882,14.77,0.0,-0.046481601032924535,0.0,-0.0044999999999998375,2.95,0.0,2.51,0.0,0.4400000000000004,1.7,0.0
2018-05-08,0.003457960066380883,0.014022999844441886,0.0077927411539462366,0.026697348776729024,14.75,-0.0013540961408259333,-0.07639323731997494,-0.0015904905407667647,-0.003425802139037426,2.95,0.0,2.49,-0.019999999999999574,0.45999999999999996,1.7,0.0
2018-05-09,-0.0002656559269333947,0.01604347214352808,-0.0009366933113648113,0.025890045578522036,14.71,-0.0027118644067796183,-0.07484276729559747,-0.005365976356166868,-0.008939014202172246,2.97,0.020000000000000018,2.51,0.019999999999999574,0.4600000000000004,1.7,0.0
2018-05-10,0.009682176113057217,0.012904461181488358,0.011404919389390145,0.01833177724726398,13.42,-0.08769544527532291,-0.09140148950575488,-0.0009272528028322347,-0.00786874267537252,3.0,0.029999999999999805,2.54,0.03000000000000025,0.45999999999999996,1.7,0.0
2018-05-11,0.009370632999603501,0.022396017150881242,0.010204244466656354,0.028723083650459724,13.23,-0.014157973174366623,-0.10426540284360186,0.003712453594330034,-0.0041855014230706145,2.97,-0.029999999999999805,2.54,0.0,0.43000000000000016,1.7,0.0
2018-05-12,0.0017076314600799058,0.02414189275442835,-0.001578218006620169,0.027099534356016752,12.65,-0.04383975812547236,-0.14353419092755582,0.004623402824478928,0.00041855014230707255,2.97,0.0,2.54,0.0,0.43000000000000016,1.7,0.0
2018-05-13,0.0,0.020612654950367126,0.0,0.019157503734313464,12.65,0.0,-0.14237288135593218,0.0,0.0020122411335625756,2.97,0.0,2.54,0.0,0.43000000000000016,1.7,0.0
2018-05-14,0.0,0.020883858798167454,0.0,0.020113036792713146,12.65,0.0,-0.14004078857919788,0.0,0.0074180224226587654,2.97,0.0,2.54,0.0,0.43000000000000016,1.7,0.0
2018-05-15,0.0008835217690965624,0.011987589842056057,0.0016986548839563742,0.010323202107581197,12.93,0.02213438735177853,-0.036512667660208664,0.002091875156890577,0.010462369220384682,3.0,0.029999999999999805,2.55,0.009999999999999787,0.4500000000000002,1.7,0.0
2018-05-16,-0.006842165025108815,-0.004267242487339784,-0.010888278480321922,-0.01077180461115379,14.63,0.131477184841454,0.10582010582010581,-0.009352037408149716,-0.0026899798251514007,3.08,0.08000000000000007,2.58,0.03000000000000025,0.5,1.7,0.0
2018-05-17,0.004060558004020054,-0.001928350417198188,0.006014336855124647,-0.0032491628982705967,13.42,-0.08270676691729328,0.060869565217391175,-0.006405933917734141,-0.013639026022926881,3.09,0.009999999999999787,2.58,0.0,0.5099999999999998,1.7,0.0
2018-05-18,-0.000855843612027285,-0.002782543662839143,-0.0040894837928591166,-0.007325359292116862,13.43,0.0007451564828613311,0.061660079051383265,0.0008483203257549921,-0.012802275960170806,3.11,0.020000000000000018,2.57,-0.010000000000000231,0.54,1.7,0.0
2018-05-19,-0.002632227136203147,-0.0054074465121053406,-0.005126325230416562,-0.012414132348372409,13.42,-0.0007446016381236209,0.060869565217391175,-0.0019494829632140664,-0.014726801104510079,3.06,-0.04999999999999982,2.55,-0.020000000000000018,0.5100000000000002,1.7,0.0
2018-05-20,0.0,-0.006285414980239157,0.0,-0.01408885512975333,13.42,0.0,0.037896365042536795,0.0,-0.01678356713426854,3.06,0.0,2.55,0.0,0.5100000000000002,1.7,0.0
2018-05-21,0.0,0.0005605856644967933,0.0,-0.0032358090393610484,13.42,0.0,-0.08270676691729328,0.0,-0.007501685772083544,3.06,0.0,2.55,0.0,0.5100000000000002,1.7,0.0
2018-05-22,0.007386738519040259,0.003875171719694759,0.005720735481521855,-0.003526710793841925,13.08,-0.025335320417287588,-0.025335320417287588,-0.0005944798301485976,-0.0016966406515099841,3.06,0.0,2.58,0.03000000000000025,0.48,1.7,0.0
2018-05-23,-0.0031357367883761977,0.0015844830945579425,-0.0017247046931951893,-0.0011605953955804438,13.22,0.01070336391437321,-0.015636634400595595,0.0012746430999319713,-0.0012714019325309467,3.06,0.0,2.59,0.009999999999999787,0.4700000000000002,1.7,0.0
2018-05-24,0.003248373977771557,0.007489946442459816,0.008705150559502828,0.012726014928090335,12.58,-0.04841149773071107,-0.0625931445603577,-0.007638122719171636,-0.006963906581740953,3.01,-0.050000000000000266,2.53,-0.06000000000000005,0.48,1.7,0.0
2018-05-25,-0.002023202806873625,0.005451589954920344,-0.0005651724351166676,0.012153650100127367,12.53,-0.003974562798092274,-0.06631892697466468,0.0030787650731207705,-0.003906581740976578,2.98,-0.029999999999999805,2.5,-0.029999999999999805,0.48,1.7,0.0
2018-05-26,-0.002357245505469785,0.0030814937135317244,0.0016144581780508371,0.013787729837975604,13.22,0.055067837190742264,-0.014903129657227954,-0.005371301901270331,-0.009256900212314179,2.93,-0.04999999999999982,2.48,-0.020000000000000018,0.4500000000000002,1.7,0.0
2018-05-27,0.0,-0.0042736762763401215,0.0,0.008021107720913578,13.22,0.0,0.01070336391437321,0.0,-0.008667573079537694,2.93,0.0,2.48,0.0,0.4500000000000002,1.7,0.0
2018-05-28,0.0,-0.001141518991058743,0.0,0.009762650102558723,13.22,0.0,0.0,0.0,-0.009929559534923027,2.93,0.0,2.48,0.0,0.4500000000000002,1.7,0.0
2018-05-29,0.0,-0.004375679126620291,0.0,0.0010483732956743097,13.22,0.0,0.050874403815580393,0.0,-0.002309073804840467,2.93,0.0,2.48,0.0,0.4500000000000002,1.7,0.0
2018-05-30,-0.011564198388288038,-0.013894184239082619,-0.004939002315785812,-0.0033325179504151148,17.02,0.28744326777609674,0.35833998403830813,-0.009857706154637436,-0.015176059340097248,2.77,-0.16000000000000014,2.32,-0.16000000000000014,0.4500000000000002,1.7,0.0
2018-05-31,0.01269582803565994,0.0009848125732638824,0.0071940680339679375,0.002219534199502382,14.94,-0.12220916568742657,0.13010590015128587,0.009782702796294673,-0.00017143836790667333,2.84,0.06999999999999984,2.42,0.10000000000000009,0.41999999999999993,1.7,0.0
2018-06-01,-0.006879563584568427,-0.005901526092021214,-0.0012384664230825626,0.0009783189578387308,15.43,0.03279785809906288,0.16717095310136143,0.0005144032921811093,0.00034287673581334666,2.83,-0.009999999999999787,2.4,-0.020000000000000018,0.43000000000000016,1.7,0.0
2018-06-02,0.01084919435028664,0.004883641454729748,0.0166768804187305,0.017671514684840517,13.46,-0.1276733635774464,0.018154311649016597,0.0007712082262210096,0.0011143493913936542,2.89,0.06000000000000005,2.47,0.07000000000000028,0.41999999999999993,1.7,0.0
2018-06-03,0.0,0.004883641454729748,0.0,0.017671514684840517,13.46,0.0,0.018154311649016597,0.0,0.0011143493913936542,2.89,0.0,2.47,0.0,0.41999999999999993,1.7,0.0
2018-06-04,0.0,0.01664027124088241,0.0,0.022722744689267715,13.46,0.0,-0.20916568742655695,0.0,0.011081291663059378,2.89,0.0,2.47,0.0,0.41999999999999993,1.7,0.0
2018-06-05,0.0044795986279628774,0.0083920396767998,0.00841905552426403,0.023966618742985224,12.74,-0.05349182763744431,-0.14725568942436407,0.0014556040756914523,0.00274348422496562,2.94,0.04999999999999982,2.52,0.04999999999999982,0.41999999999999993,1.7,0.0
2018-06-06,0.0007026178887243884,0.01609081533451384,0.003244876161359045,0.028563104483095625,12.4,-0.026687598116169498,-0.19637070641607257,-0.0020519835841312783,0.0001713796058269157,2.92,-0.020000000000000018,2.49,-0.029999999999999805,0.4299999999999997,1.7,0.0
2018-06-07,0.00856737485448189,0.013797163774125876,0.006045976209579029,0.01780791171002538,11.64,-0.06129032258064515,-0.13521545319465078,0.009081562714187807,0.008476753146673621,2.97,0.050000000000000266,2.52,0.029999999999999805,0.4500000000000002,1.7,0.0
2018-06-08,-0.0007141955380813858,0.01307311436323877,-0.00794027250737861,0.00972623953088192,12.13,0.04209621993127155,-0.09881129271916789,0.003141450161317838,0.011644832605531397,2.93,-0.040000000000000036,2.5,-0.020000000000000018,0.43000000000000016,1.7,0.0
2018-06-09,0.0031259362467830343,0.016239916332068116,-2.9359008951734822e-05,0.009696594969176742,12.18,0.004122011541632276,-0.09509658246656771,-0.0035548032162505683,0.008048634300882096,2.93,0.0,2.5,0.0,0.43000000000000016,1.7,0.0
2018-06-10,0.0,0.01170787114060734,0.0,0.0012668735660181785,12.18,0.0,-0.04395604395604402,0.0,0.006583447332421333,2.93,0.0,2.5,0.0,0.43000000000000016,1.7,0.0
2018-06-11,0.0,0.010997526193248008,0.0,-0.001971604981337416,12.18,0.0,-0.01774193548387104,0.0,0.008653187114461947,2.93,0.0,2.5,0.0,0.43000000000000016,1.7,0.0
2018-06-12,0.0010687182218256375,0.003480801486103857,0.0022173692996412253,-0.005769700197501337,12.35,0.013957307060755264,0.06099656357388317,0.0024632633993033615,0.002037697401935823,2.96,0.029999999999999805,2.52,0.020000000000000018,0.43999999999999995,1.7,0.0
2018-06-13,0.0017433501078361058,0.005948663896880202,0.005677633194205889,0.00787800073537337,12.34,-0.0008097165991902688,0.01731244847485569,-0.000847314014573719,-0.0019466779517561816,2.96,0.0,2.54,0.020000000000000018,0.41999999999999993,1.7,0.0
2018-06-14,-0.004026050917702695,-0.0012234484694300107,-0.0005437511617132351,0.007359540979389401,12.94,0.04862236628849259,0.06239737274220025,-0.0006784260515605434,0.0009343412893909608,2.98,0.020000000000000018,2.59,0.04999999999999982,0.3900000000000001,1.7,0.0
2018-06-15,0.002471510972283708,0.0012450387365374738,0.010316074645467355,0.017751537198956502,12.12,-0.06336939721792889,-0.0049261083743842304,-0.012729124236252498,-0.011806676293213303,2.94,-0.040000000000000036,2.59,0.0,0.3500000000000001,1.9,0.19999999999999996
2018-06-16,-0.0010170746345898873,0.0002266978046294721,-0.0032735360095829114,0.01441989089312723,11.98,-0.011551155115511413,-0.016420361247947435,-0.001547189272821048,-0.013335598403125815,2.93,-0.009999999999999787,2.55,-0.040000000000000036,0.38000000000000034,1.9,0.19999999999999996
2018-06-17,0.0,-0.0008411214953271129,0.0,0.012175523960449075,11.98,0.0,-0.02995951417004039,0.0,-0.015760040671072617,2.93,0.0,2.55,0.0,0.38000000000000034,1.9,0.19999999999999996
2018-06-18,0.0,-0.0025799738055510835,0.0,0.006461206406276343,11.98,0.0,-0.02917341977309562,0.0,-0.014925373134328401,2.93,0.0,2.55,0.0,0.38000000000000034,1.9,0.19999999999999996
2018-06-19,-0.0021261593144484836,-0.0006773237066900473,-0.0005995236887659239,0.006405042982487785,12.31,0.027545909849749695,-0.04868624420401846,-0.0008608815426995875,-0.015105227427019585,2.92,-0.010000000000000231,2.56,0.010000000000000231,0.3599999999999999,1.9,0.19999999999999996
2018-06-20,-0.004023433979269853,-0.007151867571850934,-0.0032228214926476317,-0.007081442773562818,13.35,0.08448415922014618,0.10148514851485158,-0.0024987075650526602,-0.00489943269726667,2.89,-0.029999999999999805,2.54,-0.020000000000000018,0.3500000000000001,1.91,0.010000000000000009
2018-06-21,0.0017121614137458607,-0.004439391868070075,0.007285515852153646,0.0034372691489243934,12.79,-0.04194756554307122,0.06761268781302165,0.001295672454003638,-0.0020661157024792765,2.93,0.040000000000000036,2.56,0.020000000000000018,0.3700000000000001,1.92,0.020000000000000018
2018-06-22,-0.006345489498865264,-0.010756711252455253,-0.008681857513700653,-0.005274430245763462,14.64,0.14464425332290864,0.22203672787979967,0.0006901311249136732,-0.0013774104683196287,2.9,-0.03000000000000025,2.56,0.0,0.33999999999999986,1.92,0.020000000000000018
2018-06-23,0.0018619806819504259,-0.008914759359058166,-0.0027682753976797647,-0.008028104567956995,13.77,-0.05942622950819676,0.1494156928213688,0.002586206896551868,0.001205234159779689,2.9,0.0,2.56,0.0,0.33999999999999986,1.92,0.020000000000000018
2018-06-24,0.0,-0.006803064443442919,0.0,-0.007433037161048595,13.77,0.0,0.11860276198212838,0.0,0.0020678959159055044,2.9,0.0,2.56,0.0,0.33999999999999986,1.92,0.020000000000000018
2018-06-25,0.0,-0.002790859302321369,0.0,-0.004223828313069666,13.77,0.0,0.03146067415730336,0.0,0.004578042670812854,2.9,0.0,2.56,0.0,0.33999999999999986,1.92,0.010000000000000009
2018-06-26,-0.013724735741665661,-0.018158362603529765,-0.022138211687097398,-0.03331135742442348,17.33,0.25853304284676826,0.35496481626270526,0.005503009458297514,0.008799171842650111,2.87,-0.029999999999999805,2.54,-0.020000000000000018,0.33000000000000007,1.92,0.0
2018-06-27,0.0022045806696182613,-0.009709938321890044,0.00426673410844014,-0.02068447618216307,15.92,-0.08136180034622031,0.08743169398907091,-0.001624764836668402,0.006465517241379448,2.88,0.009999999999999787,2.53,-0.010000000000000231,0.3500000000000001,1.92,0.0
2018-06-28,-0.008604290761129008,-0.02005532001393895,-0.013939899833055103,-0.03165539193415501,17.91,0.125,0.30065359477124187,-0.007451820128479558,-0.0036113499570077368,2.83,-0.04999999999999982,2.52,-0.009999999999999787,0.31000000000000005,1.91,-0.010000000000000009
2018-06-29,0.006178624478169192,-0.014000609826925414,0.008885643079227679,-0.023051027369187405,16.85,-0.05918481295365707,0.22367465504720419,-0.0005177770107008817,-0.004127257093723302,2.84,0.009999999999999787,2.52,0.0,0.31999999999999984,1.91,-0.010000000000000009
2018-06-30,0.0007583817752760957,-0.013252845858984896,0.0013083793162296242,-0.021772807540385464,16.09,-0.045103857566765715,0.16848220769789402,0.008202383008116154,0.0040412725709371156,2.85,0.010000000000000231,2.52,0.0,0.33000000000000007,1.91,-0.010000000000000009
2018-07-01,0.0,0.000478456572704955,0.0,0.00037367668015986233,16.09,0.0,-0.07155222158107322,0.0,-0.0014537369591243188,2.85,0.0,2.52,0.0,0.33000000000000007,1.91,-0.010000000000000009
2018-07-02,0.0,-0.0017223270879084263,0.0,-0.003876517359440834,16.09,0.0,0.010678391959799027,0.0,0.00017130620985006395,2.85,0.0,2.52,0.0,0.33000000000000007,1.91,-0.010000000000000009
2018-07-03,0.0030680150237090142,0.01003100424873038,0.008098511532780295,0.01838681027939626,15.6,-0.03045369794903663,-0.12897822445561147,-0.006251605720647313,0.001380738695202055,2.87,0.020000000000000018,2.57,0.04999999999999982,0.30000000000000027,1.91,0.0
2018-07-04,-0.00494735413740377,-0.0011375726629140326,-0.011731771163540294,-0.002424768189316806,16.14,0.034615384615384714,-0.04213649851632051,0.004222681833850217,0.006130202037644805,2.83,-0.040000000000000036,2.53,-0.040000000000000036,0.30000000000000027,1.91,0.0
2018-07-05,0.0,-0.0018945176705158495,0.0,-0.0037282695148278533,16.14,0.0,0.003107520198881275,0.0,-0.0020553224287059857,2.83,0.0,2.53,0.0,0.30000000000000027,1.91,0.0
2018-07-06,0.00862075320099387,0.0067099033612054715,0.01233151093085083,0.008557266219747728,14.97,-0.07249070631970256,-0.06960845245494096,0.0037758517120054513,0.001712768690588229,2.84,0.009999999999999787,2.55,0.020000000000000018,0.29000000000000004,1.91,0.0
2018-07-07,0.008481296202235589,0.015248108241335823,0.014966800684405701,0.023652141802067872,13.37,-0.10688042752171023,-0.16904909881914232,0.0035051722663930196,0.005223944506294487,2.82,-0.020000000000000018,2.53,-0.020000000000000018,0.29000000000000004,1.91,0.0
2018-07-08,0.0,0.012142838805740297,0.0,0.015428680918930127,13.37,0.0,-0.142948717948718,0.0,0.011547742157876462,2.82,0.0,2.53,0.0,0.29000000000000004,1.91,0.0
2018-07-09,0.0,0.017175164564613432,0.0,0.027482874881496366,13.37,0.0,-0.17162329615861227,0.0,0.00729425898910141,2.82,0.0,2.53,0.0,0.29000000000000004,1.91,0.0
2018-07-10,0.008823039183714743,0.026149740898268492,0.009527800170104683,0.03727252639157186,12.69,-0.05086013462976813,-0.21375464684014878,0.0005111603339582604,0.007809147858920618,2.86,0.040000000000000036,2.57,0.040000000000000036,0.29000000000000004,1.91,0.0
2018-07-11,0.0034732074550045677,0.020912735099265056,0.0009070918086862001,0.025566641553009806,12.64,-0.003940110323088941,-0.15564462257849032,-0.0013623978201635634,0.0026502522014193453,2.87,0.010000000000000231,2.59,0.020000000000000018,0.28000000000000025,1.91,0.0
2018-07-12,-0.007094178621538827,0.005145263096868469,-0.005303051108120793,0.005085100862594061,13.63,0.07832278481012667,0.01944652206432318,-0.0005115961800820079,-0.0013630942238882504,2.85,-0.020000000000000018,2.58,-0.009999999999999787,0.27,1.91,0.0
2018-07-13,0.008749035695488905,0.013939314882854603,0.016878842846059783,0.022049774326969862,12.58,-0.07703595011005138,-0.05908750934928941,-0.0025592902235112014,-0.003918895893678553,2.85,0.0,2.6,0.020000000000000018,0.25,1.91,0.0
2018-07-14,0.0010792305300737493,0.015033589147118276,0.0012991685050058877,0.02337758920432398,12.18,-0.031796502384737746,-0.08900523560209417,-0.0021382141635305496,-0.006048730618503861,2.83,-0.020000000000000018,2.59,-0.010000000000000231,0.2400000000000002,1.91,0.0
2018-07-15,0.0,0.006156233275985246,0.0,0.013719076415612985,12.18,0.0,-0.04018912529550822,0.0,-0.0065565395095368295,2.83,0.0,2.59,0.0,0.2400000000000002,1.91,0.0
2018-07-16,0.0,0.0026737393694697964,0.0,0.01280037349298313,12.18,0.0,-0.03639240506329122,0.0,-0.005201227830832211,2.83,0.0,2.59,0.0,0.2400000000000002,1.91,0.0
2018-07-17,-0.001028090429120665,0.008799503968969224,-0.002429560374304196,0.01572616158520601,12.83,0.05336617405582933,-0.05869405722670584,0.003685608982600508,-0.0010237160894044361,2.85,0.020000000000000018,2.59,0.0,0.26000000000000023,1.91,0.0
2018-07-18,0.00397365665748306,0.004023886016102818,0.006250424713573288,0.005109791277787323,12.06,-0.06001558846453625,-0.04133545310015896,-0.003928266438941064,-0.0023947998631542733,2.86,0.009999999999999787,2.62,0.03000000000000025,0.23999999999999977,1.91,0.0
2018-07-19,0.0021604883344306103,0.005108324319693214,-0.001858482500415315,0.0019401232676503621,12.1,0.0033167495854062867,-0.006568144499178974,-0.0016289437585733646,-0.0018856604097026164,2.88,0.020000000000000018,2.6,-0.020000000000000018,0.2799999999999998,1.91,0.0
2018-07-20,-0.003952948196134454,0.0011351831821539982,-0.005110870850715821,-0.0031806633025209807,12.87,0.06363636363636371,0.056650246305418595,-0.0035208243881493795,-0.005399845718693674,2.84,-0.040000000000000036,2.6,0.0,0.23999999999999977,1.91,0.0
2018-07-21,-0.0009484790461010695,0.0001856274385911849,-0.000289702898117028,-0.003469444753261386,12.86,-0.0007770007770007137,0.05582922824302128,0.008962426749396624,0.003514185308991058,2.89,0.050000000000000266,2.6,0.0,0.29000000000000004,1.91,0.0
2018-07-22,0.0,0.001214966963619002,0.0,-0.0010424169939792227,12.86,0.0,0.002338269680436378,0.0,-0.00017079419299736998,2.89,0.0,2.6,0.0,0.29000000000000004,1.91,0.0
2018-07-23,0.0,-0.00274777099535517,0.0,-0.007247541495079002,12.86,0.0,0.06633499170812596,0.0,0.0037722908093278384,2.89,0.0,2.6,0.0,0.29000000000000004,1.91,0.0
2018-07-24,0.00183808439484201,-0.003068595904276772,0.0029318810431782083,-0.0024830415703107622,12.62,-0.018662519440124425,0.04297520661157028,-0.0005124701059106007,0.004894804637183281,2.96,0.06999999999999984,2.64,0.040000000000000036,0.31999999999999984,1.91,0.0
2018-07-25,0.004780938945058377,0.00567304572310845,0.004675939867982981,0.007329619333112047,12.41,-0.016640253565768592,-0.035742035742035716,-0.001538198598529994,0.006894174422612975,2.95,-0.009999999999999787,2.63,-0.010000000000000231,0.3200000000000003,1.91,0.0
2018-07-26,0.009101545880016992,0.015789680316079302,0.01381805907173006,0.021544904037016588,12.29,-0.00966962127316684,-0.04432348367029548,-0.0005991098938721295,-0.0026477622138709744,2.94,-0.010000000000000231,2.66,0.03000000000000025,0.2799999999999998,1.91,0.0
2018-07-27,-0.003032251490652005,0.01270955054375178,-0.014362217140634903,0.006873254306327903,12.14,-0.012205044751830596,-0.055987558320373165,-0.0019696839941765187,-0.004612230953194407,2.98,0.040000000000000036,2.69,0.029999999999999805,0.29000000000000004,1.91,0.0
2018-07-28,-0.006562253298748155,0.006063893955022381,-0.014048576157821846,-0.007271881288068549,13.03,0.0733113673805601,0.013219284603421366,0.0005148446885188118,-0.0040997608472840286,2.96,-0.020000000000000018,2.67,-0.020000000000000018,0.29000000000000004,1.91,0.0
2018-07-29,0.0,0.004218056416504634,0.0,-0.010173933568283333,13.03,0.0,0.032488114104595844,0.0,-0.0035891300632370227,2.96,0.0,2.67,0.0,0.29000000000000004,1.91,0.0
2018-07-30,0.0,-0.0005602042263508356,0.0,-0.01478075949367097,13.03,0.0,0.04995970991136178,0.0,-0.002054091064704,2.96,0.0,2.67,0.0,0.29000000000000004,1.91,0.0
2018-07-31,-0.005754180827438504,-0.01527369319798888,-0.014209007260736817,-0.04201720962257893,14.26,0.09439754412893331,0.16029292107404403,0.00497427101200687,0.0035111758157060358,2.98,0.020000000000000018,2.66,-0.009999999999999787,0.31999999999999984,1.91,0.0
2018-08-01,0.00488474987511589,-0.0074539021089432556,0.005405179964132145,-0.02280444549538907,12.83,-0.10028050490883589,0.056836902800659006,-0.0010240655401944077,0.004461987300497849,2.96,-0.020000000000000018,2.67,0.009999999999999787,0.29000000000000004,1.91,0.0
2018-08-02,-0.0010403758135703045,-0.0019369807224299818,0.005656818741202274,-0.0032740469083621937,13.15,0.02494154325798914,0.009209516500383819,-0.003417051084913747,0.0005145797598629098,3.0,0.040000000000000036,2.67,0.0,0.33000000000000007,1.91,0.0
2018-08-03,0.004926493587738445,0.002979970342199767,0.01364794462723884,0.010329213707964247,12.19,-0.07300380228136893,-0.06446661550268606,-0.004628835933481956,-0.004116638078902168,2.98,-0.020000000000000018,2.66,-0.009999999999999787,0.31999999999999984,1.91,0.0
2018-08-04,0.0046441380578801095,0.0076379477937575935,0.0031659692220045166,0.013527884902655662,11.64,-0.04511894995898269,-0.10667689946277814,-0.0012917671374440554,-0.00540308747855911,2.95,-0.029999999999999805,2.63,-0.03000000000000025,0.3200000000000003,1.91,0.0
2018-08-05,0.0,0.013469635338614117,0.0,0.028136686546829548,11.64,0.0,-0.1837307152875175,0.0,-0.010325994196961896,2.95,0.0,2.63,0.0,0.3200000000000003,1.91,0.0
2018-08-06,0.0,0.008543154291638988,0.0,0.022609299251380666,11.64,0.0,-0.09275136399064687,0.0,-0.009311464206389952,2.95,0.0,2.63,0.0,0.3200000000000003,1.91,0.0
2018-08-07,0.0035382963367192044,0.013165751983393426,0.005881963196488593,0.022838238994402404,11.27,-0.03178694158075612,-0.14296577946768063,-0.002845563507803628,-0.00874335676324356,2.94,-0.010000000000000231,2.64,0.010000000000000231,0.2999999999999998,1.91,0.0
2018-08-08,0.002824165029469361,0.011046186713449924,0.003180539293640594,0.012275930359528786,10.93,-0.030168589174800364,-0.10336341263330595,0.002853683846419708,-0.0012917671374440554,2.98,0.040000000000000036,2.68,0.040000000000000036,0.2999999999999998,1.91,0.0
2018-08-09,-0.00026237996116773576,0.006108402133539803,0.00092326452399627,0.010012859188505363,10.85,-0.007319304666056681,-0.06786941580756023,8.622919720613353e-05,8.622919720613353e-05,2.96,-0.020000000000000018,2.68,0.0,0.2799999999999998,1.91,0.0
2018-08-10,-0.001441718864821362,0.0046578766701286245,-0.0003454027958883499,0.00966399792305861,11.27,0.03870967741935494,-0.03178694158075612,-0.002759096395930194,-0.00267310511339125,2.93,-0.029999999999999805,2.64,-0.040000000000000036,0.29000000000000004,1.91,0.0
2018-08-11,-0.0071138709971333425,-0.002489129860756445,-0.00785594137373169,0.0017321367482074912,13.16,0.16770186335403725,0.13058419243986252,-0.014438872557496207,-0.017073381046822544,2.87,-0.06000000000000005,2.61,-0.03000000000000025,0.26000000000000023,1.91,0.0
2018-08-12,0.0,-0.00600617457198982,0.0,-0.0041255600558677274,13.16,0.0,0.16770186335403725,0.0,-0.01426841923209976,2.87,0.0,2.61,0.0,0.26000000000000023,1.91,0.0
2018-08-13,0.0,-0.008805471496790118,0.0,-0.007282935686384828,13.16,0.0,0.2040256175663313,0.0,-0.017073381046822544,2.87,0.0,2.61,0.0,0.26000000000000023,1.91,0.0
2018-08-14,-0.004005957759204981,-0.012517059173461131,-0.000962434026699821,-0.009153174091041771,14.78,0.12310030395136762,0.36221198156682033,-0.0002631809807878138,-0.01741679599931023,2.88,0.009999999999999787,2.61,0.0,0.27,1.91,0.0
2018-08-15,0.00638924424064391,-0.004772951870983033,0.006215233537400167,-0.0026503423079807797,13.31,-0.09945872801082534,0.18101153504880219,-0.003948753948753936,-0.018588967663842326,2.89,0.010000000000000231,2.63,0.020000000000000018,0.26000000000000023,1.91,0.0
2018-08-16,-0.00760221974957398,-0.0052624519990965846,-0.012422168421024393,-0.007240527516434336,14.64,0.09992486851990989,0.11246200607902734,-0.001673861333803206,-0.005877708570927176,2.86,-0.03000000000000025,2.61,-0.020000000000000018,0.25,1.91,0.0
2018-08-17,0.007919471183698512,0.002615343347639465,0.002669056081450405,-0.004590796808984554,13.45,-0.08128415300546454,0.02203647416413368,0.004941757853865303,-0.0009649969295550953,2.87,0.010000000000000231,2.63,0.020000000000000018,0.2400000000000002,1.92,0.010000000000000009
2018-08-18,0.0033231362802699227,0.00594717077027318,0.0004407203947769389,-0.004152099671989595,12.64,-0.06022304832713743,-0.03951367781155013,0.0019318580962417453,0.0009649969295553174,2.87,0.0,2.61,-0.020000000000000018,0.26000000000000023,1.92,0.010000000000000009
2018-08-19,0.0,0.00999316070916012,0.0,-0.0031927384454080165,12.64,0.0,-0.1447902571041948,0.0,0.0012285012285013774,2.87,0.0,2.61,0.0,0.26000000000000023,1.92,0.010000000000000009
2018-08-20,0.0,0.0035810363526247446,0.0,-0.009349860416775768,12.64,0.0,-0.050338091660405704,0.0,0.005197779931283675,2.87,0.0,2.61,0.0,0.26000000000000023,1.92,0.010000000000000009
2018-08-21,0.002427959426412052,0.013724244864939728,-0.000829544807618765,0.002278827301330111,12.49,-0.011867088607595,-0.14685792349726778,0.0024539877300613355,0.009354041651959077,2.82,-0.050000000000000266,2.6,-0.009999999999999787,0.21999999999999975,1.92,0.010000000000000009
2018-08-22,0.0020685672284348477,0.007839644593391037,0.0035013606604967773,0.0031108079557489177,12.86,0.029623698959167166,-0.04386617100371748,0.008393075712537224,0.012820512820512775,2.85,0.03000000000000025,2.61,0.009999999999999787,0.2400000000000002,1.92,0.0
2018-08-23,-0.0003981892866123937,0.004101567296930231,0.003700033661248936,0.006378820040284561,12.25,-0.04743390357698285,-0.03085443037974689,0.005288711635165644,0.016213847502191125,2.82,-0.03000000000000025,2.6,-0.009999999999999787,0.21999999999999975,1.92,0.0
2018-08-24,-0.001691231454109654,0.0024033991431968715,-0.0014492363224954952,0.004920339300091836,12.41,0.013061224489795853,-0.018196202531645556,-0.002414833980163844,0.01375985977212979,2.82,0.0,2.61,0.009999999999999787,0.20999999999999996,1.92,0.0
2018-08-25,0.0061988533346399866,0.00861715079663039,0.009652218013876723,0.014620049501595345,11.99,-0.03384367445608383,-0.051424050632911444,0.0050142647185960065,0.018843120070114017,2.82,0.0,2.63,0.020000000000000018,0.18999999999999995,1.92,0.0
2018-08-26,0.0,0.006174200661521523,0.0,0.015462421080334465,11.99,0.0,-0.04003202562049635,0.0,0.016349012065046464,2.82,0.0,2.63,0.0,0.18999999999999995,1.92,0.0
2018-08-27,0.0,0.0040971581859334805,0.0,0.011919326558725407,11.99,0.0,-0.06765163297045096,0.0,0.007889717357378201,2.82,0.0,2.63,0.0,0.18999999999999995,1.92,0.0
2018-08-28,0.007670392285776817,0.012202025284608897,0.009849841023859884,0.018119494652910628,12.16,0.014178482068390341,-0.007346938775510181,0.004387096774193466,0.006985769728331093,2.85,0.03000000000000025,2.67,0.040000000000000036,0.18000000000000016,1.92,0.0
2018-08-29,0.0002692682118519141,0.01418980881910259,0.0014710687605583583,0.021097029339721463,12.5,0.02796052631578938,0.00725221595487513,0.0037684138403561995,0.013227284516296178,2.88,0.029999999999999805,2.67,0.0,0.20999999999999996,1.92,0.0
2018-08-30,0.005701427427593275,0.013688432491851366,0.011879396321125446,0.02334945360301388,12.25,-0.020000000000000018,0.021684737281067568,-0.0017918088737201021,0.006365591397849313,2.89,0.010000000000000231,2.67,0.0,0.2200000000000002,1.92,0.0
2018-08-31,-0.004430275493816138,0.009197513471017826,-0.002285847068867808,0.021010233254068034,13.53,0.10448979591836727,0.12844036697247696,-0.004530301735190978,0.0018064516129032704,2.86,-0.03000000000000025,2.64,-0.029999999999999805,0.21999999999999975,1.92,0.0
2018-09-01,0.00013443037712890238,0.009333180273351172,0.0015544305851227236,0.02259732278836135,12.86,-0.049519586104951996,0.07256046705587993,-0.004293319594710687,-0.00249462365591413,2.86,0.0,2.62,-0.020000000000000018,0.23999999999999977,1.91,-0.010000000000000009
2018-09-02,0.0,0.0016501308367338208,0.0,0.012623145785295442,12.86,0.0,0.05756578947368407,0.0,-0.006851661527920494,2.86,0.0,2.62,0.0,0.23999999999999977,1.91,-0.010000000000000009
2018-09-03,0.0,0.0013804909025649792,0.0,0.01113569565073802,12.86,0.0,0.028799999999999937,0.0,-0.01058020477815702,2.86,0.0,2.62,0.0,0.23999999999999977,1.91,-0.010000000000000009
2018-09-04,0.0,-0.004296440680292668,0.0,-0.0007349696743418344,12.86,0.0,0.04979591836734687,0.0,-0.008804171296691976,2.86,0.0,2.62,0.0,0.23999999999999977,1.91,-0.010000000000000009
2018-09-05,-0.001654305329620409,-0.0015200973413809216,-0.004210567570921975,-0.0026626820208121016,13.16,0.023328149300155587,-0.02734663710273466,-0.0025870989996549243,-0.006869311351537011,2.9,0.040000000000000036,2.66,0.040000000000000036,0.23999999999999977,1.92,0.0
2018-09-06,-0.002803170482476691,-0.004452838512228108,-0.012996043199445806,-0.01715189005232176,13.91,0.05699088145896658,0.08164852255054433,0.00466885699463937,0.002069679199724117,2.9,0.0,2.66,0.0,0.23999999999999977,1.92,0.010000000000000009
2018-09-07,-0.0036522883057535926,-0.008088863767956034,-0.009316439947575916,-0.026308535446237902,14.65,0.05319913731128678,0.1391912908242614,0.000344234079173944,0.002414625733011544,2.88,-0.020000000000000018,2.64,-0.020000000000000018,0.23999999999999977,1.92,0.010000000000000009
2018-09-08,-0.0022133041469051262,-0.010284264799139797,-0.0030738598475548162,-0.029301526543036527,14.88,0.015699658703071773,0.15707620528771393,-0.004473503097040643,-0.002069679199724006,2.94,0.06000000000000005,2.71,0.06999999999999984,0.22999999999999998,1.92,0.010000000000000009
2018-09-09,0.0,-0.010284264799139797,0.0,-0.029301526543036527,14.88,0.0,0.15707620528771393,0.0,-0.002069679199724006,2.94,0.0,2.71,0.0,0.22999999999999998,1.92,0.010000000000000009
2018-09-10,0.0,-0.00864425971443561,0.0,-0.0251970528657941,14.88,0.0,0.1306990881458967,0.0,0.00051876188829314,2.94,0.0,2.71,0.0,0.22999999999999998,1.92,0.0
2018-09-11,0.001897843770893859,-0.003970781693553915,0.002344467084597346,-0.010046176790380779,14.16,-0.048387096774193616,0.01797268152408349,0.0027652955409609437,-0.0013769363166952209,2.94,0.0,2.73,0.020000000000000018,0.20999999999999996,1.92,0.0
2018-09-12,0.0037398379635260603,0.003418981602126392,0.008081711351722864,0.007339159042394128,13.22,-0.06638418079096042,-0.09761092150170647,-0.0011203033436746335,-0.0028389538885066345,2.98,0.040000000000000036,2.76,0.029999999999999805,0.2200000000000002,1.92,0.0
2018-09-13,0.00035666178420923345,0.006003454423891386,-0.002638564599546811,0.007779001004002639,13.14,-0.00605143721633894,-0.11693548387096775,0.003019584160124378,0.004666436225371662,2.97,-0.009999999999999787,2.74,-0.019999999999999574,0.22999999999999998,1.92,0.0
2018-09-14,0.005282250806529776,0.011317416982393524,0.00983298744935257,0.01768847927259598,12.37,-0.05859969558599709,-0.16868279569892486,0.003956648890417913,0.008641548565502921,2.97,0.0,2.76,0.019999999999999574,0.2100000000000004,1.92,0.0
2018-09-15,0.00027546501938591206,0.011595999554268044,-0.002141055769279032,0.015509551482720596,12.07,-0.02425222312045261,-0.18884408602150538,-0.001370801919122755,0.007258900795022338,2.99,0.020000000000000018,2.78,0.020000000000000018,0.2100000000000004,1.92,0.0
2018-09-16,0.0,0.009679785063587687,0.0,0.013134291484059535,12.07,0.0,-0.1475988700564972,0.0,0.004481213374698312,2.99,0.0,2.78,0.0,0.2100000000000004,1.92,0.0
2018-09-17,0.0,0.0059178154292580665,0.0,0.005012073997019195,12.07,0.0,-0.08698940998487148,0.0,0.00560779915451648,2.99,0.0,2.78,0.0,0.2100000000000004,1.92,0.0
2018-09-18,-0.005569745746958565,-4.153801420592185e-05,-0.014680273010403644,-0.007122004898465151,13.68,0.13338856669428334,0.041095890410958846,0.0026595744680852906,0.0052468604851194645,2.99,0.0,2.78,0.0,0.2100000000000004,1.92,0.0
2018-09-19,0.005369011354195541,4.47630656501552e-05,0.008025846264760217,-0.008898804367806656,12.79,-0.06505847953216382,0.03395311236863385,0.0005133909472061493,0.0017991775188486159,3.05,0.05999999999999961,2.81,0.03000000000000025,0.23999999999999977,1.92,0.0
2018-09-20,0.00125330973621951,0.0010223822539225935,-0.0005444064901792833,-0.007312967994168695,11.75,-0.08131352619233767,-0.026512013256006606,-0.0006841700162489861,0.0024879890185314224,3.08,0.03000000000000025,2.81,0.0,0.27,1.92,0.0
2018-09-21,0.007840574975498171,0.00887097329413633,0.010508229287934379,0.0031184149493075353,11.8,0.004255319148936287,-0.02236951118475561,0.005049208386820769,0.007549759780370646,3.07,-0.010000000000000231,2.81,0.0,0.2599999999999998,1.92,0.0
2018-09-22,-0.00036850635502849727,0.00849919792907361,-0.005015173674830176,-0.0019123981180836358,11.68,-0.01016949152542379,-0.03231151615575811,-0.00042574931880123845,0.007120796156485865,3.07,0.0,2.81,0.0,0.2599999999999998,1.92,0.0
2018-09-23,0.0,0.01414774300747701,0.0,0.012958103387749054,11.68,0.0,-0.14619883040935677,0.0,0.004449388209121219,3.07,0.0,2.81,0.0,0.2599999999999998,1.92,0.0
2018-09-24,0.0,0.008731850250145445,0.0,0.004892986763449958,11.68,0.0,-0.08678655199374508,0.0,0.003933977593431948,3.07,0.0,2.81,0.0,0.2599999999999998,1.92,0.0
2018-09-25,-0.0035157543341060027,0.00392716518509606,0.002347607976024735,0.007800734815067933,12.2,0.044520547945205546,0.038297872340425476,0.0028963284777239195,0.007531022678647803,3.08,0.010000000000000231,2.83,0.020000000000000018,0.25,1.93,0.010000000000000009
2018-09-26,-0.0013050760951849316,-0.005182973641559396,0.00191289948666995,-0.0007715651807431723,12.42,0.0180327868852459,0.05254237288135588,-0.00025482035165202976,0.002213896457765596,3.1,0.020000000000000018,2.83,0.0,0.27,1.93,0.010000000000000009
2018-09-27,-0.00328924803468289,-0.008089648322166076,-1.3221934130891455e-05,0.004251719875130622,12.89,0.037842190016103006,0.10359589041095907,-0.0010195412064571974,0.001618536502257406,3.06,-0.040000000000000036,2.83,0.0,0.22999999999999998,1.93,0.010000000000000009
2018-09-28,0.0027632769780832067,-0.0053487252830524135,0.008790058031836079,0.013079150771404313,12.41,-0.03723816912335143,0.0625,-0.007484266031637987,-0.00587784308714534,3.06,0.0,2.83,0.0,0.22999999999999998,2.18,0.26000000000000023
2018-09-29,-6.863417982172493e-06,-0.005355551990497198,-0.00025165245223524035,0.01282420691880426,12.12,-0.023368251410153196,0.03767123287671237,-0.004113110539845866,-0.009966777408637939,3.05,-0.010000000000000231,2.81,-0.020000000000000018,0.23999999999999977,2.18,0.26000000000000023
2018-09-30,0.0,-0.0018462887540804385,0.0,0.010452061599602436,12.12,0.0,-0.006557377049180357,0.0,-0.012825957699821755,3.05,0.0,2.81,0.0,0.23999999999999977,2.18,0.2500000000000002
2018-10-01,0.0,-0.0005419199056099222,0.0,0.00852285874082237,12.12,0.0,-0.024154589371980784,0.0,-0.012574341546304324,3.05,0.0,2.81,0.0,0.23999999999999977,2.18,0.2500000000000002
2018-10-02,0.0036410682297065566,0.00640749904506932,0.0023336152025854595,0.01088972893354434,12.0,-0.009900990099009799,-0.0690457719162142,-0.0047324040612629625,-0.01624425922775974,3.09,0.040000000000000036,2.82,0.009999999999999787,0.27,2.18,0.2500000000000002
2018-10-03,-0.00039663679353352244,0.0032361015785860037,-0.002245780169904954,-0.00016907899134555038,12.05,0.004166666666666652,-0.029008863819500408,-0.0006051698798307248,-0.009425878320479919,3.05,-0.040000000000000036,2.82,0.0,0.22999999999999998,2.18,0.0
2018-10-04,0.0007114930065028613,0.003956787623799807,0.0011994840252325112,0.0012821773416453741,11.61,-0.036514522821576856,-0.04207920792079212,-0.003027681660899506,-0.008346239889863938,3.15,0.10000000000000009,2.85,0.03000000000000025,0.2999999999999998,2.18,0.0
2018-10-05,-0.008169515742554312,-0.004245053157537093,-0.019303613912009743,-0.018046187226734234,14.22,0.22480620155038777,0.17326732673267342,-0.0014750542299349911,-0.009808982963345203,3.19,0.040000000000000036,2.87,0.020000000000000018,0.31999999999999984,2.18,0.0
2018-10-06,-0.005527965508803745,-0.009749552158902941,-0.012148197596795751,-0.029975156175230833,14.82,0.04219409282700415,0.22277227722772297,-0.0005213764337853588,-0.01032524522457412,3.23,0.040000000000000036,2.88,0.009999999999999787,0.3500000000000001,2.18,0.0
2018-10-07,0.0,-0.013342041106616631,0.0,-0.03223355067393019,14.82,0.0,0.2350000000000001,0.0,-0.005619434598426731,3.23,0.0,2.88,0.0,0.3500000000000001,2.18,0.0
2018-10-08,0.0,-0.01295054097412962,0.0,-0.030055268028965854,14.82,0.0,0.22987551867219902,0.0,-0.005017301038062305,3.23,0.0,2.88,0.0,0.3500000000000001,2.18,0.0
2018-10-09,-0.00039506925841348295,-0.014041996096407217,-0.006242727067540144,-0.03726515333037428,15.69,0.05870445344129549,0.351421188630491,0.0,-0.001995661605206256,3.23,0.0,2.88,0.0,0.3500000000000001,2.18,0.0
2018-10-10,-0.0014179577940874877,-0.007330413115477219,0.0025568421367583305,-0.015805073431241712,15.95,0.016571064372211675,0.12165963431786198,-0.0017388280299076575,-0.0022592978797357777,3.21,-0.020000000000000018,2.88,0.0,0.33000000000000007,2.18,0.0
2018-10-11,-0.032864175757028824,-0.03461707738852304,-0.044375591796647074,-0.04791316676149915,22.96,0.43949843260188093,0.5492577597840755,0.005138477617139703,0.003390714658320304,3.22,0.010000000000000231,2.88,0.0,0.3400000000000003,2.18,0.0
2018-10-12,-0.020573073719881707,-0.05447797142332378,-0.011423096032365687,-0.05878894608873353,24.98,0.08797909407665494,0.6855600539811066,0.0020795425006501222,0.005477308294209893,3.14,-0.08000000000000007,2.85,-0.029999999999999805,0.29000000000000004,2.18,0.0
2018-10-13,0.014206284338267983,-0.04104561663726758,0.02773968521100567,-0.0326800477361161,21.31,-0.14691753402722185,0.43792172739541146,-0.0005188067444877875,0.0049556598852373845,3.15,0.009999999999999787,2.85,0.0,0.2999999999999998,2.18,0.0
2018-10-14,0.0,-0.04066661350769463,0.0,-0.026603398424005942,21.31,0.0,0.35818992989165066,0.0,0.0049556598852373845,3.15,0.0,2.85,0.0,0.2999999999999998,2.18,0.0
2018-10-15,0.0,-0.03930438767645483,0.0,-0.02908587257617723,21.31,0.0,0.336050156739812,0.0,0.006706148754572316,3.15,0.0,2.85,0.0,0.2999999999999998,2.18,0.0
2018-10-16,-0.005905035180855278,-0.01252476953562498,-0.012370742230561893,0.00343104549648654,21.3,-0.000469263256686947,-0.07229965156794427,0.003027943593736593,0.004592323022268419,3.16,0.010000000000000231,2.85,0.0,0.31000000000000005,2.18,0.0
2018-10-17,0.021495643069809,0.029889641067743833,0.02939166773947588,0.04485908303094632,17.62,-0.17276995305164322,-0.2946357085668535,-8.62515094014471e-05,0.0024210981409424903,3.16,0.0,2.87,0.020000000000000018,0.29000000000000004,2.18,0.0
2018-10-18,-0.0002526762327753618,0.01520709182438118,0.00030234606805801256,0.0169647111094966,17.4,-0.012485811577752637,-0.1834819333646176,-0.004571724316397852,-0.0016437408080284266,3.19,0.029999999999999805,2.89,0.020000000000000018,0.2999999999999998,2.19,0.009999999999999787
2018-10-19,-0.014391946490294405,0.000596285682277431,-0.022331125500265836,-0.00574525548363114,20.06,0.15287356321839085,-0.05865790708587515,-0.0039861351819756585,-0.005623323816939085,3.17,-0.020000000000000018,2.87,-0.020000000000000018,0.2999999999999998,2.19,0.009999999999999787
2018-10-20,-0.00036116990154511086,0.00023490042029106206,-0.0012450657594269554,-0.006983168022176356,19.89,-0.008474576271186307,-0.06663538244955414,0.0016530363668001424,-0.00397958300891077,3.2,0.03000000000000025,2.92,0.04999999999999982,0.28000000000000025,2.19,0.009999999999999787
2018-10-21,0.0,0.006176407504753234,0.0,0.005455057316298362,19.89,0.0,-0.06619718309859157,0.0,-0.006986372261514551,3.2,0.0,2.92,0.0,0.28000000000000025,2.19,0.009999999999999787
2018-10-22,0.0,-0.014996868238241645,0.0,-0.023253161234286668,19.89,0.0,0.12883087400681048,0.0,-0.006900715949279768,3.2,0.0,2.92,0.0,0.28000000000000025,2.19,0.009999999999999787
2018-10-23,-0.0042994746692295305,-0.018983984821355437,0.004781046905756536,-0.018879926579589812,19.64,-0.012569130216188995,0.12873563218390816,-0.003995483366629027,-0.006325823223570115,3.2,0.0,2.92,0.0,0.28000000000000025,2.19,0.0
2018-10-24,-0.00551185102399232,-0.010145262534401511,-0.0031563278492020563,0.0003625586522935098,20.71,0.0544806517311609,0.03240279162512483,0.0011336879741867811,-0.0012180267965895553,3.17,-0.03000000000000025,2.89,-0.029999999999999805,0.2799999999999998,2.2,0.010000000000000231
2018-10-25,-0.030864490329077787,-0.04035002782013031,-0.046289545659512266,-0.04475442612663438,25.23,0.21825205214872034,0.2684766214177978,-0.007926829268292579,-0.010770433423086923,3.1,-0.06999999999999984,2.84,-0.050000000000000266,0.26000000000000023,2.2,0.010000000000000231
2018-10-26,0.018625051767629408,-0.022476497409476215,0.033471053077336776,-0.012781350821628013,24.22,-0.040031708283789214,0.21769733534439406,-0.0013170603213628063,-0.012073308433944274,3.14,0.040000000000000036,2.86,0.020000000000000018,0.28000000000000025,2.2,0.010000000000000231
2018-10-27,-0.01732721755489608,-0.03941425980388624,-0.023372418009831364,-0.035855037757326014,24.16,-0.002477291494632494,0.2146807440925087,0.0012308774397749023,-0.010857291757144005,3.08,-0.06000000000000005,2.81,-0.04999999999999982,0.27,2.2,0.010000000000000231
2018-10-28,0.0,-0.035266412180501305,0.0,-0.040442726092636994,24.16,0.0,0.23014256619144602,0.0,-0.0068893346123659605,3.08,0.0,2.81,0.0,0.27,2.2,0.010000000000000231
2018-10-29,0.0,-0.029919472833483507,0.0,-0.03740445897899469,24.16,0.0,0.16658619024625776,0.0,-0.008013937282229877,3.08,0.0,2.81,0.0,0.27,2.2,0.0
2018-10-30,-0.006559621467715271,-0.005590903956929294,-0.020211896561788567,-0.011083861749998203,24.7,0.022350993377483475,-0.02100673801030528,0.000175623463294583,8.78040214242759e-05,3.08,0.0,2.81,0.0,0.27,2.2,0.0
2018-10-31,0.015666824420255576,-0.008478804835949538,0.01433146159460219,-0.029398308816927288,23.35,-0.054655870445344035,-0.03592072667217161,-0.0022827041264266157,-0.0008791981712676922,3.12,0.040000000000000036,2.84,0.029999999999999805,0.28000000000000025,2.2,0.0
2018-11-01,0.010851291456518197,0.01995343571458119,0.023050988822517215,0.01673866090712761,21.23,-0.09079229122055676,-0.12127483443708609,-0.002815909890883539,-0.004917456972251544,3.15,0.029999999999999805,2.87,0.03000000000000025,0.2799999999999998,2.2,0.0
2018-11-02,0.0105577968389301,0.03072189687402438,0.014650284910507905,0.031634171968945246,19.34,-0.0890249646726331,-0.19950331125827814,0.005647723261560156,0.0007024938531787761,3.14,-0.009999999999999787,2.84,-0.03000000000000025,0.30000000000000027,2.2,0.0
2018-11-03,-0.006316665267828814,0.02421117166724951,-0.014694794438385284,0.016474519876247706,19.51,0.00879007238883145,-0.1924668874172185,-0.0015795015795015965,-0.0008781173164735812,3.22,0.08000000000000007,2.91,0.07000000000000028,0.31000000000000005,2.19,-0.010000000000000231
2018-11-04,0.0,0.030973970657832472,0.0,0.0374432148229793,19.51,0.0,-0.21012145748987843,0.0,-0.0010535557506585747,3.22,0.0,2.91,0.0,0.31000000000000005,2.19,-0.010000000000000231
2018-11-05,0.0,0.015071031040434058,0.0,0.022785207896483417,19.51,0.0,-0.1644539614561028,0.0,0.0012319605772614928,3.22,0.0,2.91,0.0,0.31000000000000005,2.19,-0.010000000000000231
2018-11-06,0.005600317290107348,0.009798136989534356,-0.004048646933580646,-0.004307387578763033,19.96,0.023065094823167653,-0.059821008007536536,0.0014062225347162283,0.005471231909636387,3.2,-0.020000000000000018,2.91,0.0,0.29000000000000004,2.2,0.0
2018-11-07,0.006259335137365651,0.005502906541817287,0.007461341859482884,-0.011362012796410248,19.91,-0.0025050100200401104,0.029472595656670153,0.0015797788309637184,0.0014040014040015425,3.22,0.020000000000000018,2.93,0.020000000000000018,0.29000000000000004,2.2,0.0
2018-11-08,0.02120887695294771,0.033355857013800616,0.030660265995120728,0.03414646052066761,16.36,-0.1783023606228027,-0.16145566376217335,0.004118471784086752,0.007119001582000406,3.22,0.0,2.96,0.029999999999999805,0.26000000000000023,2.2,0.010000000000000231
2018-11-09,-0.0025089822274502183,0.030763185533921433,-0.006183423039706315,0.02775189547025314,16.72,0.022004889975550057,-0.14300358790363932,-0.003752508944934063,0.003339778519950709,3.24,0.020000000000000018,2.98,0.020000000000000018,0.26000000000000023,2.2,0.010000000000000231
2018-11-10,-0.009198989607493102,0.021281205702408323,-0.016684849949501257,0.010604009309016504,17.36,0.038277511961722466,-0.11019989748846759,-0.007971268395234654,-0.0046581121462470065,3.19,-0.050000000000000266,2.94,-0.040000000000000036,0.25,2.19,0.0
2018-11-11,0.0,0.01559355953124375,0.0,0.014712220830348066,17.36,0.0,-0.1302605210420842,0.0,-0.006055818852027328,3.19,0.0,2.94,0.0,0.25,2.19,-0.010000000000000231
2018-11-12,0.0,0.009276161788455806,0.0,0.0071971783626776364,17.36,0.0,-0.12807634354595687,0.0,-0.00762355415352256,3.19,0.0,2.94,0.0,0.25,2.19,-0.010000000000000231
2018-11-13,-0.019701475363267495,-0.03115615749016487,-0.029840250598438645,-0.05192603770860715,20.45,0.17799539170506917,0.25,0.0,-0.011693865084213106,3.19,0.0,2.94,0.0,0.25,2.19,-0.010000000000000231
2018-11-14,-0.001481905348797996,-0.030158577469957204,0.00026504224568379975,-0.04577437735643475,20.02,-0.02102689486552567,0.19736842105263164,-0.0032671081677704272,-0.011212333566923527,3.14,-0.04999999999999982,2.89,-0.04999999999999982,0.25,2.2,0.0
2018-11-15,-0.007567464311691308,-0.028561565762079355,-0.008935851885034318,-0.03825461881050973,21.25,0.06143856143856152,0.22407834101382496,0.002126151665485354,-0.0011479028697571891,3.12,-0.020000000000000018,2.86,-0.03000000000000025,0.26000000000000023,2.2,0.010000000000000231
2018-11-16,0.010593800664796094,-0.018270340631641124,0.01781127259459936,-0.021124709659546936,19.98,-0.05976470588235294,0.15092165898617527,0.0010608203677511252,-8.830022075057009e-05,3.11,-0.010000000000000231,2.86,0.0,0.25,2.2,0.010000000000000231
2018-11-17,0.0022232803457622463,-0.016087680375115654,-0.003400358467153697,-0.02445323654134368,18.14,-0.09209209209209213,0.04493087557603692,0.006888025432709277,0.006799116997792565,3.08,-0.029999999999999805,2.81,-0.04999999999999982,0.27,2.2,0.010000000000000231
2018-11-18,0.0,0.0036864229592623587,0.0,0.005552708263167894,18.14,0.0,-0.11295843520782389,0.0,0.006799116997792565,3.08,0.0,2.81,0.0,0.27,2.2,0.010000000000000231
2018-11-19,0.0,0.005175998648142333,0.0,0.005286264933954676,18.14,0.0,-0.09390609390609383,0.0,0.010099220411056153,3.08,0.0,2.81,0.0,0.27,2.2,0.0
2018-11-20,-0.016643094431470606,-0.004016168316318569,-0.03263424309234575,-0.018752206467775534,20.1,0.10804851157662632,-0.05411764705882349,0.004034379933344878,0.01202263083451216,3.06,-0.020000000000000018,2.79,-0.020000000000000018,0.27,2.2,0.0
2018-11-21,-0.018151208036480848,-0.03234561570580907,-0.017456178909274866,-0.052752722971649124,22.48,0.1184079601990049,0.12512512512512508,-0.004979035639413043,0.005916637230660493,3.06,0.0,2.79,0.0,0.27,2.2,0.0
2018-11-22,0.00304327583661701,-0.03155390367178679,0.007461360265728523,-0.04242888472729078,20.8,-0.07473309608540923,0.14663726571113567,0.00017557721007821492,-0.0007893352043502055,3.06,0.0,2.81,0.020000000000000018,0.25,2.2,0.0
2018-11-23,0.0,-0.03155390367178679,0.0,-0.04242888472729078,20.8,0.0,0.14663726571113567,0.0,-0.0007893352043502055,3.06,0.0,2.81,0.0,0.25,2.2,0.0
2018-11-24,-0.006554890129173208,-0.03790196142924496,-0.00734679104454905,-0.04946395962149519,21.52,0.03461538461538449,0.1863285556780594,-0.005354164838058506,-0.006139273811612056,3.05,-0.010000000000000231,2.81,0.0,0.23999999999999977,2.2,0.0
2018-11-25,0.0,-0.021618668539764352,0.0,-0.017397469787382658,21.52,0.0,0.07064676616915411,0.0,-0.010132774283717727,3.05,0.0,2.81,0.0,0.23999999999999977,2.2,0.0
2018-11-26,0.0,-0.0035315626312980575,0.0,5.975216639919623e-05,21.52,0.0,-0.04270462633451966,0.0,-0.005179527697304898,3.05,0.0,2.81,0.0,0.23999999999999977,2.2,0.0
2018-11-27,0.015532409517731827,0.008875706150728524,0.023131898856350475,0.01561516258444029,18.9,-0.12174721189591087,-0.09134615384615397,0.0003529827038475375,-0.005003072061792402,3.07,0.020000000000000018,2.84,0.029999999999999805,0.22999999999999998,2.2,0.0
2018-11-28,0.003261703042884756,0.01216635911137276,0.003399048266485405,0.019067287542239075,19.02,0.006349206349206327,-0.0855769230769231,-0.004851799576570115,-0.009830597735451474,3.06,-0.009999999999999787,2.83,-0.009999999999999787,0.22999999999999998,2.2,0.0
2018-11-29,0.02297393528374414,0.04225164858540742,0.03168015710994121,0.05913272614460685,18.49,-0.02786540483701372,-0.14079925650557623,0.0004432231185178548,-0.004059301094246348,3.06,0.0,2.81,-0.020000000000000018,0.25,2.2,0.0
2018-11-30,-0.0021976900564546487,0.03996110250098783,-0.0030274845841294917,0.05592621814365706,18.79,0.016224986479177916,-0.12685873605947962,0.008506113769271684,0.004412283798093997,3.03,-0.03000000000000025,2.81,0.0,0.21999999999999975,2.2,0.0
2018-12-01,0.00818552393197347,0.04847372899383107,0.008213394463467028,0.06459895669758775,18.07,-0.0383182543906333,-0.16031598513011147,-0.005183623264804038,-0.0007942110836568483,3.01,-0.020000000000000018,2.8,-0.010000000000000231,0.20999999999999996,2.2,0.0
2018-12-02,0.0,0.0324374871420825,0.0,0.04052953278808813,18.07,0.0,-0.043915343915343796,0.0,-0.0011467889908255424,3.01,0.0,2.8,0.0,0.20999999999999996,2.2,0.0
2018-12-03,0.0,0.0290809307389166,0.0,0.03700470374747811,18.07,0.0,-0.049947423764458376,0.0,0.003723074195550069,3.01,0.0,2.8,0.0,0.20999999999999996,2.2,0.0
2018-12-04,0.010941355061463431,0.01697651788219945,0.016278577811803308,0.021523636221618236,16.44,-0.09020475926950744,-0.1108707409410491,0.002914421972975312,0.006202374623427209,2.98,-0.029999999999999805,2.83,0.03000000000000025,0.1499999999999999,2.19,-0.010000000000000231
2018-12-05,-0.03236488351007216,-0.013770381625854866,-0.03779596240794214,-0.014101038825372836,20.74,0.2615571776155716,0.1037786056412986,-0.0009686509334271287,-0.0032507467931822687,2.91,-0.06999999999999984,2.8,-0.03000000000000025,0.11000000000000032,2.2,0.0
2018-12-06,0.0,-0.021777644130615226,0.0,-0.022132649111168412,20.74,0.0,0.14775871610403968,0.0,0.0019429479819834672,2.91,0.0,2.8,0.0,0.11000000000000032,2.2,0.0
2018-12-07,-0.0015221883958135285,-0.023266682849244935,0.006422170911568603,-0.015852617854917428,21.19,0.021697203471552795,0.17266187050359716,0.0025561921551342515,0.004504106685507381,2.87,-0.040000000000000036,2.75,-0.04999999999999982,0.1200000000000001,2.2,0.0
2018-12-08,-0.02332016543333515,-0.04604426538945072,-0.032985077900524185,-0.048314795920569975,23.23,0.09627182633317588,0.28555617044825676,0.0014067170740286183,0.00591715976331364,2.85,-0.020000000000000018,2.72,-0.029999999999999805,0.1299999999999999,2.19,-0.010000000000000231
2018-12-09,0.0,-0.056368868644660064,0.0,-0.06355872803247742,23.23,0.0,0.41301703163017023,0.0,0.0029940119760478723,2.85,0.0,2.72,0.0,0.1299999999999999,2.19,0.0
2018-12-10,0.0,-0.024806856143937517,0.0,-0.026774742796764173,23.23,0.0,0.1200578592092576,0.0,0.003966505068311976,2.85,0.0,2.72,0.0,0.1299999999999999,2.19,-0.010000000000000231
2018-12-11,0.001762194844060927,-0.02308837581387091,0.010504636889163699,-0.016551364858481188,22.64,-0.02539819199311233,0.0916104146576664,-0.0019315188762071278,0.0020273248126927434,2.85,0.0,2.72,0.0,0.1299999999999999,2.2,0.0
2018-12-12,-0.00035636837875119287,-0.02194773641944381,0.0032172432265806794,-0.019683133860225133,21.76,-0.03886925795052998,0.026899480887210947,-0.00475017593244198,-0.005275189027606819,2.89,0.040000000000000036,2.78,0.05999999999999961,0.11000000000000032,2.19,-0.010000000000000231
2018-12-13,0.005419488922094429,0.0068323028544519104,0.008907795663639861,0.022786004503067225,21.46,-0.01378676470588236,-0.0761945759793371,0.004242531377055103,-0.002458296751536415,2.91,0.020000000000000018,2.77,-0.009999999999999787,0.14000000000000012,2.19,0.0
2018-12-14,-0.00019991927787654795,0.0066310176675223875,0.0005928479766290629,0.02339236111636156,20.65,-0.037744641192917205,-0.11106328024106771,-0.00035205069530030997,-0.002809482001756014,2.91,0.0,2.75,-0.020000000000000018,0.16000000000000014,2.19,0.0
2018-12-15,-0.019086676677205427,-0.012582223099943834,-0.0255630565738324,-0.002768675708083923,21.63,0.047457627118643986,-0.06887645286267763,-0.0051065328402888355,-0.007901668129938644,2.89,-0.020000000000000018,2.73,-0.020000000000000018,0.16000000000000014,2.19,0.0
2018-12-16,0.0,-0.01431918475046634,0.0,-0.013135330717639726,21.63,0.0,-0.044611307420494795,0.0,-0.0059817030260381765,2.89,0.0,2.73,0.0,0.16000000000000014,2.19,-0.010000000000000231
2018-12-17,0.0,-0.013967794051836124,0.0,-0.016300132453492044,21.63,0.0,-0.0059742647058824705,0.0,-0.0012374049849743773,2.89,0.0,2.73,0.0,0.16000000000000014,2.19,0.0
2018-12-18,-0.020773476413007863,-0.03965568619463089,-0.022224547230005887,-0.046654622440108984,24.52,0.13361072584373557,0.14259086672879762,0.003451327433628304,-0.002024291497975894,2.86,-0.03000000000000025,2.7,-0.029999999999999805,0.1599999999999997,2.2,0.010000000000000231
2018-12-19,8.641209140813899e-05,-0.03938065450813799,0.006688491235796956,-0.0408468122642387,25.58,0.04323001631321355,0.23874092009685222,0.0022047799629598686,0.0005282620179609676,2.82,-0.040000000000000036,2.65,-0.050000000000000266,0.16999999999999993,2.2,0.010000000000000231
2018-12-20,-0.015395733182517968,-0.03576607242446961,-0.022883700581681987,-0.03820948117956735,25.58,0.0,0.18261673601479433,0.005103836677226248,0.01079646017699143,2.77,-0.04999999999999982,2.63,-0.020000000000000018,0.14000000000000012,2.2,0.010000000000000231
2018-12-21,-0.015772090500047797,-0.05097405719340742,-0.015730801186195187,-0.053339216613899176,28.38,0.10946051602814699,0.3120665742024966,0.0008755034144631857,0.011681415929203576,2.79,0.020000000000000018,2.67,0.040000000000000036,0.1200000000000001,2.4,0.20999999999999996
2018-12-22,-0.020588306814405377,-0.07051289447873998,-0.03149511707956976,-0.08315440882128167,30.11,0.06095842142353769,0.3920480813684697,-0.002624212736179077,0.00902654867256647,2.79,0.0,2.63,-0.040000000000000036,0.16000000000000014,2.4,0.20999999999999996
2018-12-23,0.0,-0.050794598458722584,0.0,-0.06231477934802332,30.11,0.0,0.2279771615008157,0.0,0.005556045506658558,2.79,0.0,2.63,0.0,0.16000000000000014,2.4,0.19999999999999973
2018-12-24,0.0,-0.050876614195494385,0.0,-0.06854480922803907,30.11,0.0,0.17709147771696654,0.0,0.003343892995424147,2.79,0.0,2.63,0.0,0.16000000000000014,2.4,0.19999999999999973
2018-12-25,-0.02711224768478282,-0.06217091616938453,-0.024346074462173517,-0.0699388456827007,36.07,0.19794088342743277,0.4100860046911652,0.0,-0.0017510068289265934,2.74,-0.04999999999999982,2.55,-0.08000000000000007,0.1900000000000004,2.4,0.19999999999999973
2018-12-26,0.0,-0.04714235922542587,0.0,-0.05507440907612926,36.07,0.0,0.27096546863988724,0.0,-0.002624212736179077,2.74,0.0,2.55,0.0,0.1900000000000004,2.4,0.0
2018-12-27,0.049593807154098,0.021136959886121964,0.06160339698441364,0.03575752163213464,30.41,-0.1569171056279457,0.00996346728661579,0.0005262234695666557,0.0005262234695666557,2.81,0.06999999999999984,2.61,0.06000000000000005,0.20000000000000018,2.4,0.0
2018-12-28,0.008562629168861635,0.029880577004245623,0.004076470954545552,0.03997975708502022,29.96,-0.014797763893456106,-0.004981733643307784,0.0003506311360448322,0.0008770391159445001,2.77,-0.040000000000000036,2.56,-0.04999999999999982,0.20999999999999996,2.4,0.0
2018-12-29,-0.0012415472330372657,0.028601931623507104,-0.0004818472401125762,0.039478645709295934,28.34,-0.05407209612817088,-0.05878445699103285,0.0028916929547844195,0.0037712681985615504,2.72,-0.04999999999999982,2.52,-0.040000000000000036,0.20000000000000018,2.4,0.0
2018-12-30,0.0,0.05726681127982647,0.0,0.06541737649063029,28.34,0.0,-0.2143055170501802,0.0,0.0037712681985615504,2.72,0.0,2.52,0.0,0.20000000000000018,2.4,0.0
2018-12-31,0.0,0.05726681127982647,0.0,0.06541737649063029,28.34,0.0,-0.2143055170501802,0.0,0.0037712681985615504,2.72,0.0,2.52,0.0,0.20000000000000018,2.4,0.0
2019-01-01,0.008492440882795549,0.015864975483243615,0.00711027529445829,0.01072847957054135,25.42,-0.10303458009880018,-0.16409075961854647,0.0009611183923110556,0.0042075736325384305,2.69,-0.03000000000000025,2.48,-0.040000000000000036,0.20999999999999996,2.4,0.0
2019-01-02,0.0,0.007240349883278485,0.0,0.0066250019878186794,25.42,0.0,-0.15153538050734305,0.0,0.0038555906063793,2.69,0.0,2.48,0.0,0.20999999999999996,2.4,0.0
2019-01-03,0.0012685242435728217,0.009771737993515162,0.0048831272235527745,0.012028122896868387,23.22,-0.0865460267505902,-0.1806633733239238,-0.008641759776536362,-0.0076889471384885555,2.66,-0.029999999999999805,2.5,0.020000000000000018,0.16000000000000014,2.4,0.0
2019-01-04,-0.02475667621502542,-0.01522685397507384,-0.033602321694988224,-0.02197837165308736,25.45,0.09603789836347976,-0.1019760056457304,0.0036981597252796483,-0.0040192223678463534,2.56,-0.10000000000000009,2.39,-0.10999999999999988,0.16999999999999993,2.4,0.0
2019-01-05,0.0343356931888279,0.018586014627435032,0.04482416997851035,0.021860636058594007,21.38,-0.15992141453831044,-0.2455892731122089,0.0009649969295553174,-0.003058103975535187,2.67,0.10999999999999988,2.5,0.10999999999999988,0.16999999999999993,2.4,0.0
2019-01-06,0.0,0.010008576500389,0.0,0.01464622209303057,21.38,0.0,-0.15892997639653828,0.0,-0.0040153631284916,2.67,0.0,2.5,0.0,0.16999999999999993,2.4,0.0
2019-01-07,0.0,0.010008576500389,0.0,0.01464622209303057,21.38,0.0,-0.15892997639653828,0.0,-0.0040153631284916,2.67,0.0,2.5,0.0,0.16999999999999993,2.4,0.0
2019-01-08,0.00701043468644591,0.015800607960861024,0.010210706762140864,0.020025562540973096,21.4,0.00093545369504211,-0.07838070628768301,0.005083260297984227,0.009773707845381896,2.7,0.03000000000000025,2.53,0.029999999999999805,0.17000000000000037,2.4,0.0
2019-01-09,0.009695296290921585,0.051685328997626456,0.009802334990174577,0.06583885488024488,20.47,-0.04345794392523361,-0.19567779960707277,-0.002092779909312781,0.003947714711816985,2.73,0.029999999999999805,2.58,0.050000000000000266,0.1499999999999999,2.4,0.0
2019-01-10,0.0040980263439003295,0.02094046462396415,0.007454383113166374,0.027717444614155706,19.98,-0.023937469467513406,-0.06548175865294659,0.006990562740300632,0.009991235758106898,2.74,0.010000000000000231,2.56,-0.020000000000000018,0.18000000000000016,2.4,0.0
2019-01-11,0.004518445159692908,0.025553528124679037,0.003067861087249879,0.030870338971175526,19.5,-0.024024024024024038,-0.08793264733395689,-0.0006074279763972346,0.009377738825591564,2.74,0.0,2.56,0.0,0.18000000000000016,2.4,0.0
2019-01-12,-0.00014634296629478794,0.025403445579279094,-0.002951242572806878,0.027827990539759817,18.19,-0.06717948717948707,-0.1492048643592141,-0.0032994703481810106,0.00604732690622245,2.71,-0.03000000000000025,2.55,-0.010000000000000231,0.16000000000000014,2.4,0.0
2019-01-13,0.0,0.018264965544831036,0.0,0.017439217046198774,18.19,0.0,-0.1499999999999999,0.0,0.0009591907917683162,2.71,0.0,2.55,0.0,0.16000000000000014,2.4,0.0
2019-01-14,0.0,0.008487381574807662,0.0,0.007562749452444617,18.19,0.0,-0.11138251099169505,0.0,0.0030583711988814155,2.71,0.0,2.55,0.0,0.16000000000000014,2.4,0.0
2019-01-15,-0.005257562801876614,-0.0009091049764793357,-0.009143515011967085,-0.009036934017504161,19.07,0.048378229796591565,-0.045545545545545574,0.0,-0.003904894133981429,2.71,0.0,2.53,-0.020000000000000018,0.18000000000000016,2.4,0.0
2019-01-16,0.010721711756711327,0.005260644525232783,0.01966048212516669,0.00735545103867441,18.6,-0.024646040901940114,-0.0461538461538461,-0.007579057409181966,-0.010853520882174172,2.72,0.010000000000000231,2.53,0.0,0.1900000000000004,2.4,0.0
2019-01-17,0.002221966823736654,0.0076417616109325515,-0.00016192778021006937,0.010173599539491818,19.04,0.023655913978494425,0.04672897196261672,0.0014044943820226141,-0.0061852077707116315,2.73,0.009999999999999787,2.55,0.020000000000000018,0.18000000000000016,2.4,0.0
2019-01-18,0.007591452926111408,0.015291226610586017,0.007481375289417613,0.017731087345108643,18.06,-0.05147058823529416,-0.0071467839472239,-0.0019284712482467992,-0.008101751023608217,2.75,0.020000000000000018,2.56,0.010000000000000231,0.18999999999999995,2.4,0.0
2019-01-19,0.013183052853609212,0.028675864512799132,0.009847509470190197,0.027753203865846565,17.8,-0.01439645625692132,-0.021440351841671257,-0.002107851747760403,-0.010192525481313552,2.79,0.040000000000000036,2.62,0.06000000000000005,0.16999999999999993,2.4,0.0
2019-01-20,0.0,0.03411277738411922,0.0,0.03723719775448542,17.8,0.0,-0.06659674882013633,0.0,-0.010192525481313552,2.79,0.0,2.62,0.0,0.16999999999999993,2.4,0.0
2019-01-21,0.0,0.02314293376240273,0.0,0.01723781193587648,17.8,0.0,-0.043010752688172116,0.0,-0.002633426966291985,2.79,0.0,2.62,0.0,0.16999999999999993,2.4,0.0
2019-01-22,0.0,0.020874584304881427,0.0,0.017402557673620533,17.8,0.0,-0.06512605042016795,0.0,-0.0040322580645161255,2.79,0.0,2.62,0.0,0.16999999999999993,2.4,0.0
2019-01-23,-0.014157284018107563,-0.0011608673879724973,-0.020310673715954075,-0.01066317379752757,20.8,0.1685393258426966,0.15171650055371,-0.0002640380214752325,-0.00237133321623062,2.74,-0.04999999999999982,2.58,-0.040000000000000036,0.16000000000000014,2.4,0.0
2019-01-24,0.0022028941471379238,-0.011985576869072312,0.001797854910851937,-0.018549334449585064,19.52,-0.06153846153846154,0.0966292134831459,0.0027291134782991833,0.0024643548671008375,2.76,0.019999999999999574,2.58,0.0,0.17999999999999972,2.4,0.0
2019-01-25,0.001375677416909804,-0.010626387739589904,0.006576299491196647,-0.01209502093709136,18.89,-0.032274590163934413,0.06123595505617985,-0.005970149253731294,-0.0035205069530012123,2.72,-0.03999999999999959,2.56,-0.020000000000000018,0.16000000000000014,2.4,0.0
2019-01-26,0.0084887201825663,-0.0022278719890964638,0.012654885081051281,0.00040680304394813405,17.42,-0.07781895182636311,-0.02134831460674147,0.007507507507507505,0.003960570322126378,2.76,0.03999999999999959,2.6,0.040000000000000036,0.1599999999999997,2.4,0.0
2019-01-27,0.0,-0.0022278719890964638,0.0,0.00040680304394813405,17.42,0.0,-0.02134831460674147,0.0,0.003960570322126378,2.76,0.0,2.6,0.0,0.1599999999999997,2.4,0.0
2019-01-28,0.0,0.012100725435831183,0.0,0.021146986298690607,17.42,0.0,-0.16249999999999998,0.0,0.004225724095431094,2.76,0.0,2.6,0.0,0.1599999999999997,2.4,0.0
2019-01-29,-0.0078468605052614,0.0019517186493349659,-0.013301175565793466,0.005756327003826556,18.87,0.08323765786452353,-0.03329918032786883,0.0027176295257296257,0.0042142230026338545,2.75,-0.009999999999999787,2.6,0.0,0.1499999999999999,2.4,0.0
2019-01-30,-0.001456209694195909,-0.0008817975044751458,-0.009601184992287681,-0.010407979052748595,19.13,0.013778484366719468,0.012705134992059275,-0.001223990208078174,0.009009009009008917,2.72,-0.029999999999999805,2.56,-0.040000000000000036,0.16000000000000014,2.4,0.0
2019-01-31,0.015549242424242493,0.006113120881430234,0.02640216258919703,0.0030262089734314213,17.66,-0.076842655514898,0.013777267508610747,-0.0005252100840337226,0.0009643201542910429,2.7,-0.020000000000000018,2.52,-0.040000000000000036,0.18000000000000016,2.4,0.0
2019-02-01,0.008597377892989533,0.01476305558474289,0.014531625711855733,0.017601810421415065,16.57,-0.061721404303510696,-0.04879448909299666,0.0031529164477142047,0.004120277022880536,2.63,-0.07000000000000028,2.45,-0.06999999999999984,0.17999999999999972,2.4,0.0
2019-02-02,0.000898635405495396,0.015674957594680183,-0.004534635231162154,0.012987357400583877,16.14,-0.025950512975256523,-0.07347876004592424,0.0017461148943600513,0.005873586394319119,2.7,0.07000000000000028,2.52,0.06999999999999984,0.18000000000000016,2.4,0.0
2019-02-03,0.0,0.023707850294078847,0.0,0.026642915057136785,16.14,0.0,-0.1446740858505564,0.0,0.003147403392201431,2.7,0.0,2.52,0.0,0.18000000000000016,2.4,0.0
2019-02-04,0.0,0.02520075757575757,0.0,0.036595459829121824,16.14,0.0,-0.15629900679560893,0.0,0.0043767507002800965,2.7,0.0,2.52,0.0,0.18000000000000016,2.4,0.0
2019-02-05,0.006776204217207926,0.016344342701553494,0.012281252908870943,0.02233431405526809,15.73,-0.025402726146220633,-0.10928652321630805,-0.003137528324908545,0.0017516202487299903,2.73,0.029999999999999805,2.53,0.009999999999999787,0.20000000000000018,2.4,0.0
2019-02-06,0.004708481505539597,0.012425575977219827,0.009132236392163318,0.016893398428224904,15.57,-0.010171646535282908,-0.06035003017501506,-0.0027976919041788895,-0.004190675746464034,2.71,-0.020000000000000018,2.53,0.0,0.18000000000000016,2.4,0.0
2019-02-07,-0.002224495014062744,0.009266477740871082,-0.0036876096316377227,0.017758656799776507,15.38,-0.012202954399486154,-0.047087980173482036,-0.0022795020164826374,-0.008192435070594417,2.7,-0.009999999999999787,2.52,-0.009999999999999787,0.18000000000000016,2.4,0.0
2019-02-08,-0.009357119061652264,-0.00017734885628462038,-0.013238786901832333,0.004284766824909081,16.37,0.06436931079323793,0.014250309789343163,-0.002021089630931394,-0.010196967055952633,2.65,-0.050000000000000266,2.48,-0.040000000000000036,0.16999999999999993,2.4,0.0
2019-02-09,0.0006762624489569102,0.0004987936583005226,0.0011803075461478407,0.0054701317136740535,15.72,-0.03970678069639588,-0.026022304832713727,-0.0027295940829443754,-0.012898727557957068,2.63,-0.020000000000000018,2.45,-0.029999999999999805,0.17999999999999972,2.4,0.0
2019-02-10,0.0,-0.006235159842487792,0.0,-0.006728486945327239,15.72,0.0,-0.0006357279084551193,0.0,-0.009791921664626613,2.63,0.0,2.45,0.0,0.17999999999999972,2.4,0.0
2019-02-11,0.0,-0.0108923548964458,0.0,-0.01571719024079099,15.72,0.0,0.009633911368015502,0.0,-0.0070138523584079016,2.63,0.0,2.45,0.0,0.17999999999999972,2.4,0.0
2019-02-12,0.0007090417596054,-0.007984302297912249,-0.0005713764966086554,-0.012638582832448675,15.97,0.01590330788804062,0.03836150845253572,-0.004326328800988932,-0.009050966608084354,2.65,0.020000000000000018,2.48,0.029999999999999805,0.16999999999999993,2.4,0.0
2019-02-13,0.012890250202966858,0.014293897008554879,0.015268092595648097,0.015885636164044037,15.43,-0.03381340012523493,-0.057422113622480175,0.0034583665868581637,-0.0036101083032490378,2.68,0.03000000000000025,2.5,0.020000000000000018,0.18000000000000016,2.4,0.0
2019-02-14,0.003023976857468691,0.016673560128218412,0.0001724956412774148,0.014863021525705511,15.65,0.014257939079714843,-0.004452926208651453,-0.002474372569812533,-0.0033551121313791787,2.71,0.029999999999999805,2.53,0.029999999999999805,0.18000000000000016,2.4,0.0
2019-02-15,-0.0026516238471793185,0.013977724271385661,0.00093217101774834,0.015809047421356137,16.22,0.03642172523961662,0.03180661577608124,-0.00035435861091415166,-0.003708281829419069,2.66,-0.04999999999999982,2.5,-0.029999999999999805,0.16000000000000014,2.4,0.0
2019-02-16,0.010878709851296353,0.02500849372941194,0.004665058484112361,0.020547856036267298,14.91,-0.08076448828606653,-0.05152671755725191,-0.0014179369018079147,-0.005120960621578741,2.66,0.0,2.52,0.020000000000000018,0.14000000000000012,2.4,0.0
2019-02-17,0.0,0.024282234851280338,0.0,0.02113130646473249,14.91,0.0,-0.06637445209768322,0.0,-0.0007980845969671746,2.66,0.0,2.52,0.0,0.14000000000000012,2.4,0.0
2019-02-18,0.0,0.011247007902416506,0.0,0.005775040023265454,14.91,0.0,-0.03370058327932601,0.0,-0.0042417815482501675,2.66,0.0,2.52,0.0,0.14000000000000012,2.4,0.0
2019-02-19,0.0,0.008198239757648773,0.0,0.005601578134175611,14.91,0.0,-0.04728434504792334,0.0,-0.0017717930545712024,2.66,0.0,2.52,0.0,0.14000000000000012,2.4,0.0
2019-02-20,0.0014987750396311394,0.012393789629715934,0.0016200862345112643,0.006292702515656945,14.88,-0.002012072434607548,-0.08261405672009858,0.005324813631522929,0.0038993264799715988,2.65,-0.010000000000000231,2.5,-0.020000000000000018,0.1499999999999999,2.4,0.0
2019-02-21,0.0017771318387196366,0.0032785703991928816,-0.0006042501284208024,0.0010148571687753627,14.02,-0.05779569892473124,-0.059691482226693515,0.0,0.005324813631522929,2.65,0.0,2.5,0.0,0.1499999999999999,2.4,0.0
2019-02-22,-0.003526412180845262,-0.0002594033722437272,-0.003848582764352959,-0.0028376313573856837,14.46,0.031383737517831856,-0.030181086519114664,0.0008827683615817428,0.006212282570109862,2.69,0.040000000000000036,2.53,0.029999999999999805,0.16000000000000014,2.4,0.0
2019-02-23,0.006411088047050706,0.006150021616947665,0.007884682082568206,0.005024676904062053,13.51,-0.0656984785615492,-0.0938967136150235,0.000352795907567538,0.006567270145545034,2.65,-0.040000000000000036,2.48,-0.04999999999999982,0.16999999999999993,2.4,0.0
2019-02-24,0.0,0.006150021616947665,0.0,0.005024676904062053,13.51,0.0,-0.0938967136150235,0.0,0.006567270145545034,2.65,0.0,2.48,0.0,0.16999999999999993,2.4,0.0
2019-02-25,0.0,0.004644285837626327,0.0,0.0033990838605781892,13.51,0.0,-0.09206989247311836,0.0,0.0012358757062147507,2.65,0.0,2.48,0.0,0.16999999999999993,2.4,0.0
2019-02-26,0.0012317960947767492,0.004097389305850019,0.0034975735583440137,0.007517338445897526,14.85,0.09918578830495939,0.05920114122681874,0.00026450361488272733,0.0015007062146892292,2.67,0.020000000000000018,2.51,0.029999999999999805,0.16000000000000014,2.4,0.0
2019-02-27,-0.0007903837831845228,0.006854350458398217,0.0010948038277376337,0.012517128252946597,15.17,0.02154882154882154,0.04910096818810494,0.0025561921551342515,0.0031751631681073977,2.64,-0.029999999999999805,2.48,-0.029999999999999805,0.16000000000000014,2.4,0.0
2019-02-28,-0.0005440423780378456,-0.00010384327543178085,-0.0008732006030980344,0.003718992529577747,14.7,-0.030982201713909086,0.08808290155440401,-0.0003516792685070991,0.0024687004055721218,2.69,0.04999999999999982,2.5,0.020000000000000018,0.18999999999999995,2.4,0.0
2019-03-01,-0.0028255466662847617,-0.002929096527695796,-0.0027357032457496766,0.0009731152238940943,14.78,0.0054421768707482165,0.0940044411547003,0.0007915567282321678,0.0032622112502203038,2.73,0.040000000000000036,2.52,0.020000000000000018,0.20999999999999996,2.4,0.0
2019-03-02,0.0068953381050032014,0.003946044466406784,0.007613916390631692,0.008594440832478956,13.57,-0.08186738836265217,0.004441154700222105,-0.00026364355391506056,0.0029977076353375764,2.76,0.029999999999999805,2.55,0.029999999999999805,0.20999999999999996,2.4,0.0
2019-03-03,0.0,0.002710909084406632,0.0,0.005079102738696051,13.57,0.0,-0.08619528619528616,0.0,0.002732481269281495,2.76,0.0,2.55,0.0,0.20999999999999996,2.4,0.0
2019-03-04,0.0,0.0035040624217044236,0.0,0.0039799416555994505,13.57,0.0,-0.10547132498352008,0.0,0.00017583963425349403,2.76,0.0,2.55,0.0,0.20999999999999996,2.4,0.0
2019-03-05,-0.0038806002090102654,0.00015399050272524306,-0.00010347378267983043,0.004753407334550985,14.63,0.07811348563006626,-0.004761904761904634,-0.00421940928270037,-0.0036939313984168942,2.72,-0.03999999999999959,2.55,0.0,0.17000000000000037,2.4,0.0
2019-03-06,-0.0011314768996100177,0.001853122115719641,0.0008334696811418407,0.008349383517928022,14.74,0.007518796992481258,-0.0027063599458727605,-0.0024717514124295015,-0.006942613586431112,2.72,0.0,2.55,0.0,0.17000000000000037,2.4,0.0
2019-03-07,-0.0065241159285216455,-0.011499131501699678,-0.006192720479432756,-0.005467330949707416,15.74,0.0678426051560379,0.1599115696389093,0.001769911504424737,-0.00492264416315058,2.69,-0.03000000000000025,2.52,-0.029999999999999805,0.16999999999999993,2.4,0.0
2019-03-08,-0.008125710368218741,-0.019531403257849522,-0.012033794167145895,-0.01743533238156092,16.59,0.05400254129606097,0.2225497420781135,-0.009363957597173123,-0.014240506329113889,2.64,-0.04999999999999982,2.47,-0.04999999999999982,0.16999999999999993,2.4,0.0
2019-03-09,-0.0021317385309919112,-0.0216215059439524,-0.0015924563960107996,-0.019000023771004182,16.05,-0.032549728752260365,0.1827560795873251,0.0025860531478509863,-0.011691279887482309,2.62,-0.020000000000000018,2.45,-0.020000000000000018,0.16999999999999993,2.4,0.0
2019-03-10,0.0,-0.01781001929955839,0.0,-0.018898505488174178,16.05,0.0,0.09706083390293907,0.0,-0.007503531073446257,2.62,0.0,2.45,0.0,0.16999999999999993,2.4,0.0
2019-03-11,0.0,-0.01669743516211708,0.0,-0.019715542862093205,16.05,0.0,0.08887381275440975,0.0,-0.0050442477876104785,2.62,0.0,2.45,0.0,0.16999999999999993,2.4,0.0
2019-03-12,0.014666049353461608,0.004275740136030048,0.02114261034908904,0.007247833734272291,14.33,-0.1071651090342679,-0.08958068614993653,-0.0015120519434315138,-0.008303886925794979,2.64,0.020000000000000018,2.47,0.020000000000000018,0.16999999999999993,2.4,0.0
2019-03-13,0.0029533287823806376,0.015493301029855244,0.005200990505330738,0.024818980827906456,13.77,-0.03907885554780188,-0.16998191681735986,0.004453946196329772,0.005528803281612316,2.61,-0.03000000000000025,2.45,-0.020000000000000018,0.1599999999999997,2.4,0.0
2019-03-14,0.006949618845646821,0.024735059622977174,0.007734736046924873,0.03439291074719675,13.41,-0.02614379084967311,-0.1644859813084112,0.0030152536360412707,0.005959263541759352,2.61,0.0,2.45,0.0,0.1599999999999997,2.4,0.0
2019-03-15,-0.0008680432029370966,0.02384554531965999,-0.0019250431997882567,0.032401659708453545,13.5,0.006711409395973034,-0.15887850467289721,-0.0005305039787797394,0.00542559814996002,2.63,0.020000000000000018,2.46,0.009999999999999787,0.16999999999999993,2.4,0.0
2019-03-16,0.004984902865607044,0.02894931591246297,0.008833344148358124,0.041521218867994536,12.88,-0.045925925925925815,-0.19750778816199377,0.0019462137296533122,0.0073823712532241625,2.59,-0.040000000000000036,2.43,-0.029999999999999805,0.1599999999999997,2.4,0.0
2019-03-17,0.0,0.014076815291200973,0.0,0.019956672371098882,12.88,0.0,-0.10118632240055825,0.0,0.008907892392659988,2.59,0.0,2.43,0.0,0.1599999999999997,2.4,0.0
2019-03-18,0.0,0.011090731930990971,0.0,0.014679334784927223,12.88,0.0,-0.06463326071169195,0.0,0.004434196523590117,2.59,0.0,2.43,0.0,0.1599999999999997,2.4,0.0
2019-03-19,0.0037059607153993035,0.007833734151096339,0.0026399379224550934,0.009549426896587887,13.1,0.017080745341614856,-0.023117076808352066,0.0009712166696096425,0.0023872679045091605,2.6,0.010000000000000231,2.45,0.020000000000000018,0.1499999999999999,2.4,0.0
2019-03-20,-0.0001306063665308388,0.00857759357374821,0.0031393831521591142,0.014672076940388079,13.56,0.03511450381679393,0.004444444444444473,0.0007938608097382005,0.0037154989384289294,2.61,0.009999999999999787,2.46,0.009999999999999787,0.1499999999999999,2.4,0.0
2019-03-21,-0.0029443226469249018,0.0006200221082168778,0.004282052119391366,0.010094443813389642,13.91,0.02581120943952797,0.07996894409937894,0.0005288207297724501,0.002295603037259397,2.54,-0.06999999999999984,2.4,-0.06000000000000005,0.14000000000000012,2.41,0.010000000000000231
2019-03-22,0.010852515552911779,0.011479266460701298,0.015245063171086981,0.02549339741808887,13.63,-0.020129403306973326,0.05822981366459623,0.0007928118393236705,0.0030902348578492056,2.54,0.0,2.41,0.010000000000000231,0.1299999999999999,2.41,0.010000000000000231
2019-03-23,-0.018974527826038257,-0.007713075026218097,-0.0223146903821696,0.0026098297657448644,16.48,0.20909757887013947,0.2795031055900621,-0.006953613238271261,-0.003884866678438903,2.44,-0.10000000000000009,2.31,-0.10000000000000009,0.1299999999999999,2.41,0.010000000000000231
2019-03-24,0.0,-0.011376873495379414,0.0,-3.00288823249506e-05,16.48,0.0,0.25801526717557266,0.0,-0.004851371615065547,2.44,0.0,2.31,0.0,0.1299999999999999,2.41,0.010000000000000231
2019-03-25,0.0,-0.011247736154799348,0.0,-0.0031594931748415434,16.48,0.0,0.21533923303834812,0.0,-0.005640754450907726,2.44,0.0,2.31,0.0,0.1299999999999999,2.41,0.010000000000000231
2019-03-26,-0.0008390729493592541,-0.00916001883699269,-0.0012421410690057755,-0.008642753107746537,16.33,-0.00910194174757295,0.17397555715312718,0.0037227441942917494,-0.0024665257223396297,2.43,-0.009999999999999787,2.26,-0.050000000000000266,0.17000000000000037,2.4,-0.010000000000000231
2019-03-27,0.007182778484540853,-0.012757103626071853,0.004672705604513272,-0.018966352473619774,14.68,-0.10104102878138388,0.07703595011005127,-0.0038855528081951363,-0.007129654079746639,2.41,-0.020000000000000018,2.24,-0.019999999999999574,0.16999999999999993,2.4,-0.010000000000000231
2019-03-28,-0.004644380264399728,0.0016638638059633948,-0.0058439835944036345,-0.0024392374618827928,15.15,0.032016348773842074,-0.08070388349514568,-0.0026595744680849576,-0.0028363765289842746,2.39,-0.020000000000000018,2.22,-0.020000000000000018,0.16999999999999993,2.41,0.0
2019-03-29,0.0035895443381801506,0.005259380657047785,0.0016803066149073675,-0.0007630295138177923,14.43,-0.04752475247524757,-0.12439320388349517,-0.0012444444444444924,-0.004077291260415006,2.39,0.0,2.23,0.009999999999999787,0.16000000000000014,2.41,0.0
2019-03-30,0.006734293751598397,0.01202909262294205,0.007963969526546766,0.007194863268933149,13.71,-0.04989604989604979,-0.16808252427184467,-0.0007119971520113122,-0.004786385392660963,2.41,0.020000000000000018,2.27,0.040000000000000036,0.14000000000000012,2.43,0.020000000000000018
2019-03-31,0.0,0.012878971969296327,0.0,0.008447497321292019,13.71,0.0,-0.16044090630740948,0.0,-0.00847756976333458,2.41,0.0,2.27,0.0,0.14000000000000012,2.43,0.03000000000000025
2019-04-01,0.0,0.0056555707726915205,0.0,0.00375723526251015,13.71,0.0,-0.06607629427792905,0.0,-0.004609929078014052,2.41,0.0,2.27,0.0,0.14000000000000012,2.43,0.03000000000000025
2019-04-02,0.01156858594411525,0.02203630893607622,0.013504960853909287,0.023293045199974438,13.4,-0.022611232676878257,-0.11551155115511547,-0.0016031350195938598,-0.003555555555555534,2.49,0.08000000000000007,2.33,0.06000000000000005,0.16000000000000014,2.41,0.0
2019-04-03,1.7438676892522764e-05,0.01839854516523154,0.0028374977602221296,0.024475204460915778,13.36,-0.0029850746268657025,-0.07415107415107414,-0.0021409455842996694,-0.00444998220007109,2.48,-0.010000000000000231,2.3,-0.03000000000000025,0.18000000000000016,2.41,0.0
2019-04-04,0.0021484075277968806,0.013759525825571606,0.006044290125926111,0.022524079216454718,13.74,0.02844311377245523,0.002188183807439792,0.005006257822277815,0.0012468827930174342,2.52,0.040000000000000036,2.33,0.03000000000000025,0.18999999999999995,2.41,-0.020000000000000018
2019-04-05,0.0020846384074615365,0.015872847869037532,-0.0005831699794698331,0.02192777387017064,13.58,-0.011644832605531286,-0.009482129832239283,-0.002312755737413408,-0.001068756679729277,2.51,-0.010000000000000231,2.33,0.0,0.17999999999999972,2.41,-0.020000000000000018
2019-04-06,0.004636398681665099,0.020582839401636965,0.005075213147016866,0.02711427514341813,12.82,-0.055964653902798256,-0.06491611962071486,8.915834522116306e-05,-0.0009796936230852538,2.5,-0.009999999999999787,2.35,0.020000000000000018,0.1499999999999999,2.41,-0.020000000000000018
2019-04-07,0.0,0.008911163892173057,0.0,0.013427970079241236,12.82,0.0,-0.0432835820895523,0.0,0.0006244424620873712,2.5,0.0,2.35,0.0,0.1499999999999999,2.41,0.0
2019-04-08,0.0,0.008893570123184702,0.0,0.010560506904331302,12.82,0.0,-0.04041916167664661,0.0,0.0027713212944751042,2.5,0.0,2.35,0.0,0.1499999999999999,2.41,0.0
2019-04-09,0.0010474498226595852,0.007785202199484864,0.002757677955993243,0.0072591408580815475,13.18,0.02808112324492984,-0.040756914119359555,0.00401176785236701,0.0017790428749333564,2.52,0.020000000000000018,2.36,0.009999999999999787,0.16000000000000014,2.41,0.0
2019-04-10,-0.0060674708281390766,-0.0004132819798637888,-0.004111982778358225,0.0037026378642464053,14.28,0.08345978755690431,0.05154639175257736,0.0014207068016336422,0.005527817403709001,2.51,-0.010000000000000231,2.35,-0.009999999999999787,0.1599999999999997,2.41,0.0
2019-04-11,0.0034778681120144483,-0.001565989338827456,0.005681450328929527,0.0043080471417789035,13.3,-0.06862745098039202,0.03744149765990645,-0.0010640184429862032,0.004368369439244013,2.48,-0.029999999999999805,2.31,-0.040000000000000036,0.16999999999999993,2.41,0.0
2019-04-12,3.808587325715429e-05,-0.0015279631076418054,-0.0021809133297159278,0.0021177383346264733,13.02,-0.021052631578947434,0.015600624024960874,-0.0003550505947097493,0.00401176785236701,2.51,0.029999999999999805,2.35,0.040000000000000036,0.1599999999999997,2.41,0.0
2019-04-13,0.006609378462220095,0.005071316468123754,0.004379260265783946,0.0065062727277525045,12.01,-0.07757296466973884,-0.06318252730109208,0.0037293553542887548,0.007756084514576322,2.56,0.050000000000000266,2.4,0.04999999999999982,0.16000000000000014,2.41,0.0
2019-04-14,0.0,0.004019656257230331,0.0,0.003738285783460915,12.01,0.0,-0.08877086494688924,0.0,0.0037293553542887548,2.56,0.0,2.4,0.0,0.16000000000000014,2.41,0.0
2019-04-15,0.0,0.010148704051142987,0.0,0.007882682014510145,12.01,0.0,-0.15896358543417366,0.0,0.0023053732931372917,2.56,0.0,2.4,0.0,0.16000000000000014,2.41,0.0
2019-04-16,-0.0006294261903205811,0.006014105622513588,0.00012716058284123477,0.0023162350604153392,12.32,0.025811823480432983,-0.0736842105263158,0.0,0.003372980649742674,2.55,-0.010000000000000231,2.4,0.0,0.1499999999999999,2.41,0.0
2019-04-17,0.000509364739569973,0.006488200753379081,0.0033568747116312636,0.007878981789071204,12.18,-0.011363636363636465,-0.06451612903225801,-0.0009731068648266561,0.0027526194281655147,2.6,0.050000000000000266,2.41,0.010000000000000231,0.18999999999999995,2.41,0.0
2019-04-18,-0.002273774879087531,-0.002393883215645598,0.003395286313168544,0.006891579216455002,12.6,0.034482758620689724,0.04912572855953368,0.0003542017178783663,-0.0006192498230715993,2.59,-0.010000000000000231,2.4,-0.010000000000000231,0.18999999999999995,2.42,0.009999999999999787
2019-04-19,0.0015790653174507785,-0.0008185979961545797,0.001171765147017556,0.008071419675806046,12.09,-0.04047619047619044,0.006661115736885881,-0.004957068248207297,-0.005573248407643283,2.57,-0.020000000000000018,2.38,-0.020000000000000018,0.18999999999999995,2.43,0.020000000000000018
2019-04-20,0.0,-0.0008185979961545797,-6.502187336332454e-07,0.008070764208884196,12.09,0.0,0.006661115736885881,0.0004448002846721977,-0.005130927105449379,2.57,0.0,2.38,0.0,0.18999999999999995,2.44,0.029999999999999805
2019-04-21,0.0,-0.00018929095051578582,0.0,0.007942593641206308,12.09,0.0,-0.018668831168831224,0.0,-0.005130927105449379,2.57,0.0,2.38,0.0,0.18999999999999995,2.44,0.029999999999999805
2019-04-22,0.0,-0.0006983000006879347,0.0,0.004570376747448979,12.09,0.0,-0.00738916256157629,0.0,-0.004161870185070304,2.57,0.0,2.38,0.0,0.18999999999999995,2.44,0.029999999999999805
2019-04-23,0.001012037741434657,0.0025927011325828087,0.003091792088523393,0.004266527096417949,12.42,0.027295285359801413,-0.014285714285714235,0.0010670460608215304,-0.0034522439585731313,2.59,0.020000000000000018,2.38,0.0,0.20999999999999996,2.44,0.020000000000000018
2019-04-24,0.008841219132246891,0.00986220452112363,0.012603892660780103,0.01573399291521671,12.28,-0.011272141706924366,0.01571546732837059,-0.003997157576834165,-0.002490881594164329,2.57,-0.020000000000000018,2.36,-0.020000000000000018,0.20999999999999996,2.44,0.009999999999999787
2019-04-25,-0.0021917864252406494,0.007648802249890618,-0.003367171486330922,0.012314500602428113,13.14,0.07003257328990231,0.08684863523573205,-0.0018728261838937277,-0.004801707273697331,2.53,-0.040000000000000036,2.32,-0.040000000000000036,0.20999999999999996,2.44,0.0
2019-04-26,-0.00036894696387390624,0.00727703328364937,0.0041762959556344015,0.016542225557123924,13.25,0.008371385083713712,0.09594706368899919,-0.004646175839885469,-0.009425573537257592,2.54,0.010000000000000231,2.33,0.010000000000000231,0.20999999999999996,2.44,0.0
2019-04-27,0.004685305365033532,0.011996433771768178,0.0012485736069960396,0.017811453350351725,12.73,-0.03924528301886787,0.052936311000827185,0.0012567324955115033,-0.008180686466299214,2.51,-0.03000000000000025,2.28,-0.050000000000000266,0.22999999999999998,2.44,0.0
2019-04-28,0.0,0.010973290646052236,0.0,0.01467429140376142,12.73,0.0,0.02495974235104681,0.0,-0.009237875288683584,2.51,0.0,2.28,0.0,0.22999999999999998,2.44,0.0
2019-04-29,0.0,0.0021133865997655654,0.0,0.002044628465273979,12.73,0.0,0.036644951140065274,0.0,-0.005261749754748912,2.51,0.0,2.28,0.0,0.22999999999999998,2.44,0.0
2019-04-30,0.0010714723049920494,0.005390725083269432,0.0015792136640311316,0.007017872902377986,13.11,0.02985074626865658,-0.0022831050228311334,0.0010758472296934496,-0.0023230879199427346,2.54,0.03000000000000025,2.3,0.020000000000000018,0.2400000000000002,2.45,0.010000000000000231
2019-05-01,0.0009514004274504551,0.006718680049347725,-0.007345287178021742,-0.004536313535254299,13.12,0.0007627765064834868,-0.009811320754717023,0.003134515493462331,0.005475763016157931,2.51,-0.03000000000000025,2.27,-0.029999999999999805,0.23999999999999977,2.45,0.010000000000000231
2019-05-02,-0.007502130129708795,-0.005493421500197271,-0.003805198510305252,-0.00956088660837029,14.8,0.128048780487805,0.16260801256873525,0.004017498437639544,0.008248162094316003,2.52,0.010000000000000231,2.31,0.040000000000000036,0.20999999999999996,2.45,0.010000000000000231
2019-05-03,-0.0021239991380873624,-0.007605752615753025,-0.0035849506891902916,-0.013111561990524656,14.42,-0.025675675675675746,0.13275726630007845,-0.005513071314245055,0.002689618074233513,2.55,0.029999999999999805,2.35,0.040000000000000036,0.19999999999999973,2.41,-0.029999999999999805
2019-05-04,0.00963832295922562,0.001959263643414033,0.01575207857007843,0.002433982224902431,12.87,-0.10748959778085998,0.0109976433621366,0.00017882689556514286,0.002868925945849199,2.54,-0.009999999999999787,2.33,-0.020000000000000018,0.20999999999999996,2.4,-0.040000000000000036
2019-05-05,0.0,0.0008868411127307407,0.0,0.0008534208270400967,12.87,0.0,-0.01830663615560646,0.0,0.0017911517105497765,2.54,0.0,2.33,0.0,0.20999999999999996,2.4,-0.050000000000000266
2019-05-06,0.0,-6.449795134144676e-05,0.0,0.008259375489946486,12.87,0.0,-0.019054878048780477,0.0,-0.001339166145879922,2.54,0.0,2.33,0.0,0.20999999999999996,2.4,-0.050000000000000266
2019-05-07,-0.004471014787957861,0.002989332120270971,-0.006581924180414034,0.005449021846397839,15.44,0.19968919968919963,0.043243243243243246,0.0009833720722329797,-0.004357104748355045,2.51,-0.03000000000000025,2.31,-0.020000000000000018,0.19999999999999973,2.4,-0.050000000000000266
2019-05-08,-0.016511677868827124,-0.01147207217088475,-0.019750862512493472,-0.010863457818815592,19.32,0.25129533678756477,0.3398058252427185,-0.0016968830936858748,-0.0005364806866954286,2.45,-0.05999999999999961,2.28,-0.03000000000000025,0.17000000000000037,2.4,-0.010000000000000231
2019-05-09,-0.0016053813214057522,-0.022480683315001082,-0.002958057106208556,-0.029083335776275643,19.4,0.0041407867494822614,0.5073815073815073,0.0025049203793165997,0.0017879492222421245,2.49,0.040000000000000036,2.3,0.020000000000000018,0.1900000000000004,2.39,-0.009999999999999787
2019-05-10,-0.0030214418181440106,-0.025434201056476757,-0.0045683979757271675,-0.033518869499715054,19.1,-0.01546391752577303,0.48407148407148437,0.0019632339817954314,0.003754693366708306,2.45,-0.040000000000000036,2.26,-0.040000000000000036,0.1900000000000004,2.38,-0.020000000000000018
2019-05-11,0.0037203210344445292,-0.021808503415217007,0.0004984998846064848,-0.033037078767686356,16.04,-0.1602094240837697,0.24630924630924622,0.001157819736373522,0.004916860361165787,2.47,0.020000000000000018,2.26,0.0,0.2100000000000004,2.38,-0.020000000000000018
2019-05-12,0.0,-0.01741535292773655,0.0,-0.026630434085313404,16.04,0.0,0.03886010362694292,0.0,0.003929624006430377,2.47,0.0,2.26,0.0,0.2100000000000004,2.38,-0.020000000000000018
2019-05-13,0.0,-0.0009188467606318085,0.0,-0.007018186815703875,16.04,0.0,-0.1697722567287785,0.0,0.005636070853462405,2.47,0.0,2.26,0.0,0.2100000000000004,2.38,-0.020000000000000018
2019-05-14,-0.024130630943291487,-0.02345958561099115,-0.03458761779100583,-0.03851894638039788,20.55,0.2811720698254365,0.05927835051546393,-0.0008006405124100224,0.002320185614849146,2.4,-0.07000000000000028,2.18,-0.07999999999999963,0.21999999999999975,2.38,-0.010000000000000231
2019-05-15,0.008016017810211773,-0.012648394827778353,0.010615595299373393,-0.02385282384359233,18.06,-0.12116788321167893,-0.054450261780104814,-0.002225783475783394,-0.0018703241895261513,2.42,0.020000000000000018,2.2,0.020000000000000018,0.21999999999999975,2.38,0.0
2019-05-16,0.00583895766667486,-0.010564309016450335,0.01369516933535797,-0.01097735064647476,16.44,-0.08970099667774067,0.02493765586034935,8.92299455697021e-05,-0.002935681878836527,2.37,-0.04999999999999982,2.16,-0.040000000000000036,0.20999999999999996,2.4,0.020000000000000018
2019-05-17,0.008895249319527565,-0.0017630318595127648,0.010247559390930583,-0.0008422823082488984,15.29,-0.06995133819951349,-0.04675810473815467,-0.002676659528908054,-0.005604483586869713,2.4,0.029999999999999805,2.2,0.040000000000000036,0.19999999999999973,2.39,0.010000000000000231
2019-05-18,-0.005837319908772343,-0.007590060387311692,-0.010086884938800611,-0.010920671242320212,15.96,0.04381948986265538,-0.004987531172069737,-0.0010735373054212571,-0.006672004270082743,2.39,-0.009999999999999787,2.2,0.0,0.18999999999999995,2.39,0.010000000000000231
2019-05-19,0.0,0.016949574482461927,0.0,0.024514857054694472,15.96,0.0,-0.2233576642335766,0.0,-0.005876068376068355,2.39,0.0,2.2,0.0,0.18999999999999995,2.39,0.010000000000000231
2019-05-20,0.0,0.0088625145973944,0.0,0.013753262684615297,15.96,0.0,-0.11627906976744173,0.0,-0.003658427768359007,2.39,0.0,2.2,0.0,0.18999999999999995,2.39,0.010000000000000231
2019-05-21,-0.006749360908960611,-0.003763644526755927,-0.01692236342701192,-0.01686602472262022,16.31,0.021929824561403466,-0.007907542579075555,0.0003582303421099109,-0.0033904354032834316,2.41,0.020000000000000018,2.21,0.009999999999999787,0.20000000000000018,2.39,-0.009999999999999787
2019-05-22,0.008495790833841,-0.004158090893920052,0.010074965770602073,-0.017033986179674776,14.95,-0.08338442673206614,-0.022236756049705653,-0.0010743061772605644,-0.001789228842368984,2.43,0.020000000000000018,2.26,0.04999999999999982,0.17000000000000037,2.39,0.0
2019-05-23,-0.002824365652362215,-0.001140047490321927,-0.004074609919178962,-0.011063904644121325,14.75,-0.013377926421404673,-0.07581453634085222,-0.00017924359204157803,-0.0008955758552749993,2.39,-0.040000000000000036,2.23,-0.029999999999999805,0.16000000000000014,2.38,-0.010000000000000231
2019-05-24,-0.011914139769699683,-0.013040604574877879,-0.015191371117932895,-0.026087199880591938,16.92,0.14711864406779673,0.06015037593984962,0.0014342058085334841,0.0005373455131649774,2.31,-0.08000000000000007,2.12,-0.10999999999999988,0.18999999999999995,2.38,-0.010000000000000231
2019-05-25,0.001353534780883292,-0.01170472070585038,-0.0009537584514356379,-0.027016077444667164,15.85,-0.06323877068557926,-0.006892230576441172,0.002237737200143197,0.002776285151352198,2.32,0.009999999999999787,2.16,0.040000000000000036,0.1599999999999997,2.38,-0.010000000000000231
2019-05-26,0.0,-0.004989032578347596,0.0,-0.010267463771062912,15.85,0.0,-0.028203556100551808,0.0,0.00241718889883602,2.32,0.0,2.16,0.0,0.1599999999999997,2.38,-0.010000000000000231
2019-05-27,0.0,-0.013371224287449968,0.0,-0.02013952452147494,15.85,0.0,0.06020066889632103,0.0,0.0034952500448108825,2.32,0.0,2.16,0.0,0.1599999999999997,2.38,-0.010000000000000231
2019-05-28,0.0,-0.01057673119137903,0.0,-0.016130640670775853,15.85,0.0,0.07457627118644061,0.0,0.0036751523843672196,2.32,0.0,2.16,0.0,0.1599999999999997,2.38,0.0
2019-05-29,-0.008375618352052028,-0.007033420261919554,-0.003092743967916589,-0.004043552688654639,17.5,0.10410094637223977,0.03427895981087459,-0.001786192730195535,0.0004475474400285062,2.26,-0.06000000000000005,2.12,-0.040000000000000036,0.13999999999999968,2.39,0.010000000000000231
2019-05-30,-0.0069119572935958384,-0.0152296837292909,-0.00845243034851173,-0.011519033113453592,17.9,0.022857142857142687,0.12933753943217652,-0.0036682472935491983,-0.005447887827096487,2.25,-0.009999999999999787,2.09,-0.03000000000000025,0.16000000000000014,2.39,0.010000000000000231
2019-05-31,0.0020984398243635294,-0.013163202479777425,0.00395462846722805,-0.00760995814249088,17.3,-0.03351955307262555,0.09148264984227139,0.00035919540229900626,-0.005090649281057291,2.22,-0.029999999999999805,2.06,-0.029999999999999805,0.16000000000000014,2.39,0.010000000000000231
2019-06-01,-0.013195355808466647,-0.02618486514794449,-0.016208904960388626,-0.023695514014595354,18.71,0.0815028901734105,0.18044164037854893,0.0008078994614002522,-0.0042868625524693504,2.14,-0.08000000000000007,1.95,-0.1100000000000001,0.19000000000000017,2.4,0.020000000000000018
2019-06-02,0.0,-0.02618486514794449,0.0,-0.023695514014595354,18.71,0.0,0.18044164037854893,0.0,-0.0042868625524693504,2.14,0.0,1.95,0.0,0.19000000000000017,2.4,0.020000000000000018
2019-06-03,0.0,-0.017959670138703032,0.0,-0.02066668681767092,18.71,0.0,0.06914285714285717,0.0,-0.002505144493155531,2.14,0.0,1.95,0.0,0.19000000000000017,2.4,0.009999999999999787
2019-06-04,-0.0027652013400870645,-0.013859045209880017,-0.021035471579526233,-0.03309472540689429,18.86,0.008017103153393768,0.05363128491620106,0.005112566149430453,0.006285919540230056,2.07,-0.07000000000000028,1.82,-0.1299999999999999,0.24999999999999978,2.38,-0.010000000000000231
2019-06-05,0.021432345278653342,0.005166985793478185,0.02704635412337586,-0.01085516327600955,16.97,-0.10021208907741253,-0.01907514450867065,0.002677137247902861,0.008617594254936911,2.12,0.050000000000000266,1.88,0.05999999999999983,0.2400000000000002,2.38,-0.010000000000000231
2019-06-06,0.008161896642135735,0.026921651417483705,0.007555726096208026,0.013038793708157748,16.09,-0.051856216853270465,-0.14003206841261362,0.0005339978640086507,0.008341555296439207,2.12,0.0,1.83,-0.04999999999999982,0.29000000000000004,2.38,-0.020000000000000018
2019-06-07,0.006135555437609463,0.03322238613983708,0.007620933678627484,0.0207590951688843,15.93,-0.009944064636420169,-0.14858364510956712,0.0046255114748263715,0.013005650731007234,2.12,0.0,1.88,0.04999999999999982,0.2400000000000002,2.37,-0.029999999999999805
2019-06-08,0.010497663083042452,0.04406880663939017,0.019428444198885897,0.04059085628987824,16.3,0.02322661644695545,-0.12880812399786212,0.002656277669559115,0.015696475020181344,2.09,-0.03000000000000025,1.85,-0.029999999999999805,0.23999999999999977,2.37,-0.029999999999999805
2019-06-09,0.0,0.04696387254276835,0.0,0.06295052178125027,16.3,0.0,-0.13573700954400847,0.0,0.010530073175084809,2.09,0.0,1.85,0.0,0.23999999999999977,2.37,-0.009999999999999787
2019-06-10,0.0,0.024995808466540925,0.0,0.034958663271357215,16.3,0.0,-0.03948143783146718,0.0,0.007831968672125544,2.09,0.0,1.85,0.0,0.23999999999999977,2.37,-0.009999999999999787
2019-06-11,0.0046600819951694294,0.0214355218229747,0.011411175779833416,0.038918971319364726,15.94,-0.022085889570552242,-0.009322560596643936,-0.0011480042387849165,0.006137697918519702,2.15,0.06000000000000005,1.9,0.04999999999999982,0.25,2.37,-0.009999999999999787
2019-06-12,-0.00034987685027698667,0.01485146773858892,0.0015889244501081645,0.03269959991368809,15.99,0.0031367628607277265,0.0037664783427495685,0.0004420475643178712,0.0019479369576766992,2.15,0.0,1.93,0.030000000000000027,0.21999999999999997,2.37,0.0
2019-06-13,-0.002037619727485618,0.0022621757258103337,-0.005531119199877588,0.007415107134816079,15.91,-0.00500312695434646,-0.023926380368098243,-0.0005302226935312015,-0.0012363122571530383,2.13,-0.020000000000000018,1.88,-0.050000000000000044,0.25,2.37,0.0
2019-06-14,0.004097449858325275,0.00636889473574298,0.005137648565566977,0.012590851914917822,15.82,-0.0056568196103079504,-0.02944785276073625,-0.0030946065428824054,-0.004327092900035412,2.1,-0.029999999999999805,1.83,-0.04999999999999982,0.27,2.37,0.0
2019-06-15,-0.0016115422390061696,0.004747088753854323,-0.004203347766114418,0.008334580419533166,15.28,-0.034134007585335024,-0.0625766871165645,-0.005144124168514397,-0.009448957965383364,2.09,-0.010000000000000231,1.84,0.010000000000000009,0.24999999999999978,2.36,-0.010000000000000231
2019-06-16,0.0,8.660318076159079e-05,0.0,-0.003041883888546093,15.28,0.0,-0.04140526976160608,0.0,-0.008310494209176955,2.09,0.0,1.84,0.0,0.24999999999999978,2.36,-0.010000000000000231
2019-06-17,0.0,0.00043663279874706085,0.0,-0.004623462006827506,15.28,0.0,-0.044402751719824995,0.0,-0.008748674443266213,2.09,0.0,1.84,0.0,0.24999999999999978,2.36,-0.010000000000000231
2019-06-18,0.0009317695307899942,0.0034133840768930668,0.006338989532177042,0.007257480638465541,15.35,0.0045811518324607725,-0.035197988686360815,0.0016047071409468483,-0.006631299734748075,2.09,0.0,1.86,0.020000000000000018,0.22999999999999976,2.38,0.009999999999999787
2019-06-19,0.009717372571954597,0.009029478081642228,0.01446618091760854,0.016605686835279743,15.15,-0.013029315960912058,-0.042351453855878685,-0.0034712950600801484,-0.007006651884700732,2.06,-0.029999999999999805,1.86,0.0,0.19999999999999996,2.37,0.0
2019-06-20,0.002985176934281464,0.013675189990924874,0.004235534484113401,0.025220915322812454,14.33,-0.054125412541254136,-0.06217277486910988,0.001607717041800738,-0.00026745119015780805,2.03,-0.03000000000000025,1.74,-0.1200000000000001,0.2899999999999998,2.37,0.010000000000000231
2019-06-21,0.009472195075278522,0.02327691913348895,0.009169585823202153,0.03462176649360682,14.75,0.0293091416608513,-0.03468586387434547,0.006242197253433224,0.005973076580190861,2.01,-0.020000000000000018,1.72,-0.020000000000000018,0.2899999999999998,2.37,0.010000000000000231
2019-06-22,-0.0012592326804730103,0.021988375395742166,-0.0011979762343226064,0.03338231420583471,15.4,0.04406779661016946,0.007853403141361293,0.0038993264799715988,0.009895694035838565,2.07,0.06000000000000005,1.77,0.050000000000000044,0.2999999999999998,2.38,0.020000000000000018
2019-06-23,0.0,0.021037004225396005,0.0,0.02687297715278758,15.4,0.0,0.0032573289902280145,0.0,0.008277703604806508,2.07,0.0,1.77,0.0,0.2999999999999998,2.38,0.0
2019-06-24,0.0,0.011210693171107788,0.0,0.012229876627288805,15.4,0.0,0.01650165016501659,0.0,0.011789924973204746,2.07,0.0,1.77,0.0,0.2999999999999998,2.38,0.009999999999999787
2019-06-25,-0.001731933325650914,0.006454897726263065,-0.0007452663939198079,0.007209425463043928,15.26,-0.00909090909090915,0.06489881367759942,0.005737994350282438,0.015962190119493513,2.02,-0.04999999999999982,1.72,-0.050000000000000044,0.30000000000000004,2.38,0.009999999999999787
2019-06-26,-0.009496324715228988,-0.012456925441239108,-0.017024428267698455,-0.01893371068938554,16.28,0.06684141546526878,0.10372881355932217,-0.0006144123584657102,0.00903934774902515,2.0,-0.020000000000000018,1.71,-0.010000000000000009,0.29000000000000004,2.38,0.009999999999999787
2019-06-27,-0.0012339839170762978,-0.012431959762206568,0.0046775753009271615,-0.013162491363449269,16.21,-0.004299754299754266,0.05259740259740253,0.00035130862462673385,0.00547316384180796,2.05,0.04999999999999982,1.77,0.06000000000000005,0.2799999999999998,2.38,0.0
2019-06-28,0.003823212459416858,-0.008656277326247408,0.003933368733652021,-0.009280895561783353,15.82,-0.024059222702035865,0.027272727272727337,-0.001580333625987751,0.003884180790960423,2.01,-0.040000000000000036,1.74,-0.030000000000000027,0.2699999999999998,2.38,0.0
2019-06-29,0.005757422425228809,-0.0029486927462157864,0.0018309923534520767,-0.007466896457138161,15.08,-0.04677623261694064,-0.020779220779220786,0.00017587055926826523,0.004060734463276816,2.0,-0.009999999999999787,1.75,0.010000000000000009,0.25,2.4,0.020000000000000018
2019-06-30,0.0,-0.0012188704228698333,0.0,-0.006726643204342464,15.08,0.0,-0.011795543905635641,0.0,-0.001667690687264134,2.0,0.0,1.75,0.0,0.25,2.4,0.020000000000000018
2019-07-01,0.0,0.008356813305088862,0.0,0.010476135276900278,15.08,0.0,-0.07371007371007376,0.0,-0.0010539258738803126,2.0,0.0,1.75,0.0,0.25,2.4,0.020000000000000018
2019-07-02,0.007672277820080398,0.017348598727426223,0.012654036529454293,0.018498633154365063,14.06,-0.06763925729442966,-0.13263417643429987,-0.00589062774749427,-0.007287093942054401,2.03,0.029999999999999805,1.78,0.030000000000000027,0.24999999999999978,2.39,0.010000000000000231
2019-07-03,0.0029281490252435205,0.016441475322402033,0.0040781963249889586,0.018645561933120502,12.93,-0.08036984352773835,-0.18268015170670038,-0.0005306447333509601,-0.006243404854027301,1.98,-0.04999999999999982,1.77,-0.010000000000000009,0.20999999999999996,2.4,0.020000000000000018
2019-07-04,0.007672358989710748,0.018376754051996125,0.007419401986199725,0.024327766530614303,12.57,-0.0278422273781902,-0.16644562334217505,-0.002300681355632439,-0.008704061895551285,1.96,-0.020000000000000018,1.77,0.0,0.18999999999999995,2.41,0.010000000000000231
2019-07-05,0.0,0.018376754051996125,0.0,0.024327766530614303,12.57,0.0,-0.16644562334217505,0.0,-0.008704061895551285,1.96,0.0,1.77,0.0,0.18999999999999995,2.41,0.010000000000000231
2019-07-06,-0.0018058494836139527,0.016537718916566746,-0.0020858547486601875,0.022191167594612038,13.28,0.056483691328560015,-0.11936339522546424,-0.005232815964523296,-0.013891331106031357,2.04,0.08000000000000007,1.87,0.10000000000000009,0.16999999999999993,2.42,0.020000000000000018
2019-07-07,0.0,0.008797940850040264,0.0,0.009417955907076836,13.28,0.0,-0.05547652916073975,0.0,-0.008048111789157208,2.04,0.0,1.87,0.0,0.16999999999999993,2.42,0.029999999999999805
2019-07-08,0.0,0.005852654380577027,0.0,0.005318071442674377,13.28,0.0,0.02706883217324041,0.0,-0.0075214582780286365,2.04,0.0,1.87,0.0,0.16999999999999993,2.42,0.020000000000000018
2019-07-09,-0.004835457345313876,-0.0066325747207777175,-0.00707918329868773,-0.009150271899247664,13.96,0.051204819277108626,0.11058074781225136,-0.0007132667617688604,-0.00594235033259416,2.05,0.009999999999999787,1.88,0.009999999999999787,0.16999999999999993,2.41,0.0
2019-07-10,0.0012365799156572876,-0.005404196513809301,0.005274994573447156,-0.003923544960414582,14.09,0.009312320916905481,0.12092283214001598,0.00017844396859389988,-0.0057649667405764715,2.07,0.020000000000000018,1.92,0.040000000000000036,0.1499999999999999,2.41,0.0
2019-07-11,0.004510627158405667,0.0008895101340620215,0.009779145148884671,0.007919605167510335,13.03,-0.07523066004258339,-0.01882530120481929,0.004460303300624302,0.003922967189728954,2.07,0.0,1.82,-0.09999999999999987,0.24999999999999978,2.41,-0.009999999999999787
2019-07-12,0.002285278994477169,0.0031768219073637916,-0.0008376141913606361,0.00707535740247156,12.93,-0.007674597083653034,-0.026355421686746983,8.880994671423004e-05,0.004012125534950117,2.13,0.06000000000000005,1.85,0.030000000000000027,0.2799999999999998,2.4,-0.020000000000000018
2019-07-13,0.004620138604158219,0.0078116378690546995,0.005883410706642556,0.013000395342608995,12.39,-0.0417633410672853,-0.06701807228915657,-0.000621614421454697,0.003388017118402198,2.12,-0.009999999999999787,1.84,-0.010000000000000009,0.28,2.38,-0.040000000000000036
2019-07-14,0.0,0.012708546850585645,0.0,0.020222739118316735,12.39,0.0,-0.11246418338108888,0.0,0.004104211277658809,2.12,0.0,1.84,0.0,0.28,2.38,-0.03000000000000025
2019-07-15,0.0,0.011457798451485646,0.0,0.014869309020475674,12.39,0.0,-0.12065294535131299,0.0,0.003925066904549412,2.12,0.0,1.84,0.0,0.28,2.38,-0.03000000000000025
2019-07-16,0.00017585947169163063,0.007093051615899348,0.00298241020037171,0.008038312624946364,12.68,0.023405972558514954,-0.026861089792785897,0.0005331437711035836,0.0,2.09,-0.03000000000000025,1.83,-0.010000000000000009,0.2599999999999998,2.4,-0.010000000000000231
2019-07-17,-0.0034037753375577573,0.001376707967905677,-0.005001926714556348,0.0038370069825930386,12.86,0.014195583596214423,-0.005413766434648082,-0.004262877442273494,-0.004351300950182102,2.13,0.040000000000000036,1.87,0.040000000000000036,0.2599999999999998,2.41,0.010000000000000231
2019-07-18,-0.006531204644412147,-0.009738633007827402,-0.004834062479500578,-0.0068586622083682824,13.97,0.0863141524105755,0.1275221953188055,0.0017838030681411876,-0.001954860494046584,2.06,-0.06999999999999984,1.83,-0.040000000000000036,0.22999999999999998,2.41,0.03000000000000025
2019-07-19,0.0035819355184592006,-0.006191580644840156,0.001948341691216271,-0.004923683534678536,13.53,-0.03149606299212604,0.09200968523002406,-0.00035612535612528085,-0.0023102896747821955,2.04,-0.020000000000000018,1.77,-0.06000000000000005,0.27,2.41,0.03000000000000025
2019-07-20,-0.0061767347442999165,-0.012330071637848938,-0.00875871221753699,-0.013639270625084965,14.45,0.06799704360679981,0.16626311541565775,-0.0007125044531527402,-0.0030211480362536403,2.05,0.009999999999999787,1.8,0.030000000000000027,0.24999999999999978,2.41,0.03000000000000025
2019-07-21,0.0,-0.012503732209799945,0.0,-0.016572255561427163,14.45,0.0,0.13958990536277605,0.0,-0.003552397868561097,2.05,0.0,1.8,0.0,0.24999999999999978,2.41,0.010000000000000231
2019-07-22,0.0,-0.009131036870347886,0.0,-0.011628493720260202,14.45,0.0,0.12363919129082435,0.0,0.0007135212272566527,2.05,0.0,1.8,0.0,0.24999999999999978,2.41,0.0
2019-07-23,0.0028287212634507952,0.00020439482378487028,0.00896246282658364,0.0020738366993038326,13.53,-0.06366782006920413,-0.03149606299212604,-0.0005347593582889498,-0.0016025641025640969,2.05,0.0,1.8,0.0,0.24999999999999978,2.4,-0.010000000000000231
2019-07-24,0.006847502370160408,0.0034589714568078467,0.006254174509684907,0.006380208827537093,12.61,-0.0679970436067997,-0.0679970436067997,-0.0051721062957018615,-0.00641254007837555,2.08,0.03000000000000025,1.83,0.030000000000000027,0.25,2.4,-0.010000000000000231
2019-07-25,0.00468811866363672,0.01442916606475153,0.007045015689114198,0.02242530217360783,12.07,-0.04282315622521804,-0.16470588235294115,-0.0013445679455000858,-0.007040998217468841,2.05,-0.03000000000000025,1.83,0.0,0.21999999999999975,2.4,-0.010000000000000231
2019-07-26,-0.00526235610486292,0.009090878549759651,-0.010077896786757634,0.012121405506132943,12.74,0.05550952775476392,-0.11833910034602069,0.0013463782425273685,-0.005704099821747022,2.08,0.03000000000000025,1.86,0.030000000000000027,0.21999999999999997,2.4,-0.010000000000000231
2019-07-27,0.007387629133693174,0.016545667722677848,0.010981264510010913,0.02323577837623958,12.16,-0.04552590266875978,-0.15847750865051902,-0.003137325206166941,-0.008823529411764675,2.08,0.0,1.86,0.0,0.21999999999999997,2.4,-0.010000000000000231
2019-07-28,0.0,0.013678254489904562,0.0,0.014146527819944632,12.16,0.0,-0.10125646711012559,0.0,-0.008293204922418251,2.08,0.0,1.86,0.0,0.21999999999999997,2.4,0.0
2019-07-29,0.0,0.0067842966324735965,0.0,0.007843299943679938,12.16,0.0,-0.03568596352101505,0.0,-0.003137325206166941,2.08,0.0,1.86,0.0,0.21999999999999997,2.4,0.0
2019-07-30,-0.00161606948107329,0.00046695545046282483,-0.00347638441053022,-0.0026864404663821118,12.83,0.05509868421052633,0.06296603148301583,0.0018883193957377475,8.975854950188378e-05,2.06,-0.020000000000000018,1.85,-0.010000000000000009,0.20999999999999996,2.4,0.0
2019-07-31,-0.002578641959370631,0.003166126771582789,-0.004582505119488101,0.002849983669341416,13.94,0.08651597817614953,0.09419152276295129,0.000538502961766163,-0.000717102904266631,2.06,0.0,1.85,0.0,0.20999999999999996,2.39,-0.009999999999999787
2019-08-01,-0.010885509660889747,-0.015030437627649662,-0.013038716273057416,-0.020976805393572384,16.12,0.1563845050215209,0.32565789473684226,-0.0016146393972013007,0.0008092797410303998,2.02,-0.040000000000000036,1.89,0.039999999999999813,0.13000000000000012,2.4,0.0
2019-08-02,-0.008998852495319398,-0.02389403343181784,-0.006068459047138597,-0.026917967556240208,17.87,0.1085607940446649,0.46957236842105265,-0.006109613656783419,-0.005305278302310978,1.9,-0.1200000000000001,1.73,-0.15999999999999992,0.16999999999999993,2.14,-0.2599999999999998
2019-08-03,-0.0072827367651240316,-0.031002756241200857,-0.013888977907103417,-0.04043308240665089,17.61,-0.014549524342473474,0.44819078947368407,0.004519978304104111,-0.0008092797410306218,1.86,-0.039999999999999813,1.72,-0.010000000000000009,0.14000000000000012,2.14,-0.2599999999999998
2019-08-04,0.0,-0.029434254560621098,0.0,-0.03708562187385778,17.61,0.0,0.37256430241621197,0.0,-0.002692514808831592,1.86,0.0,1.72,0.0,0.14000000000000012,2.14,-0.2599999999999998
2019-08-05,0.0,-0.026925042645975283,0.0,-0.032652748139886056,17.61,0.0,0.26327116212338586,0.0,-0.0032292787944026013,1.86,0.0,1.72,0.0,0.14000000000000012,2.14,-0.25
2019-08-06,-0.02977780051499812,-0.04551097511055646,-0.03602199459234612,-0.05517927626968777,24.59,0.3963657013060762,0.5254342431761785,0.007649388048956096,0.0060197663971248705,1.75,-0.1100000000000001,1.59,-0.1299999999999999,0.15999999999999992,2.13,-0.27
2019-08-07,0.013017006826634425,-0.024306260919026546,0.014244122933941394,-0.03587035244803649,20.17,-0.17974786498576645,0.12870733072188023,-8.93096365097712e-05,0.01211354185499891,1.73,-0.020000000000000018,1.6,0.010000000000000009,0.1299999999999999,2.13,-0.010000000000000231
2019-08-08,0.0007668897934256513,-0.016394672669292842,0.004065775688310014,-0.018315827787021677,19.49,-0.03371343579573638,0.10675752413401463,0.0035727045373348254,0.011159107271418334,1.71,-0.020000000000000018,1.59,-0.010000000000000009,0.11999999999999988,2.12,-0.020000000000000018
2019-08-09,0.01876226603513209,0.002059992155658996,0.02289887313126493,0.004163633527454191,16.91,-0.13237557721908666,-0.03975014196479265,-0.002313990744036931,0.008819294456443583,1.72,0.010000000000000009,1.62,0.030000000000000027,0.09999999999999987,2.12,-0.020000000000000018
2019-08-10,-0.006616543400644659,-0.004570181272488538,-0.01016980308951776,-0.006048512895174718,17.97,0.06268480189237136,0.020442930153321992,0.0010704727921500012,0.009899208063355092,1.74,0.020000000000000018,1.63,0.009999999999999787,0.1100000000000001,2.12,-0.020000000000000018
2019-08-11,0.0,0.025981284757130796,0.0,0.03109353276633753,17.97,0.0,-0.269215128100854,0.0,0.002232740912744724,1.74,0.0,1.63,0.0,0.1100000000000001,2.12,-0.009999999999999787
2019-08-12,0.0,0.012797690308386844,0.0,0.01661277541708106,17.97,0.0,-0.10907288051561737,0.0,0.0023222579492676587,1.74,0.0,1.63,0.0,0.1100000000000001,2.12,-0.009999999999999787
2019-08-13,-0.011957583129186489,-7.975089979816996e-05,-0.011062910412527938,0.0012950383347238859,21.09,0.1736227045075125,0.08209338122113907,-0.0008911067545892548,-0.0021359914560341586,1.65,-0.09000000000000008,1.58,-0.04999999999999982,0.06999999999999984,2.12,0.0
2019-08-14,0.014762028608582556,-0.004006003900493216,0.022014949058939193,0.0004297829207891013,17.52,-0.1692745376955903,0.03607332939089303,-0.0026757046022117814,-0.002497769848349596,1.68,0.030000000000000027,1.66,0.07999999999999985,0.020000000000000018,2.12,0.0
2019-08-15,-0.02929276360753441,-0.02674181556541555,-0.030799091632538134,-0.020420414136565923,22.1,0.26141552511415544,0.22982749026154714,-0.0033983187265247405,-0.006950632685795766,1.59,-0.08999999999999986,1.58,-0.07999999999999985,0.010000000000000009,2.12,0.0
2019-08-16,0.002464268112370549,-0.024343446456409734,-0.0006995873235844385,-0.02110571559727814,21.18,-0.041628959276018174,0.1786310517529215,-0.0034099066762383057,-0.010336838353234734,1.52,-0.07000000000000006,1.48,-0.10000000000000009,0.040000000000000036,2.13,0.009999999999999787
2019-08-17,0.014426183452732166,-0.010268446028129485,0.01592808979156657,-0.00551379953886022,18.47,-0.12795089707271012,0.027824151363383454,-0.0013506212857915534,-0.01167349848511856,1.55,0.030000000000000027,1.48,0.0,0.07000000000000006,2.13,0.009999999999999787
2019-08-18,0.0,0.0017095795405288605,0.0,0.005611186932004353,18.47,0.0,-0.12422949265054528,0.0,-0.010792008562254707,1.55,0.0,1.48,0.0,0.07000000000000006,2.13,0.009999999999999787
2019-08-19,0.0,-0.012862571420760638,0.0,-0.016050413100159755,18.47,0.0,0.05422374429223731,0.0,-0.008138079055625247,1.55,0.0,1.48,0.0,0.07000000000000006,2.13,0.009999999999999787
2019-08-20,0.012105875347909967,0.029236780961768627,0.015151017015798018,0.030598934864948912,16.88,-0.08608554412560909,-0.23619909502262448,0.0004508159769180953,-0.004307250538406415,1.6,0.050000000000000044,1.53,0.050000000000000044,0.07000000000000006,2.13,0.009999999999999787
2019-08-21,-0.007914764079147596,0.01858055906728473,-0.0071055481570915235,0.023992336560724414,17.5,0.03672985781990534,-0.17374881964117095,-0.00036049026676276963,-0.0012605798667387758,1.55,-0.050000000000000044,1.5,-0.030000000000000027,0.050000000000000044,2.13,0.0
2019-08-22,0.008246825558263726,0.01237589487239843,0.008969961393286097,0.01697897584332697,15.8,-0.09714285714285709,-0.14455874390904155,0.000540930400288353,0.0006311423676854666,1.59,0.040000000000000036,1.56,0.06000000000000005,0.030000000000000027,2.12,-0.009999999999999787
2019-08-23,-0.0005060815269983809,0.011863550133625056,-0.003334962667556285,0.01358738892519984,16.68,0.05569620253164542,-0.09691391445587438,-0.0008109569291763208,-0.00018032639076726031,1.62,0.030000000000000027,1.61,0.050000000000000044,0.010000000000000009,2.12,-0.009999999999999787
2019-08-24,-0.025946389777450785,-0.014390655939737096,-0.031455361904032975,-0.018295369214806234,19.87,0.19124700239808168,0.07579859231185715,0.005320587970060409,0.005139302136867752,1.52,-0.10000000000000009,1.51,-0.10000000000000009,0.010000000000000009,2.12,-0.009999999999999787
2019-08-25,0.0,-0.026179604261795997,0.0,-0.032947202603338055,19.87,0.0,0.17713270142180115,0.0,0.00468637346791656,1.52,0.0,1.51,0.0,0.010000000000000009,2.12,-0.009999999999999787
2019-08-26,0.0,-0.018410555385087513,0.0,-0.02602658761793064,19.87,0.0,0.13542857142857145,0.0,0.005048683736025961,1.52,0.0,1.51,0.0,0.010000000000000009,2.12,-0.009999999999999787
2019-08-27,0.010983067039910699,-0.015746658323160356,0.014739470515030995,-0.020457196355463836,19.32,-0.02767991947659787,0.22278481012658213,-0.0032292787944026013,0.0012614885564967704,1.54,0.020000000000000018,1.54,0.030000000000000027,0.0,2.12,0.0
2019-08-28,-0.0032031906836484936,-0.018402641167313827,-0.001186795546414543,-0.01834593372888249,20.31,0.05124223602484457,0.21762589928057552,-0.0016198704103671524,0.0004508972855983284,1.49,-0.050000000000000044,1.53,-0.010000000000000009,-0.040000000000000036,2.12,0.0
2019-08-29,0.006545469754213773,0.014340857922595207,0.0028905515838557605,0.01646485795694308,19.35,-0.047267355982274606,-0.026170105686965206,-0.0009013881377319954,-0.005740940078937884,1.47,-0.020000000000000018,1.5,-0.030000000000000027,-0.030000000000000027,2.12,0.0
2019-08-30,0.012687244194824032,0.027210048083846416,0.015077953056840565,0.03179106736914594,17.88,-0.07596899224806208,-0.10015098137896339,-0.002255503428365113,-0.007983494797273005,1.5,0.030000000000000027,1.53,0.030000000000000027,-0.030000000000000027,2.12,0.0
2019-08-31,0.0006428273461489553,0.027870366792993595,-0.0014683906516357315,0.030275995011379786,18.98,0.06152125279642062,-0.04479114242576754,-0.006329686228411346,-0.014262648008611434,1.5,0.0,1.5,-0.030000000000000027,0.0,2.13,0.009999999999999787
2019-09-01,0.0,0.016703840354644006,0.0,0.015310850664420617,18.98,0.0,-0.017598343685300222,0.0,-0.011069114470842356,1.5,0.0,1.5,0.0,0.0,2.13,0.009999999999999787
2019-09-02,0.0,0.019971001965732205,0.0,0.016517248808159746,18.98,0.0,-0.06548498276710968,0.0,-0.009464575446187062,1.5,0.0,1.5,0.0,0.0,2.13,0.009999999999999787
2019-09-03,0.0,0.013338227248488543,0.0,0.013587422079890388,18.98,0.0,-0.019121447028423777,0.0,-0.008570913027787896,1.5,0.0,1.5,0.0,0.0,2.13,0.009999999999999787
2019-09-04,-0.006899120439028739,-0.0062607280361624,-0.010595501235209914,-0.012048333551882506,19.66,0.035827186512118026,0.0995525727069353,-0.0019110019110019083,-0.008228592096934717,1.47,-0.030000000000000027,1.47,-0.030000000000000027,0.0,2.13,0.009999999999999787
2019-09-05,0.010842075925499017,0.003868154698851267,0.01442142792374268,0.0036731244311531963,17.33,-0.11851475076297058,-0.08693361433087476,0.005196936542669617,0.003276003276003303,1.47,0.0,1.43,-0.040000000000000036,0.040000000000000036,2.13,0.0
2019-09-06,0.013009823744460025,0.01692830245415955,0.018562684198594415,0.022303991678585433,16.27,-0.06116560877091737,-0.14278187565858802,0.0011791383219952323,0.004459004459004268,1.57,0.10000000000000009,1.55,0.1200000000000001,0.020000000000000018,2.13,0.0
2019-09-07,0.0009106182795699524,0.017854335955386436,-0.001271853624910002,0.02100377064100889,15.0,-0.07805777504609712,-0.20969441517386722,0.0003623844899440787,0.004823004823004906,1.55,-0.020000000000000018,1.53,-0.020000000000000018,0.020000000000000018,2.12,-0.009999999999999787
2019-09-08,0.0,0.017854335955386436,0.0,0.02100377064100889,15.0,0.0,-0.20969441517386722,0.0,0.004823004823004906,1.55,0.0,1.53,0.0,0.020000000000000018,2.12,-0.009999999999999787
2019-09-09,0.0,0.02492541986807839,0.0,0.0319376674713614,15.0,0.0,-0.23702950152594104,0.0,0.006746900072939432,1.55,0.0,1.53,0.0,0.020000000000000018,2.12,-0.009999999999999787
2019-09-10,-9.400042300200528e-05,0.013836978943283507,-0.002564775219228488,0.014658159795316816,15.27,0.018000000000000016,-0.11886901327178301,0.0012678862524904133,0.0028117913832197416,1.63,0.07999999999999985,1.58,0.050000000000000044,0.04999999999999982,2.13,0.0
2019-09-11,0.00032231746255573235,0.0011391129032256586,-0.0022547367345896463,-0.006079460327069852,15.2,-0.004584151931892655,-0.06576521204671171,-0.0012662807525324338,0.0003623844899440787,1.72,0.09000000000000008,1.67,0.08999999999999986,0.050000000000000044,2.13,0.0
2019-09-12,0.0072296678179091245,0.007459604996793878,0.00932084752659712,0.004462250431070736,14.61,-0.03881578947368425,-0.026000000000000023,-0.003713095453722115,-0.003713095453722115,1.75,0.030000000000000027,1.68,0.010000000000000009,0.07000000000000006,2.13,0.009999999999999787
2019-09-13,0.0028791074766822966,0.01036018947799544,0.0037730203687316166,0.008252106961569083,14.22,-0.026694045174537884,-0.051999999999999935,0.006635760385419465,0.0028980257199782145,1.79,0.040000000000000036,1.72,0.040000000000000036,0.07000000000000006,2.13,0.009999999999999787
2019-09-14,-0.0007243559711188619,0.009628329041766248,-0.003080580093819396,0.005146105591311789,13.74,-0.03375527426160341,-0.08399999999999996,0.0,0.0028980257199782145,1.9,0.10999999999999988,1.79,0.07000000000000006,0.10999999999999988,2.14,0.020000000000000018
2019-09-15,0.0,0.009723243453765962,0.0,0.007730708339717118,13.74,0.0,-0.10019646365422397,0.0,0.001628075253256256,1.9,0.0,1.79,0.0,0.10999999999999988,2.14,0.010000000000000231
2019-09-16,0.0,0.009397896884932866,0.0,0.010008010503228526,13.74,0.0,-0.09605263157894728,0.0,0.0028980257199782145,1.9,0.0,1.79,0.0,0.10999999999999988,2.14,0.010000000000000231
2019-09-17,-0.0031356092824674775,-0.0009896931951094423,-0.005136229166534667,-0.004458908816138751,14.67,0.06768558951965065,0.004106776180698102,-0.0061405093010654666,0.0004545041359875768,1.84,-0.05999999999999983,1.74,-0.050000000000000044,0.10000000000000009,2.25,0.1200000000000001
2019-09-18,0.002581755593803692,-0.001285897985426554,0.004632972552375714,-0.0036060090889111773,14.44,-0.015678254942058656,0.015471167369901506,0.0051789932763948165,-0.0009933176810545952,1.81,-0.030000000000000027,1.72,-0.020000000000000018,0.09000000000000008,2.3,0.16999999999999993
2019-09-19,0.0003426822370828919,-0.0002194593983486648,-2.9155295045213414e-05,-0.000556192551580792,13.95,-0.03393351800554023,0.015283842794759694,-0.00018078278947841753,-0.0011739208957918246,1.8,-0.010000000000000009,1.77,0.050000000000000044,0.030000000000000027,2.25,0.10999999999999988
2019-09-20,1.9955233758972568e-05,-0.00019950854395334172,0.0016771121725638327,0.0011199868236844157,14.05,0.007168458781362075,0.022561863173216956,-0.001356116083536807,-0.0025284450063209896,1.79,-0.010000000000000009,1.74,-0.030000000000000027,0.050000000000000044,1.9,-0.2400000000000002
2019-09-21,-0.004895586322955614,-0.005094118155609895,-0.00990155395169956,-0.008792656737975024,15.32,0.090391459074733,0.11499272197962163,-0.0038022813688213253,-0.006321112515802696,1.74,-0.050000000000000044,1.69,-0.050000000000000044,0.050000000000000044,1.9,-0.2400000000000002
2019-09-22,0.0,-0.001964669308463063,0.0,-0.003675304779042321,15.32,0.0,0.044308111792774385,0.0,-0.00018171906232966606,1.74,0.0,1.69,0.0,0.050000000000000044,1.9,-0.3500000000000001
2019-09-23,0.0,-0.004534717370329622,0.0,-0.008269962820660726,15.32,0.0,0.06094182825484773,0.0,-0.005333092289614094,1.74,0.0,1.69,0.0,0.050000000000000044,1.9,-0.3999999999999999
2019-09-24,-9.69228661094057e-05,-0.004972179078267747,-0.0006314269097789094,-0.00886727108623131,14.91,-0.026762402088772896,0.0688172043010753,-0.0011813885859688344,-0.0063285417231716545,1.72,-0.020000000000000018,1.68,-0.010000000000000009,0.040000000000000036,1.9,-0.3500000000000001
2019-09-25,-0.00841639425358831,-0.013366414016276473,-0.013886099958944076,-0.02426665350509194,17.05,0.14352783366867872,0.21352313167259784,0.0007278682558458094,-0.004254933912728576,1.64,-0.08000000000000007,1.6,-0.07999999999999985,0.039999999999999813,1.9,0.0
2019-09-26,0.006158565361019441,-0.0024063608137511183,0.012127044736473414,-0.0025576624422417593,15.96,-0.06392961876832848,0.04177545691906004,-0.004545867806164283,-0.004998182479098556,1.73,0.09000000000000008,1.68,0.07999999999999985,0.050000000000000044,1.9,0.0
2019-09-27,-0.0024289165022262083,-0.004829432466486483,-0.004043036878134787,-0.006590358596800683,16.07,0.006892230576441172,0.048955613577023493,-0.0010046579596308947,-0.005997818974918134,1.7,-0.030000000000000027,1.66,-0.020000000000000018,0.040000000000000036,1.85,-0.04999999999999982
2019-09-28,-0.005316326462073695,-0.010120084088941828,-0.01163279932166661,-0.018146493599452973,17.22,0.07156191661481004,0.12402088772845943,0.0003656975681112229,-0.005634314794620177,1.69,-0.010000000000000009,1.63,-0.030000000000000027,0.06000000000000005,1.83,-0.06999999999999984
2019-09-29,0.0,-0.01002413279051273,0.0,-0.017526133161776758,17.22,0.0,0.15492957746478875,0.0,-0.00445819306705475,1.69,0.0,1.63,0.0,0.06000000000000005,1.83,-0.06999999999999984
2019-09-30,0.0,-0.0016213847502191125,0.0,-0.003691290836363992,17.22,0.0,0.009970674486803333,0.0,-0.0051822892990271985,1.69,0.0,1.63,0.0,0.06000000000000005,1.83,-0.06999999999999984
2019-10-01,0.005047623227845355,-0.0027237367121516476,0.008835421879352934,-0.006931469563813408,16.24,-0.05691056910569103,0.01754385964912264,-0.003381465911168058,-0.004018631838524023,1.68,-0.010000000000000009,1.63,0.0,0.050000000000000044,1.9,0.0
2019-10-02,-0.012258376613342059,-0.012550291843821504,-0.008427694868668012,-0.011303411352819426,18.56,0.1428571428571428,0.15494710640945852,0.002475928473177458,-0.0005485463521669454,1.65,-0.030000000000000027,1.56,-0.06999999999999984,0.08999999999999986,1.88,0.029999999999999805
2019-10-03,-0.01790323952044892,-0.025045664952613067,-0.017353926399050534,-0.01702644508030904,20.56,0.10775862068965525,0.19396051103368173,0.0017380168313207989,0.000822518735148936,1.6,-0.04999999999999982,1.48,-0.08000000000000007,0.1200000000000001,1.85,0.020000000000000018
2019-10-04,0.007971990677411389,-0.017273338082713474,0.011601435081627365,-0.005622541195951847,19.12,-0.07003891050583644,0.11033681765389103,0.003652634462606219,0.004478157558033269,1.54,-0.06000000000000005,1.39,-0.09000000000000008,0.15000000000000013,1.83,0.0
2019-10-05,0.014216853396000317,-0.0033020572018946925,0.0151484802425641,0.009440766092392527,17.04,-0.10878661087866115,-0.010452961672473893,-0.0015467200436721784,0.0029245110583073775,1.52,-0.020000000000000018,1.4,0.010000000000000009,0.1200000000000001,1.82,-0.010000000000000009
2019-10-06,0.0,-0.00830774605776774,0.0,0.000600042583667193,17.04,0.0,0.049261083743842304,0.0,0.006327372764786787,1.52,0.0,1.4,0.0,0.1200000000000001,1.82,-0.07999999999999985
2019-10-07,0.0,0.003999659892866436,0.0,0.009104467123191462,17.04,0.0,-0.0818965517241379,0.0,0.0038419319429199295,1.52,0.0,1.4,0.0,0.1200000000000001,1.82,-0.05999999999999983
2019-10-08,-0.004478304612789308,0.01772400012467057,-0.003736088005055427,0.023088974796014794,17.86,0.0481220657276995,-0.13132295719844356,0.0009112447603427665,0.0030134234316501196,1.56,0.040000000000000036,1.46,0.06000000000000005,0.10000000000000009,1.82,-0.030000000000000027
2019-10-09,-0.015560826054260457,-0.006036493817489719,-0.015645044161069044,-0.004466909911643668,20.28,0.1354983202687572,0.060669456066945626,-0.0031864530225783616,-0.003821308343189833,1.54,-0.020000000000000018,1.42,-0.040000000000000036,0.1200000000000001,1.82,-0.010000000000000009
2019-10-10,0.009104546742895181,-0.011046710546373517,0.01134362667290878,-0.008198243509885184,18.64,-0.0808678500986193,0.0938967136150235,0.0026486437117545503,0.0003644979041372842,1.59,0.050000000000000044,1.47,0.050000000000000044,0.1200000000000001,1.82,0.0
2019-10-11,0.00641570185654583,-0.004701881091188742,0.006479397388736485,-0.0017719657987388393,17.57,-0.05740343347639487,0.031103286384976503,0.0036436509382398174,0.004009476945507462,1.67,0.07999999999999985,1.53,0.06000000000000005,0.1399999999999999,1.82,0.0
2019-10-12,0.010938930544257763,0.006185615902384978,0.01337276302394197,0.011577101146490243,15.58,-0.11326124075128063,-0.08568075117370888,0.001905972045743498,0.005923090942227205,1.76,0.09000000000000008,1.63,0.09999999999999987,0.13000000000000012,1.82,0.0
2019-10-13,0.0,0.010711891628867765,0.0,0.015370615122334508,15.58,0.0,-0.12765957446808507,0.0,0.005007283321194489,1.76,0.0,1.63,0.0,0.13000000000000012,1.82,0.0
2019-10-14,0.0,0.026688005088038258,0.0,0.03150861292405449,15.58,0.0,-0.23175542406311644,0.0,0.008219928760617501,1.76,0.0,1.63,0.0,0.13000000000000012,1.82,0.0
2019-10-15,-0.001387079289088211,0.01601356443104751,-0.00019633165771482108,0.019738561581581493,14.57,-0.06482670089858789,-0.2183476394849786,0.0,0.005556567680816249,1.76,0.0,1.63,0.0,0.13000000000000012,1.82,0.0
2019-10-16,0.009955666436289423,0.019587288513442047,0.012817619253461698,0.026160281950710296,13.54,-0.07069320521619771,-0.22936824132043265,-0.00027176374671633585,0.0016336903249227763,1.77,0.010000000000000009,1.61,-0.019999999999999796,0.15999999999999992,1.9,0.07999999999999985
2019-10-17,-0.0019995460129251796,0.006538126163614821,-0.0028503622755057245,0.009732440746723192,13.68,0.010339734121122657,-0.12195121951219512,0.0035338890902500975,0.003261164960594032,1.75,-0.020000000000000018,1.58,-0.030000000000000027,0.16999999999999993,1.9,0.07999999999999985
2019-10-18,0.002762828253096483,0.009319018136398238,0.002768865977038626,0.012528254547818918,13.79,0.008040935672514626,-0.11489088575096285,0.004875846501128711,0.008152912401485635,1.76,0.010000000000000009,1.6,0.020000000000000018,0.15999999999999992,1.85,0.030000000000000027
2019-10-19,-0.003919344885671916,0.005363148804654161,-0.00927331928170505,0.0031387567616494305,14.25,0.033357505438723845,-0.08536585365853655,0.0023362386557641557,0.010508198206359065,1.76,0.0,1.58,-0.020000000000000018,0.17999999999999994,1.85,0.030000000000000027
2019-10-20,0.0,0.006759604200731406,0.0,0.0033357433313823126,14.25,0.0,-0.021962937542896355,0.0,0.010508198206359065,1.76,0.0,1.58,0.0,0.17999999999999994,1.85,0.030000000000000027
2019-10-21,0.0,-0.0031645569620253333,0.0,-0.009361878922553024,14.25,0.0,0.052437223042836045,0.0,0.010782892352301676,1.76,0.0,1.58,0.0,0.17999999999999994,1.85,-0.04999999999999982
2019-10-22,0.006871609403255041,0.005696242754265501,0.009130087221309369,0.002540336682991917,14.0,-0.01754385964912286,0.023391812865497075,-0.0008964589870011919,0.006320541760722387,1.8,0.040000000000000036,1.62,0.040000000000000036,0.17999999999999994,1.85,-0.04999999999999982
2019-10-23,-0.0035686728395061262,-0.0006537800830567209,-0.00827547469689549,-0.008501487004761943,14.46,0.03285714285714292,0.048585931834662865,-0.0006280843427547422,0.000808697996226071,1.78,-0.020000000000000018,1.6,-0.020000000000000018,0.17999999999999994,1.85,0.0
2019-10-24,0.002847139009142241,0.006134887147545509,0.0018858052833026218,0.0026663311512120647,14.01,-0.03112033195020758,-0.01684210526315788,-0.0017956545160711102,-0.003316898251904954,1.77,-0.010000000000000009,1.58,-0.020000000000000018,0.18999999999999995,1.85,0.0
2019-10-25,0.001920439870594981,0.008067108700020142,0.00979153225755347,0.012483970876241868,13.71,-0.021413276231263323,-0.0378947368421052,-0.0017988846914912537,-0.005109816225907671,1.77,0.0,1.58,0.0,0.18999999999999995,1.85,0.0
2019-10-26,0.004072697314876805,0.012172660906838217,0.007845135764781519,0.020427045087431095,12.65,-0.07731582786287383,-0.11228070175438598,-0.0015318075328886183,-0.006633796503809797,1.8,0.030000000000000027,1.63,0.04999999999999982,0.17000000000000015,1.83,-0.020000000000000018
2019-10-27,0.0,0.005264873350361965,0.0,0.011194748832857204,12.65,0.0,-0.09642857142857142,0.0,-0.005742485419470533,1.8,0.0,1.63,0.0,0.17000000000000015,1.83,-0.020000000000000018
2019-10-28,0.0,0.008865183128114795,0.0,0.0196326933871096,12.65,0.0,-0.1251728907330567,0.0,-0.005117615370802464,1.8,0.0,1.63,0.0,0.17000000000000015,1.83,-0.020000000000000018
2019-10-29,0.00558137996062924,0.011615832146232963,0.010144198315652053,0.028037371331661065,13.11,0.036363636363636376,-0.06423982869379019,0.0011731793159461823,-0.0021586616297895045,1.85,0.050000000000000044,1.64,0.010000000000000009,0.2100000000000002,1.83,-0.020000000000000018
2019-10-30,-0.0008323956544341593,0.008836357958867724,-0.007787272814699597,0.010140936294987135,13.2,0.006864988558352492,-0.03719912472647713,0.002073192716783856,0.001712020183816998,1.84,-0.010000000000000009,1.64,0.0,0.20000000000000018,1.82,-0.030000000000000027
2019-10-31,0.0032533282404039188,0.008013101520239374,0.004423728581884223,0.006711735386500717,12.33,-0.0659090909090908,-0.02529644268774711,0.0005397139516056804,0.0037902716361339905,1.78,-0.06000000000000005,1.61,-0.029999999999999805,0.16999999999999993,1.82,-0.010000000000000009
2019-11-01,-0.0030228734036372717,0.00496600552513593,8.907462597940174e-05,0.006801407857799369,13.22,0.0721816707218168,0.04505928853754937,0.002876921693787615,0.006678097644616798,1.69,-0.09000000000000008,1.52,-0.09000000000000008,0.16999999999999993,1.58,-0.25
2019-11-02,0.009662360578885698,0.014676349440042147,0.009567247208315921,0.016433725816455302,12.3,-0.06959152798789714,-0.02766798418972327,0.0012550425818018685,0.007941521523328054,1.73,0.040000000000000036,1.56,0.040000000000000036,0.16999999999999993,1.57,-0.26
2019-11-03,0.0,0.009044488751143165,0.0,0.006226366009219886,12.3,0.0,-0.06178489702517154,0.0,0.006760411032990854,1.73,0.0,1.56,0.0,0.16999999999999993,1.57,-0.26
2019-11-04,0.0,0.009885112730457779,0.0,0.014123623331937507,12.3,0.0,-0.06818181818181812,0.0,0.0046775209139156,1.73,0.0,1.56,0.0,0.16999999999999993,1.57,-0.25
2019-11-05,0.00370405391746087,0.010338817830029878,0.006064081498118545,0.015779817421759823,12.83,0.04308943089430883,0.04055150040551503,-0.002238338257677497,0.0018879798615480947,1.79,0.06000000000000005,1.6,0.040000000000000036,0.18999999999999995,1.56,-0.26
2019-11-06,-0.001185730946278274,0.01220058204611596,-5.8460586603192866e-05,0.015629967478286932,13.1,0.02104442712392829,-0.00907715582450841,-0.006640344580043145,-0.007619901389511408,1.86,0.07000000000000006,1.63,0.029999999999999805,0.2300000000000002,1.56,-0.020000000000000018
2019-11-07,0.0007025258405917167,0.0032182229018784536,-0.0017234701309837286,0.004271446373498078,12.62,-0.036641221374045796,0.0260162601626015,0.0005420054200542257,-0.008326618318560408,1.81,-0.050000000000000044,1.61,-0.019999999999999796,0.19999999999999996,1.55,-0.020000000000000018
2019-11-08,0.0027301269509030224,0.005957136009860031,0.002881883058017065,0.007165639240451993,12.73,0.008716323296355188,0.03495934959349589,-0.0027988443481400394,-0.011102157758080322,1.92,0.10999999999999988,1.68,0.06999999999999984,0.24,1.55,-0.020000000000000018
2019-11-09,0.002560628553277322,0.008533018575699991,0.004408946852968221,0.011606179015998919,12.07,-0.05184603299293011,-0.0186991869918699,-0.0023540063377093245,-0.01343002954606487,1.94,0.020000000000000018,1.68,0.0,0.26,1.55,-0.020000000000000018
2019-11-10,0.0,0.0048111439217481955,0.0,0.005508692358470624,12.07,0.0,-0.059236165237724014,0.0,-0.01121679827709976,1.94,0.0,1.68,0.0,0.26,1.55,-0.010000000000000009
2019-11-11,0.0,0.006003993989501133,0.0,0.005567478423128325,12.07,0.0,-0.07862595419847329,0.0,-0.004607046070460585,1.94,0.0,1.68,0.0,0.26,1.55,-0.010000000000000009
2019-11-12,-0.001962445200253349,0.0033249046080643385,-0.0016933365149002233,0.005597832121160939,12.69,0.05136702568351281,0.005546751188589605,0.0,-0.005146262188515549,1.94,0.0,1.68,0.0,0.26,1.55,0.0
2019-11-13,0.001564620781921544,0.002158707109471747,0.0026547244510073398,0.005370058335817385,12.68,-0.0007880220646178104,-0.00392772977219169,-0.00018150467374555834,-0.002535083748302469,1.92,-0.020000000000000018,1.66,-0.020000000000000018,0.26,1.55,0.0
2019-11-14,0.0007115504036430131,0.0003103702458391311,-0.00048161920861988783,0.00047481252778314165,13.0,0.025236593059936974,0.07705053852526933,-0.0011799945538711887,-0.0013612850530901888,1.88,-0.040000000000000036,1.63,-0.030000000000000027,0.25,1.55,0.0
2019-11-15,0.0008370932502488326,0.0011477233049259628,-0.00023971495712360458,0.0002349837509947328,13.05,0.0038461538461538325,0.08119304059652044,0.0010905125408942062,-0.000272257010618171,1.82,-0.05999999999999983,1.58,-0.04999999999999982,0.24,1.55,0.0
2019-11-16,0.007695462486638771,0.00885201805320257,0.006986096831734345,0.007222722201967402,12.05,-0.07662835249042144,-0.001657000828500399,0.002723311546841023,0.0024503130955622066,1.84,0.020000000000000018,1.61,0.030000000000000027,0.22999999999999998,1.55,0.0
2019-11-17,0.0,0.010835727775420079,0.0,0.008931182213831601,12.05,0.0,-0.05043341213553976,0.0,0.0024503130955622066,1.84,0.0,1.61,0.0,0.22999999999999998,1.55,0.0
2019-11-18,0.0,0.0092566238873939,0.0,0.006259839613542928,12.05,0.0,-0.0496845425867507,0.0,0.002632295543251395,1.84,0.0,1.61,0.0,0.22999999999999998,1.55,0.0
2019-11-19,0.0005031309486422941,0.00904642473917594,0.001558531516970607,0.00831375055842698,12.46,0.03402489626556027,-0.041538461538461524,0.002987506789788208,0.0068157033805889,1.81,-0.030000000000000027,1.6,-0.010000000000000009,0.20999999999999996,1.55,0.0
2019-11-20,-0.000592563172038818,0.007605041609749952,0.0012319174687338563,0.00979797355963985,12.86,0.0321027287319422,-0.014559386973180155,-0.00036104341547082974,0.005355846042120582,1.79,-0.020000000000000018,1.6,0.0,0.18999999999999995,1.55,0.0
2019-11-21,-0.0037561935529359936,-0.0038455868686027017,-0.006594521474467374,-0.003820566843685147,12.78,-0.0062208398133748455,0.060580912863070324,-0.0010835214446951458,0.0015390186492847402,1.73,-0.06000000000000005,1.56,-0.040000000000000036,0.16999999999999993,1.55,0.0
2019-11-22,-0.0015827773238195064,-0.005422277484729787,-0.0021886223027010043,-0.006000827368582984,13.13,0.027386541471048576,0.08962655601659741,0.00036156557895683505,0.0019011406844107182,1.77,0.040000000000000036,1.6,0.040000000000000036,0.16999999999999993,1.55,0.0
2019-11-23,0.0021749357185665286,-0.003259134871140823,0.000777921075490795,-0.0052275744631725685,12.34,-0.06016755521706019,0.02406639004149369,-0.003433631517122948,-0.0015390186492848512,1.77,0.0,1.61,0.010000000000000009,0.15999999999999992,1.55,0.0
2019-11-24,0.0,-0.0037603738593159353,0.0,-0.006775546078035877,12.34,0.0,-0.009630818619582704,0.0,-0.0045130426933839285,1.77,0.0,1.61,0.0,0.15999999999999992,1.55,0.0
2019-11-25,0.0,-0.0031696889282027962,0.0,-0.007997611149886064,12.34,0.0,-0.04043545878693622,0.0,-0.004153498871331762,1.77,0.0,1.61,0.0,0.15999999999999992,1.55,0.0
2019-11-26,0.007507338543994324,0.008100474189791651,0.012074395101577151,0.01064493737739558,11.87,-0.038087520259319385,-0.07120500782472616,-0.0018134010336385842,-0.004881135315917939,1.76,-0.010000000000000009,1.61,0.0,0.1499999999999999,1.55,0.0
2019-11-27,0.0021955297992111156,0.011915425610754093,0.0016507543660779778,0.014533694992027169,11.54,-0.02780117944397642,-0.12109672505712121,0.0002725043146516448,-0.004969729827414837,1.74,-0.020000000000000018,1.58,-0.030000000000000027,0.15999999999999992,1.55,0.0
2019-11-28,0.00417446792250975,0.013934391969880666,0.007030975166204545,0.02087269781976664,11.75,0.018197573656845822,-0.047811993517017815,-0.0009081002542680183,-0.002448091395412022,1.77,0.030000000000000027,1.63,0.04999999999999982,0.14000000000000012,1.55,0.0
2019-11-29,0.0,0.013934391969880666,0.0,0.02087269781976664,11.75,0.0,-0.047811993517017815,0.0,-0.002448091395412022,1.77,0.0,1.63,0.0,0.14000000000000012,1.55,0.0
2019-11-30,-0.004011250527170329,0.009867247105575405,-0.004858662997308194,0.015912621417907502,12.62,0.07404255319148922,0.02269043760129663,0.0015451736047991105,-0.0009067005168191811,1.78,0.010000000000000009,1.61,-0.019999999999999796,0.16999999999999993,1.56,0.010000000000000009
2019-12-01,0.0,0.002342323942763125,0.0,0.003792434958247437,12.62,0.0,0.06318449873630994,0.0,0.0009083477155056308,1.78,0.0,1.61,0.0,0.16999999999999993,1.56,0.010000000000000009
2019-12-02,0.0,0.00014647255868460718,0.0,0.0021381510300211293,12.62,0.0,0.09358752166377826,0.0,0.0006356701779877127,1.78,0.0,1.61,0.0,0.16999999999999993,1.56,0.010000000000000009
2019-12-03,-0.008631064190157245,-0.012607693356544769,-0.011235553947794297,-0.016039627174882165,14.91,0.18145800316957228,0.26893617021276595,0.005082130864869638,0.006635157244137213,1.83,0.050000000000000044,1.61,0.0,0.21999999999999997,1.56,0.010000000000000009
2019-12-04,-0.006638042050567283,-0.019162045008450646,-0.006561354440708378,-0.022495739936599257,15.96,0.07042253521126773,0.35829787234042554,0.0012641083521445218,0.007907653153971905,1.72,-0.1100000000000001,1.53,-0.08000000000000007,0.18999999999999995,1.55,0.0
2019-12-05,0.006323548428811776,-0.008984457080274288,0.0050625458827293635,-0.012750366506102062,14.8,-0.07268170426065168,0.1727416798732173,-0.0011723329425558093,0.005172883201742362,1.77,0.050000000000000044,1.58,0.050000000000000044,0.18999999999999995,1.55,-0.010000000000000009
2019-12-06,0.001500276282141666,-0.007497659965997938,0.001430718625738514,-0.011337890067208756,14.52,-0.018918918918918948,0.1505546751188589,0.002527988443481455,0.007713948634177292,1.8,0.030000000000000027,1.58,0.0,0.21999999999999997,1.55,-0.010000000000000009
2019-12-07,0.009135730393304842,0.0015695738272767379,0.010708439651437196,-0.0007508615273308372,13.62,-0.06198347107438018,0.07923930269413626,-0.004682997118155674,0.0029948271167981044,1.84,0.040000000000000036,1.61,0.030000000000000027,0.22999999999999998,1.55,-0.010000000000000009
2019-12-08,0.0,0.010289446894057974,0.0,0.010603832350895237,13.62,0.0,-0.08651911468812878,0.0,-0.0020767494356659366,1.84,0.0,1.61,0.0,0.22999999999999998,1.55,-0.010000000000000009
2019-12-09,0.0,0.017040605198499925,0.0,0.01727855753179397,13.62,0.0,-0.14661654135338353,0.0,-0.003336639913427808,1.84,0.0,1.61,0.0,0.22999999999999998,1.55,0.0
2019-12-10,-0.00316283682622831,0.007453192665030306,-0.00412391022427272,0.007980444836576117,15.86,0.16446402349486045,0.07162162162162145,0.001357220412595117,-0.0008125677139760867,1.83,-0.010000000000000009,1.63,0.019999999999999796,0.20000000000000018,1.55,0.0
2019-12-11,-0.0010969527672547441,0.004840525689430164,-0.0010104343791627057,0.005523325790766087,15.68,-0.011349306431273631,0.07988980716253447,0.0020782506551006996,-0.0012608069164266045,1.85,0.020000000000000018,1.65,0.020000000000000018,0.20000000000000018,1.55,0.0
2019-12-12,0.0029082017034209873,-0.00136049664484994,0.005783854762044349,0.0006240048967711687,14.99,-0.04400510204081631,0.10058737151248165,0.00018034265103694658,0.0036192544335866828,1.79,-0.06000000000000005,1.61,-0.039999999999999813,0.17999999999999994,1.55,0.0
2019-12-13,0.008575166394515055,0.007203003264556251,0.007650003986856335,0.008278782523575723,13.94,-0.07004669779853245,0.023494860499265746,0.0020735665344391307,0.005700325732898914,1.9,0.10999999999999988,1.66,0.04999999999999982,0.24,1.55,0.0
2019-12-14,7.258794976916505e-05,0.0072761140655646095,0.002458990254981419,0.010758130224105766,12.63,-0.09397417503586791,-0.07268722466960342,0.0011695906432749315,0.006876583423814697,1.82,-0.07999999999999985,1.61,-0.04999999999999982,0.20999999999999996,1.55,0.0
2019-12-15,0.0,0.010472072347861516,0.0,0.014943666788636234,12.63,0.0,-0.20365699873896592,0.0,0.005511882172223759,1.82,0.0,1.61,0.0,0.20999999999999996,1.55,0.0
2019-12-16,0.0,0.011581729725588463,0.0,0.01597023804536324,12.63,0.0,-0.19451530612244894,0.0,0.003426510369702429,1.82,0.0,1.61,0.0,0.20999999999999996,1.55,0.0
2019-12-17,0.007147816208028068,0.01585801001390985,0.009734074326290587,0.019960464665145672,12.14,-0.03879651623119562,-0.19012675116744493,0.0009884974838245686,0.004237288135593209,1.89,0.06999999999999984,1.65,0.039999999999999813,0.24,1.56,0.010000000000000009
2019-12-18,0.00033527080167328194,0.007558614769438421,0.0006265803067093678,0.012851235813858608,12.29,0.012355848434925765,-0.11836441893830707,0.000807971990304468,0.0029689608636978004,1.89,0.0,1.63,-0.020000000000000018,0.26,1.55,0.0
2019-12-19,-0.000432260408705365,0.007049987376924971,0.0005737140991406431,0.01094641546424202,12.58,0.02359641985353944,-0.003958828186856778,-0.0031395766056692143,-0.0013479511143063005,1.92,0.030000000000000027,1.63,0.0,0.29000000000000004,1.55,0.0
2019-12-20,0.004459221469443442,0.011540646301438917,0.007070584643067868,0.018094397664387918,12.5,-0.006359300476947549,-0.010292953285827466,0.0013497705390084214,0.0,1.92,0.0,1.62,-0.009999999999999787,0.2999999999999998,1.55,0.0
2019-12-21,0.0049448269622538454,0.01654253976268616,0.004304912808156924,0.0224772052768063,12.51,0.0007999999999999119,-0.009501187648456089,-0.004672897196261738,-0.004672897196261738,1.92,0.0,1.63,0.009999999999999787,0.29000000000000004,1.55,0.0
2019-12-22,0.0,0.009328048379263265,0.0,0.012620284166420692,12.51,0.0,0.030477759472817167,0.0,-0.005655803932130277,1.92,0.0,1.63,0.0,0.29000000000000004,1.55,-0.010000000000000009
2019-12-23,0.0,0.008989763572350373,0.0,0.011986193546882351,12.51,0.0,0.017900732302685185,0.0,-0.006458557588805203,1.92,0.0,1.63,0.0,0.29000000000000004,1.55,0.0
2019-12-24,0.0008661314657181229,0.010300394216486985,0.0020187843737793365,0.013447746200157873,12.61,0.007993605115907298,0.0023847376788552754,0.0013542795232937,-0.001979663457212233,1.93,0.010000000000000009,1.64,0.010000000000000009,0.29000000000000004,1.55,0.0
2019-12-25,-0.0001954088231737039,0.005618696125564426,0.0004024834378064668,0.006737419991690974,12.67,0.004758128469468659,0.013600000000000056,-0.0006311423676854666,-0.003953989935298274,1.9,-0.030000000000000027,1.62,-0.019999999999999796,0.2799999999999998,1.55,0.0
2019-12-26,0.0,0.0006705533928139662,0.0,0.0024220803388608214,12.67,0.0,0.012789768185451633,0.0,0.0007222824124233362,1.9,0.0,1.62,0.0,0.2799999999999998,1.55,0.0
2019-12-27,0.005128157399996169,0.005802149496153541,0.00905798142654013,0.01150200092412379,12.65,-0.0015785319652722452,0.011191047162270262,0.0016239624684228904,0.0023474178403757318,1.9,0.0,1.64,0.019999999999999796,0.26,1.55,0.0
2019-12-28,3.395156038288327e-05,0.005836298048565558,-0.0008350126618904552,0.010657383945824606,13.43,0.061660079051383265,0.07354116706634684,0.006485317960727599,0.00884795955218487,1.88,-0.020000000000000018,1.59,-0.04999999999999982,0.2899999999999998,1.55,0.0
2019-12-29,0.0,0.0049658654904916055,0.0,0.008621195237815904,13.43,0.0,0.06502775574940522,0.0,0.007483545216842469,1.88,0.0,1.59,0.0,0.2899999999999998,1.55,0.0
2019-12-30,0.0,0.005162283069324758,0.0,0.008215405235467266,13.43,0.0,0.059984214680347314,0.0,0.008119812342114674,1.88,0.0,1.59,0.0,0.2899999999999998,1.55,0.0
2019-12-31,-0.005780828513404224,-0.0006483877172409613,-0.006983256146975592,0.0011747788093812161,14.82,0.10349962769918108,0.16969218626677196,0.003848219080007098,0.0119992782389029,1.9,0.020000000000000018,1.58,-0.010000000000000009,0.31999999999999984,1.55,0.0
2020-01-01,0.002946024729223451,-0.002817979511776425,0.002679761599957864,-0.0051536115721591,13.78,-0.07017543859649134,0.08932806324110665,0.0008915039671928415,0.011259232570707933,1.92,0.020000000000000018,1.58,0.0,0.33999999999999986,1.55,0.0
2020-01-02,0.0,-0.0028518342479366687,0.0,-0.004322208008683215,13.78,0.0,0.026061057334326065,0.0,0.004743153749776408,1.92,0.0,1.58,0.0,0.33999999999999986,1.55,0.0
2020-01-03,0.008378781594537532,0.0055030524502934774,0.01593368655009053,0.011542609833792739,12.47,-0.09506531204644408,-0.07148175725986594,-0.005433330364300382,-0.0007159477358151811,1.88,-0.040000000000000036,1.58,0.0,0.2999999999999998,1.55,0.0
2020-01-04,-0.007059870773669763,-0.001595669162536062,-0.008827553870395466,0.00261316295328462,14.02,0.12429831595829977,0.04393149664929252,0.0006269030986922886,-8.949346697695315e-05,1.8,-0.07999999999999985,1.53,-0.050000000000000044,0.27,1.55,0.0
2020-01-05,0.0,0.004209493712146406,0.0,0.009663904621612929,14.02,0.0,-0.053981106612685625,0.0,-0.003922617455647592,1.8,0.0,1.53,0.0,0.27,1.55,0.0
2020-01-06,0.0,0.0012597577055695197,0.0,0.006965477203320303,14.02,0.0,0.01741654571843254,0.0,-0.0048098334372495,1.8,0.0,1.53,0.0,0.27,1.55,0.0
2020-01-07,0.0035333941295578875,0.0047976030556089455,0.006211123619781933,0.013219864263082748,13.85,-0.012125534950071293,0.005079825834542806,0.001253020674841121,-0.0035628395831477366,1.81,0.010000000000000009,1.54,0.010000000000000009,0.27,1.55,0.0
2020-01-08,-0.0028032085956850583,-0.0063446751692066705,-0.00023393742682387142,-0.0029045717982645325,13.79,-0.0043321299638989785,0.10585404971932633,-0.004380084026101794,-0.0025076123947699314,1.83,0.020000000000000018,1.54,0.0,0.29000000000000004,1.55,0.0
2020-01-09,0.0049024150649641385,0.005626226872961659,0.007451576621130496,0.013471838433459782,13.45,-0.024655547498187103,-0.040656205420827374,-0.0018854372418746213,-0.005012082699364595,1.87,0.040000000000000036,1.58,0.040000000000000036,0.29000000000000004,1.55,0.0
2020-01-10,0.006655292725288531,0.012318963785028725,0.00866885014872576,0.022257473930792804,12.54,-0.06765799256505578,-0.10556348074179744,-0.0009894755779435993,-0.005996598943882492,1.85,-0.020000000000000018,1.58,0.0,0.27,1.55,0.0
2020-01-11,-0.0028552233792408233,0.009428567012380817,-0.0025573911273322203,0.019643161737113113,12.56,0.0015948963317384823,-0.10413694721825961,0.0011705384476861092,-0.004833079745815705,1.83,-0.020000000000000018,1.56,-0.020000000000000018,0.27,1.54,-0.010000000000000009
2020-01-12,0.0,0.00587441625491314,0.0,0.01334912505142083,12.56,0.0,-0.0931407942238267,0.0,-0.006078483954590097,1.83,0.0,1.56,0.0,0.27,1.54,-0.010000000000000009
2020-01-13,0.0,0.008702018423442759,0.0,0.013586240808459715,12.56,0.0,-0.08919506889050022,0.0,-0.001705871790267377,1.83,0.0,1.56,0.0,0.27,1.54,-0.010000000000000009
2020-01-14,0.006976281256220629,0.010783726041714736,0.01159966274992641,0.01775958583407089,12.32,-0.019108280254777066,-0.08401486988847573,0.0017087867613991836,0.0018889988306196592,1.85,0.020000000000000018,1.58,0.020000000000000018,0.27,1.54,-0.010000000000000009
2020-01-15,-0.0015145386587512855,0.0025803890432711807,-0.004104446759603753,0.004871168223831379,12.39,0.005681818181818121,-0.011961722488038173,-0.0007182618064283108,0.002160994057266219,1.82,-0.030000000000000027,1.58,0.0,0.24,1.54,-0.010000000000000009
2020-01-16,0.001870155186330269,0.007331526482612816,0.0002490751011245962,0.007698535906426551,12.42,0.002421307506053294,-0.011146496815286677,0.0026954177897575704,0.003687381958809244,1.79,-0.030000000000000027,1.56,-0.020000000000000018,0.22999999999999998,1.54,0.0
2020-01-17,0.00836654718799501,0.015759413232884656,0.009886372565620416,0.017661019066227857,12.32,-0.00805152979066015,-0.019108280254777066,-0.0025985663082438437,0.0010792337440415078,1.81,0.020000000000000018,1.58,0.020000000000000018,0.22999999999999998,1.54,0.0
2020-01-18,0.003862144651035182,0.01968242301744061,0.005340273972602727,0.023095607719279432,12.1,-0.017857142857142905,-0.0366242038216561,-0.0034138891384422054,-0.0023383397787571925,1.84,0.030000000000000027,1.58,0.0,0.26,1.55,0.010000000000000009
2020-01-19,0.0,0.012618114247307632,0.0,0.011364124952456534,12.1,0.0,-0.017857142857142905,0.0,-0.004040222661159998,1.84,0.0,1.58,0.0,0.26,1.55,0.010000000000000009
2020-01-20,0.0,0.014154089822274285,0.0,0.015532323306123308,12.1,0.0,-0.023405972558514954,0.0,-0.003324348607367522,1.84,0.0,1.58,0.0,0.26,1.55,0.010000000000000009
2020-01-21,0.0,0.012261004654499974,0.0,0.015279442476318739,12.1,0.0,-0.025764895330112725,0.0,-0.006003584229390846,1.84,0.0,1.58,0.0,0.26,1.55,0.010000000000000009
2020-01-22,-0.002651954277064661,0.0011999481429445513,-0.0007739490915908975,0.004562191780821845,12.85,0.06198347107438007,0.04301948051948057,0.0002704408185341123,-0.003144371574881011,1.78,-0.06000000000000005,1.53,-0.050000000000000044,0.25,1.55,0.010000000000000009
2020-01-23,0.0002890878375325645,-0.002363633087259176,0.002393464119311073,0.0016176626083392875,12.91,0.0046692607003890885,0.06694214876033056,-0.0009913482335975887,-0.0007211755160911881,1.77,-0.010000000000000009,1.53,0.0,0.24,1.55,0.0
2020-01-24,0.0011409648528637462,-0.0012253650566731444,0.0030918848090617512,0.004714549043845828,12.98,0.005422153369481153,0.07272727272727275,-0.003969327920613441,-0.004687640854592834,1.74,-0.030000000000000027,1.51,-0.020000000000000018,0.22999999999999998,1.55,0.0
2020-01-25,-0.009042140524546438,-0.010256425658183299,-0.008192488211974047,-0.003516563055594668,14.56,0.1217257318952234,0.20330578512396702,-0.0013585725930622683,-0.00603984494726395,1.7,-0.040000000000000036,1.49,-0.020000000000000018,0.20999999999999996,1.55,0.0
2020-01-26,0.0,-0.010256425658183299,0.0,-0.003516563055594668,14.56,0.0,0.20330578512396702,0.0,-0.00603984494726395,1.7,0.0,1.49,0.0,0.20999999999999996,1.55,0.0
2020-01-27,0.0,-0.007624691714923304,0.0,-0.002744738251680312,14.56,0.0,0.13307392996108947,0.0,-0.006308579668348857,1.7,0.0,1.49,0.0,0.20999999999999996,1.55,0.0
2020-01-28,-0.015730684849202037,-0.023517724091216996,-0.02070673535000378,-0.025726527631611873,18.23,0.25206043956043955,0.41208365608055764,-0.0006348630509703801,-0.005953991880920162,1.61,-0.08999999999999986,1.44,-0.050000000000000044,0.17000000000000015,1.55,0.0
2020-01-29,0.010053551114029613,-0.014824660055209105,0.015499018116257757,-0.013675846101434463,16.28,-0.10696653867251782,0.2542372881355932,-0.0009982757055995162,-0.002988859704736946,1.65,0.039999999999999813,1.45,0.010000000000000009,0.19999999999999996,1.55,0.0
2020-01-30,-0.0008668473616095795,-0.006697072041317198,0.0011747972979663235,-0.004360349046706791,16.39,0.006756756756756799,0.12568681318681318,-0.0003633720930231732,-0.0019952838744784485,1.6,-0.04999999999999982,1.42,-0.030000000000000027,0.18000000000000016,1.55,0.0
2020-01-31,0.003134355715769477,-0.003583707331579422,0.0037883407441101635,-0.0005885267905488822,15.49,-0.05491153142159855,0.06387362637362637,0.0025445292620864812,0.0005441683294031829,1.57,-0.030000000000000027,1.41,-0.010000000000000009,0.16000000000000014,1.6,0.050000000000000044
2020-02-01,-0.017705852615678808,-0.02122610735342756,-0.015825150584112047,-0.016404363849577663,18.84,0.21626856036152353,0.2939560439560438,0.004532269760696206,0.005078904407763485,1.51,-0.06000000000000005,1.33,-0.07999999999999985,0.17999999999999994,1.59,0.040000000000000036
2020-02-02,0.0,-0.0055832508640011325,0.0,0.004393343297386831,18.84,0.0,0.03346132748217223,0.0,0.005717397222978482,1.51,0.0,1.33,0.0,0.17999999999999994,1.59,0.040000000000000036
2020-02-03,0.0,-0.01548116133128219,0.0,-0.010936174846797875,18.84,0.0,0.15724815724815722,0.0,0.006722383720930258,1.51,0.0,1.33,0.0,0.17999999999999994,1.59,0.040000000000000036
2020-02-04,0.0072546442124061805,-0.007478462760432625,0.014983022873799712,0.0027050159257537842,17.97,-0.04617834394904463,0.09640024405125058,-0.00180472838837753,0.005270810614321997,1.54,0.030000000000000027,1.36,0.030000000000000027,0.17999999999999994,1.59,0.040000000000000036
2020-02-05,0.014980362705145023,0.004242217525566083,0.022772820759503043,0.0216690072011112,16.05,-0.10684474123539223,0.03615235635894121,-0.0017175917555596332,0.0009970993473531475,1.61,0.07000000000000006,1.41,0.04999999999999982,0.20000000000000018,1.59,-0.010000000000000009
2020-02-06,0.011250640619361318,0.03384570549864829,0.003580435523234282,0.0418138888796209,15.15,-0.05607476635514019,-0.19585987261146498,-0.0033505388028616245,-0.006857967875834703,1.66,0.04999999999999982,1.44,0.030000000000000027,0.21999999999999997,1.59,0.0
2020-02-07,0.0033256464618900416,0.03728391081128013,0.008373650117214027,0.05053767387235286,14.96,-0.012541254125412515,-0.20594479830148615,-0.0024532073414500477,-0.009294351200144324,1.65,-0.010000000000000009,1.44,0.0,0.20999999999999996,1.59,0.0
2020-02-08,-0.005400833288500828,0.031681713336144224,-0.004744905737080085,0.04555297163657723,15.47,0.03409090909090917,-0.1788747346072186,-0.0026414063211587235,-0.011911207363291876,1.59,-0.05999999999999983,1.41,-0.030000000000000027,0.18000000000000016,1.58,-0.010000000000000009
2020-02-09,0.0,0.024251135762037856,0.0,0.030118679893011757,15.47,0.0,-0.13912075681691705,0.0,-0.0101247514011934,1.59,0.0,1.41,0.0,0.18000000000000016,1.58,-0.010000000000000009
2020-02-10,0.0,0.009133943273724077,0.0,0.007182297949659633,15.47,0.0,-0.03613707165109037,0.0,-0.008421624558544005,1.59,0.0,1.41,0.0,0.18000000000000016,1.58,-0.010000000000000009
2020-02-11,0.007326359568592178,0.005217876324336013,0.012311325270446982,0.015944522966689023,15.04,-0.027795733678086743,-0.007260726072607304,-0.003105022831050297,-0.008177357804833862,1.56,-0.030000000000000027,1.37,-0.039999999999999813,0.18999999999999995,1.58,-0.010000000000000009
2020-02-12,0.0016884988171557147,0.0035776410881767085,0.00010717843317742393,0.00761598658468432,15.18,0.009308510638297962,0.014705882352941124,9.160864785640044e-05,-0.005647144548684091,1.59,0.030000000000000027,1.41,0.039999999999999813,0.18000000000000016,1.58,-0.010000000000000009
2020-02-13,0.0064626610081155444,0.015548229863780128,0.010016957593408593,0.022561189648020008,13.74,-0.09486166007905139,-0.11182934712346482,-0.002198406155537236,-0.005205479452054851,1.62,0.030000000000000027,1.44,0.030000000000000027,0.18000000000000016,1.58,0.0
2020-02-14,-0.0016304428235363044,0.013892436540443809,-0.0018204135979694724,0.02069970535362886,14.15,0.029839883551673996,-0.08532643826761477,-0.004131093362710003,-0.009315068493150669,1.61,-0.010000000000000009,1.44,0.0,0.17000000000000015,1.58,0.0
2020-02-15,0.0018435419717006685,0.015761589801995823,0.002905468074241524,0.023665315760921457,13.68,-0.03321554770318025,-0.11570782159017456,-0.0008296460176989706,-0.010136986301369721,1.59,-0.020000000000000018,1.42,-0.020000000000000018,0.17000000000000015,1.58,0.0
2020-02-16,0.0,0.008373880176248072,0.0,0.011215907801328973,13.68,0.0,-0.09042553191489355,0.0,-0.007053865884939392,1.59,0.0,1.42,0.0,0.17000000000000015,1.58,0.0
2020-02-17,0.0,0.006674112128657539,0.0,0.011107538879538081,13.68,0.0,-0.09881422924901184,0.0,-0.007144820005495878,1.59,0.0,1.42,0.0,0.17000000000000015,1.58,0.0
2020-02-18,0.0,0.00021009335838662047,0.0,0.001079765322681281,13.68,0.0,-0.004366812227074246,0.0,-0.0049573120352518485,1.59,0.0,1.42,0.0,0.17000000000000015,1.58,0.0
2020-02-19,-0.0029199801192842934,-0.0010818212534899896,0.0006463291207636779,0.003553675083631136,14.83,0.08406432748538006,0.048056537102473484,-0.002214226404650077,-0.003042035398230114,1.55,-0.040000000000000036,1.41,-0.010000000000000009,0.14000000000000012,1.59,0.010000000000000009
2020-02-20,0.004705826501577137,0.0017721054624633137,0.009234875075287086,0.009887172964738733,14.38,-0.030343897505057282,0.051169590643274976,-0.001941747572815511,-0.004151674508718672,1.56,0.010000000000000009,1.42,0.010000000000000009,0.14000000000000012,1.59,0.010000000000000009
2020-02-21,-0.0038155427255142094,-0.0020501988071569555,-0.00935307390986262,0.0004416235953772496,15.56,0.08205841446453399,0.13742690058479545,0.0002779321845471916,-0.0038748962081373017,1.52,-0.040000000000000036,1.39,-0.030000000000000027,0.13000000000000012,1.59,0.010000000000000009
2020-02-22,-0.010518108756295885,-0.01254674334942718,-0.018814208393791665,-0.018380893596769532,17.08,0.09768637532133662,0.2485380116959064,0.0053718625544130205,0.0014761509364331626,1.46,-0.06000000000000005,1.34,-0.04999999999999982,0.11999999999999988,1.58,0.0
2020-02-23,0.0,-0.01254674334942718,0.0,-0.018380893596769532,17.08,0.0,0.2485380116959064,0.0,0.0014761509364331626,1.46,0.0,1.34,0.0,0.11999999999999988,1.58,0.0
2020-02-24,0.0,-0.009654955508279661,0.0,-0.019014932812727037,17.08,0.0,0.15171948752528652,0.0,0.003698566805362846,1.46,0.0,1.34,0.0,0.11999999999999988,1.58,-0.010000000000000009
2020-02-25,-0.0335135944873044,-0.047328086469884734,-0.038855937899941795,-0.06575962085581144,25.03,0.46545667447306815,0.7406119610570236,0.00018424689083396117,0.005836575875486583,1.38,-0.08000000000000007,1.26,-0.08000000000000007,0.11999999999999988,1.58,-0.010000000000000009
2020-02-26,-0.030280015747592093,-0.07263661238634778,-0.02695704560648382,-0.08236123820217012,27.85,0.11266480223731512,0.7898457583547558,0.0010131712259371373,0.006575900713160943,1.33,-0.04999999999999982,1.2,-0.06000000000000005,0.13000000000000012,1.58,-0.010000000000000009
2020-02-27,-0.003778518705585654,-0.06632012583327096,0.004401875749161954,-0.06064875633687572,27.56,-0.010412926391382471,0.6135831381733021,0.0017482517482516613,0.002947950253339604,1.33,0.0,1.16,-0.040000000000000036,0.17000000000000015,1.58,0.0
2020-02-28,-0.044163278665378725,-0.10755449030035202,-0.04925645949405888,-0.10691787282106224,39.16,0.420899854862119,1.2927400468384076,0.008266740148801244,0.011239060340856755,1.3,-0.030000000000000027,1.11,-0.04999999999999982,0.18999999999999995,1.58,0.0
2020-02-29,-0.008238327357692588,-0.11490674855816052,0.002982219287941845,-0.1042545060756731,40.11,0.02425944841675176,1.348360655737705,0.0021863897239684515,0.013450023030861402,1.13,-0.17000000000000015,0.86,-0.2500000000000001,0.2699999999999999,1.58,0.0
2020-03-01,0.0,-0.08421551881806266,0.0,-0.06804242023078022,40.11,0.0,0.6024770275669196,0.0,0.013263332412268625,1.13,0.0,0.86,0.0,0.2699999999999999,1.58,0.0
2020-03-02,0.0,-0.05561966747756708,0.0,-0.04222359808350329,40.11,0.0,0.44021543985637335,0.0,0.012237762237762295,1.13,0.0,0.86,0.0,0.2699999999999999,1.58,0.0
2020-03-03,0.04603922524388837,-0.008394328052650613,0.0491796691732167,0.00047555940210219916,33.42,-0.16679132385938666,0.21262699564586374,0.014816834833196957,0.02544318912464405,1.1,-0.029999999999999805,0.84,-0.020000000000000018,0.2600000000000001,1.59,0.010000000000000009
2020-03-04,-0.028107940185681968,0.008261827068981598,-0.03193181331789441,0.018706432751310675,36.82,0.101735487731897,-0.059754851889683214,0.0009853099247580932,0.01803771522273845,1.02,-0.08000000000000007,0.71,-0.13,0.31000000000000005,1.59,0.010000000000000009
2020-03-05,0.042202592421180185,0.0595419433894564,0.0412810998674733,0.05760574249305428,31.99,-0.13117870722433467,-0.20244328097731246,-0.00402684563758382,0.011726206708480902,1.02,0.0,0.67,-0.039999999999999925,0.35,1.09,-0.49
2020-03-06,-0.03392202215889484,0.02360013810752082,-0.03102148999696075,0.024797236531577616,39.62,0.23851203501094087,-0.012216404886561949,0.006469002695417947,0.01827106626670294,0.92,-0.09999999999999998,0.59,-0.08000000000000007,0.33000000000000007,1.09,-0.49
2020-03-07,-0.017053909799797706,0.006143753681174813,-0.016296764402663366,0.008096357407322063,41.94,0.05855628470469454,0.04562453253552734,0.010444563470808577,0.028906463048813613,0.74,-0.18000000000000005,0.49,-0.09999999999999998,0.25,1.09,-0.49
2020-03-08,0.0,-0.03813955595538199,0.0,-0.03915755611073679,41.94,0.0,0.2549371633752242,0.0,0.013883912576137414,0.74,0.0,0.49,0.0,0.25,1.09,-0.5
2020-03-09,0.0,-0.010321738580328144,0.0,-0.0074640845471923845,41.94,0.0,0.13905486148832158,0.0,0.012885906040268402,0.74,0.0,0.49,0.0,0.25,1.09,-0.5
2020-03-10,-0.07596968075979771,-0.1225384330313215,-0.06826339864530606,-0.11188050882305622,54.46,0.2985216976633287,0.7024070021881839,0.008923049739376188,0.02605570530098822,0.54,-0.19999999999999996,0.38,-0.10999999999999999,0.16000000000000003,1.09,0.0
2020-03-11,0.04939633578003022,-0.04686270230229439,0.05337674870376685,-0.03452510822610655,47.3,-0.1314726404700698,0.1938414941948512,-0.006830122591943821,0.012497768255668618,0.76,0.21999999999999997,0.5,0.12,0.26,1.09,0.0
2020-03-12,-0.048868410917935035,-0.07771239785087314,-0.04373365885237823,-0.06145358801642142,53.9,0.13953488372093026,0.28516928946113507,-0.005466408040910031,-0.0034455340577789206,0.82,0.05999999999999994,0.5,0.0,0.31999999999999995,1.09,0.0
2020-03-13,-0.09511268047479748,-0.16543364385995019,-0.09273780557873235,-0.1484923226975713,75.47,0.40018552875695734,0.7994754411063425,-0.017641843971631044,-0.021026592455163695,0.88,0.06000000000000005,0.5,0.0,0.38,1.1,0.010000000000000009
2020-03-14,0.0928711945304439,-0.08792646945030391,0.10072208875702993,-0.06272669084702365,57.83,-0.23373525904332848,0.3788745827372437,-0.001353668441476441,-0.02235179786200181,0.94,0.05999999999999994,0.49,-0.010000000000000009,0.44999999999999996,1.1,0.010000000000000009
2020-03-15,0.0,-0.012939822905743914,0.0,0.005942353010746082,57.83,0.0,0.06188027910392946,0.0,-0.030998248686514795,0.94,0.0,0.49,0.0,0.44999999999999996,1.1,0.010000000000000009
2020-03-16,0.0,-0.05940192142889367,0.0,-0.04503079809896238,57.83,0.0,0.22262156448202974,0.0,-0.024334332569211803,0.94,0.0,0.49,0.0,0.44999999999999996,1.1,0.010000000000000009
2020-03-17,-0.11984050283657066,-0.1295880177137062,-0.12193224485507659,-0.1231233106673395,82.69,0.42988068476569263,0.5341372912801485,0.006596782938731227,-0.012499999999999956,0.73,-0.20999999999999996,0.36,-0.13,0.37,0.25,-0.8400000000000001
2020-03-18,0.05995482224354909,0.019571562177502555,0.0646076138328695,0.02895238619702223,75.91,-0.08199298585076797,0.005830131177951392,-0.015082143819014182,-0.009926901904160346,1.02,0.29000000000000004,0.47,0.10999999999999999,0.55,0.25,-0.8500000000000001
2020-03-19,-0.05183082330706679,-0.11542519051869782,-0.03997484596498502,-0.10257077318311103,76.45,0.007113687261230517,0.32197821200069177,-0.012578616352201255,-0.021055485270197072,1.18,0.15999999999999992,0.54,0.07000000000000006,0.6399999999999999,0.25,-0.8500000000000001
2020-03-20,0.004707893749218206,-0.1112607063024249,0.015796119400488973,-0.08839487396282297,72.0,-0.058207979071288496,0.2450285319038561,-0.012369611372657463,-0.03316464847279954,1.12,-0.05999999999999983,0.44,-0.10000000000000003,0.6800000000000002,0.2,-0.9000000000000001
2020-03-21,-0.043359522534749395,-0.14979601773502216,-0.040368963795119006,-0.12519542829126262,66.04,-0.08277777777777773,0.14196783676292601,-0.0015889335451911846,-0.03470088559551776,0.92,-0.20000000000000007,0.37,-0.07,0.55,0.15,-0.9500000000000001
2020-03-22,0.0,-0.03403418925205248,0.0,-0.003716323048040149,66.04,0.0,-0.2013544564034344,0.0,-0.04102702217434229,0.92,0.0,0.37,0.0,0.55,0.15,-0.1
2020-03-23,0.0,-0.0886726580446704,0.0,-0.06417757678336089,66.04,0.0,-0.1300223949413778,0.0,-0.02634217482453738,0.92,0.0,0.37,0.0,0.55,0.15,-0.1
2020-03-24,-0.02929385835517062,-0.06701138401234308,0.0018057586974518092,-0.02345028278036232,61.59,-0.06738340399757725,-0.19437540876389792,0.007302003370155408,-0.00673866888211927,0.76,-0.16000000000000003,0.28,-0.08999999999999997,0.48,0.15,-0.1
2020-03-25,0.09382765710199337,0.015746724274608992,0.07805141203267629,0.03639970803400416,61.67,0.0012989121610651466,-0.14347222222222222,0.0031598513011150686,0.00887933451724443,0.84,0.07999999999999996,0.38,0.09999999999999998,0.45999999999999996,0.12,-0.08000000000000002
2020-03-26,0.011535019797084933,0.07403293823646795,-0.011146678104588137,0.06795972142990925,63.95,0.03697097454191667,-0.03164748637189585,0.003798406522141917,0.014323160456843231,0.88,0.040000000000000036,0.34,-0.03999999999999998,0.54,0.1,-0.04999999999999999
2020-03-27,0.06241416083633622,0.14106780278708153,0.057233165810308906,0.1290824372452386,61.0,-0.04612978889757624,-0.07631738340399763,0.017535763728657283,0.032110091743119185,0.83,-0.050000000000000044,0.3,-0.040000000000000036,0.53,0.1,-0.04999999999999999
2020-03-28,-0.0336873163071707,0.10262829078666491,-0.039097748169271695,0.08493785645147689,65.54,0.07442622950819677,-0.007571168988491861,0.00308390022675753,0.035293016289084544,0.72,-0.10999999999999999,0.25,-0.04999999999999999,0.47,0.1,-0.04999999999999999
2020-03-29,0.0,0.13590328059354584,0.0,0.08298225183104702,65.54,0.0,0.06413378795258984,0.0,0.02778810408921939,0.72,0.0,0.25,0.0,0.47,0.1,-0.04999999999999999
2020-03-30,0.0,0.03846641033289333,0.0,0.004573844756692758,65.54,0.0,0.06275336468299009,0.0,0.0245506763016492,0.72,0.0,0.25,0.0,0.47,0.1,-0.01999999999999999
2020-03-31,0.03351603599491648,0.06103265523760282,0.039618521500664805,0.05614609578532792,57.08,-0.12908147696063488,-0.10742767787333862,-0.00370738764806966,0.016889709275496045,0.7,-0.020000000000000018,0.23,-0.01999999999999999,0.47,0.09,-0.010000000000000009
2020-04-01,-0.0160127919593398,-0.017292315413658166,-0.009571543197435473,-0.010589923174621707,53.54,-0.06201822004204627,-0.12229508196721317,-0.00018152114721359247,-0.0008163265306123657,0.7,0.0,0.23,0.0,0.47,0.08,-0.020000000000000004
2020-04-02,-0.04414239782712159,-0.02792478368818041,-0.04187751967748132,-0.013452164298788816,57.06,0.06574523720582759,-0.12938663411657003,-0.007443718228031915,-0.011303011122163142,0.62,-0.07999999999999996,0.23,0.0,0.39,0.06,-0.04000000000000001
2020-04-03,0.022829386763812964,-0.005732902611480628,0.0199524731208649,0.006231904875487082,50.91,-0.10778128286014732,-0.22322245956667697,-0.006584964331443066,-0.017813545528528874,0.63,0.010000000000000009,0.23,0.0,0.4,0.05,-0.05
2020-04-04,-0.015137124539950086,-0.020783247490625434,-0.014085226424434882,-0.007941099340174507,46.8,-0.08073070123747794,-0.2859322551113824,-0.005984164978825257,-0.02369111131205348,0.62,-0.010000000000000009,0.23,0.0,0.39,0.05,-0.05
2020-04-05,0.0,-0.05253840443150015,0.0,-0.0457471850080049,46.8,0.0,-0.18009810791871061,0.0,-0.020058086767108185,0.62,0.0,0.23,0.0,0.39,0.05,-0.039999999999999994
2020-04-06,0.0,-0.03712000742864441,0.0,-0.036525244768669696,46.8,0.0,-0.12588718714979463,0.0,-0.01988017429193878,0.62,0.0,0.23,0.0,0.39,0.05,-0.03
2020-04-07,0.07033130412070787,0.07819469742967011,0.0735310722080309,0.07952804393097246,45.24,-0.033333333333333215,-0.20715036803364884,0.0010188015189402932,-0.011523687580025532,0.67,0.050000000000000044,0.27,0.04000000000000001,0.4,0.05,-0.009999999999999995
2020-04-08,-0.0016030454108602044,0.052439748308203527,-0.004002890495269473,0.05417344407687086,46.7,0.032272325375773736,-0.08269495187585929,0.007216876387860838,0.0022095378383355513,0.75,0.07999999999999996,0.28,0.010000000000000009,0.47,0.05,0.0
2020-04-09,0.03405642604938697,0.10500873967813873,0.022390739081983524,0.09317478092110787,43.35,-0.07173447537473232,-0.07371794871794868,-0.002020944332169705,0.006205427433546351,0.77,0.020000000000000018,0.27,-0.010000000000000009,0.5,0.05,0.0
2020-04-10,0.01448737809002254,0.12101741908263519,0.0010924061369164129,0.09436897176050851,41.67,-0.03875432525951561,-0.10961538461538456,0.006167157584683336,0.01241085486709248,0.73,-0.040000000000000036,0.23,-0.04000000000000001,0.5,0.05,0.0
2020-04-11,0.0,0.12101741908263519,0.0,0.09436897176050851,41.67,0.0,-0.10961538461538456,0.0018296587686397192,0.014263221265166104,0.73,0.0,0.23,0.0,0.5,0.05,0.0
2020-04-12,0.0,0.04735553820278726,0.0,0.01941061613579409,41.67,0.0,-0.07891246684350128,0.0,0.013230940044411499,0.73,0.0,0.23,0.0,0.5,0.05,0.0
2020-04-13,0.0,0.04903719245998195,0.0,0.023507604999683185,41.67,0.0,-0.10770877944325485,0.0,0.005970971890501442,0.73,0.0,0.23,0.0,0.5,0.05,0.0
2020-04-14,-0.010104594561656355,0.004236394446505143,0.011435292461154933,0.012540190581733501,41.17,-0.011999040076793865,-0.050288350634371426,-0.00410921377043183,0.0038659793814432852,0.76,0.030000000000000027,0.25,0.01999999999999999,0.51,0.05,0.0
2020-04-15,0.030572524197665762,0.020159006674265623,0.043133471103142584,0.05506200742122669,37.76,-0.08282730143308248,-0.09383249340052802,0.005960022006235022,0.0036593175372792164,0.76,0.0,0.23,-0.01999999999999999,0.53,0.05,0.0
2020-04-16,-0.022030456139364496,-0.0023155615774494986,-0.01152762949600572,0.04289964350436293,40.84,0.08156779661016955,-0.019918406527477783,-0.005651262419104852,-0.0038352661857364856,0.63,-0.13,0.2,-0.03,0.43,0.05,0.0
2020-04-17,0.005816710738100639,0.003487680208758892,0.019305257473265724,0.06303308964099164,40.11,-0.017874632713026584,-0.037437005039596905,-0.006325052708772483,-0.010136060633731958,0.61,-0.020000000000000018,0.2,0.0,0.41,0.05,0.0
2020-04-18,0.026793591827257934,0.030374719515954274,0.008515808139687664,0.07208567547851374,38.15,-0.048865619546247796,-0.08447324214062879,0.003966789667896542,-0.006209478586430395,0.65,0.040000000000000036,0.2,0.0,0.45,0.05,0.0
2020-04-19,0.0,0.04089251637619795,0.0,0.059964669484467326,38.15,0.0,-0.07335438426038388,0.0,-0.0021089308637447512,0.65,0.0,0.2,0.0,0.45,0.05,0.0
2020-04-20,0.0,0.010013843699711256,0.0,0.016135229908331272,38.15,0.0,0.010328389830508433,0.0,-0.00802114665937459,0.65,0.0,0.2,0.0,0.45,0.05,0.0
2020-04-21,-0.017880997439608137,0.01429926419866634,-0.011989932532570302,0.015659989106094674,43.83,0.1488859764089121,0.07321253672869732,-0.0008269778553708917,-0.003208360069667293,0.63,-0.020000000000000018,0.2,0.0,0.43,0.05,0.0
2020-04-22,-0.030674846625766805,-0.02250004465003308,-0.037072094113225096,-0.04051574419690718,45.41,0.036048368697239264,0.13213662428322115,-0.0018392495861688785,0.0012915129151289673,0.58,-0.050000000000000044,0.2,0.0,0.37999999999999995,0.05,0.0
2020-04-23,0.02293024819481393,-0.026177919403317373,0.031135308818279084,-0.01899594787832548,41.98,-0.07553402334287607,0.10039318479685444,-0.0023032983231987547,-0.004961867132224684,0.63,0.050000000000000044,0.22,0.01999999999999999,0.41000000000000003,0.05,0.0
2020-04-24,-0.000539418642451106,-0.02670321718802171,-0.0026694734801139264,-0.021614712179348516,41.38,-0.014292520247736862,0.08466579292267373,-0.0012928248222366934,-0.006248277129468072,0.61,-0.020000000000000018,0.22,0.0,0.39,0.04,-0.010000000000000002
2020-04-25,0.01391807849024218,-0.013156796170544438,0.016791066365793084,-0.005186579880236519,35.93,-0.1317061382310295,-0.05819134993446917,-0.0015718908922790487,-0.007810346411834979,0.6,-0.010000000000000009,0.22,0.0,0.38,0.05,0.0
2020-04-26,0.0,0.0048102126694908875,0.0,0.006885914300218454,35.93,0.0,-0.18024184348619665,0.0,-0.006989148427441472,0.6,0.0,0.22,0.0,0.38,0.05,0.0
2020-04-27,0.0,0.03660800420966459,0.0,0.04565036296560754,35.93,0.0,-0.20876458929751152,0.0,-0.005159388243965224,0.6,0.0,0.22,0.0,0.38,0.05,0.0
2020-04-28,0.014714073196697708,0.028281969485337566,0.0058111214804361655,0.01996969287782635,33.29,-0.07347620372947394,-0.2070033349213911,0.002870902018892174,0.0,0.67,0.07000000000000006,0.24,0.01999999999999999,0.43000000000000005,0.04,-0.010000000000000002
2020-04-29,-0.005242350129234907,0.023443419829866308,-0.018111128964001688,0.004177515477637117,33.57,0.008410934214478916,-0.1887385210246496,0.0006464124111182912,0.001941747572815622,0.62,-0.050000000000000044,0.2,-0.03999999999999998,0.42,0.04,0.0
2020-04-30,0.026583874358714787,0.03622820561630613,0.03516640545773031,0.022324903830833298,31.23,-0.06970509383378021,-0.13080990815474536,0.0015688445921004934,0.005093535839970187,0.63,0.010000000000000009,0.2,0.0,0.43,0.04,-0.010000000000000002
2020-05-01,-0.009212419757034462,0.026682036422090105,0.00197600737412551,0.024345025379555185,34.15,0.09349983989753441,-0.04954077372669086,0.007463374182253846,0.012594924986108369,0.64,0.010000000000000009,0.2,0.0,0.44,0.05,0.0
2020-05-02,-0.028059043479156554,-0.0021256794771462584,-0.03136822246739346,-0.007786857259918567,37.19,0.08901903367496344,0.035068188143612566,0.005853301627949614,0.018521948508983144,0.64,0.0,0.2,0.0,0.44,0.05,0.0
2020-05-03,0.0,-0.016595564325616263,0.0,-0.013519415772953458,37.19,0.0,0.11715229798738358,0.0,0.015606242496998934,0.64,0.0,0.2,0.0,0.44,0.05,0.010000000000000002
2020-05-04,0.0,-0.011413045376284736,0.0,0.004676408223471817,37.19,0.0,0.10783437593089062,0.0,0.014950166112956964,0.64,0.0,0.2,0.0,0.44,0.05,0.010000000000000002
2020-05-05,0.004249817183674676,-0.03292045272851607,0.013297500166319143,-0.016548365981057023,35.97,-0.032804517343371864,0.15177713736791532,-0.007910529187125093,0.0053441444761817,0.64,0.0,0.19,-0.010000000000000009,0.45,0.05,0.010000000000000002
2020-05-06,0.009040573531170715,-0.015104225680960481,0.01092469982827926,-0.007765115532341937,33.61,-0.06561023074784544,-0.015812591508052698,-0.0061405920630556166,-0.008231205414303888,0.66,0.020000000000000018,0.19,0.0,0.47000000000000003,0.05,0.0
2020-05-07,-0.006979403438802989,0.006256380907970094,0.006073486499257541,0.03058895319894761,34.12,0.015174055340672288,-0.08254907233127184,-0.0035042419771302846,-0.017457719585379228,0.72,0.05999999999999994,0.17,-0.01999999999999999,0.5499999999999999,0.05,0.0
2020-05-08,0.011504623615899323,0.017832981831413353,0.01302413170600314,0.044011479460162484,31.44,-0.07854630715123079,-0.15461145469212145,0.0008328706274292053,-0.01663938897981465,0.63,-0.08999999999999997,0.13,-0.04000000000000001,0.5,0.05,0.0
2020-05-09,0.016871501011734846,0.03500535201415911,0.013015992300491996,0.05760032483844113,27.98,-0.11005089058524176,-0.24764721699381553,0.0036061026352287584,-0.01309328968903456,0.69,0.05999999999999994,0.16,0.03,0.5299999999999999,0.05,0.0
2020-05-10,0.0,0.030625382553452152,0.0,0.043721438831981985,27.98,0.0,-0.22212955240478172,0.0,-0.005224085784987675,0.69,0.0,0.16,0.0,0.5299999999999999,0.05,0.0
2020-05-11,0.0,0.021391418331915713,0.0,0.03244231643491702,27.98,0.0,-0.16750966974114845,0.0,0.0009221689413498879,0.69,0.0,0.16,0.0,0.5299999999999999,0.05,0.0
2020-05-12,0.0001774865178509888,0.028752782244191533,0.00852136849468832,0.03495435655090895,27.57,-0.014653323802716223,-0.1919695193434935,-0.0033167495854061757,0.001110494169905607,0.73,0.040000000000000036,0.17,0.010000000000000009,0.5599999999999999,0.05,0.0
2020-05-13,-0.02054383139042848,-0.0038421624398252696,-0.020052866354372312,0.0011612985449160895,33.04,0.1984040623866521,0.05089058524173029,0.004252172305416746,0.0045307443365696365,0.69,-0.040000000000000036,0.17,0.0,0.5199999999999999,0.05,0.0
2020-05-14,-0.017462684487059787,-0.03747696088470209,-0.012331480556820651,-0.02388954866138493,35.28,0.06779661016949157,0.26090064331665475,-0.0024852724594991438,-0.0015662428597750244,0.64,-0.04999999999999993,0.16,-0.010000000000000009,0.48,0.05,0.0
2020-05-15,0.01152482269503552,-0.02638405351901163,0.010483240148976503,-0.0136567483880764,32.61,-0.07568027210884354,0.16547533952823446,-0.0034142290301744094,-0.004975124378109319,0.63,-0.010000000000000009,0.16,0.0,0.47,0.05,0.0
2020-05-16,0.003926380368098004,-0.022561266980681394,0.006400621039471366,-0.007343539019668555,31.89,-0.022079116835326595,0.13974267333809864,0.001481481481481417,-0.0035010134512621915,0.64,0.010000000000000009,0.16,0.0,0.48,0.05,0.0
2020-05-17,0.0,-0.022734718392530606,0.0,-0.01573085906750471,31.89,0.0,0.1566920565832426,0.0,-0.0001848770567574043,0.64,0.0,0.16,0.0,0.48,0.05,0.0
2020-05-18,0.0,-0.0022368402714869617,0.0,0.004410449440051645,31.89,0.0,-0.03480629539951574,0.0,-0.004418262150221008,0.64,0.0,0.16,0.0,0.48,0.05,0.0
2020-05-19,0.03150120473513285,0.04748581560283682,0.0195888836445004,0.036871894472049194,29.3,-0.0812166823455629,-0.16950113378684806,0.008136094674556338,0.0061825228384237985,0.73,0.08999999999999997,0.18,0.01999999999999999,0.55,0.05,0.0
2020-05-20,-0.010484408800538914,0.024694127957931578,-0.0035780379835681497,0.02244340766821007,30.53,0.041979522184300455,-0.06378411530205452,0.0030264123257519593,0.012685185185185022,0.7,-0.030000000000000027,0.17,-0.009999999999999981,0.5299999999999999,0.05,0.0
2020-05-21,0.01665104312780974,0.03768201976464036,0.02005476128510497,0.03631520523040366,27.99,-0.08319685555191625,-0.12229539040451554,0.003931608302093936,0.015162721893491327,0.68,-0.019999999999999907,0.16,-0.010000000000000009,0.52,0.05,0.0
2020-05-22,-0.007773563825670182,0.02961553235324943,-0.011284109047740576,0.024621311446751948,29.53,0.055019649874955334,-0.07400439009093762,-0.0024590163934427034,0.012666420118343291,0.68,0.0,0.17,0.010000000000000009,0.51,0.05,0.0
2020-05-23,0.002353731206609311,0.032038970562559,0.003838775686474394,0.028554602824977238,28.16,-0.04639349813748739,-0.11696456569457514,-0.005386652058796737,0.007211538461538547,0.66,-0.020000000000000018,0.17,0.0,0.49,0.05,0.0
2020-05-24,0.0,0.0005213428980570534,0.0,0.008793465017418622,28.16,0.0,-0.03890784982935158,0.0,-0.0009170946441673378,0.66,0.0,0.17,0.0,0.49,0.05,0.0
2020-05-25,0.0,0.011122363100166233,0.0,0.012415927661761916,28.16,0.0,-0.07762856207009505,0.0,-0.003931608302093825,0.66,0.0,0.17,0.0,0.49,0.05,0.0
2020-05-26,0.0,-0.00543812949882394,0.0,-0.007488650524722251,28.16,0.0,0.006073597713469159,0.0,-0.00783242258652106,0.66,0.0,0.17,0.0,0.49,0.05,0.0
2020-05-27,0.012289160703107926,0.014671817290767164,-0.002550459475737732,0.0012785255689118369,28.01,-0.005326704545454475,-0.051473078225533375,0.006976317238847063,0.0015520861864328772,0.69,0.029999999999999916,0.18,0.009999999999999981,0.51,0.05,0.0
2020-05-28,0.014827343010993532,0.0272987193151637,0.005545272726885431,0.0029806702577759303,27.62,-0.0139235987147448,-0.019176136363636354,-9.115770282586144e-05,0.006884523590967584,0.68,-0.009999999999999898,0.19,0.010000000000000009,0.49000000000000005,0.05,0.0
2020-05-29,-0.0021079466294262605,0.025133228442369315,-0.0026837392303578067,0.00028893168571442196,28.59,0.03511947863866749,0.015269886363636243,0.009116601331023766,0.01606388837892414,0.7,0.019999999999999907,0.17,-0.01999999999999999,0.5299999999999999,0.05,0.0
2020-05-30,0.004812310007822562,0.03006648733695383,0.014740817121903671,0.015034007896757906,27.51,-0.03777544596012583,-0.023082386363636354,0.0034330111121150253,0.019552046998347894,0.65,-0.04999999999999993,0.16,-0.010000000000000009,0.49,0.05,0.0
2020-05-31,0.0,0.03006648733695383,0.0,0.015034007896757906,27.51,0.0,-0.023082386363636354,0.0,0.019552046998347894,0.65,0.0,0.16,0.0,0.49,0.05,0.0
2020-06-01,0.0,0.017561510410225356,0.0,0.017629430520618827,27.51,0.0,-0.017850767583006077,0.0,0.012488605287146903,0.65,0.0,0.16,0.0,0.49,0.05,0.0
2020-06-02,0.0037512605483673855,0.006455586552617909,0.004538737818559291,0.016610799561535883,28.23,0.026172300981461172,0.02208544532947143,0.001440532997208921,0.014039566049776742,0.66,0.010000000000000009,0.14,-0.01999999999999999,0.52,0.05,0.0
2020-06-03,0.00821080396500995,0.016862888772266826,0.00608612037433498,0.025550324901159716,26.84,-0.04923839886645409,-0.06121021336131516,0.0038658635260271357,0.008763212575661816,0.68,0.020000000000000018,0.17,0.03,0.51,0.06,0.009999999999999995
2020-06-04,0.013648963587616247,0.02580551914883822,0.004906128103995933,0.015610872040454193,25.66,-0.04396423248882264,-0.0672482733551436,0.00716460684219955,0.012514630413252847,0.77,0.08999999999999997,0.19,0.01999999999999999,0.5800000000000001,0.06,0.009999999999999995
2020-06-05,-0.0033686961032639573,0.022349892093775026,-0.007731313416502794,0.007758866079501603,25.81,0.005845674201091056,-0.061795710650672575,0.006757958385203766,0.0193571621499955,0.82,0.04999999999999993,0.19,0.0,0.6299999999999999,0.06,0.009999999999999995
2020-06-06,0.02621170498176606,0.04914742585347742,0.02022189776170702,0.02813766283781516,24.52,-0.049980627663696264,-0.108687749909124,-0.002208090443384658,0.017106329341856297,0.91,0.09000000000000008,0.22,0.03,0.6900000000000001,0.07,0.020000000000000004
2020-06-07,0.0,0.04522650888658353,0.0,0.023492299630478053,24.52,0.0,-0.13142047467233442,0.0,0.015643261709970213,0.91,0.0,0.22,0.0,0.6900000000000001,0.07,0.020000000000000004
2020-06-08,0.0,0.03671425140060114,0.0,0.017300883993575766,24.52,0.0,-0.08643815201192251,0.0,0.011732043704101747,0.91,0.0,0.22,0.0,0.6900000000000001,0.07,0.010000000000000009
2020-06-09,0.012041591393674889,0.035070303919151335,0.007850869112484338,0.020281946151809116,25.81,0.05261011419249595,0.005845674201091056,-0.000354076303443307,0.004179263738217864,0.88,-0.030000000000000027,0.22,0.0,0.66,0.07,0.010000000000000009
2020-06-10,-0.007799182648133396,0.030468938262084855,0.006630295146603737,0.035049004845446374,27.57,0.06819062378922913,0.06819062378922913,0.004870273620827037,0.0022964140611199113,0.84,-0.040000000000000036,0.2,-0.01999999999999999,0.6399999999999999,0.07,0.010000000000000009
2020-06-11,-0.0053130787794885,-0.001186625880967962,0.012750861076915587,0.027469389957035517,27.57,0.0,0.12438825448613389,0.000616848783926649,0.0051341063999292835,0.75,-0.08999999999999997,0.17,-0.03,0.58,0.08,0.009999999999999995
2020-06-12,-0.058944121574601716,-0.06006080283537829,-0.05010570363751288,-0.0240126867927678,40.79,0.4795067101922379,0.6635399673735727,0.002025539409951538,0.007170045144728743,0.66,-0.08999999999999997,0.19,0.01999999999999999,0.47000000000000003,0.08,0.009999999999999995
2020-06-13,0.013060857399820103,-0.04778439101670984,0.00785213089040182,-0.016349106662092883,36.09,-0.11522431968619751,0.47185970636215346,-0.01098611355246959,-0.003894839337877265,0.71,0.04999999999999993,0.19,0.0,0.52,0.08,0.009999999999999995
2020-06-14,0.0,-0.05911415392325803,0.0,-0.02401146490639816,36.09,0.0,0.3982952344052695,0.0,-0.00354201717878333,0.71,0.0,0.19,0.0,0.52,0.08,0.009999999999999995
2020-06-15,0.0,-0.05171833199259157,0.0,-0.030439934304321015,36.09,0.0,0.3090315560391732,0.0,-0.008371519210433664,0.71,0.0,0.19,0.0,0.52,0.08,0.009999999999999995
2020-06-16,0.008312207568449193,-0.03872870783100424,0.01170557660209215,-0.03144064052243556,34.4,-0.04682737600443354,0.24773304316285816,0.0015107082555763096,-0.007485689123734041,0.71,0.0,0.19,0.0,0.52,0.09,0.009999999999999995
2020-06-17,0.018962430582503575,0.0408514040171879,0.01764160177725249,0.03763787378187167,33.67,-0.021220930232558,-0.17455258641823967,-0.0009760425909495218,-0.010458780101951115,0.75,0.040000000000000036,0.21,0.01999999999999999,0.54,0.09,0.009999999999999995
2020-06-18,-0.0036002995449221364,0.023733193919725393,0.0033278488989754162,0.032979882592404364,33.47,-0.005940005940005988,-0.07259628706012755,-0.003552713384847639,-0.0030214165111526192,0.74,-0.010000000000000009,0.19,-0.01999999999999999,0.55,0.09,0.009999999999999995
2020-06-19,0.000594188515139038,0.024341484426119164,0.0029621897564533484,0.03603976501924189,32.94,-0.015835076187630803,-0.08728179551122206,-0.00026740351189946665,-0.003288012085666092,0.71,-0.030000000000000027,0.19,0.0,0.52,0.09,0.009999999999999995
2020-06-20,-0.005649463621948292,0.018554504473401234,-0.0003405895895446376,0.03568690066092217,35.12,0.06618093503339395,-0.02687725131615426,-0.0024072753209699593,-0.0056873722562871265,0.7,-0.010000000000000009,0.19,0.0,0.51,0.09,0.009999999999999995
2020-06-21,0.0,0.010157862642218074,0.0,0.02370385674790243,35.12,0.0,0.020930232558139528,0.0,-0.007187222715173025,0.7,0.0,0.19,0.0,0.51,0.09,0.0
2020-06-22,0.0,-0.00864071890781315,0.0,0.005957161106683095,35.12,0.0,0.043065043065042996,0.0,-0.006217248423483368,0.7,0.0,0.19,0.0,0.51,0.09,0.0
2020-06-23,0.006495057687217143,0.0014035696276526455,0.012158495060268004,0.01481094878226652,31.77,-0.09538724373576302,-0.0507917538093815,0.00634551791938498,0.003654514662625896,0.71,0.010000000000000009,0.19,0.0,0.52,0.08,-0.009999999999999995
2020-06-24,0.004307441642665166,0.005119826407390393,0.007846733522007598,0.019753197397136546,31.37,-0.012590494176896394,-0.04766241651487546,0.005506216696270272,0.009450784593438177,0.72,0.010000000000000009,0.18,-0.010000000000000009,0.54,0.08,-0.009999999999999995
2020-06-25,-0.025855158736495243,-0.015304706011479263,-0.020286351767220046,-0.0005934872270356717,33.84,0.07873764743385414,-0.036446469248291424,-0.004416180886769205,0.0074179998212529075,0.69,-0.030000000000000027,0.19,0.010000000000000009,0.49999999999999994,0.08,-0.009999999999999995
2020-06-26,0.01095946995898811,-0.00451296751825514,0.009910324212462518,0.00931095533459092,32.22,-0.04787234042553201,-0.08257403189066059,-0.004524485450674187,0.002859951738314548,0.68,-0.009999999999999898,0.17,-0.01999999999999999,0.51,0.08,-0.009999999999999995
2020-06-27,-0.024226917788673585,-0.02863055001388093,-0.0249925013586646,-0.01591425008792391,34.73,0.07790192427063936,-0.011104783599088841,-0.000534711701274504,0.002323710787380362,0.64,-0.040000000000000036,0.17,0.0,0.47,0.08,-0.009999999999999995
2020-06-28,0.0,-0.03489893709146652,0.0,-0.027735522929657752,34.73,0.0,0.09316965690903367,0.0,-0.003996447602131359,0.64,0.0,0.17,0.0,0.47,0.08,0.0
2020-06-29,0.0,-0.03903822386300848,0.0,-0.03530522575324535,34.73,0.0,0.10710870258208471,0.0,-0.00945062709768607,0.64,0.0,0.17,0.0,0.47,0.08,0.0
2020-06-30,0.01468569814393228,0.0009539951415091785,0.01135099133344708,-0.004152878722744946,31.78,-0.08494097322199812,-0.06087470449172583,0.001961658493089491,-0.0031050390347764356,0.64,0.0,0.16,-0.010000000000000009,0.48,0.08,0.0
2020-07-01,0.015409859690034278,0.005360339326017538,0.019645302354344363,0.005446537904518323,30.43,-0.04247954688483324,-0.05555555555555558,0.0,0.0014258978700649738,0.66,0.020000000000000018,0.16,0.0,0.5,0.08,0.0
2020-07-02,0.005022110834792981,0.03549625297020653,0.012050980372851683,0.04364649073645399,28.62,-0.05948077555044362,-0.1759285919953929,0.001957817922933147,0.003923316986179204,0.69,0.029999999999999916,0.17,0.010000000000000009,0.5199999999999999,0.08,0.0
2020-07-03,0.004541282342595654,0.04019873381964412,0.006093829802757966,0.05000629482524732,27.68,-0.03284416491963671,-0.20299452922545347,-0.001953992361666157,0.001961658493089491,0.68,-0.009999999999999898,0.16,-0.010000000000000009,0.52,0.09,0.009999999999999995
2020-07-04,0.0,0.04019873381964412,0.0,0.05000629482524732,27.68,0.0,-0.20299452922545347,0.0,0.001961658493089491,0.68,0.0,0.16,0.0,0.52,0.09,0.009999999999999995
2020-07-05,0.0,0.02514378168765008,0.0,0.03822145212003414,27.68,0.0,-0.12901195720578984,0.0,0.0,0.68,0.0,0.16,0.0,0.52,0.09,0.009999999999999995
2020-07-06,0.0,0.00958620000064525,0.0,0.018218246798958226,27.68,0.0,-0.09037134406835357,0.0,0.0,0.68,0.0,0.16,0.0,0.52,0.09,0.009999999999999995
2020-07-07,0.0158817383970018,0.02049514419774945,0.02535029863980376,0.03159860884792165,27.94,0.009393063583815087,-0.02375960866526905,0.006229420663878438,0.004263256061817433,0.69,0.009999999999999898,0.16,0.0,0.5299999999999999,0.09,0.009999999999999995
2020-07-08,-0.010818562640735552,0.004891358174574423,-0.007548995384786483,0.01760993396758237,29.43,0.053328561202576896,0.06322254335260125,-0.0007075263111347985,0.005517486873720667,0.65,-0.039999999999999925,0.16,0.0,0.49,0.09,0.0
2020-07-09,0.007827502448081614,0.012757147740741992,0.01355851999380464,0.03140721860317619,28.08,-0.04587155963302758,0.014450867052023142,0.0026551022214356124,0.008187238586811585,0.67,0.020000000000000018,0.16,0.0,0.51,0.09,0.0
2020-07-10,-0.005643639942711776,0.007041511049485472,0.008239661751056948,0.039905665212064845,29.26,0.042022792022792244,0.05708092485549132,-0.002736340365433909,0.005428495149951029,0.62,-0.050000000000000044,0.16,0.0,0.45999999999999996,0.09,0.0
2020-07-11,0.01046620453355751,0.0175814134779122,0.007600475703862131,0.047809442954817705,27.29,-0.06732740943267268,-0.014089595375722519,0.0017702248185520464,0.0072083296253449,0.65,0.030000000000000027,0.16,0.0,0.49,0.09,0.0
2020-07-12,0.0,0.0016731032921137867,0.0,0.02190387455370879,27.29,0.0,-0.023264137437365884,0.0,0.000972848677810001,0.65,0.0,0.16,0.0,0.49,0.09,0.0
2020-07-13,0.0,0.012628285834191733,0.0,0.029676900725103872,27.29,0.0,-0.07271491675161401,0.0,0.0016815647402426137,0.65,0.0,0.16,0.0,0.49,0.09,0.0
2020-07-14,-0.009362519779971379,-0.004643621014908894,-0.02160510061985943,-0.006045918606504497,32.19,0.17955294979846093,0.1463675213675213,0.004064322318430902,0.0030894165416188724,0.64,-0.010000000000000009,0.16,0.0,0.48,0.09,0.0
2020-07-15,0.013406355182839835,0.014425532589901646,0.008235075517274426,-0.006050439858702128,29.52,-0.08294501397949672,0.008885850991114053,0.0036958817317844783,0.009559214020180784,0.63,-0.010000000000000009,0.14,-0.01999999999999999,0.49,0.09,0.0
2020-07-16,0.00908203857989931,0.013035943033682384,0.00113756277176158,-0.012425793603553892,27.76,-0.05962059620596194,0.01722242579699529,0.0,0.007775225304824218,0.64,0.010000000000000009,0.16,0.01999999999999999,0.48,0.1,0.010000000000000009
2020-07-17,-0.0034061043340275488,0.00958543691758984,-0.007028802954302638,-0.019367258103066387,28.0,0.008645533141210304,0.026016855991205512,0.002367175170962632,0.010160805796077144,0.62,-0.020000000000000018,0.16,0.0,0.45999999999999996,0.1,0.010000000000000009
2020-07-18,0.00284863958800452,0.01246138196066604,0.001765404471479659,-0.01763604467564206,25.68,-0.08285714285714285,-0.05899596921949435,0.00043733053441785685,0.010602579961123793,0.64,0.020000000000000018,0.14,-0.01999999999999999,0.5,0.09,0.0
2020-07-19,0.0,0.022030159545134875,0.0,0.004056701385843242,25.68,0.0,-0.20223671947809874,0.0,0.006511791622668017,0.64,0.0,0.14,0.0,0.5,0.09,0.0
2020-07-20,0.0,0.008509720033025525,0.0,-0.004144245953045744,25.68,0.0,-0.13008130081300817,0.0,0.0028055409433629386,0.64,0.0,0.14,0.0,0.5,0.09,0.0
2020-07-21,0.008406905384326757,0.007834969751066234,0.028826083444024597,0.023398195423522283,24.46,-0.04750778816199375,-0.11887608069164268,0.00034971148802243057,0.0031562335612835835,0.62,-0.020000000000000018,0.16,0.01999999999999999,0.45999999999999996,0.1,0.0
2020-07-22,0.0016790493997245193,0.012977481441859506,-0.010866429025354063,0.0194429753652674,24.84,0.015535568274734235,-0.11285714285714288,0.004632057332633943,0.0054228986267821355,0.61,-0.010000000000000009,0.14,-0.01999999999999999,0.47,0.1,0.0
2020-07-23,0.005747091149111094,0.015905207567765256,0.0034782383941025508,0.021186034670960252,24.32,-0.020933977455716568,-0.052959501557632405,0.008003479773814881,0.013026752928833929,0.6,-0.010000000000000009,0.14,0.0,0.45999999999999996,0.09,0.0
2020-07-24,-0.012319827107282633,0.0033894310531423777,-0.02669181059264536,-0.006071269546331526,26.08,0.07236842105263142,0.015576323987538832,0.0031069301803745564,0.01617415632103536,0.59,-0.010000000000000009,0.16,0.01999999999999999,0.42999999999999994,0.09,0.0
2020-07-25,-0.0061903908321639944,-0.0028219416819392773,-0.009211206558424556,-0.015226552386892966,25.84,-0.009202453987730008,0.006230529595015577,0.001032435687860156,0.01722329078510243,0.59,0.0,0.14,-0.01999999999999999,0.44999999999999996,0.09,0.0
2020-07-26,0.0,-0.011135234205865041,0.0,-0.04281835048684823,25.84,0.0,0.05641864268192953,0.0,0.016867680475441293,0.59,0.0,0.14,0.0,0.44999999999999996,0.09,-0.010000000000000009
2020-07-27,0.0,-0.012792803855954382,0.0,-0.03230293905605708,25.84,0.0,0.040257648953301084,0.0,0.012179208351457138,0.59,0.0,0.14,0.0,0.44999999999999996,0.09,-0.010000000000000009
2020-07-28,0.007395129414764723,-0.011175145450882495,0.018243597093616115,-0.018064071016259287,24.74,-0.042569659442724506,0.017269736842105088,0.009883970777825546,0.014067489427807,0.62,0.030000000000000027,0.15,0.009999999999999981,0.47,0.1,0.010000000000000009
2020-07-29,-0.006473401020556158,-0.005321943591106493,-0.013291638483921231,-0.004545115158984481,25.44,0.02829426030719495,-0.024539877300613355,-0.0014468085106382755,0.009463993805385762,0.59,-0.030000000000000027,0.14,-0.009999999999999981,0.44999999999999996,0.1,0.010000000000000009
2020-07-30,0.012428381451883519,0.013313098832888004,0.01238832186090666,0.017156135619800672,24.1,-0.05267295597484278,-0.06733746130030949,0.003153498678939881,0.011602922217447409,0.58,-0.010000000000000009,0.12,-0.020000000000000018,0.45999999999999996,0.1,0.010000000000000009
2020-07-31,-0.0037502608610255894,0.009512910378370654,0.004926390183607188,0.022167043621514004,24.76,0.027385892116182475,-0.04179566563467485,0.0017841971112999566,0.013407821229050265,0.55,-0.029999999999999916,0.11,-0.009999999999999995,0.44000000000000006,0.1,0.010000000000000009
2020-08-01,0.007670459796317086,0.01725633857129072,0.017765836623734987,0.04032669632065988,24.46,-0.012116316639741553,-0.05340557275541791,0.002629123908065356,0.016072195960464164,0.55,0.0,0.11,0.0,0.44000000000000006,0.1,0.010000000000000009
2020-08-02,0.0,0.009788819568995688,0.0,0.021687442268309765,24.46,0.0,-0.011317704122877803,0.0,0.006127659574467925,0.55,0.0,0.11,0.0,0.44000000000000006,0.1,0.0
2020-08-03,0.0,0.01636817837213056,0.0,0.0354502729646331,24.46,0.0,-0.038522012578616316,0.0,0.007585442768260453,0.55,0.0,0.11,0.0,0.44000000000000006,0.1,0.0
2020-08-04,0.007181026681992719,0.0111004038742466,0.013680693350742956,0.03677208435165413,24.28,-0.007358953393295176,0.007468879668049766,-0.006090340043985676,-0.001699235344095107,0.56,0.010000000000000009,0.11,0.0,0.45000000000000007,0.1,0.0
2020-08-05,0.0036119601409574376,0.018572370326102483,0.003750312073725448,0.03555873682167254,23.76,-0.021416803953871466,-0.04038772213247177,0.0013617021276595143,-0.002120261216181807,0.52,-0.040000000000000036,0.11,0.0,0.41000000000000003,0.1,0.0
2020-08-06,0.0064297401187354275,0.01731822739612121,0.002604415430395468,0.020132258928211355,22.99,-0.03240740740740755,-0.06009811937857734,0.011218765935747,0.006428692268651615,0.55,0.030000000000000027,0.11,0.0,0.44000000000000006,0.1,0.0
2020-08-07,0.006427727877827971,0.023857272126977858,0.012731181867863262,0.03311974824590047,22.65,-0.014789038712483715,-0.07399836467702381,-0.0035300050428643814,0.0028759939096600906,0.55,0.0,0.11,0.0,0.44000000000000006,0.1,0.0
2020-08-08,0.0006329945419150107,0.024505368191934274,-0.011333016185205103,0.021411385417774653,22.21,-0.019426048565121312,-0.0919869174161897,-0.006747638326585648,-0.0038910505836575737,0.57,0.019999999999999907,0.13,0.020000000000000004,0.43999999999999995,0.1,0.0
2020-08-09,0.0,0.01720082194857664,0.0,0.007626358199126493,22.21,0.0,-0.08525535420098851,0.0,0.002212765957446683,0.57,0.0,0.13,0.0,0.43999999999999995,0.1,0.0
2020-08-10,0.0,0.013539956026142441,0.0,0.0038615640551016295,22.21,0.0,-0.06523569023569031,0.0,0.0008499065102838266,0.57,0.0,0.13,0.0,0.43999999999999995,0.1,0.0
2020-08-11,0.0027422358024395965,0.009826400262037183,-0.004867411949846412,-0.0036196321224150063,22.13,-0.0036019810895994153,-0.03740756850804694,-0.0016983695652174058,-0.011934778954446168,0.59,0.020000000000000018,0.14,0.010000000000000009,0.44999999999999996,0.1,0.0
2020-08-12,-0.007969123366671882,-0.004619068661992798,-0.01886213743226317,-0.03470286888883367,24.03,0.08585630366018981,0.06092715231788093,0.0006805035726435982,-0.00775978407557365,0.64,0.050000000000000044,0.16,0.01999999999999999,0.48,0.1,0.0
2020-08-13,0.013996502374245878,0.008674297581819479,0.025895359357415382,0.0016455120073899376,22.28,-0.07282563462338743,0.0031517334533994745,0.0027201632097926254,0.0016983695652172948,0.69,0.04999999999999993,0.16,0.0,0.5299999999999999,0.1,0.0
2020-08-14,-0.0020471252976762555,0.006609414910123679,0.0018507365304023526,0.003499293946975568,22.13,-0.006732495511669767,-0.0036019810895994153,0.0018650389962699965,0.003566576086956541,0.71,0.020000000000000018,0.16,0.0,0.5499999999999999,0.1,0.0
2020-08-15,-0.00017193183199293305,0.00643634670931692,-0.0012452620552012572,0.0022496743538023,22.05,-0.0036150022593763875,-0.007203962179198609,0.0012692502961584307,0.004840353260869623,0.71,0.0,0.14,-0.01999999999999999,0.57,0.1,0.0
2020-08-16,0.0,0.003684008486908086,0.0,0.007151897535175422,22.05,0.0,-0.0036150022593763875,0.0,0.006549846886696242,0.71,0.0,0.14,0.0,0.57,0.1,0.0
2020-08-17,0.0,0.011746743098488333,0.0,0.026514148479967137,22.05,0.0,-0.08239700374531833,0.0,0.005865351921115369,0.71,0.0,0.14,0.0,0.57,0.1,0.0
2020-08-18,0.0027098744385312123,0.00048515686245509393,0.011117430773571302,0.01172730629555141,21.35,-0.031746031746031744,-0.04174147217235191,0.003042339220823198,0.006188538487623019,0.69,-0.020000000000000018,0.14,0.0,0.5499999999999999,0.1,0.0
2020-08-19,0.0023033775972136628,0.004846699057043047,0.009785118930032866,0.019739908412407248,21.51,0.007494145199063329,-0.02801626751016706,0.0049709326817761745,0.009307835505161677,0.67,-0.019999999999999907,0.14,0.0,0.53,0.09,-0.010000000000000009
2020-08-20,-0.004404415625792857,0.0005929703366589489,-0.007052354454721299,0.013810801248606008,22.54,0.04788470478847029,0.022222222222222143,-0.0025150905432596016,0.005493112482041651,0.68,0.010000000000000009,0.14,0.0,0.54,0.09,-0.010000000000000009
2020-08-21,0.0031586589033587575,0.003753502231051087,0.013995497692302239,0.0279995879779118,22.72,0.007985803016858917,0.03038548752834469,-0.00302571860816947,0.002450773261218453,0.65,-0.030000000000000027,0.13,-0.010000000000000009,0.52,0.09,-0.010000000000000009
2020-08-22,0.0034411358997610275,0.0072075544420890925,0.006805755834469629,0.03499590217162507,22.54,-0.007922535211267623,0.022222222222222143,-0.00733434496712182,-0.004901546522437239,0.64,-0.010000000000000009,0.16,0.03,0.48,0.09,-0.010000000000000009
2020-08-23,0.0,0.004485524794573648,0.0,0.02361592300884885,22.54,0.0,0.05573770491803276,0.0,-0.007919791052321212,0.64,0.0,0.16,0.0,0.48,0.09,-0.010000000000000009
2020-08-24,0.0,0.0021771324392731994,0.0,0.01369677946281378,22.54,0.0,0.04788470478847029,0.0,-0.012826961770623813,0.64,0.0,0.16,0.0,0.48,0.09,0.0
2020-08-25,0.01004368354743379,0.01672074314413985,0.006145306512415294,0.02717022539810432,22.37,-0.007542147293699952,-0.007542147293699952,0.0023779193205943905,-0.00798453521600273,0.65,0.010000000000000009,0.14,-0.01999999999999999,0.51,0.09,0.0
2020-08-26,0.003596325569466652,0.017164326792713513,0.008226268840039186,0.02132603761419527,22.03,-0.015198927134555174,-0.030369718309859017,0.0012708633398288427,-0.0037093238914179816,0.69,0.039999999999999925,0.15,0.009999999999999981,0.5399999999999999,0.09,0.0
2020-08-27,0.010195666188487662,0.02401123291219731,0.02133885466493668,0.03606873466053262,23.27,0.0562868815251929,0.03238686779059452,-0.0004230834320527732,0.0032271762208069266,0.69,0.0,0.16,0.010000000000000009,0.5299999999999999,0.09,0.0
2020-08-28,0.0016730243508407128,0.025724428640393926,-0.003823941650225482,0.0321068682735679,24.47,0.05156854318865478,0.08562555456965404,0.0009311775162954561,0.004161358811040294,0.74,0.050000000000000044,0.16,0.0,0.58,0.08,-0.009999999999999995
2020-08-29,0.006732576659826961,0.03263019698807246,0.005843456737122388,0.03813794010641147,22.96,-0.06170821413976291,0.018633540372670954,0.0065121786197563925,0.010700636942675201,0.74,0.0,0.14,-0.01999999999999999,0.6,0.09,0.0
2020-08-30,0.0,0.02236191741857274,0.0,0.03179722987019806,22.96,0.0,0.026374608851139847,0.0,0.008302973820215165,0.74,0.0,0.14,0.0,0.6,0.09,0.0
2020-08-31,0.0,0.01869834650745439,0.0,0.023378642035658315,22.96,0.0,0.042215161143894564,0.0,0.007023184972076546,0.74,0.0,0.14,0.0,0.6,0.09,0.0
2020-09-01,-0.0021949766391772263,0.006203413314629147,0.009574144391602202,0.011590435635327356,26.41,0.1502613240418118,0.1349376880103137,0.004117301067137369,0.011597392702954457,0.72,-0.020000000000000018,0.14,0.0,0.58,0.09,0.0
2020-09-02,0.00752504778148233,0.012081904406594735,0.015041244519309327,0.03074753315400769,26.12,-0.010980689132904176,0.06742950551695959,-8.368200836816886e-05,0.010571718538565866,0.68,-0.039999999999999925,0.13,-0.010000000000000009,0.55,0.09,0.009999999999999995
2020-09-03,0.015365857116526938,0.020761058263802035,0.01038651705136151,0.035403076897427166,26.57,0.017228177641653852,0.15722996515679433,-0.009122102267972276,-0.005125619695823924,0.66,-0.020000000000000018,0.14,0.010000000000000009,0.52,0.09,0.0
2020-09-04,-0.03512583639592948,-0.01509402766810819,-0.05226584351405017,-0.018713138293659837,33.6,0.264584117425668,0.46341463414634143,-0.0006756756756756133,-0.00579783211494822,0.63,-0.030000000000000027,0.13,-0.010000000000000009,0.5,0.09,0.0
2020-09-05,-0.008132999137496877,-0.023104267091598962,-0.012678218423174292,-0.03115410746216407,30.75,-0.0848214285714286,0.3392857142857142,-0.0010141987829614951,-0.006806150743634998,0.72,0.08999999999999997,0.14,0.010000000000000009,0.58,0.09,0.0
2020-09-06,0.0,-0.02095528681745329,0.0,-0.04034201160956852,30.75,0.0,0.16433169254070434,0.0,-0.01087866108786617,0.72,0.0,0.14,0.0,0.58,0.09,0.0
2020-09-07,0.0,-0.028267619412190026,0.0,-0.054562567213813695,30.75,0.0,0.17725880551301687,0.0,-0.010795882500627796,0.72,0.0,0.14,0.0,0.58,0.09,0.0
2020-09-08,0.0,-0.042973157136314444,0.0,-0.06428142415708182,30.75,0.0,0.15732028603688364,0.0,-0.0016891891891891442,0.72,0.0,0.14,0.0,0.58,0.09,0.0
2020-09-09,-0.027756378831384043,-0.03566363536378525,-0.04765649670069072,-0.059730515649410454,31.46,0.023089430894309038,-0.06369047619047619,-0.0026226734348561154,-0.0036342123056118947,0.69,-0.030000000000000027,0.14,0.0,0.5499999999999999,0.09,0.0
2020-09-10,0.020145024971186976,-0.008170506804864974,0.02959724473404135,-0.019469752962666842,28.81,-0.08423394787031158,-0.06308943089430896,0.001781321570955896,-0.0008460236886631556,0.71,0.020000000000000018,0.14,0.0,0.57,0.09,0.0
2020-09-11,-0.017584790641843373,-0.025611620795107037,-0.021212107916478318,-0.040268866378193935,29.71,0.0312391530718501,-0.03382113821138211,0.005927180355630668,0.0050761421319796,0.68,-0.029999999999999916,0.14,0.0,0.54,0.09,0.0
2020-09-12,0.0005330634075928486,-0.02509221000536921,-0.005981646243719885,-0.046009638508603845,26.87,-0.09559071019858634,-0.1261788617886178,-0.004124579124579086,0.0009306260575296932,0.67,-0.010000000000000009,0.13,-0.010000000000000009,0.54,0.09,0.0
2020-09-13,0.0,-0.02509221000536921,0.0,-0.046009638508603845,26.87,0.0,-0.1261788617886178,0.0,0.0009306260575296932,0.67,0.0,0.13,0.0,0.54,0.09,0.0
2020-09-14,0.0,0.002740227621974567,0.0,0.0017292690992078974,26.87,0.0,-0.14589955499046403,0.0,0.003562643141912014,0.67,0.0,0.13,0.0,0.54,0.09,0.0
2020-09-15,0.01274180851668838,-0.004536681808553267,0.017169038728646946,-0.01036254425953309,25.85,-0.03796055080014882,-0.10274210343630674,0.003634519482714982,0.005419136325148122,0.68,0.010000000000000009,0.14,0.010000000000000009,0.54,0.09,0.0
2020-09-16,0.005219385613883576,0.018570371856647894,0.014285638282779622,0.02552868357163085,25.59,-0.0100580270793037,-0.1386738471894985,-0.002358093313120979,-0.002861952861952788,0.68,0.0,0.14,0.0,0.54,0.09,0.0
2020-09-17,-0.004618958014818264,0.013325471345148276,-0.01672105723729711,0.014448833811353534,26.04,0.017584994138335253,-0.03088946780796431,-0.0009285834880973232,0.00033809483560132136,0.69,0.009999999999999898,0.14,0.0,0.5499999999999999,0.09,0.0
2020-09-18,-0.00841237162124231,0.00480100090692237,-0.014816494185426188,-0.000581741436224803,26.46,0.016129032258064502,-0.01525865277260885,-0.0010139416983524496,-0.0006761896712028648,0.69,0.0,0.13,-0.010000000000000009,0.5599999999999999,0.09,0.0
2020-09-19,-0.01118257020384228,-0.0064352568266102805,-0.01299256832672302,-0.01356675144758912,25.83,-0.023809523809523947,-0.03870487532564204,0.0028757506555019408,0.002197616431409033,0.7,0.010000000000000009,0.14,0.010000000000000009,0.5599999999999999,0.09,0.0
2020-09-20,0.0,-0.01893578914391436,0.0,-0.03021699344550699,25.83,0.0,-0.00077369439071584,0.0,-0.0014316995115378761,0.7,0.0,0.14,0.0,0.5599999999999999,0.09,0.0
2020-09-21,0.0,-0.024029754204398457,0.0,-0.04387583738603562,25.83,0.0,0.009378663540445364,0.0,0.0009285834880972121,0.7,0.0,0.14,0.0,0.5599999999999999,0.09,0.0
2020-09-22,-0.011571124305988612,-0.0308463472052789,0.003953559392080752,-0.023772182510046647,27.78,0.07549361207897798,0.06682027649769595,-0.010120603862697197,-0.008280523869877543,0.68,-0.019999999999999907,0.14,0.0,0.54,0.09,0.0
2020-09-23,0.010517942372282096,-0.01234431830706495,0.018774669359994833,0.009513624734341475,26.86,-0.03311735061195109,0.015117157974300799,-0.0028968220158474,-0.01014970819588934,0.68,0.0,0.13,-0.010000000000000009,0.55,0.09,0.0
2020-09-24,-0.02372141140135786,-0.02486842779118348,-0.0315598357644169,-0.00947702199327416,28.58,0.06403574087862984,0.10646535036778948,-0.002221652567717669,-0.01518090579404574,0.68,0.0,0.14,0.010000000000000009,0.54,0.09,0.0
2020-09-25,0.002987407782707008,-0.021955312143203454,0.005828309485633731,-0.0037039475248195064,28.51,-0.0024492652204337606,0.10375532326751857,-0.0009420227798234704,-0.01610862781479283,0.67,-0.010000000000000009,0.14,0.0,0.53,0.09,0.0
2020-09-26,0.015976763311659203,-0.006329323657089714,0.02337087148406769,0.019580359477662013,26.38,-0.07471062784987736,0.02129307007355785,-0.004114520829761825,-0.02015686935987182,0.66,-0.010000000000000009,0.12,-0.020000000000000018,0.54,0.09,0.0
2020-09-27,0.0,0.0053031642213188235,0.0,0.01556526189821339,26.38,0.0,-0.050395968322534235,0.0,-0.010138877055465678,0.66,0.0,0.12,0.0,0.54,0.09,0.0
2020-09-28,0.0,-0.005160500306131466,0.0,-0.003150262328172726,26.38,0.0,-0.017870439314966458,0.0,-0.007263094932923098,0.66,0.0,0.12,0.0,0.54,0.09,0.0
2020-09-29,0.016110548559024496,0.035428740901845,0.019129899839747333,0.04902647662353132,26.19,-0.007202426080363811,-0.08362491252624205,0.0036150800482011025,-0.001455853387000161,0.67,0.010000000000000009,0.14,0.020000000000000018,0.53,0.09,0.0
2020-09-30,-0.004812626805108078,0.02737641648622091,-0.00365173853552081,0.03913928088637886,26.27,0.0030546009927452378,-0.07856892318484754,0.004888507718696422,0.004371678381621669,0.66,-0.010000000000000009,0.11,-0.030000000000000013,0.55,0.09,0.0
2020-10-01,0.008253709372292528,0.019566706887456542,0.008399754480943544,0.02393748436257126,26.37,0.003806623524933439,-0.0003790750568611889,0.0005120764700861091,0.009037700120502645,0.69,0.029999999999999916,0.13,0.020000000000000004,0.5599999999999999,0.09,0.0
2020-10-02,0.005292893250074426,0.024963164628341694,0.014463052392438058,0.03874674584548843,26.7,0.012514220705347023,0.012130401819560266,0.0024737695129233295,0.01153382682045101,0.68,-0.009999999999999898,0.14,0.010000000000000009,0.54,0.09,0.0
2020-10-03,-0.009571699006152401,0.015152525724125843,-0.02827457006699363,0.009376628198218606,27.63,0.03483146067415732,0.047384382107657386,-0.003914227365554801,0.007574453434326278,0.7,0.019999999999999907,0.13,-0.010000000000000009,0.57,0.09,0.0
2020-10-04,0.0,-0.0009428332736602929,0.0,-0.009570194774054186,27.63,0.0,0.05498281786941561,0.0,0.0039451114922814945,0.7,0.0,0.13,0.0,0.57,0.09,0.0
2020-10-05,0.0,0.0038885074667138753,0.0,-0.005940148106279741,27.63,0.0,0.051770079939094105,0.0,-0.0009388068618245704,0.7,0.0,0.13,0.0,0.57,0.09,0.0
2020-10-06,0.01797553487594228,0.013568242640499495,0.022510392521471356,0.007969830251373766,27.96,0.011943539630836053,0.060295790671217375,0.006663249615581623,0.005203446216838659,0.78,0.08000000000000007,0.14,0.010000000000000009,0.64,0.09,0.0
2020-10-07,-0.013988024514247743,-0.005871391386654157,-0.01892335255876665,-0.02520288003315152,29.48,0.05436337625178833,0.104119850187266,-0.0005091649694500822,0.0022123893805308104,0.76,-0.020000000000000018,0.14,0.0,0.62,0.09,0.0
2020-10-08,0.01740579300495404,0.02120689037283019,0.01876848219907945,0.02198887851388931,28.06,-0.04816824966078703,0.015562794064422736,-0.0010188487009678004,0.005125576627370565,0.81,0.050000000000000044,0.16,0.01999999999999999,0.65,0.09,0.0
2020-10-09,0.008007135650470065,0.029383832471240323,0.004151022455510134,0.02623117729788227,26.36,-0.06058446186742694,-0.04596453130655087,-0.0011048784633690412,0.004015035024773628,0.78,-0.030000000000000027,0.13,-0.03,0.65,0.09,0.0
2020-10-10,0.008790685934612519,0.03843282244866275,0.015142490567867206,0.04177087322056661,25.0,-0.05159332321699539,-0.09518639160332965,0.005615587509572029,0.009653169314881138,0.79,0.010000000000000009,0.16,0.03,0.63,0.09,0.0
2020-10-11,0.0,0.02009605031933659,0.0,0.01883646448971521,25.0,0.0,-0.10586552217453504,0.0,0.002970128988458942,0.79,0.0,0.16,0.0,0.63,0.09,0.0
2020-10-12,0.0,0.03456760737291553,0.0,0.03848814172365023,25.0,0.0,-0.15196743554952508,0.0,0.0034810663949735865,0.79,0.0,0.16,0.0,0.63,0.09,0.0
2020-10-13,0.016418713134107588,0.03356387723171861,0.030894135606373885,0.0508485037628692,25.07,0.0027999999999999137,-0.10655737704918022,0.0,0.0045045045045044585,0.79,0.0,0.16,0.0,0.63,0.09,0.0
2020-10-14,-0.006306907889152336,0.01888691928525632,-0.00040866603629519105,0.04607676950966755,26.07,0.039888312724371655,-0.011001517450682785,-0.006937981216684985,-0.0013613545477750844,0.74,-0.050000000000000044,0.16,0.0,0.58,0.09,0.0
2020-10-15,-0.006623138843883547,0.0033188290342898163,-0.008094730108075932,0.02213144462874772,26.4,0.012658227848101111,0.05600000000000005,0.001533611655448519,-0.005415009730095566,0.73,-0.010000000000000009,0.14,-0.01999999999999999,0.59,0.09,0.0
2020-10-16,-0.0015278028589691406,0.001785955658833549,-0.007241334428002233,0.014729849008813911,26.97,0.021590909090908994,0.07879999999999998,-0.004593789876648269,-0.009983924189863824,0.74,0.010000000000000009,0.14,0.0,0.6,0.09,0.0
2020-10-17,0.00013492797142955482,0.0019211246056374254,-0.0038996282746581734,0.010772779798479348,27.41,0.01631442343344469,0.09640000000000004,0.0013674044953422282,-0.008630171757339822,0.76,0.020000000000000018,0.14,0.0,0.62,0.09,0.0
2020-10-18,0.0,-0.014263401825579614,0.0,-0.019518353158599733,27.41,0.0,0.09333865177502987,0.0,-0.008630171757339822,0.76,0.0,0.14,0.0,0.62,0.09,0.0
2020-10-19,0.0,-0.008006993305675225,0.0,-0.019117499795169635,27.41,0.0,0.05140007671653235,0.0,-0.0017040129504983792,0.76,0.0,0.14,0.0,0.62,0.09,0.0
2020-10-20,-0.016329822808936134,-0.017700155073423374,-0.01837806916370588,-0.02928656294012033,29.18,0.06457497263772338,0.10530303030303045,0.006059571562686772,0.00280731603572959,0.78,0.020000000000000018,0.16,0.01999999999999999,0.62,0.09,0.0
2020-10-21,0.0047272769717412455,-0.011546389384900824,0.0037380687361132647,-0.018550968729855732,29.35,0.0058259081562714865,0.08824619948090473,0.003053953172717838,0.010511922057943712,0.81,0.030000000000000027,0.14,-0.01999999999999999,0.67,0.09,0.0
2020-10-22,-0.002195682985199454,-0.013849779408176666,-0.0010678344625375535,-0.01576082692030234,28.65,-0.02385008517887577,0.045238963881794936,0.003890392422192246,0.013057949987198114,0.83,0.019999999999999907,0.14,0.0,0.69,0.09,0.0
2020-10-23,0.005218945382994278,-0.008703115267480244,-0.0002108805807274905,-0.015968383848696033,28.11,-0.01884816753926699,0.02553812477198103,-0.003875315922493794,0.00913203038320387,0.87,0.040000000000000036,0.16,0.01999999999999999,0.71,0.09,0.0
2020-10-24,0.0034457896215134287,-0.005287314750230365,0.0025431045939650065,-0.013465888525054925,27.55,-0.01992173603699743,0.005107624954396206,0.001691474966170503,0.010838951950157938,0.85,-0.020000000000000018,0.18,0.01999999999999999,0.6699999999999999,0.09,0.0
2020-10-25,0.0,0.011225823771783272,0.0,0.005004147202035236,27.55,0.0,-0.05586017820424949,0.0,0.004750593824227822,0.85,0.0,0.18,0.0,0.6699999999999999,0.09,0.0
2020-10-26,0.0,0.006467970910104759,0.0,0.0012613634028211251,27.55,0.0,-0.061328790459965976,0.0,0.001691474966170503,0.85,0.0,0.18,0.0,0.6699999999999999,0.09,0.0
2020-10-27,-0.01858953826264864,-0.01006822759608339,-0.016082862877878745,-0.013788675369919678,32.46,0.17822141560798554,0.1329842931937173,-0.0023640661938533203,-0.004549283909014434,0.81,-0.039999999999999925,0.16,-0.01999999999999999,0.65,0.09,0.0
2020-10-28,-0.0030256074002417144,-0.018187398834222712,0.008208078216214165,-0.005484051578894089,33.35,0.027418361059765806,0.1864105300604768,0.0015233581584292999,0.0008457374830852515,0.79,-0.020000000000000018,0.16,0.0,0.63,0.09,0.0
2020-10-29,-0.03528790685054317,-0.05608603937796319,-0.0393302842067601,-0.04702216877897669,40.28,0.20779610194902554,0.4620689655172414,-0.0070136893696129965,-0.007852077001013091,0.79,0.0,0.16,0.0,0.63,0.09,0.0
2020-10-30,0.011947307117329942,-0.0448088093980763,0.018665034515685575,-0.02923480466655315,37.59,-0.06678252234359483,0.3644283121597096,-0.007914220066377431,-0.015704154002026294,0.85,0.05999999999999994,0.16,0.0,0.69,0.09,0.0
2020-10-31,-0.012129506270184387,-0.05639480693370724,-0.026235293910352953,-0.054703114884067316,38.02,0.01143921255653102,0.3800362976406535,-0.0009435580717103154,-0.016632894292468614,0.88,0.030000000000000027,0.14,-0.01999999999999999,0.74,0.09,0.0
2020-11-01,0.0,-0.03852136302290221,0.0,-0.03925152896426798,38.02,0.0,0.17128773875539127,0.0,-0.014302640487474538,0.88,0.0,0.14,0.0,0.74,0.09,0.0
2020-11-02,0.0,-0.03560347776847117,0.0,-0.047073226455843,38.02,0.0,0.1400299850074962,0.0,-0.015801926652019516,0.88,0.0,0.14,0.0,0.74,0.09,0.0
2020-11-03,0.01231819349472163,0.011987049950626938,0.0028779647062548985,-0.005205173583564537,37.13,-0.023408732246186226,-0.07820258192651441,-0.0011161672533700484,-0.009956599438345703,0.87,-0.010000000000000009,0.16,0.01999999999999999,0.71,0.09,0.0
2020-11-04,0.017799313644932147,0.017839286307705704,0.01760525261710666,-0.006240121789416353,35.55,-0.042553191489361875,-0.05426975259377509,0.0077359463641053505,0.005661348430262558,0.9,0.030000000000000027,0.17,0.010000000000000009,0.73,0.09,0.0
2020-11-05,0.022047038430944355,0.053052636729501224,0.04407038708642186,0.06550920794900916,29.57,-0.16821378340365678,-0.22225144660704899,0.0005117707267143778,0.0071262986176696685,0.78,-0.12,0.14,-0.03,0.64,0.09,0.0
2020-11-06,0.019460190971818836,0.07354524214363467,0.025562493737804504,0.09274628040477872,27.58,-0.06729793709841059,-0.27459231983166765,0.00673486786018751,0.013909161157379613,0.79,0.010000000000000009,0.14,0.0,0.65,0.09,0.0
2020-11-07,-0.00028771240154390476,0.07323636986385162,0.0010995134156368547,0.09394776959997109,24.86,-0.0986221899927483,-0.3461336138874277,0.00652045050385297,0.02052030565810936,0.83,0.039999999999999925,0.16,0.01999999999999999,0.6699999999999999,0.09,0.0
2020-11-08,0.0,0.06017690560201072,0.0,0.09080846134693044,24.86,0.0,-0.33046054403447356,0.0,0.02166064981949467,0.83,0.0,0.16,0.0,0.6699999999999999,0.09,0.0
2020-11-09,0.0,0.04163649099478817,0.0,0.07193674417615048,24.86,0.0,-0.30070323488045003,0.0,0.013817809621289756,0.83,0.0,0.16,0.0,0.6699999999999999,0.09,0.0
2020-11-10,0.011699872344305584,0.031091002021234493,-0.021582370868430845,0.004531706662636026,25.75,0.035800482703137515,-0.12918498478187357,-0.006309944472488671,0.006905370843989678,0.96,0.13,0.17,0.010000000000000009,0.7899999999999999,0.09,0.0
2020-11-11,-0.001399802844669673,0.009993020837784528,-0.01742123463385392,-0.03757057211955217,24.8,-0.03689320388349515,-0.10079767947788243,-8.466683600028002e-05,8.468117537474562e-05,0.98,0.020000000000000018,0.19,0.01999999999999999,0.79,0.09,0.0
2020-11-12,0.007651888434169196,0.01801427008297618,0.023110228667729382,-0.01641007827910035,23.45,-0.05443548387096775,-0.056717618664521297,0.0,-0.00639407706545525,0.98,0.0,0.19,0.0,0.79,0.09,0.0
2020-11-13,-0.009978559392721298,0.007855954226315465,-0.005531858003032131,-0.021851158059273845,25.35,0.08102345415778256,0.019710378117457905,0.0003386960203217715,-0.006057546693589155,0.88,-0.09999999999999998,0.17,-0.01999999999999999,0.71,0.09,0.0
2020-11-14,0.013610365817456005,0.021573242454636654,0.00935982832705129,-0.01269585282040464,23.1,-0.08875739644970415,-0.07079646017699104,0.0008464533604197744,-0.00521622076392414,0.89,0.010000000000000009,0.17,0.0,0.72,0.09,0.0
2020-11-15,0.0,0.009759188846641287,0.0,0.009082540812264117,23.1,0.0,-0.1029126213592233,0.0,0.0011006688680041954,0.89,0.0,0.17,0.0,0.72,0.09,0.0
2020-11-16,0.0,0.011174633975738368,0.0,0.026973690436147058,23.1,0.0,-0.06854838709677413,0.0,0.0011854360711260892,0.89,0.0,0.17,0.0,0.72,0.09,0.0
2020-11-17,0.011648048198820149,0.015184764293271646,0.0063277778894672565,0.010127865883344134,22.45,-0.02813852813852824,-0.04264392324093813,0.001691474966170503,0.0028789161727349466,0.91,0.020000000000000018,0.19,0.01999999999999999,0.72,0.09,0.0
2020-11-18,-0.004791957892531062,0.02050319337519535,-0.002987502268304132,0.012712287163253455,22.71,0.01158129175946554,-0.10414201183431959,0.001519756838905817,0.004062976130015272,0.87,-0.040000000000000036,0.18,-0.010000000000000009,0.69,0.09,0.0
2020-11-19,-0.01156383241031389,-0.004842196281884981,-0.006911297776078351,-0.0036128813922787772,23.84,0.049757815940114414,0.03203463203463186,0.000590119709998449,0.003805818673883854,0.88,0.010000000000000009,0.16,-0.01999999999999999,0.72,0.09,0.0
2020-11-20,0.003946420613320845,-0.0009148850117848273,0.007626919866058124,0.003986483316914979,23.11,-0.03062080536912748,0.00043290043290045155,-0.0021905805038336945,0.0016069012178618891,0.86,-0.020000000000000018,0.18,0.01999999999999999,0.6799999999999999,0.08,-0.009999999999999995
2020-11-21,-0.0067925413261787915,-0.007701211943712316,-0.006590501967805862,-0.0026302915770356483,23.7,0.02553007356122894,0.025974025974025983,0.001182132905513944,0.0027909336941813745,0.83,-0.030000000000000027,0.16,-0.01999999999999999,0.6699999999999999,0.08,-0.009999999999999995
2020-11-22,0.0,-0.019126474050913833,0.0,-0.008901741225200488,23.7,0.0,0.055679287305122394,0.0,0.0010976021614319542,0.83,0.0,0.16,0.0,0.6699999999999999,0.08,-0.009999999999999995
2020-11-23,0.0,-0.014403537302640546,0.0,-0.005931960702951877,23.7,0.0,0.0435931307793922,0.0,-0.0004215140785701621,0.83,0.0,0.16,0.0,0.6699999999999999,0.08,-0.009999999999999995
2020-11-24,0.00563591695385024,0.0027467984382489874,-4.199408051441811e-05,0.0009441171747777144,22.66,-0.04388185654008436,-0.049496644295301984,-0.002614489331196679,-0.0036228831409553797,0.86,0.030000000000000027,0.16,0.0,0.7,0.08,-0.009999999999999995
2020-11-25,0.016161717804443754,0.01494749949048968,0.014603634824297718,0.007874561029516558,21.64,-0.04501323918799649,-0.06360882734746853,0.004058853373921867,0.002617580005066289,0.88,0.020000000000000018,0.16,0.0,0.72,0.08,0.0
2020-11-26,-0.0015844155129681736,0.020269624515817153,0.005994299579215268,0.02064261021766356,21.25,-0.01802218114602594,-0.1033755274261603,0.0028633990230757522,0.004301256641646267,0.88,0.0,0.17,0.010000000000000009,0.71,0.08,0.0
2020-11-27,0.0,0.020269624515817153,0.0,0.02064261021766356,21.25,0.0,-0.1033755274261603,0.0,0.004301256641646267,0.88,0.0,0.17,0.0,0.71,0.08,0.0
2020-11-28,0.0023969253233782073,0.022715134615492794,0.008721863165742638,0.029544515405108385,20.84,-0.019294117647058795,-0.12067510548523208,0.0,0.004301256641646267,0.84,-0.040000000000000036,0.16,-0.010000000000000009,0.6799999999999999,0.08,0.0
2020-11-29,0.0,0.016983500065686608,0.0,0.02958775199606234,20.84,0.0,-0.08031774051191531,0.0,0.006933874513783245,0.84,0.0,0.16,0.0,0.6799999999999999,0.08,0.0
2020-11-30,0.0,0.0008087120847442009,0.0,0.014768444205662146,20.84,0.0,-0.0369685767097967,0.0,0.0028633990230757522,0.84,0.0,0.16,0.0,0.6799999999999999,0.08,0.0
2020-12-01,-0.0045954897137437944,-0.002209579436033726,0.0008247533693745979,0.009553809921150291,20.57,-0.012955854126679434,-0.03200000000000003,0.003359086328518668,0.003359086328518668,0.84,0.0,0.16,0.0,0.6799999999999999,0.09,0.009999999999999995
2020-12-02,0.011271167954760575,0.009036683977794002,0.015243325899552795,0.024942767658913345,20.77,0.009722897423432242,-0.022588235294117687,0.0076163374623365865,0.011001007725898404,0.92,0.08000000000000007,0.17,0.010000000000000009,0.75,0.09,0.009999999999999995
2020-12-03,0.0017911507324332998,0.008426896807618878,8.670986637837608e-05,0.016168755470823193,21.17,0.01925854597977872,0.015834932821497283,0.0044854223772738955,0.015535774269398672,0.95,0.029999999999999916,0.16,-0.010000000000000009,0.7899999999999999,0.09,0.009999999999999995
2020-12-04,-0.0006241465681479097,0.007797490620748304,0.0008606010881144766,0.01704327140748929,21.28,0.0051960321209258975,0.021113243761996303,0.004878855536260662,0.020490426603963607,0.92,-0.029999999999999916,0.16,0.0,0.76,0.09,0.009999999999999995
2020-12-05,0.008836235109307422,0.016702626190443493,0.004920940104097715,0.02204808042936124,20.79,-0.023026315789473784,-0.002399232245681393,-0.0008229098090850595,0.01965065502183405,0.97,0.04999999999999993,0.16,0.0,0.8099999999999999,0.09,0.009999999999999995
2020-12-06,0.0,0.021396443038079527,0.0,0.02120583747407956,20.79,0.0,0.010695187165775444,0.0,0.016237027117509184,0.97,0.0,0.16,0.0,0.8099999999999999,0.09,0.0
2020-12-07,0.0,0.010012423377793622,0.0,0.005872987708876343,20.79,0.0,0.000962927298988836,0.0,0.008555527867763146,0.97,0.0,0.16,0.0,0.8099999999999999,0.09,0.0
2020-12-08,-0.0019355954929820562,0.00625509333580454,0.005426835498001381,0.011244010112062774,21.3,0.024531024531024626,0.006140765233821455,-0.00032943501894244775,0.0037211610022327424,0.94,-0.030000000000000027,0.14,-0.01999999999999999,0.7999999999999999,0.09,0.0
2020-12-09,0.002787137455443789,0.009689859056595695,0.0031159523263264433,0.013522759448245214,20.68,-0.029107981220657275,-0.02819548872180455,-0.0022244191794363877,-0.003373930217248189,0.92,-0.019999999999999907,0.14,0.0,0.78,0.09,0.0
2020-12-10,-0.007949220068876994,-0.007109799087350432,-0.021453466838454838,-0.013077404441720009,22.27,0.07688588007736952,0.07118807118807124,-0.0025596565106102975,-0.005106242793608939,0.95,0.029999999999999916,0.16,0.01999999999999999,0.7899999999999999,0.09,0.0
2020-12-11,-0.0012851160688518437,-0.008385778239148767,0.0030004917247894447,-0.010116151360739623,22.52,0.011225864391558149,0.0832130832130833,0.0031456953642383656,-0.0019766101136550196,0.92,-0.029999999999999916,0.14,-0.01999999999999999,0.78,0.09,0.0
2020-12-12,-0.001264960061067022,-0.009640130625662269,-0.002123089179421611,-0.012217763048669839,23.31,0.03507992895204248,0.1212121212121211,-0.0004951312097705163,-0.0024707626420688023,0.9,-0.020000000000000018,0.11,-0.030000000000000013,0.79,0.09,0.0
2020-12-13,0.0,-0.007719476917409707,0.0,-0.01754936105115157,23.31,0.0,0.09436619718309847,0.0,-0.002142033283901723,0.9,0.0,0.11,0.0,0.79,0.09,0.0
2020-12-14,0.0,-0.01047741238436084,0.0,-0.02060112126574498,23.31,0.0,0.12717601547388768,0.0,8.256956485830358e-05,0.9,0.0,0.11,0.0,0.79,0.09,0.0
2020-12-15,-0.004359266922526861,-0.006896608055935283,0.007013909034124799,0.007891050608832995,24.72,0.06048906048906044,0.11001347103726977,0.0027245706737120123,0.005380794701986824,0.9,0.0,0.13,0.020000000000000004,0.77,0.09,0.0
2020-12-16,0.012921214314501217,0.007229901038684927,0.010729236628174377,0.01565748032130987,22.89,-0.07402912621359214,0.01642984014209592,0.001070399341292827,0.00330087473180396,0.92,0.020000000000000018,0.11,-0.020000000000000004,0.81,0.09,0.0
2020-12-17,0.0017728480872187813,0.010293547629836253,0.005735190442619498,0.023655781909447837,22.5,-0.017038007863695914,-0.03474903474903468,0.0013982562921532882,0.005201453104359377,0.92,0.0,0.13,0.020000000000000004,0.79,0.09,0.0
2020-12-18,0.005757638800703457,0.016110452959770205,0.006622903405072211,0.030435355273077835,21.93,-0.02533333333333332,-0.05920205920205912,0.006817248459958902,0.012054161162483368,0.94,0.019999999999999907,0.13,0.0,0.8099999999999999,0.09,0.0
2020-12-19,-0.0035111001267972286,0.012542787419543178,-0.0010884515913506254,0.02931377627084686,21.57,-0.01641586867305056,-0.07464607464607453,-0.0017947462881383602,0.010237780713342026,0.95,0.010000000000000009,0.13,0.0,0.82,0.09,0.0
2020-12-20,0.0,0.016976057508039766,0.0,0.02214454739568672,21.57,0.0,-0.12742718446601942,0.0,0.007492795389049123,0.95,0.0,0.13,0.0,0.82,0.09,0.0
2020-12-21,0.0,0.0040031180473227845,0.0,0.011294133338414447,21.57,0.0,-0.05766710353866322,0.0,0.0064155288698799495,0.95,0.0,0.13,0.0,0.82,0.09,0.0
2020-12-22,-0.003906281591951277,-0.0016886552090285,-0.003761918892651872,0.0017445311710619915,25.16,0.16643486323597578,0.11822222222222223,-0.0004903563255965748,0.004517453798768001,0.95,0.0,0.13,0.0,0.82,0.09,0.0
2020-12-23,-0.0020731166033364223,-0.009461434312608707,0.002151256160236148,-0.002705445237867421,24.23,-0.036963434022257546,0.10487916096671235,-0.004742436631234637,-0.007015826399086267,0.93,-0.019999999999999907,0.13,0.0,0.8,0.09,0.0
2020-12-24,0.0007458112528002658,-0.00522994222800921,-0.005065437080697843,-0.006675992959747856,23.31,-0.037969459347915846,0.08066759388038935,0.0018074268813670358,-0.003432494279176135,0.96,0.029999999999999916,0.13,0.0,0.83,0.09,0.0
2020-12-25,0.0035365757816374632,-0.0017118625333947257,0.004573568300042519,-0.002132957769477306,21.53,-0.07636207636207626,-0.0018544274455261078,0.0,-0.003432494279176135,0.94,-0.020000000000000018,0.13,0.0,0.8099999999999999,0.09,0.0
2020-12-26,0.0,-0.0017118625333947257,0.0,-0.002132957769477306,21.53,0.0,-0.0018544274455261078,0.0,-0.003432494279176135,0.94,0.0,0.13,0.0,0.8099999999999999,0.09,0.0
2020-12-27,0.0,0.002203024693362643,0.0,0.0016351122829634246,21.53,0.0,-0.14427662957074716,0.0,-0.0029435813573180925,0.94,0.0,0.13,0.0,0.8099999999999999,0.09,0.0
2020-12-28,0.0,0.004285024652451952,0.0,-0.0005150359031134144,21.53,0.0,-0.11143210895583988,0.0,0.0018074268813670358,0.94,0.0,0.13,0.0,0.8099999999999999,0.09,0.0
2020-12-29,0.008722515973276224,0.012289939593659538,0.010058209379113059,0.014677779586727224,21.7,0.007895959126799745,-0.06906906906906907,0.0015581433491882457,0.0015581433491882457,0.94,0.0,0.13,0.0,0.8099999999999999,0.09,0.0
2020-12-30,-0.0022273622890431888,0.006475725481088546,0.00036062391832292207,0.010422460528313637,23.08,0.06359447004608287,0.071992568509057,0.0031933185949397647,0.004756437592258411,0.94,0.0,0.12,-0.010000000000000009,0.82,0.09,0.0
2020-12-31,0.0013415471795312772,0.007825960151874423,0.0001455990544627639,0.010569577083174408,22.77,-0.013431542461005197,0.057594054807245554,0.002285341168788646,0.007052648843693499,0.93,-0.009999999999999898,0.12,0.0,0.81,0.09,0.0
2021-01-01,0.00643883774021714,0.014315187979671018,0.0033412843236779732,0.013946177369068335,22.75,-0.0008783487044355942,0.05666511843938693,-0.004071661237784907,0.002952271608988033,0.93,0.0,0.13,0.010000000000000009,0.8,0.09,0.0
2021-01-02,0.0,0.014315187979671018,0.0,0.013946177369068335,22.75,0.0,0.05666511843938693,0.0,0.002952271608988033,0.93,0.0,0.13,0.0,0.8,0.09,0.0
2021-01-03,0.0,0.0055443116593849595,0.0,0.0038492514132875133,22.75,0.0,0.048387096774193505,0.0,0.0013919593875379999,0.93,0.0,0.13,0.0,0.8,0.09,0.0
2021-01-04,0.0,0.007789022924358235,0.0,0.003487369865978973,22.75,0.0,-0.014298093587521543,0.0,-0.0017956252040483012,0.93,0.0,0.13,0.0,0.8,0.09,0.0
2021-01-05,-0.01475478359029514,-0.00841094950750787,-0.015022951084240899,-0.011731862711516161,26.97,0.1854945054945054,0.18445322793148877,0.001962387571545321,-0.002117263843648187,0.93,0.0,0.11,-0.020000000000000004,0.8200000000000001,0.09,0.0
2021-01-06,0.007082539553862066,-0.007776745374819982,0.008485457664876295,-0.006664970034791384,25.34,-0.060437523173896834,0.11384615384615393,0.003345846254284357,0.005314799672935466,0.96,0.029999999999999916,0.13,0.020000000000000004,0.83,0.09,0.0
2021-01-07,0.005709900559720538,-0.0021112492578679865,-0.013984118577951787,-0.02055588488145821,25.07,-0.010655090765588016,0.10197802197802197,-0.0004066693777957653,0.004905968928863524,1.04,0.08000000000000007,0.14,0.010000000000000009,0.9,0.09,0.0
2021-01-08,0.01484736429268918,0.012704768547976864,0.025050402626877855,0.003979584552787463,22.37,-0.10769844435580367,-0.016703296703296622,-0.002034174125305266,0.002861815208503593,1.08,0.040000000000000036,0.14,0.0,0.9400000000000001,0.09,0.0
2021-01-09,0.005491890982414871,0.018266432734214133,0.012800270797252322,0.016830795109975982,21.56,-0.03620920876173461,-0.05230769230769239,-0.001059926620464613,0.0017988552739165442,1.13,0.04999999999999982,0.14,0.0,0.9899999999999999,0.09,0.0
2021-01-10,0.0,0.03351573372245409,0.0,0.03233958215501653,21.56,0.0,-0.20059325176121623,0.0,-0.00016321201240410144,1.13,0.0,0.14,0.0,0.9899999999999999,0.09,0.0
2021-01-11,0.0,0.026247296651872976,0.0,0.023653414443252085,21.56,0.0,-0.1491712707182321,0.0,-0.00349735664904427,1.13,0.0,0.14,0.0,0.9899999999999999,0.09,0.0
2021-01-12,-0.006554796741165214,0.013732144476994002,-0.015467905869425924,0.02211298902430814,24.08,0.11688311688311681,-0.03948942959712809,-0.00677440417890951,-0.00984540276647683,1.15,0.020000000000000018,0.14,0.0,1.0099999999999998,0.09,0.0
2021-01-13,0.0004158321511944507,-0.0006835287962795311,-0.0008060459647710738,-0.003669364592486457,23.33,-0.03114617940199338,0.04291461779168526,-8.217602103710586e-05,-0.007908683245005932,1.15,0.0,0.14,0.0,1.0099999999999998,0.09,0.0
2021-01-14,0.0022756031663768717,-0.0038800631686832787,0.006324808467827792,-0.01003952629490601,22.21,-0.04800685812258887,0.030148423005565972,-0.0007396449704143437,-0.00759059745347701,1.1,-0.04999999999999982,0.14,0.0,0.9600000000000001,0.09,0.0
2021-01-15,-0.003753438464607517,-0.007618938054948399,-0.005776332452829269,-0.015757867106186874,23.25,0.04682575416479051,0.0783858998144713,-0.0002467308166790305,-0.007835455435847294,1.15,0.04999999999999982,0.16,0.01999999999999999,0.9899999999999999,0.09,0.0
2021-01-16,-0.00719001775768402,-0.014754175512722623,-0.007346482472251115,-0.02298858468394227,24.34,0.04688172043010752,0.1289424860853432,-0.004689042448173808,-0.012487757100881569,1.11,-0.039999999999999813,0.13,-0.03,0.9800000000000001,0.09,0.0
2021-01-17,0.0,-0.008253478646492729,0.0,-0.007638835604600325,24.34,0.0,0.010797342192691017,0.0,-0.005752321472594413,1.11,0.0,0.13,0.0,0.9800000000000001,0.09,0.0
2021-01-18,0.0,-0.00866570731797145,0.0,-0.0068383016252601125,24.34,0.0,0.0432918988426918,0.0,-0.005670611439842266,1.11,0.0,0.13,0.0,0.9800000000000001,0.09,0.0
2021-01-19,0.0,-0.010916468933078627,0.0,-0.013080379199961634,24.34,0.0,0.09590274651058084,0.0,-0.004934616333580055,1.11,0.0,0.13,0.0,0.9800000000000001,0.09,0.0
2021-01-20,0.008136402839514334,0.0008878842009305554,0.01504303756737202,0.00758604168330268,23.24,-0.04519309778142977,-0.00043010752688177334,0.002231589387552635,-0.0024679170779863258,1.1,-0.010000000000000009,0.14,0.010000000000000009,0.9600000000000001,0.09,0.0
2021-01-21,0.013935576257400273,0.022185364559145437,0.02307614180389539,0.038466314639333365,21.58,-0.0714285714285714,-0.11339359079704192,0.0,0.002231589387552635,1.1,0.0,0.13,-0.010000000000000009,0.9700000000000001,0.09,0.0
2021-01-22,0.0003167309215053038,0.022509122271611615,0.008163081123156779,0.046943399409399955,21.32,-0.012048192771084265,-0.12407559572719806,0.0014019462312386821,0.003636664187122829,1.12,0.020000000000000018,0.13,0.0,0.9900000000000001,0.08,-0.009999999999999995
2021-01-23,-0.0030105863636010755,0.019430770251442908,-0.002878778723445552,0.043929481026528494,21.91,0.027673545966228952,-0.09983566146261302,0.002964671003870656,0.0066121167038597495,1.1,-0.020000000000000018,0.13,0.0,0.9700000000000001,0.08,-0.009999999999999995
2021-01-24,0.0,0.019430770251442908,0.0,0.043929481026528494,21.91,0.0,-0.09983566146261302,0.0,0.0066121167038597495,1.1,0.0,0.13,0.0,0.9700000000000001,0.08,-0.009999999999999995
2021-01-25,0.0,0.011203213553361291,0.0,0.028458343528354302,21.91,0.0,-0.05722891566265054,0.0,0.004370773544450035,1.1,0.0,0.13,0.0,0.9700000000000001,0.08,-0.009999999999999995
2021-01-26,0.003615803325289546,0.0009112504381012521,0.008745062245630875,0.014051870988120996,23.19,0.05842081241442276,0.07460611677479156,-0.00336645044749162,0.0009896091044039323,1.05,-0.050000000000000044,0.13,0.0,0.92,0.08,-0.009999999999999995
2021-01-27,-0.0014888363213811928,-0.0008953899098641527,0.0005117445371269902,0.006355842115510768,23.02,-0.007330746011211753,0.07973733583489673,0.0007414730598120922,0.0003294078893190111,1.05,0.0,0.11,-0.020000000000000004,0.9400000000000001,0.08,0.0
2021-01-28,-0.025677859113367063,-0.02361075317521677,-0.027986262610089296,-0.018984169260234607,37.21,0.6164205039096438,0.6983112733911456,-0.0037869432781756363,-0.006404466704983958,1.04,-0.010000000000000009,0.12,0.009999999999999995,0.92,0.08,0.0
2021-01-29,0.009760662477304782,-0.014080547290490242,0.006778187475453112,-0.012334660043093026,30.21,-0.18812147272238644,0.3788224554997719,0.0017353937691100274,-0.004680187207488307,1.07,0.030000000000000027,0.12,0.0,0.9500000000000001,0.07,-0.009999999999999995
2021-01-30,-0.019311502938707092,-0.03312013369881839,-0.020918029955618866,-0.03299467321043814,33.09,0.09533267130089373,0.5102692834322229,0.001072430292031079,-0.003612776089990888,1.11,0.040000000000000036,0.11,-0.009999999999999995,1.0,0.07,-0.009999999999999995
2021-01-31,0.0,-0.03660358565737065,0.0,-0.04137788329109604,33.09,0.0,0.4269081500646832,0.0,-0.00024715768660399373,1.11,0.0,0.11,0.0,1.0,0.07,-0.009999999999999995
2021-02-01,0.0,-0.035167107402808595,0.0,-0.04186820200456787,33.09,0.0,0.4374456993918334,0.0,-0.0009878982464804897,1.11,0.0,0.11,0.0,1.0,0.07,-0.009999999999999995
2021-02-02,0.01605173602136656,0.006156069287106325,0.025029825041894327,0.010390729562674172,30.24,-0.08612873980054414,-0.1873152378392906,-0.005356407086938519,-0.0025617717544003105,1.09,-0.020000000000000018,0.11,0.0,0.9800000000000001,0.08,0.0
2021-02-03,0.013898236818535858,0.010278873522065357,0.015640543743254298,0.019284885918526173,25.56,-0.15476190476190477,-0.15392254220456814,-0.0041425020712511085,-0.008414453060551108,1.12,0.030000000000000027,0.11,0.0,1.01,0.08,0.009999999999999995
2021-02-04,0.001008804827627774,0.03121230722839674,-0.003994464972072231,0.036903363769575925,22.91,-0.10367762128325508,-0.3076458144454519,0.0004159733777038266,-0.0090646889163577,1.15,0.029999999999999805,0.11,0.0,1.0399999999999998,0.08,0.009999999999999995
2021-02-05,0.01085330416143404,0.04240436805376069,0.01182775882176057,0.04916760667771469,21.77,-0.0497599301615016,-0.3420973103656695,-0.004241164241164164,-0.013267408323032526,1.15,0.0,0.11,0.0,1.0399999999999998,0.08,0.009999999999999995
2021-02-06,0.003897472454245321,0.046467110364435404,0.0031760452300697573,0.05249981045044705,20.87,-0.04134129536058795,-0.3692958597763675,0.005094371137464471,-0.008240626287597919,1.19,0.040000000000000036,0.09,-0.020000000000000004,1.0999999999999999,0.08,0.009999999999999995
2021-02-07,0.0,0.029934867748141025,0.0,0.02679920597181651,20.87,0.0,-0.3098544973544973,0.0,-0.0028997514498757537,1.19,0.0,0.09,0.0,1.0999999999999999,0.08,0.0
2021-02-08,0.0,0.015816805224877273,0.0,0.010986822352951453,20.87,0.0,-0.18348982785602497,0.0,0.0012479201331114798,1.19,0.0,0.09,0.0,1.0999999999999999,0.08,0.0
2021-02-09,0.007399345996609075,0.02230188216188833,0.0066936392050551685,0.021835690254783158,21.24,0.01772879731672239,-0.07289393278044531,0.0008309098462815356,0.0016632016632016633,1.19,0.0,0.11,0.020000000000000004,1.0799999999999998,0.07,-0.009999999999999995
2021-02-10,-0.0011134975827398197,0.01019954852340299,-0.0005797727933219976,0.009305436442593518,21.63,0.01836158192090398,-0.006430868167202619,0.005064342050643322,0.011023885084349372,1.18,-0.010000000000000009,0.11,0.0,1.0699999999999998,0.08,0.0
2021-02-11,-0.0003451599624669788,0.005930282518144647,-0.0023240895793696925,0.003771695888550086,21.99,0.01664355062413314,0.053665548634403315,0.0021476953576740065,0.008059825508932361,1.15,-0.030000000000000027,0.11,0.0,1.0399999999999998,0.08,0.0
2021-02-12,0.0016624551137118804,0.007602596460354549,0.005791170734815276,0.009584709158215743,21.25,-0.03365165984538421,0.018207954000958315,-0.0004121332014508372,0.007644370585791371,1.16,0.010000000000000009,0.11,0.0,1.0499999999999998,0.08,0.0
2021-02-13,0.004710983101741784,0.012349395265550678,0.005340624055743426,0.014976521542257037,19.97,-0.060235294117647165,-0.043124101581217156,-8.246062505157248e-05,0.007561279601163262,1.2,0.040000000000000036,0.11,0.0,1.0899999999999999,0.08,0.0
2021-02-14,0.0,0.0049136911678699935,0.0,0.008227808356614297,19.97,0.0,-0.05979284369114879,0.0,0.006724782067247803,1.2,0.0,0.11,0.0,1.0899999999999999,0.08,0.009999999999999995
2021-02-15,0.0,0.006033907492016599,0.0,0.00881269050812894,19.97,0.0,-0.07674526121128067,0.0,0.0016520733520568598,1.2,0.0,0.11,0.0,1.0899999999999999,0.08,0.0
2021-02-16,0.0,0.00638127001340183,0.0,0.011162723256295859,19.97,0.0,-0.09185993633469758,0.0,-0.0004945598417409602,1.2,0.0,0.11,0.0,1.0899999999999999,0.08,0.0
2021-02-17,-0.0005692749114954987,0.0041390263457581344,-0.0024573245363094243,0.002870175872902614,21.46,0.07461191787681543,0.009882352941176453,-0.0015668810819724488,-0.0016492125010305614,1.3,0.10000000000000009,0.13,0.020000000000000004,1.17,0.08,0.0
2021-02-18,-0.0003203995331321208,-0.0008894920492117375,-0.005376886647591839,-0.007820998428413217,21.5,0.0018639328984155767,0.07661492238357548,-0.005368794912034458,-0.006927263730826305,1.29,-0.010000000000000009,0.11,-0.020000000000000004,1.18,0.08,0.0
2021-02-19,-0.004415808390544673,-0.005301372613302213,-0.004540242092715752,-0.012325731294857256,22.49,0.04604651162790696,0.1261892839258889,0.002989536621823552,-0.003958436417614952,1.29,0.0,0.11,0.0,1.18,0.07,-0.009999999999999995
2021-02-20,-0.0018548941356217874,-0.007146433263952923,-0.004159850295251788,-0.01643430839314297,22.05,-0.019564250778123515,0.10415623435152743,0.00480211955621801,0.0008246742536699436,1.34,0.050000000000000044,0.11,0.0,1.23,0.07,-0.009999999999999995
2021-02-21,0.0,-0.007146433263952923,0.0,-0.01643430839314297,22.05,0.0,0.10415623435152743,0.0,0.0008246742536699436,1.34,0.0,0.11,0.0,1.23,0.07,-0.009999999999999995
2021-02-22,0.0,-0.0065809046963960505,0.0,-0.01401141444934828,22.05,0.0,0.027493010251630867,0.0,0.0023953084992152096,1.34,0.0,0.11,0.0,1.23,0.07,-0.009999999999999995
2021-02-23,-0.007732849379657014,-0.013946933989260613,-0.026290095266987668,-0.03474307120369702,23.45,0.06349206349206349,0.09069767441860455,0.001565589980224047,0.009383823285168624,1.37,0.030000000000000027,0.11,0.0,1.26,0.07,-0.009999999999999995
2021-02-24,0.0012562878885591378,-0.008329138956098214,-0.0021952942208482984,-0.03246927041666703,23.11,-0.01449893390191892,0.027567807914628872,-0.0010695187165775666,0.005298890544792156,1.37,0.0,0.11,0.0,1.26,0.07,0.0
2021-02-25,0.01135166191319037,0.004791755722846069,0.008145688688876218,-0.02051354929540128,21.34,-0.0765902206836867,-0.0321995464852608,8.235875473561194e-05,0.0005767963085034911,1.38,0.009999999999999787,0.12,0.009999999999999995,1.2599999999999998,0.07,0.0
2021-02-26,-0.024478846903396523,-0.019804387835288484,-0.03562420924674814,-0.05540697956965657,28.89,0.35379568884723533,0.310204081632653,0.0070822696203576285,0.0076631509558340305,1.54,0.16000000000000014,0.17,0.05000000000000002,1.37,0.07,0.0
2021-02-27,-0.004750165824920272,-0.024460479533930046,0.006324293691063021,-0.04943309588992684,27.95,-0.032537210107303594,0.2675736961451247,-0.011121105568730139,-0.0035431773236651587,1.44,-0.10000000000000009,0.14,-0.03,1.2999999999999998,0.07,0.0
2021-02-28,0.0,-0.01685799045530756,0.0,-0.02376785992465058,27.95,0.0,0.1918976545842217,0.0,-0.005100781571369839,1.44,0.0,0.14,0.0,1.2999999999999998,0.07,0.0
2021-03-01,0.0,-0.018091550148530033,0.0,-0.021620028026383187,27.95,0.0,0.20943314582431838,0.0,-0.004035578982045762,1.44,0.0,0.14,0.0,1.2999999999999998,0.07,0.0
2021-03-02,0.023790719336683086,-0.006014627696838248,0.028933090823459517,-0.0014463783782970863,23.35,-0.16457960644007152,0.09418931583880052,-0.003225006201934999,-0.007329325537346554,1.45,0.010000000000000009,0.13,-0.010000000000000009,1.3199999999999998,0.07,0.0
2021-03-03,-0.008080844323930969,0.01069374879222007,-0.0167884393150618,0.01805693813136733,24.1,0.032119914346895095,-0.16580131533402553,0.00207400033184002,-0.012265925259628885,1.42,-0.030000000000000027,0.13,0.0,1.29,0.07,0.0
2021-03-04,-0.01306620434127681,0.0022486651010849013,-0.028837782686763846,-0.017515089732784705,26.67,0.10663900414937766,-0.045796064400715486,-0.0004967298617434279,-0.0016538493343256633,1.47,0.050000000000000044,0.14,0.010000000000000009,1.33,0.07,0.0
2021-03-05,-0.013417213827191521,-0.011198719546593572,-0.01729277721229361,-0.03450498240047595,28.57,0.07124109486314212,0.02218246869409657,-0.0023192247163091873,-0.003969238402381614,1.54,0.07000000000000006,0.14,0.0,1.4,0.07,0.0
2021-03-06,0.019495975820425837,0.008078926308332068,0.016408055198973148,-0.018663086857369504,24.66,-0.13685684284214206,-0.1177101967799642,-0.010875882108758783,-0.014801951542214531,1.56,0.020000000000000018,0.14,0.0,1.42,0.07,0.0
2021-03-07,0.0,-0.015346684367807839,0.0,-0.0462577966490878,24.66,0.0,0.056102783725910044,0.0,-0.011614401858304313,1.56,0.0,0.14,0.0,1.42,0.07,0.0
2021-03-08,0.0,-0.007325032491105277,0.0,-0.0299725496651978,24.66,0.0,0.023236514522821494,0.0,-0.013660071197946766,1.56,0.0,0.14,0.0,1.42,0.07,0.0
2021-03-09,-0.005359271617984662,0.0004267328495282108,-0.02916128258177164,-0.030295671562594384,25.47,0.03284671532846706,-0.044994375703037215,-0.0054557663253315125,-0.018553797730472943,1.59,0.030000000000000027,0.17,0.03,1.4200000000000002,0.07,0.0
2021-03-10,0.014154683554241432,0.028385525160078195,0.04028024860396062,0.02651556482670081,24.03,-0.05653710247349819,-0.15890794539726982,0.0030382310743521934,-0.01328352013283518,1.55,-0.040000000000000036,0.17,0.0,1.3800000000000001,0.07,0.0
2021-03-11,0.006030283013025661,0.014802417528644307,-0.0033154897147131823,0.006595882230822747,22.56,-0.06117353308364559,-0.08515815085158152,0.0012620950778292617,-0.001175088131609936,1.53,-0.020000000000000018,0.16,-0.010000000000000009,1.37,0.07,0.0
2021-03-12,0.010395479646353678,0.02535177540513378,0.023590679787673707,0.03034216336412099,21.91,-0.028812056737588576,-0.11151662611516622,0.006554621848739561,0.005371831458788057,1.54,0.010000000000000009,0.14,-0.01999999999999999,1.4,0.07,0.0
2021-03-13,0.0010153985185334946,0.026392916078856077,-0.008857035601283925,0.02121638614170096,20.69,-0.05568233683249657,-0.1609894566098945,-0.002170646184671887,0.0031895249286553184,1.64,0.09999999999999987,0.14,0.0,1.5,0.07,0.0
2021-03-14,0.0,0.03192327318879462,0.0,0.05189087313847862,20.69,0.0,-0.1876717707106399,0.0,0.008692716684952195,1.64,0.0,0.14,0.0,1.5,0.07,0.0
2021-03-15,0.0,0.017520591210288483,0.0,0.011161054485173016,20.69,0.0,-0.13899292550977937,0.0,0.005637358014303873,1.64,0.0,0.14,0.0,1.5,0.07,0.0
2021-03-16,0.006491958593476621,0.017987539787781337,0.011227235379279499,0.025915008308455167,20.03,-0.03189946834219426,-0.11214539007092184,-0.0029283801874163684,0.0014285714285715567,1.62,-0.019999999999999796,0.14,0.0,1.48,0.07,0.0
2021-03-17,-0.0015696886322292825,0.005932465844532331,0.005330769101413058,0.007613633751886617,19.79,-0.011982026959560743,-0.09675947056138756,-0.001846102206931266,-0.0069293705126064475,1.62,0.0,0.15,0.009999999999999981,1.4700000000000002,0.07,0.0
2021-03-18,0.0028793426720601367,0.0078055658401252614,0.003809225472693578,0.020490380906665884,19.23,-0.028297119757453193,-0.07056549057515715,0.0008406893652794789,-0.00393239625167352,1.63,0.009999999999999787,0.13,-0.01999999999999999,1.5,0.07,0.0
2021-03-19,-0.014760500437832724,-0.007070148655708097,-0.03130041704601749,-0.011451393607162075,21.58,0.12220488819552777,0.04301594973417089,0.001763964720705724,-0.002175368139223477,1.71,0.08000000000000007,0.16,0.03,1.55,0.07,0.0
2021-03-20,-0.0006027388863633076,-0.007668626088544239,0.00608719585523354,-0.005433904627630715,20.95,-0.02919369786839665,0.012566457225712702,-0.0014254569847392817,-0.0035977242302542844,1.74,0.030000000000000027,0.16,0.0,1.58,0.07,0.0
2021-03-21,0.0,-0.01406924770845619,0.0,-0.016476158299535193,20.95,0.0,0.045931103344982516,0.0,-0.0006713098934294504,1.74,0.0,0.16,0.0,1.58,0.07,0.0
2021-03-22,0.0,-0.01251921033837955,0.0,-0.02169129610987608,20.95,0.0,0.05861546235472459,0.0,0.0011769651113913149,1.74,0.0,0.16,0.0,1.58,0.07,0.0
2021-03-23,0.0070251207482558975,-0.008437087959095257,0.01706071116865715,-0.008776447882881677,18.88,-0.09880668257756564,-0.018200728029121205,0.0019313124527668979,0.0022679546409072326,1.69,-0.050000000000000044,0.15,-0.010000000000000009,1.54,0.07,0.0
2021-03-24,-0.0076308370066411335,-0.0012616652960316665,-0.005251209069492169,0.017878449997419832,20.3,0.07521186440677985,-0.059314179796107425,-0.005028494803888672,-0.004527922186818745,1.63,-0.06000000000000005,0.15,0.0,1.48,0.07,0.0
2021-03-25,-0.005467303581109473,-0.006123022667450351,-0.01681621842109926,-0.005293390295632472,21.2,0.04433497536945796,0.01193317422434359,-0.0034535040431267205,-0.006549668318078794,1.62,-0.009999999999999787,0.14,-0.009999999999999981,1.48,0.07,0.0
2021-03-26,0.00524023305923671,-0.0009148756740180453,-0.0014352818371606846,-0.006721074625844814,19.81,-0.06556603773584913,-0.0544152744630072,-0.004564280280618727,-0.011084054076748728,1.63,0.009999999999999787,0.14,0.0,1.4899999999999998,0.07,0.0
2021-03-27,0.016631197691788335,0.01570110653957224,0.015540068432323917,0.008714547846854659,18.86,-0.047955577990913656,-0.09976133651551311,0.0017831366222298417,-0.009320681837265976,1.67,0.040000000000000036,0.14,0.0,1.5299999999999998,0.07,0.0
2021-03-28,0.0,0.008615461136530334,0.0,-0.008206160389591988,18.86,0.0,-0.0010593220338982468,0.0,-0.011230305062018164,1.67,0.0,0.14,0.0,1.5299999999999998,0.07,0.0
2021-03-29,0.0,0.016371224287307085,0.0,-0.00297055030078075,18.86,0.0,-0.07093596059113305,0.0,-0.0062331536388140485,1.67,0.0,0.14,0.0,1.5299999999999998,0.07,0.0
2021-03-30,-0.0008680249789911887,0.02107149652622442,-0.0010308865315985516,0.013037078244346523,20.74,0.09968186638388121,-0.02169811320754722,-0.001610442447872562,-0.004395232862818066,1.73,0.06000000000000005,0.14,0.0,1.5899999999999999,0.07,0.0
2021-03-31,-0.003157823166939022,0.012541181526120937,-0.005337913609250178,0.00907788499832951,19.61,-0.05448408871745414,-0.01009591115598174,-0.0046693267679768224,-0.004500297189436897,1.73,0.0,0.16,0.01999999999999999,1.57,0.07,0.0
2021-04-01,0.003622538555784205,-0.00041514238125672787,0.015113367704336023,0.008653899493956452,19.4,-0.010708822029576792,0.028632025450689325,0.0016206073012621225,-0.0046618070859467675,1.74,0.010000000000000009,0.16,0.0,1.58,0.06,-0.010000000000000009
2021-04-02,0.011825144919693331,0.01140509341961593,0.018185165268297387,0.026996437354766645,17.33,-0.10670103092783512,-0.08112407211028638,0.0024695563314316438,-0.002203763349720278,1.69,-0.050000000000000044,0.17,0.010000000000000009,1.52,0.07,0.0
2021-04-03,0.0,0.01140509341961593,0.0,0.026996437354766645,17.33,0.0,-0.08112407211028638,-0.00076452599388388,-0.0029666045092389126,1.72,0.030000000000000027,0.19,0.01999999999999999,1.53,0.07,0.0
2021-04-04,0.0,0.012283781027375262,0.0,0.028056246693208386,17.33,0.0,-0.1644165863066538,0.0,-0.0013583496052297361,1.72,0.0,0.19,0.0,1.53,0.07,0.0
2021-04-05,0.0,0.015490520518876894,0.0,0.033573372062097206,17.33,0.0,-0.11626721060683332,0.0,0.003326509723643678,1.72,0.0,0.19,0.0,1.53,0.07,0.0
2021-04-06,0.014438277854756487,0.02643415750247291,0.020154529311279923,0.03870620802600788,17.91,0.033467974610502216,-0.07680412371134016,0.003995579359007184,0.005705526696755614,1.73,0.010000000000000009,0.17,-0.01999999999999999,1.56,0.07,0.010000000000000009
2021-04-07,-0.0009735379152555623,0.013450683728578383,-0.001448725415791552,0.01867660551663186,18.12,0.011725293132328396,0.04558568955568387,0.0035563082133784896,0.006795786612300292,1.67,-0.06000000000000005,0.16,-0.010000000000000009,1.51,0.07,0.0
2021-04-08,0.0014752303666720756,0.01494575695233924,0.00281622510947499,0.021545428151522383,17.16,-0.052980132450331174,-0.009809578765146987,0.003206209922375969,0.010796565501997923,1.68,0.010000000000000009,0.16,0.0,1.52,0.07,0.0
2021-04-09,0.004220639958823158,0.01922947757017024,0.010414417590165037,0.0321842288276164,16.95,-0.012237762237762295,-0.021927293710328866,0.0011774600504623756,0.011986738077021108,1.64,-0.040000000000000036,0.14,-0.01999999999999999,1.5,0.07,0.0
2021-04-10,0.007719962803593772,0.027097891225338122,0.006289925289875153,0.03867659051232941,16.69,-0.015339233038347944,-0.03693017888055383,-0.0005880376344085114,0.011391651789509627,1.67,0.030000000000000027,0.16,0.01999999999999999,1.51,0.07,0.0
2021-04-11,0.0,0.012479431865833224,0.0,0.018156132888567322,16.69,0.0,-0.06811836962590723,0.0,0.007366638441998141,1.67,0.0,0.16,0.0,1.51,0.07,0.0
2021-04-12,0.0,0.013466079520071617,0.0,0.019633301567335337,16.69,0.0,-0.07891832229580575,0.0,0.0037968275396556006,1.67,0.0,0.16,0.0,1.51,0.07,0.0
2021-04-13,-0.000196182910288778,0.011774654101153192,-0.0018562590962112324,0.014882460508052642,16.91,0.013181545835829755,-0.014568764568764547,0.0008405480373203655,0.0014297729184189478,1.69,0.020000000000000018,0.18,0.01999999999999999,1.51,0.07,0.0
2021-04-14,0.00329458162447116,0.010841629710263367,0.012094635420623945,0.016570108245733017,16.65,-0.015375517445298748,-0.017699115044247815,0.0026874947509867297,0.002940188172043001,1.64,-0.050000000000000044,0.16,-0.01999999999999999,1.48,0.07,0.0
2021-04-15,-0.0040878020277237415,-0.001002712652586779,-0.01305402570623504,-0.0029714591135459045,16.99,0.02042042042042036,0.017974835230676778,0.002931568808107965,0.00647221988736657,1.64,0.0,0.16,0.0,1.48,0.07,0.0
2021-04-16,0.011094247768300924,0.010080410773106063,0.016102683949692498,0.013083376369171784,16.57,-0.024720423778693212,-0.0071899340922708666,-0.0008351428094205415,0.005631671850046205,1.56,-0.07999999999999985,0.16,0.0,1.4000000000000001,0.07,0.0
2021-04-17,0.0036087492386858155,0.01372553768649487,0.0011207605201410953,0.014218800221017736,16.25,-0.01931200965600488,-0.026363091671659733,0.0013373453694416337,0.006976548709758834,1.59,0.030000000000000027,0.16,0.0,1.4300000000000002,0.07,0.0
2021-04-18,0.0,0.013924452336367299,0.0,0.016104954285114603,16.25,0.0,-0.03903015966883505,0.0,0.006130847400688477,1.59,0.0,0.16,0.0,1.4300000000000002,0.07,0.0
2021-04-19,0.0,0.01059496473576571,0.0,0.003962395139881503,16.25,0.0,-0.024024024024023927,0.0,0.0034341234609263083,1.59,0.0,0.16,0.0,1.4300000000000002,0.07,0.0
2021-04-20,-0.005306453038726788,0.009358347112246923,-0.009559953026333279,0.007516710844970742,17.29,0.06400000000000006,0.017657445556209517,0.00400667779632724,0.004509771170870369,1.61,0.020000000000000018,0.16,0.0,1.4500000000000002,0.07,0.0
2021-04-21,-0.006802361610853236,-0.008507536411200944,-0.0070730755043799665,-0.015463215598819136,18.68,0.08039329091960679,0.12733856366928187,0.0014133688061188643,0.00677031093279834,1.58,-0.030000000000000027,0.15,-0.010000000000000009,1.4300000000000002,0.07,0.0
2021-04-22,0.009306060063749566,-0.002879007614437601,0.009113423562381984,-0.0076029542989521914,17.5,-0.06316916488222701,0.07692307692307687,-0.0009962640099625553,0.004424040066778101,1.57,-0.010000000000000009,0.15,0.0,1.4200000000000002,0.07,0.0
2021-04-23,-0.009210671343885979,-0.012063161365390429,-0.012399579480665723,-0.01990826034350024,18.71,0.06914285714285717,0.15138461538461545,-0.0017452006980802626,0.002671118530884975,1.57,0.0,0.16,0.010000000000000009,1.4100000000000001,0.07,0.0
2021-04-24,0.010928710658818286,-0.001266285506765108,0.013012303122429625,-0.007155009539300483,17.33,-0.0737573490112241,0.06646153846153835,0.004745254745254668,0.007429048414023587,1.58,0.010000000000000009,0.16,0.0,1.4200000000000002,0.07,0.0
2021-04-25,0.0,0.004061720862977625,0.0,0.0024281565495873902,17.33,0.0,0.0023134759976863872,0.0,0.003408713002992947,1.58,0.0,0.16,0.0,1.4200000000000002,0.07,0.0
2021-04-26,0.0,0.01093849003854963,0.0,0.009568913703084325,17.33,0.0,-0.07226980728051402,0.0,0.0019925280199253326,1.58,0.0,0.16,0.0,1.4200000000000002,0.07,0.0
2021-04-27,0.001782224167916624,0.0034024852519036752,0.0060768471549565994,0.0065309666562614055,17.64,0.0178880553952685,0.008000000000000007,0.001159996685723641,0.004155239757333895,1.58,0.0,0.18,0.01999999999999999,1.4000000000000001,0.07,0.0
2021-04-28,-0.0002149192142553158,0.012512757014544462,-0.004696937722085015,0.014381254377882957,17.56,-0.0045351473922903285,-0.061464457509353365,-0.00033104361499625146,0.005577755577755417,1.63,0.04999999999999982,0.17,-0.009999999999999981,1.46,0.07,0.0
2021-04-29,-0.0008455306301830001,0.000720066408782527,-0.004201921451432167,-0.002856232928592717,17.28,-0.015945330296127436,-0.0028851702250430877,0.0015729778955211327,0.0024028502775705896,1.63,0.0,0.17,0.0,1.46,0.07,0.0
2021-04-30,0.006762797680233579,0.007487733752455039,0.004933237996722628,0.0020629145913191316,17.61,0.0190972222222221,0.016156953260242357,0.0009918994875186549,0.0033971331510480596,1.65,0.020000000000000018,0.16,-0.010000000000000009,1.49,0.06,-0.010000000000000009
2021-05-01,-0.007194637501869883,0.0002392247205256215,-0.007833817697670775,-0.005787063603185927,18.61,0.05678591709256109,0.07386035776110789,-0.006606110652353392,-0.0032314193388018886,1.65,0.0,0.16,0.0,1.49,0.05,-0.020000000000000004
2021-05-02,0.0,-0.0015402543688299852,0.0,-0.011792251050893432,18.61,0.0,0.054988662131519206,0.0,-0.004386327898700526,1.65,0.0,0.16,0.0,1.49,0.05,-0.020000000000000004
2021-05-03,0.0,-0.0013256200557955067,0.0,-0.007128796843616336,18.61,0.0,0.059794988610478494,0.0,-0.004056627204238716,1.65,0.0,0.16,0.0,1.49,0.05,-0.020000000000000004
2021-05-04,0.0027480346410215795,0.0022662185227504406,-0.004403798925888713,-0.007330080954593865,18.31,-0.016120365394948988,0.0596064814814814,0.002410640066500269,-0.0032236733344354063,1.63,-0.020000000000000018,0.16,0.0,1.47,0.06,-0.010000000000000009
2021-05-05,-0.006678337857112138,-0.011114883876651271,-0.018482259060328743,-0.030459835936493485,19.48,0.06389950846531955,0.10618966496308913,-0.0037316527075212935,-0.007927332782824204,1.61,-0.019999999999999796,0.16,0.0,1.4500000000000002,0.06,0.0
2021-05-06,0.0007035388242977447,-0.0032478947280306647,-0.0030491698948736934,-0.025784300427970752,19.15,-0.016940451745379947,0.02901665771090811,-0.0009155984684535712,-0.002244389027431515,1.59,-0.020000000000000018,0.16,0.0,1.4300000000000002,0.06,0.009999999999999995
2021-05-07,0.008165390549454088,0.0048909754925057225,0.008172774648106174,-0.017822255056721303,18.39,-0.03968668407310694,-0.011821601289629169,0.003832375239523511,0.001579384871155387,1.58,-0.010000000000000009,0.16,0.0,1.4200000000000002,0.06,0.009999999999999995
2021-05-08,0.007373346471123199,0.012300384820516763,0.007778911437203551,-0.010181981363215353,16.69,-0.0924415443175639,-0.10317033852767321,0.009627354967217006,0.011221945137156908,1.6,0.020000000000000018,0.14,-0.01999999999999999,1.46,0.06,0.009999999999999995
2021-05-09,0.0,0.009526171929038041,0.0,-0.0058037409454684274,16.69,0.0,-0.08847624249044228,0.0,0.008790115266605891,1.6,0.0,0.14,0.0,1.46,0.06,0.0
2021-05-10,0.0,0.01631345656067973,0.0,0.01291725822777523,16.69,0.0,-0.14322381930184802,0.0,0.012568669885133943,1.6,0.0,0.14,0.0,1.46,0.06,0.0
2021-05-11,-0.010435666020885526,0.005000491890996939,-0.02627986323246323,-0.010685480735549757,19.66,0.1779508687837028,0.02663185378590094,0.00041101520756292587,0.013913188369574447,1.63,0.029999999999999805,0.16,0.01999999999999999,1.47,0.06,0.0
2021-05-12,-0.008673894514173552,-0.011785930188831784,-0.0005846210966623522,-0.019279066060513883,21.84,0.11088504577823,0.18760195758564424,-8.21692686935327e-05,0.009959332724707393,1.64,0.010000000000000009,0.16,0.0,1.48,0.06,0.0
2021-05-13,-0.021449387057151936,-0.04006048291830089,-0.026187770901195284,-0.05233377284955931,27.59,0.26327838827838823,0.6530856800479328,-0.007806721998520838,-0.007480476777640632,1.69,0.050000000000000044,0.16,0.0,1.53,0.06,0.0
2021-05-14,0.012173151138064053,-0.02837499409346511,0.008269732333561208,-0.044496826809469314,23.13,-0.16165277274374779,0.3858597962852006,-0.0003312903760145369,-0.0078092889436908175,1.66,-0.030000000000000027,0.16,0.0,1.5,0.06,0.0
2021-05-15,0.014917933130699224,-0.01388035722723624,0.02166196893009853,-0.023798746759205458,18.81,-0.1867704280155642,0.12702216896345098,0.00588235294117645,-0.0019728729963007785,1.63,-0.030000000000000027,0.16,0.0,1.47,0.06,0.0
2021-05-16,0.0,-0.0034810179470589064,0.0,0.002548079658180047,18.81,0.0,-0.04323499491353011,0.0,-0.002382908792111893,1.63,0.0,0.16,0.0,1.47,0.06,0.0
2021-05-17,0.0,0.005238313142747142,0.0,0.0031345332691197214,18.81,0.0,-0.1387362637362638,0.0,-0.002300928589037854,1.63,0.0,0.16,0.0,1.47,0.06,0.0
2021-05-18,-0.0025300382141189015,0.02467364338032607,-0.005988895791272042,0.023941613474618206,19.72,0.04837852206273263,-0.2852482783617253,0.0011531175356231937,0.006708630114295122,1.64,0.010000000000000009,0.16,0.0,1.48,0.06,0.0
2021-05-19,-0.008517302421882755,0.0037276595744679675,-0.00715320692470689,0.008278950198906898,21.34,0.08215010141987844,-0.07738867271941197,0.003948992184286126,0.011019055509527753,1.64,0.0,0.16,0.0,1.48,0.06,0.0
2021-05-20,-0.0029434351705374118,-0.013936773003342284,0.0015305257806210726,-0.011588785884095731,22.18,0.03936269915651369,0.1791600212652844,0.0010653118085717228,0.006177415369409411,1.68,0.040000000000000036,0.16,0.0,1.52,0.06,0.0
2021-05-21,0.010554756443649449,-0.0035291158043534443,0.019351997407445864,0.007538945368965599,20.67,-0.06807935076645621,0.09888357256778324,0.0007367387033399009,0.006918705213738496,1.63,-0.050000000000000044,0.15,-0.010000000000000009,1.48,0.06,0.0
2021-05-22,-0.0007838196541576359,-0.00431016926818184,-0.006102671614017674,0.0013902660470450634,20.15,-0.02515723270440262,0.07123870281765021,-0.0038445807770960405,0.0030475249155752504,1.63,0.0,0.17,0.020000000000000018,1.46,0.06,0.0
2021-05-23,0.0,-0.0017846462773432048,0.0,0.007423621131668501,20.15,0.0,0.021805273833671368,0.0,0.0018922254216371392,1.63,0.0,0.17,0.0,1.46,0.06,0.0
2021-05-24,0.0,0.006790492825528016,0.0,0.014681850370110272,20.15,0.0,-0.05576382380506095,0.0,-0.00204867655494545,1.63,0.0,0.17,0.0,1.46,0.06,0.0
2021-05-25,0.009911305963146155,0.01977073047467237,0.017149900012973784,0.030506326149671636,18.4,-0.08684863523573205,-0.17042380522993694,0.0026276892757433057,-0.0004911591355598599,1.61,-0.019999999999999796,0.15,-0.020000000000000018,1.4600000000000002,0.06,0.0
2021-05-26,-0.002125302295660103,0.0069750331800957355,0.0011714039621015804,0.012126790320799552,18.84,0.023913043478260843,-0.08853410740203205,0.0018837018837019048,0.0006543967280163709,1.56,-0.050000000000000044,0.15,0.0,1.4100000000000001,0.06,0.0
2021-05-27,0.001876732575158746,0.009656244435568118,0.003295569615155758,0.021697408389962813,17.36,-0.07855626326963905,-0.1384615384615384,-0.002370636802092818,0.0021349975365412277,1.58,0.020000000000000018,0.14,-0.009999999999999981,1.44,0.06,0.0
2021-05-28,0.0011653983922745859,0.010832896199583386,-0.003275987138338765,0.018350340820803224,16.74,-0.03571428571428581,-0.1692307692307693,-0.0008194034742706746,0.0013138446378715418,1.61,0.030000000000000027,0.14,0.0,1.4700000000000002,0.06,0.0
2021-05-29,0.0007688865190149663,0.011610111986448013,0.0020984269119956878,0.020487274581821646,16.76,0.0011947431302272715,-0.16823821339950362,0.0,0.0013138446378715418,1.58,-0.030000000000000027,0.14,0.0,1.44,0.05,-0.009999999999999995
2021-05-30,0.0,0.001682133879748804,0.0,0.0032811039639342177,16.76,0.0,-0.08913043478260851,0.0,-0.0013104013104013879,1.58,0.0,0.14,0.0,1.44,0.05,-0.009999999999999995
2021-05-31,0.0,0.003815545362727324,0.0,0.002107231582407998,16.76,0.0,-0.11040339702760071,0.0,-0.0031880977683316214,1.58,0.0,0.14,0.0,1.44,0.05,-0.009999999999999995
2021-06-01,0.0,0.0019351809704026834,0.0,-0.0011844346459175537,16.76,0.0,-0.034562211981566726,0.0,-0.0008194034742706746,1.58,0.0,0.14,0.0,1.44,0.05,-0.009999999999999995
2021-06-02,-0.0004923753184382651,0.00027613261983194803,-0.002332223481369633,-0.00023869056989200832,17.9,0.06801909307875875,0.06929510155316598,0.003854354600623111,0.003854354600623111,1.62,0.040000000000000036,0.16,0.01999999999999999,1.4600000000000002,0.06,0.0
2021-06-03,0.0014469162597214869,0.0009538285154289117,0.0015525914729039858,-0.0007832529987557013,17.48,-0.02346368715083791,0.042959427207637235,-0.0022873948206845185,0.0015581433491882457,1.59,-0.030000000000000027,0.13,-0.03,1.46,0.06,0.009999999999999995
2021-06-04,-0.003628698801364849,-0.0026783314423265425,-0.01068384349277085,-0.011458728339072577,18.04,0.03203661327231111,0.07637231503579933,-0.00745107672152634,-0.005904543217976177,1.63,0.039999999999999813,0.16,0.03,1.47,0.06,0.009999999999999995
2021-06-05,0.00883408659980689,0.006132094545575839,0.017819342364342683,0.006156427021936306,16.42,-0.08980044345897986,-0.02028639618138428,0.004207226530275721,-0.001722158438576371,1.56,-0.06999999999999984,0.14,-0.01999999999999999,1.42,0.06,0.009999999999999995
2021-06-06,0.0,0.006132094545575839,0.0,0.006156427021936306,16.42,0.0,-0.02028639618138428,0.0,-0.001722158438576371,1.56,0.0,0.14,0.0,1.42,0.06,0.009999999999999995
2021-06-07,0.0,0.006627733196257202,0.0,0.008508494213301132,16.42,0.0,-0.08268156424580986,0.0,-0.0055551017073768305,1.56,0.0,0.14,0.0,1.42,0.06,0.0
2021-06-08,-0.0007967110255822085,0.004372498883111753,0.0023324766879411207,0.009293795824592,16.42,0.0,-0.060640732265446196,0.0022180234946191923,-0.0010644395316466992,1.57,0.010000000000000009,0.16,0.01999999999999999,1.4100000000000001,0.06,0.0
2021-06-09,0.00017508493985585183,0.008206828291019264,0.0005774153094026957,0.020782457530407195,17.07,0.039585870889159436,-0.05376940133037689,-0.0016393442622950616,0.004784688995215225,1.53,-0.040000000000000036,0.14,-0.01999999999999999,1.3900000000000001,0.06,0.0
2021-06-10,-0.0018238764589828538,-0.0024445080132108332,0.0002954196914601859,0.0032075185338220624,17.89,0.04803749267721158,0.08952496954933009,0.0003284072249589709,0.0009036392015113748,1.5,-0.030000000000000027,0.16,0.01999999999999999,1.34,0.06,0.0
2021-06-11,0.004652154850635748,0.002196274607613846,0.010525561457378707,0.013766840924654078,16.1,-0.10005589714924534,-0.01948842874543244,-0.0009028233749178716,0.0,1.45,-0.050000000000000044,0.14,-0.01999999999999999,1.31,0.06,0.0
2021-06-12,0.0019484900381676606,0.004149044064975405,0.0027184132202988653,0.01652267810732444,15.65,-0.02795031055900632,-0.04689403166869677,-0.005914729318984735,-0.005914729318984735,1.47,0.020000000000000018,0.16,0.01999999999999999,1.31,0.06,0.0
2021-06-13,0.0,0.004949698569981731,0.0,0.014157180126770585,15.65,0.0,-0.04689403166869677,0.0,-0.00811475409836071,1.47,0.0,0.16,0.0,1.31,0.06,0.0
2021-06-14,0.0,0.0047737778135243936,0.0,0.013571928178259585,15.65,0.0,-0.08318687756297594,0.0,-0.006486042692939287,1.47,0.0,0.16,0.0,1.31,0.06,0.0
2021-06-15,0.0018152110447704484,0.008436918628763612,0.009279698249073265,0.0226754513591807,16.39,0.047284345047923226,-0.08384572386808276,0.0020659449632260962,-0.004760341431385484,1.51,0.040000000000000036,0.16,0.0,1.35,0.06,0.0
2021-06-16,-0.0020116799642784233,0.0017479795620851668,-0.006921617757393084,0.0050184988198720415,17.02,0.03843807199511895,0.05714285714285694,-0.0004948045522018552,-0.00435389797091934,1.51,0.0,0.16,0.0,1.35,0.06,0.0
2021-06-17,-0.005390207201542929,-0.005589249053547518,-0.0033783759704811844,-0.001092275490595207,18.15,0.06639247943595761,0.15974440894568676,-8.250825082511959e-05,0.0014874803735229758,1.57,0.06000000000000005,0.21,0.04999999999999999,1.36,0.06,0.0
2021-06-18,-0.0004356370007340127,-0.006022451170587417,0.012929977165145434,0.011823578577398797,17.75,-0.022038567493112837,0.13418530351437696,-0.01716313227163957,-0.01570118172051893,1.52,-0.050000000000000044,0.23,0.020000000000000018,1.29,0.1,0.04000000000000001
2021-06-19,-0.013124547000611053,-0.01906795622775126,-0.008064920385122298,0.0036633019723824045,20.7,0.16619718309859155,0.3226837060702874,-0.0032742842750398404,-0.018924055863151712,1.45,-0.07000000000000006,0.26,0.03,1.19,0.1,0.04000000000000001
2021-06-20,0.0,-0.020845328601811874,0.0,-0.005564757010801169,20.7,0.0,0.26296522269676625,0.0,-0.020946726043212793,1.45,0.0,0.26,0.0,1.19,0.1,0.04000000000000001
2021-06-21,0.0,-0.01887161228185441,0.0,0.0013663178766694095,20.7,0.0,0.21621621621621623,0.0,-0.020462046204620443,1.45,0.0,0.26,0.0,1.19,0.1,0.04000000000000001
2021-06-22,0.01400232812106239,0.0002580675710870395,0.006238620656275895,0.011029098885003918,17.89,-0.13574879227053138,-0.014325068870523316,0.0031165768194070242,-0.01732816238963608,1.5,0.050000000000000044,0.27,0.010000000000000009,1.23,0.1,0.04000000000000001
2021-06-23,0.005124515064653945,0.005822078420411936,0.00942122325236272,0.007526929547911232,16.66,-0.0687534935718278,-0.06140845070422529,8.39701066419618e-05,-8.395600705224382e-05,1.48,-0.020000000000000018,0.25,-0.020000000000000018,1.23,0.1,0.0
2021-06-24,-0.0010832603310065858,0.01809454091612772,0.00026768658525822,0.01599051359542414,16.32,-0.020408163265306145,-0.2115942028985507,0.0033585222502099388,0.006570080862533745,1.5,0.020000000000000018,0.26,0.010000000000000009,1.24,0.1,0.0
2021-06-25,0.005811157422250579,0.024010848564125276,0.006425561010603653,0.02251882262672611,15.97,-0.021446078431372473,-0.22850241545893712,-0.0019246861924685499,0.004632749326145547,1.49,-0.010000000000000009,0.26,0.0,1.23,0.1,0.0
2021-06-26,0.003330606657931945,0.027421425914147646,-0.0014464748614083645,0.02103977485447972,15.62,-0.021916092673763377,-0.24541062801932367,0.001089963947346284,0.005727762803234393,1.54,0.050000000000000044,0.28,0.020000000000000018,1.26,0.1,0.0
2021-06-27,0.0,0.01323379386904433,0.0,0.014709387906966187,15.62,0.0,-0.12688652878703188,0.0,0.0026030733059030364,1.54,0.0,0.28,0.0,1.26,0.1,0.0
2021-06-28,0.0,0.008067934552236755,0.0,0.005238808668560635,15.62,0.0,-0.062424969987995294,0.0,0.0025188916876572875,1.54,0.0,0.28,0.0,1.26,0.1,0.0
2021-06-29,0.0023150419323942906,0.011497369066254093,0.012533826693007732,0.017565908938059094,15.76,0.008962868117797784,-0.03431372549019607,-0.00016750418760469454,-0.0010041841004184704,1.49,-0.050000000000000044,0.25,-0.030000000000000027,1.24,0.1,0.0
2021-06-30,0.00027734984069871516,0.00593227688333986,0.003288816920918425,0.01439444353179331,16.02,0.016497461928933976,0.003130870381966133,-0.0027642821243090143,-0.001844554372432472,1.49,0.0,0.27,0.020000000000000018,1.22,0.1,0.0
2021-07-01,0.001328114078009257,0.003924591772373809,-0.0012317510421849809,0.01461257370071345,15.83,-0.011860174781523014,0.013444302176696565,-0.0047879042419149975,-0.007705192629815616,1.45,-0.040000000000000036,0.25,-0.020000000000000018,1.2,0.08,-0.020000000000000004
2021-07-02,0.005221640488656032,0.009166725068329828,0.00036070574655777676,0.01497855028657713,15.48,-0.02210991787744787,-0.008962868117797673,0.0007596218771099839,-0.006951423785594657,1.48,0.030000000000000027,0.25,0.0,1.23,0.1,0.0
2021-07-03,0.0075001041681135305,0.016735580629336333,0.011509575859973031,0.026660522907345774,15.07,-0.026485788113695063,-0.035211267605633756,-0.0007590452897021649,-0.007705192629815616,1.44,-0.040000000000000036,0.24,-0.010000000000000009,1.2,0.1,0.0
2021-07-04,0.0,0.014387231652375876,0.0,0.013951826439692061,15.07,0.0,-0.04378172588832485,0.0,-0.007538951248115211,1.44,0.0,0.24,0.0,1.2,0.1,0.0
2021-07-05,0.0,0.014105969523277029,0.0,0.010628055789058344,15.07,0.0,-0.0593008739076154,0.0,-0.0047879042419149975,1.44,0.0,0.24,0.0,1.2,0.1,0.0
2021-07-06,0.0,0.012760907504363095,0.0,0.011874433176684018,15.07,0.0,-0.04801010739102962,0.0,0.0,1.44,0.0,0.24,0.0,1.2,0.1,0.020000000000000004
2021-07-07,-0.002021900862524517,0.00546303883850241,0.00398774276648739,0.015543215854341152,16.44,0.09090909090909105,0.0620155038759691,-0.0027008777852802757,-0.0034578729864215285,1.37,-0.06999999999999984,0.22,-0.01999999999999999,1.1500000000000001,0.1,0.0
2021-07-08,0.003359011313352811,0.0013303188629565366,0.0016352909032377738,0.005629554789195579,16.2,-0.014598540145985495,0.07498341074983395,-0.001100203114421161,-0.0037981093855504744,1.33,-0.040000000000000036,0.22,0.0,1.11,0.1,0.0
2021-07-09,-0.00856101125941644,-0.007242081271224277,-0.005968722274812488,-0.0003727687346843922,19.0,0.1728395061728396,0.2607830126078301,0.0031347962382446415,-0.0006752194463202077,1.3,-0.030000000000000027,0.19,-0.03,1.11,0.1,0.0
2021-07-10,0.01127795187024705,0.003954194755005469,0.00706079415085048,0.0066853933728645565,16.18,-0.148421052631579,0.07365627073656267,0.0017736486486485958,0.0010972316002699767,1.37,0.07000000000000006,0.23,0.04000000000000001,1.1400000000000001,0.1,0.0
2021-07-11,0.0,0.003954194755005469,0.0,0.0066853933728645565,16.18,0.0,0.07365627073656267,0.0,0.0010972316002699767,1.37,0.0,0.23,0.0,1.1400000000000001,0.1,0.0
2021-07-12,0.0,0.005988203170685713,0.0,0.0026869357975864983,16.18,0.0,-0.015815085158151,0.0,0.0038083953960730277,1.37,0.0,0.23,0.0,1.1400000000000001,0.1,0.0
2021-07-13,0.0034511562975592103,0.006080589610681697,0.0034938409250180325,0.0045474371629932175,16.17,-0.0006180469715697523,-0.0018518518518516602,-0.00025292976983393167,0.004659832246039164,1.38,0.009999999999999787,0.23,0.0,1.15,0.1,0.0
2021-07-14,-0.003516830382495284,0.011199263102837032,-0.0002251663374308599,0.010351755926787831,17.12,0.05875077303648735,-0.09894736842105256,-0.00379490639230895,-0.002280405405405306,1.42,0.040000000000000036,0.26,0.03,1.16,0.1,0.0
2021-07-15,0.0011649703264435818,0.001087068462427565,0.0017412303170383225,0.005014808354731448,16.33,-0.04614485981308425,0.009270704573547395,0.0011004825192584278,-0.0029508473147288328,1.37,-0.04999999999999982,0.23,-0.03,1.1400000000000001,0.1,0.0
2021-07-16,-0.0032622362435132946,-0.0021787140552231854,-0.007097105857276742,-0.002117888128292722,17.01,0.0416411512553585,0.05129789864029677,-0.0016911889058007779,-0.004637045780288229,1.31,-0.06000000000000005,0.23,0.0,1.08,0.1,0.0
2021-07-17,-0.007538938952254881,-0.009701227815221314,-0.007658828944709262,-0.009760496530103469,18.45,0.08465608465608443,0.14029666254635353,0.0003388107741826296,-0.004299806087176394,1.31,0.0,0.25,0.01999999999999999,1.06,0.1,0.0
2021-07-18,0.0,-0.013107149291958553,0.0,-0.013208190139865295,18.45,0.0,0.14100185528756937,0.0,-0.004047900151796235,1.31,0.0,0.25,0.0,1.06,0.1,0.0
2021-07-19,0.0,-0.009624165466983747,0.0,-0.012985947800738806,18.45,0.0,0.07768691588785037,0.0,-0.0002539575044442355,1.31,0.0,0.25,0.0,1.06,0.1,0.0
2021-07-20,-0.015869531055010655,-0.02647509315776253,-0.009010733323434161,-0.023579840595311263,22.5,0.2195121951219512,0.37783221065523587,-0.0005080440304827682,-0.0018603077963810222,1.19,-0.1200000000000001,0.21,-0.04000000000000001,0.98,0.1,0.0
2021-07-21,0.01516265155019747,-0.008479299454361433,0.012311422913735326,-0.004493504088291189,19.73,-0.12311111111111106,0.1599059376837153,-0.0023720772619449937,-0.002541080806369722,1.23,0.040000000000000036,0.2,-0.009999999999999981,1.03,0.1,0.0
2021-07-22,0.008241847210077813,0.007286534355096519,0.007768764839719111,0.010983299935019675,17.91,-0.09224531170805883,-0.029268292682926744,0.001953125,-0.0009314140558849271,1.3,0.07000000000000006,0.22,0.01999999999999999,1.08,0.1,0.0
2021-07-23,0.0020166609692362503,0.009317889793767575,0.006571611634865304,0.017627089551527142,17.69,-0.012283640424343933,-0.041192411924119154,-0.002373082464615539,-0.0033022861981372165,1.27,-0.030000000000000027,0.2,-0.01999999999999999,1.07,0.1,0.0
2021-07-24,0.010145438559535647,0.019557862431710538,0.011487151752624047,0.029316726356786837,17.2,-0.027699265121537753,-0.0677506775067751,-0.0008495454931612967,-0.004149026248941645,1.3,0.030000000000000027,0.22,0.01999999999999999,1.08,0.1,0.0
2021-07-25,0.0,0.03599867558688641,0.0,0.0386759584276406,17.2,0.0,-0.23555555555555563,0.0,-0.0036428329379870616,1.3,0.0,0.22,0.0,1.08,0.1,0.0
2021-07-26,0.0,0.020524813442330148,0.0,0.026043898070437832,17.2,0.0,-0.12823112012164217,0.0,-0.001273777173913082,1.3,0.0,0.22,0.0,1.08,0.1,0.0
2021-07-27,0.002382253008416102,0.014593834386019688,0.0009370167266748997,0.01908826131217989,17.58,0.02209302325581386,-0.018425460636516067,0.004166312388402371,0.000932282396813422,1.29,-0.010000000000000009,0.22,0.0,1.07,0.1,0.0
2021-07-28,-0.004712479931257563,0.007780230247190767,-0.011171529722100226,0.0011244851966207836,19.36,0.10125142207053472,0.09440361786319951,0.0017781541066892448,0.005097272958966892,1.25,-0.040000000000000036,0.2,-0.01999999999999999,1.05,0.1,0.0
2021-07-29,-0.00018630181803303003,-0.002527318843371873,0.004087057739635913,-0.006199794994504293,18.31,-0.05423553719008267,0.0645348837209303,-0.0018595215958076006,0.004081285604965679,1.26,0.010000000000000009,0.2,0.0,1.06,0.1,0.0
2021-07-30,0.004206206369982368,0.0016682571019925874,0.0020149020182314015,-0.004197384955719974,17.7,-0.03331512834516659,0.029069767441860517,0.00652045050385297,0.010628347929597881,1.28,0.020000000000000018,0.2,0.0,1.08,0.1,0.0
2021-07-31,-0.005406016994218166,-0.0037467785184697178,-0.005878381431597912,-0.010051092557533003,18.24,0.03050847457627115,0.0604651162790697,-0.0018509170452635226,0.008757758693988649,1.24,-0.040000000000000036,0.19,-0.010000000000000009,1.05,0.07,-0.03
2021-08-01,0.0,-0.00611446532347415,0.0,-0.010977822880546384,18.24,0.0,0.03754266211604107,0.0,0.004572396274343582,1.24,0.0,0.19,0.0,1.05,0.07,-0.03
2021-08-02,0.0,-0.0014086235022015003,0.0,0.00019589529162655772,18.24,0.0,-0.05785123966942152,0.0,0.0027892823937112343,1.24,0.0,0.19,0.0,1.05,0.07,-0.03
2021-08-03,-0.0018428943907755624,-0.003063190808609728,0.0002486647638020312,-0.0036276226686464685,19.46,0.06688596491228083,0.06280720917531424,0.0007585974376265181,0.005419595223981721,1.2,-0.040000000000000036,0.17,-0.01999999999999999,1.03,0.1,0.0
2021-08-04,0.008203484714484954,0.0009051514431508423,0.006535851618792776,0.0008678686581129469,18.04,-0.0729701952723536,0.019209039548022666,-0.0011791459614250988,-0.002271580010096086,1.19,-0.010000000000000009,0.17,0.0,1.02,0.1,0.0
2021-08-05,-0.00463244520307915,0.0016836319125601573,0.0014586938017795426,0.008254734323090318,17.97,-0.0038802660753880502,-0.014802631578947345,-0.0015178345560333817,-0.0019386378961564477,1.19,0.0,0.17,0.0,1.02,0.1,0.03
2021-08-06,0.006005460335342772,0.007699203232573337,0.006513787683007699,0.014822291592858194,17.28,-0.03839732888146896,-0.05263157894736825,-0.0002533569799847424,-0.0021915037086985834,1.23,0.040000000000000036,0.21,0.03999999999999998,1.02,0.1,0.03
2021-08-07,0.0016752839177258672,0.009387385501654189,-0.004761013961600891,0.009990708494040712,16.15,-0.06539351851851871,-0.11458333333333337,-0.006504477107619588,-0.008681726230613585,1.31,0.08000000000000007,0.21,0.0,1.1,0.1,0.03
2021-08-08,0.0,0.011251014323617303,0.0,0.009739621829477185,16.15,0.0,-0.17009249743062704,0.0,-0.00943316769140079,1.31,0.0,0.21,0.0,1.1,0.1,0.0
2021-08-09,0.0,0.0030227326678953226,0.0,0.003182966811894339,16.15,0.0,-0.1047671840354768,0.0,-0.008263765916181831,1.31,0.0,0.21,0.0,1.1,0.1,0.0
2021-08-10,-0.000939925887858073,0.006743650429513082,0.0015718733288505593,0.0032963412071160825,16.72,0.03529411764705892,-0.06956037840845852,-0.0010203214012413087,-0.007769614052867024,1.33,0.020000000000000018,0.23,0.020000000000000018,1.1,0.1,0.0
2021-08-11,0.000992701388653705,0.001727213203585265,-0.0052553639007448805,-0.008435188820180128,16.79,0.004186602870813516,-0.02835648148148162,-0.0022980679206742183,-0.00979895252576457,1.36,0.030000000000000027,0.24,0.009999999999999981,1.12,0.1,0.0
2021-08-12,0.0024680227644109376,0.0025199931477823956,-0.001715206615303444,-0.005400625837229445,16.06,-0.0434782608695653,-0.005572755417956654,0.0012796451117558227,-0.0020406428024827283,1.35,-0.010000000000000009,0.23,-0.009999999999999981,1.12,0.1,0.0
2021-08-13,0.002952087595835984,0.005479519984131542,0.0040737940983885945,-0.0013488327765042163,15.59,-0.029265255292652448,-0.03467492260061911,-8.520064752493006e-05,-0.002125669585919532,1.36,0.010000000000000009,0.23,0.0,1.1300000000000001,0.1,0.0
2021-08-14,0.0016073241975147479,0.007095651546707771,0.0031612474799489476,0.0018081507092291282,15.45,-0.008980115458627314,-0.04334365325077394,0.005112474437627856,0.0029759374202873445,1.29,-0.07000000000000006,0.23,0.0,1.06,0.1,0.0
2021-08-15,0.0,0.008043137387615973,0.0,0.000235906565140942,15.45,0.0,-0.075956937799043,0.0,0.004000340454506812,1.29,0.0,0.23,0.0,1.06,0.1,0.0
2021-08-16,0.0,0.0070434439623598966,0.0,0.005520281554288076,15.45,0.0,-0.07980941036331146,0.0,0.006312915884661319,1.29,0.0,0.23,0.0,1.06,0.1,0.0
2021-08-17,0.0026208594449417255,0.00719697821345866,0.0002702045626914451,0.00752008283336969,16.12,0.0433656957928803,0.0037359900373601374,-0.0016954899966090675,0.0033228252534718283,1.26,-0.030000000000000027,0.21,-0.020000000000000018,1.05,0.1,0.0
2021-08-18,-0.0070607249129965854,-0.002858212485120526,-0.009110500985088588,-0.005709464788209662,17.91,0.1110421836228288,0.14881334188582418,-0.005264945652173947,-0.0018745739604635325,1.26,0.0,0.23,0.020000000000000018,1.03,0.1,0.0
2021-08-19,-0.010748457761550978,-0.015158907788719644,-0.00965884436469655,-0.018416191661579706,21.57,0.204355108877722,0.3961165048543691,-0.001024415229639808,-0.00796880298406244,1.27,0.010000000000000009,0.23,0.0,1.04,0.09,-0.010000000000000009
2021-08-20,0.0012567410636163956,-0.01392121754700082,0.005116463138851168,-0.013393954288522969,21.67,0.004636068613815603,0.40258899676375415,-0.0007690992992650525,-0.008731773482536398,1.24,-0.030000000000000027,0.22,-0.010000000000000009,1.02,0.09,-0.010000000000000009
2021-08-21,0.008141540696354754,-0.00589301700984779,0.010622113119511667,-0.0029141132665816416,18.56,-0.14351638209506246,0.20129449838187696,-0.00025656375609339754,-0.008986096982027791,1.26,0.020000000000000018,0.23,0.010000000000000009,1.03,0.09,-0.010000000000000009
2021-08-22,0.0,-0.008491621109402159,0.0,-0.003183457644492349,18.56,0.0,0.15136476426798984,0.0,-0.0073029891304347005,1.26,0.0,0.23,0.0,1.03,0.09,-0.010000000000000009
2021-08-23,0.0,-0.0014410712037552509,0.0,0.00598153814980229,18.56,0.0,0.03629257398101604,0.0,-0.002048830459279505,1.26,0.0,0.23,0.0,1.03,0.09,-0.010000000000000009
2021-08-24,0.008523820995256282,0.01801253104923095,0.014593273378887828,0.030616667743533332,17.15,-0.07596982758620696,-0.20491423273064446,0.00359281437125758,0.0025636643308837304,1.25,-0.010000000000000009,0.23,0.0,1.02,0.09,0.0
2021-08-25,0.0014956926284677152,0.018255481410867302,0.0029295714309971466,0.02837429372288902,17.22,0.004081632653061273,-0.20535302261190602,0.0011933174224343368,0.004532626357649949,1.29,0.040000000000000036,0.24,0.009999999999999981,1.05,0.09,0.0
2021-08-26,0.0022201269217136943,0.012274662458039431,0.0007318813779164657,0.01831033415780081,16.79,-0.024970963995354256,-0.09536637931034486,0.0010216243827685378,0.005816937553464463,1.35,0.06000000000000005,0.23,-0.009999999999999981,1.12,0.09,0.0
2021-08-27,-0.005824931775569864,0.006378231611083196,-0.005882000817233668,0.012320631940087035,18.84,0.12209648600357359,0.015086206896551824,0.00025514543289673064,0.006073567151411385,1.34,-0.010000000000000009,0.25,0.01999999999999999,1.09,0.09,0.0
2021-08-28,0.008807606263982137,0.015242014827756112,0.01010765440631678,0.02255281903612172,16.39,-0.13004246284501053,-0.1169181034482758,0.0028058838534139596,0.008896492728827976,1.31,-0.030000000000000027,0.22,-0.03,1.09,0.08,-0.009999999999999995
2021-08-29,0.0,0.006661413139325001,0.0,0.007845060544040994,16.39,0.0,-0.04431486880466462,0.0,0.005284691442209333,1.31,0.0,0.22,0.0,1.09,0.08,-0.009999999999999995
2021-08-30,0.0,0.00515800571972469,0.0,0.004901130899979789,16.39,0.0,-0.04819976771196277,0.0,0.004086497531074373,1.31,0.0,0.22,0.0,1.09,0.08,-0.009999999999999995
2021-08-31,0.00430658828173347,0.007250583271614541,0.011154056742230134,0.015366727135023073,16.19,-0.01220256253813301,-0.03573555687909458,8.478887569940419e-05,0.0031467936723932333,1.29,-0.020000000000000018,0.2,-0.01999999999999999,1.09,0.08,-0.009999999999999995
2021-09-01,-0.001349146239944865,0.011785234899329033,-0.0014469637791258982,0.01989656066163481,16.48,0.017912291537986347,-0.12526539278131632,0.0004239084357777756,0.0033160445540345584,1.3,0.010000000000000009,0.2,0.0,1.1,0.06,-0.03
2021-09-02,0.0003117620525883158,0.00326431408378558,0.0018649113653705918,0.011573937581602856,16.11,-0.022451456310679685,-0.017083587553386237,0.004237288135593209,0.004748177039172408,1.31,0.010000000000000009,0.2,0.0,1.11,0.08,0.0
2021-09-03,0.0028425606033477546,0.006116153697744986,-0.00046888301432845836,0.011099627744533658,16.41,0.01862197392923659,0.0012202562538132788,0.0006751054852320859,0.005426488044768529,1.29,-0.020000000000000018,0.2,0.0,1.09,0.08,0.0
2021-09-04,-0.000335026835208585,0.005779077786919329,0.0031151769549961905,0.01424938200408854,16.41,0.0,0.0012202562538132788,0.002192612582222919,0.007630998812955703,1.33,0.040000000000000036,0.21,0.009999999999999981,1.12,0.08,0.0
2021-09-05,0.0,0.0014661752918549986,0.0,0.0030611806788682916,16.41,0.0,0.013588634959851742,0.0,0.007545570156846093,1.33,0.0,0.21,0.0,1.12,0.08,0.0
2021-09-06,0.0,0.002819124943617579,0.0,0.00451467703213404,16.41,0.0,-0.0042475728155340065,0.0,0.007118644067796609,1.33,0.0,0.21,0.0,1.12,0.08,0.020000000000000004
2021-09-07,0.0,0.002506581434056354,0.0,0.0026448332871069624,16.41,0.0,0.01862197392923659,0.0,0.0028691983122361986,1.33,0.0,0.21,0.0,1.12,0.08,0.0
2021-09-08,-0.003395488410139813,-0.0037293776656124322,0.001462991427764626,0.004582725859942016,18.14,0.10542352224253504,0.10542352224253504,-0.002945136317737962,-0.0007589812784617456,1.38,0.04999999999999982,0.22,0.010000000000000009,1.16,0.08,0.0
2021-09-09,-0.0013185753191903293,-0.004709586522115949,-0.0035028604673712493,-0.002044993694443109,17.96,-0.009922822491730932,0.09445460085313839,-0.0026162545362479195,-0.005553685627734728,1.35,-0.029999999999999805,0.22,0.0,1.1300000000000001,0.08,0.0
2021-09-10,-0.004605599824548556,-0.009293495875804636,-0.0038282167743753925,-0.005865381789653901,18.8,0.04677060133630295,0.14564290067032304,0.0007615501776951916,-0.004796364860316205,1.3,-0.050000000000000044,0.23,0.010000000000000009,1.07,0.08,0.0
2021-09-11,-0.0077226435922087555,-0.01694436911163888,-0.007730840785165505,-0.013550878242059361,20.95,0.1143617021276595,0.2766605728214502,-0.0005073137735690514,-0.0053012453719286645,1.35,0.050000000000000044,0.23,0.0,1.12,0.08,0.0
2021-09-12,0.0,-0.01694436911163888,0.0,-0.013550878242059361,20.95,0.0,0.2766605728214502,0.0,-0.0053012453719286645,1.35,0.0,0.23,0.0,1.12,0.08,0.0
2021-09-13,0.0,-0.013595042510779809,0.0,-0.014991936595099675,20.95,0.0,0.1549062844542446,0.0,-0.0023630686133851997,1.35,0.0,0.23,0.0,1.12,0.08,0.0
2021-09-14,0.0022765095613401787,-0.010044150843916966,-0.00040477308420894254,-0.011929568493391884,19.37,-0.07541766109785197,0.07850779510022265,-0.0010151425429320016,-0.0007615501776949696,1.33,-0.020000000000000018,0.21,-0.020000000000000018,1.12,0.08,0.0
2021-09-15,-0.00574659914561837,-0.011178916070220368,-0.003343159804334417,-0.011448456241705984,19.46,0.004646360351058254,0.03510638297872348,0.0012702176306205182,-0.0002536568867845812,1.28,-0.050000000000000044,0.21,0.0,1.07,0.08,0.0
2021-09-16,0.008473908688851006,0.004961220837127467,0.007841824363416627,0.004065864676262576,18.18,-0.0657759506680371,-0.13221957040572796,-0.0010994587280106494,-0.0008459521191099828,1.31,0.030000000000000027,0.21,0.0,1.1,0.08,0.0
2021-09-17,-0.0015510969268194286,0.003402428575914218,0.0007985278191482426,0.004867639201463714,18.69,0.028052805280528226,-0.10787589498806671,-0.003979341292016048,-0.004821927078927368,1.34,0.030000000000000027,0.23,0.020000000000000018,1.11,0.08,0.0
2021-09-18,-0.009110924839340617,-0.005739495534452743,-0.011758253302577848,-0.006947849035830567,20.81,0.11342964151952906,-0.006682577565632508,-0.002550153009180489,-0.007359783436257428,1.37,0.030000000000000027,0.23,0.0,1.1400000000000001,0.08,0.0
2021-09-19,0.0,-0.007997798032102987,0.0,-0.006545725485114562,20.81,0.0,0.07434176561693318,0.0,-0.00635108815310359,1.37,0.0,0.23,0.0,1.1400000000000001,0.08,0.0
2021-09-20,0.0,-0.0022642103960118787,0.0,-0.0032133082838736726,20.81,0.0,0.06937307297019513,0.0,-0.007611637347767153,1.37,0.0,0.23,0.0,1.1400000000000001,0.08,0.0
2021-09-21,-0.016977254629493954,-0.027444372531077788,-0.02095285672453784,-0.031692137210041826,25.71,0.23546371936568966,0.41419141914191426,-0.00042611215271859404,-0.006942680552027736,1.31,-0.06000000000000005,0.23,0.0,1.08,0.08,0.0
2021-09-22,-0.0008123495489623656,-0.026724783459066814,0.001037823262295401,-0.03146061043148607,24.36,-0.052508751458576475,0.3033707865168538,-0.0004262938016881268,-0.003400204012240504,1.33,0.020000000000000018,0.22,-0.010000000000000009,1.11,0.08,0.0
2021-09-23,0.009519566210937302,-0.008425464528455828,0.009897676102309294,-0.010236430501380234,20.87,-0.14326765188834145,0.0028832292167229046,0.0012794268167859446,0.000426112152718483,1.32,-0.010000000000000009,0.25,0.03,1.07,0.08,0.0
2021-09-24,0.012134751708511082,0.0036070462599735453,0.009229394636843358,-0.001101511921306697,18.63,-0.10733109726880696,-0.10475732820759254,-0.00034074452679100364,8.52224305436522e-05,1.41,0.08999999999999986,0.27,0.020000000000000018,1.14,0.08,0.0
2021-09-25,0.0014610090402744635,0.005073325227442416,0.0008552823149816646,-0.00024717170999122295,17.75,-0.04723564143853998,-0.14704469005285914,-0.001704303365999138,-0.001619226180330724,1.47,0.06000000000000005,0.29,0.019999999999999962,1.18,0.08,0.0
2021-09-26,0.0,0.02243140350595385,0.0,0.02114881306458294,17.75,0.0,-0.30960715674834693,0.0,-0.0011936226447267773,1.47,0.0,0.29,0.0,1.18,0.08,0.0
2021-09-27,0.0,0.023262650458523826,0.0,0.020090139787872774,17.75,0.0,-0.27134646962233167,0.0,-0.0007676560900717888,1.47,0.0,0.29,0.0,1.18,0.08,0.0
2021-09-28,-0.0027763563072890074,0.010799337525365882,-0.008144984109257347,0.001865382752688216,18.76,0.05690140845070424,-0.10110206037374214,-0.0011096884336321278,-0.003151886872817089,1.48,0.010000000000000009,0.31,0.020000000000000018,1.17,0.08,0.0
2021-09-29,-0.020364114325326033,-0.02165664938929812,-0.028577779940834547,-0.03566592542199376,23.25,0.2393390191897653,0.24798711755233493,-0.0017945650316185668,-0.004601619088197784,1.54,0.06000000000000005,0.31,0.0,1.23,0.08,0.0
2021-09-30,0.001569166228234442,-0.02155098889457463,-0.0011787167491520423,-0.037625703863355286,22.56,-0.029677419354838808,0.2709859154929577,-0.005907028507833201,-0.008792146820315816,1.55,0.010000000000000009,0.3,-0.010000000000000009,1.25,0.08,0.0
2021-10-01,-0.011909731939276913,-0.033204054333090816,-0.004288651240536456,-0.04175299158234225,23.14,0.025709219858156107,0.30366197183098587,-0.003014123320702722,-0.011779769526248374,1.52,-0.030000000000000027,0.28,-0.019999999999999962,1.24,0.06,-0.020000000000000004
2021-10-02,0.011491477734391298,-0.022094140249759753,0.006960697417632389,-0.035082924105395485,21.15,-0.08599827139152993,0.19154929577464785,0.0018139414356050931,-0.009987195902688928,1.48,-0.040000000000000036,0.27,-0.010000000000000009,1.21,0.08,0.0
2021-10-03,0.0,-0.01937156631278536,0.0,-0.02715915084821785,21.15,0.0,0.12739872068230262,0.0,-0.008887369680396495,1.48,0.0,0.27,0.0,1.21,0.08,0.0
2021-10-04,0.0,0.0010131805368247537,0.0,0.0014603630258018807,21.15,0.0,-0.0903225806451613,0.0,-0.007105556031161697,1.48,0.0,0.27,0.0,1.21,0.08,0.0
2021-10-05,-0.012985880322420762,-0.013533786294632866,-0.021616604256257,-0.01903152534859265,22.96,0.0855791962174941,0.0177304964539009,0.0020693222969476732,0.0008611780916292222,1.49,0.010000000000000009,0.27,0.0,1.22,0.08,0.0
2021-10-06,0.010524455523362564,0.008863527674728644,0.013959945052970824,-0.0010531245872936745,21.3,-0.07229965156794427,-0.07951598962834916,-0.0011185682326620983,0.002764101235207761,1.54,0.050000000000000044,0.28,0.010000000000000009,1.26,0.08,0.020000000000000004
2021-10-07,0.004102887438675262,0.001494133632007122,0.006310416616976067,-0.0016982301764415508,21.0,-0.014084507042253502,-0.007092198581560183,-0.005426824015849707,-0.004483531643386662,1.53,-0.010000000000000009,0.3,0.019999999999999962,1.23,0.08,0.0
2021-10-08,0.00829828923697451,0.009804821622018567,0.008829295545736082,0.0071160711931621545,19.54,-0.06952380952380954,-0.07612293144208038,0.001299151221201944,-0.00319020520779445,1.58,0.050000000000000044,0.32,0.020000000000000018,1.26,0.08,0.0
2021-10-09,-0.0019137407494954628,0.007872316985843675,-0.005127162077527614,0.0019524238652719461,18.77,-0.0394063459570112,-0.11252955082742311,0.0009514747859182826,-0.002241765821693331,1.61,0.030000000000000027,0.32,0.0,1.29,0.08,0.0
2021-10-10,0.0,0.02113262302172325,0.0,0.02408976708319166,18.77,0.0,-0.18249128919860635,0.0,-0.004302185510239087,1.61,0.0,0.32,0.0,1.29,0.08,0.0
2021-10-11,0.0,0.010497685078652008,0.0,0.009990357192750432,18.77,0.0,-0.11877934272300472,0.0,-0.003187182358515006,1.61,0.0,0.32,0.0,1.29,0.08,0.0
2021-10-12,-0.0068657858421348195,-0.0005408440375384016,-0.007220957104060233,-0.00359049892494967,20.0,0.06553010122535974,-0.04761904761904767,0.0,0.002251862116750436,1.61,0.0,0.32,0.0,1.29,0.08,0.0
2021-10-13,-0.0024167715692277048,-0.011161972471225856,-0.003508287837278412,-0.01577619313250256,19.85,-0.007499999999999951,0.01586489252814749,-0.002678880055306032,-0.0017299541562149079,1.59,-0.020000000000000018,0.35,0.02999999999999997,1.2400000000000002,0.08,0.0
2021-10-14,0.003022536862308023,-0.006271434231920114,0.007672156326749668,-0.003113877502825435,18.64,-0.06095717884130991,-0.006925945657964783,0.0023394853132312488,-0.0003456619426200902,1.56,-0.030000000000000027,0.37,0.020000000000000018,1.19,0.08,0.0
2021-10-15,0.01706311013337003,0.0106846657284565,0.01880389316800457,0.015631462645277816,16.86,-0.09549356223175975,-0.10175812466702183,0.0019882434301521368,0.0016418942274456505,1.52,-0.040000000000000036,0.36,-0.010000000000000009,1.1600000000000001,0.08,0.0
2021-10-16,0.0074601307719690535,0.018224505504014665,0.0062780602720360346,0.022007658181940837,16.3,-0.033214709371292894,-0.13159296750133187,0.0002588214994392324,0.0019011406844107182,1.59,0.07000000000000006,0.41,0.04999999999999999,1.1800000000000002,0.08,0.0
2021-10-17,0.0,0.025263746821395205,0.0,0.029441208993232992,16.3,0.0,-0.18499999999999994,0.0,0.0019011406844107182,1.59,0.0,0.41,0.0,1.1800000000000002,0.08,0.0
2021-10-18,0.0,0.02774757794812266,0.0,0.03306550012242426,16.3,0.0,-0.17884130982367763,0.0,0.004592323022268419,1.59,0.0,0.41,0.0,1.1800000000000002,0.08,0.0
2021-10-19,0.0033748045900920953,0.02810852926348595,0.010165102872399023,0.035621268934522776,16.31,0.0006134969325151118,-0.1250000000000001,0.0012937726410213735,0.0035442600276625047,1.59,0.0,0.44,0.030000000000000027,1.1500000000000001,0.08,0.0
2021-10-20,0.00739335690054066,0.018333761429028428,0.0071780138279538,0.023803481433550155,15.7,-0.03740036787247081,-0.06880189798339265,0.0019812214661039107,0.0035372271590026205,1.65,0.05999999999999983,0.41,-0.030000000000000027,1.24,0.08,0.0
2021-10-21,0.0036640167447334893,0.014496675515557778,-0.00142822658513031,0.015962981252954256,15.49,-0.013375796178343946,-0.04969325153374238,0.0009456671251717452,0.004226323960669243,1.65,0.0,0.4,-0.009999999999999953,1.25,0.08,0.0
2021-10-22,0.002995906256131331,0.017536012452559202,0.0065554552655811005,0.022623081128044564,15.01,-0.030987734021949653,-0.07914110429447863,0.0,0.004226323960669243,1.68,0.030000000000000027,0.45,0.04999999999999999,1.23,0.08,0.0
2021-10-23,-0.0010725793335062406,0.016444624354504223,-0.00868454232810556,0.013742067694290316,15.43,0.027981345769487076,-0.05337423312883438,-0.0009447736837583376,0.0032775573572538796,1.66,-0.020000000000000018,0.48,0.02999999999999997,1.18,0.08,0.0
2021-10-24,0.0,0.013025860032185532,0.0,0.0035409704925661867,15.43,0.0,-0.05395462906192516,0.0,0.0019812214661039107,1.66,0.0,0.48,0.0,1.18,0.08,0.0
2021-10-25,0.0,0.005591165648515473,0.0,-0.003611122647092402,15.43,0.0,-0.01719745222929936,0.0,0.0,1.66,0.0,0.48,0.0,1.18,0.08,0.0
2021-10-26,0.004748179277871856,0.006677409896851838,0.010362701049229983,0.0081540298049676,15.24,-0.012313674659753748,-0.016139444803098812,-0.001977303988995871,-0.0029202095679806694,1.64,-0.020000000000000018,0.47,-0.010000000000000009,1.17,0.08,0.0
2021-10-27,0.0018197824144636776,0.005496969084219483,0.0029199075169248356,0.004512708212418781,15.98,0.04855643044619429,0.06462358427714854,-0.0016366612111292644,-0.004552091385381707,1.63,-0.010000000000000009,0.47,0.0,1.16,0.08,0.0
2021-10-28,-0.005051597996847845,0.0014917819974038515,0.0025000819435598842,0.015846231896044838,16.98,0.06257822277847302,0.10045366169799097,0.0008628127696288512,-0.0027510316368638543,1.54,-0.08999999999999986,0.5,0.030000000000000027,1.04,0.08,0.0
2021-10-29,0.009829337739032606,0.011335782965521846,0.011524907378261506,0.027553765629202642,16.53,-0.026501766784452263,0.07128969539857422,0.0073275862068966635,0.004556396148555741,1.57,0.030000000000000027,0.5,0.0,1.07,0.08,0.0
2021-10-30,0.0019493431844783693,0.013307223481264785,0.004582917146232379,0.032262959400380486,16.26,-0.016333938294010864,0.05379131561892425,-0.011382113821138296,-0.00687757909215958,1.55,-0.020000000000000018,0.48,-0.020000000000000018,1.07,0.07,-0.009999999999999995
2021-10-31,0.0,0.008518596380582055,0.0,0.0216756401719973,16.26,0.0,0.06692913385826782,0.0,-0.004909983633387904,1.55,0.0,0.48,0.0,1.07,0.07,-0.009999999999999995
2021-11-01,0.0,0.006686645725814788,0.0,0.01870112709349736,16.26,0.0,0.017521902377972465,0.0,-0.003278688524590234,1.55,0.0,0.48,0.0,1.07,0.07,-0.009999999999999995
2021-11-02,0.0018000686154020507,0.013619147215973015,0.003457941625705896,0.019674466403263535,16.41,0.009225092250922495,-0.03356890459363959,0.0033760387811634374,-0.000775862068965405,1.58,0.030000000000000027,0.5,0.020000000000000018,1.08,0.08,0.0
2021-11-03,0.0036803672564356127,0.007447100134452267,0.00422564079349752,0.012316391771917568,16.03,-0.023156611822059636,-0.030248033877797953,-0.000862738331464219,-0.008900299529311262,1.56,-0.020000000000000018,0.46,-0.03999999999999998,1.1,0.08,0.0
2021-11-04,0.00646129593037692,0.011983810239328596,0.010769141192137344,0.01855023857336735,15.1,-0.05801621958827208,-0.07134071340713422,0.0002590449874797507,0.0027700831024930483,1.6,0.040000000000000036,0.47,0.009999999999999953,1.1300000000000001,0.08,0.009999999999999995
2021-11-05,0.004181891914508462,0.016215817152982037,0.012495896435318565,0.03127793686874902,15.44,0.02251655629139071,-0.050430504305043145,-0.003280386740331487,-0.0005193905817173494,1.53,-0.07000000000000006,0.41,-0.06,1.12,0.08,0.009999999999999995
2021-11-06,0.0037328581257503046,0.02000920662355754,0.0008038545867428137,0.032106934368507645,16.48,0.06735751295336789,0.013530135301353052,0.0006928806513077923,0.00017313019390585715,1.45,-0.08000000000000007,0.39,-0.019999999999999962,1.06,0.08,0.009999999999999995
2021-11-07,0.0,0.018176419206401784,0.0,0.028550267584097844,16.48,0.0,0.004265691651432091,0.0,-0.0031921318264170884,1.45,0.0,0.39,0.0,1.06,0.08,0.0
2021-11-08,0.0,0.014442896785548553,0.0,0.024222272169210912,16.48,0.0,0.02807236431690585,0.0,-0.0023314048873153137,1.45,0.0,0.39,0.0,1.06,0.08,0.0
2021-11-09,0.0008877005575269603,0.008825100792392293,-0.0014273157051183372,0.01186348291987982,17.22,0.04490291262135915,0.14039735099337736,0.0031158040505452345,0.000517955801104808,1.51,0.06000000000000005,0.45,0.06,1.06,0.08,0.0
2021-11-10,-0.0034987345002870374,0.001108960141536608,-0.007106377742939984,-0.007726547511843651,17.78,0.03252032520325221,0.15155440414507781,-8.628127696286292e-05,0.003724233500779439,1.46,-0.050000000000000044,0.41,-0.040000000000000036,1.05,0.08,0.0
2021-11-11,-0.008225815057894437,-0.010818451398926565,-0.014449498580142772,-0.022849887954188963,18.73,0.053430821147356644,0.13652912621359214,-0.006212787988610025,-0.0032023541630604724,1.56,0.10000000000000009,0.51,0.10000000000000003,1.05,0.08,0.0
2021-11-12,0.0005509274303756584,-0.010273484150180923,0.002933896007461634,-0.019983031141767027,17.66,-0.057127602776294695,0.07160194174757284,0.0,-0.0032023541630604724,1.56,0.0,0.51,0.0,1.05,0.08,0.0
2021-11-13,0.007222639253044116,-0.0031250465670255023,0.010442558133587632,-0.009749146972562572,16.29,-0.07757644394110996,-0.011529126213592256,-0.006425284362246986,-0.009607062489181084,1.58,0.020000000000000018,0.53,0.020000000000000018,1.05,0.08,0.0
2021-11-14,0.0,-0.004009188165982391,0.0,-0.00833372612562544,16.29,0.0,-0.05400696864111498,0.0,-0.012683347713546067,1.58,0.0,0.53,0.0,1.05,0.08,0.0
2021-11-15,0.0,-0.0005122458780213446,0.0,-0.0012361328093692947,16.29,0.0,-0.08380202474690679,0.0,-0.012598153421347735,1.58,0.0,0.53,0.0,1.05,0.08,0.0
2021-11-16,-1.0677258507119092e-05,0.007766785532129283,-0.0006648193290200721,0.012733358898056268,16.49,0.012277470841006721,-0.11959423384943946,-0.0019225727519008862,-0.008335504037509822,1.63,0.04999999999999982,0.53,0.0,1.0999999999999999,0.08,0.0
2021-11-17,0.003865208849406221,0.011104969167202494,0.007452536024193934,0.017296149626352175,16.37,-0.007277137659187249,-0.07304643261608146,-0.007705104631818505,-0.01597638273856039,1.63,0.0,0.54,0.010000000000000009,1.0899999999999999,0.08,0.0
2021-11-18,-0.0026016294752068125,0.0012428328902269747,-0.00010423200327169813,0.006677823121021165,17.11,0.04520464263897361,0.05033763044812778,-0.0009706167828464896,-0.010574150135454041,1.6,-0.029999999999999805,0.52,-0.020000000000000018,1.08,0.08,0.0
2021-11-19,0.00338475516511072,0.004631794740382444,0.01072475161070563,0.017474192726000037,17.59,0.028053769725306932,0.07980356046654391,0.0031796502384735525,-0.007428121995980197,1.59,-0.010000000000000009,0.52,0.0,1.07,0.08,0.0
2021-11-20,-0.0013986489646171663,0.003226667520847215,0.0054826284340745435,0.023052625665976878,17.91,0.01819215463331436,0.09944751381215466,-0.0035217467864060437,-0.01092370881761795,1.54,-0.050000000000000044,0.52,0.0,1.02,0.08,0.0
2021-11-21,0.0,0.003237379345690572,0.0,0.023733223300586914,17.91,0.0,0.08611279563371754,0.0,-0.009018474739514892,1.54,0.0,0.52,0.0,1.02,0.08,0.0
2021-11-22,0.0,-0.0006254121551191316,0.0,0.016160252413124132,17.91,0.0,0.09407452657299942,0.0,-0.0013235683402453846,1.54,0.0,0.52,0.0,1.02,0.08,0.0
2021-11-23,-0.0031971323723489764,-0.0012220949650968427,-0.011606592274098104,0.004470792681169566,19.17,0.07035175879396993,0.12039742840444201,-0.0051245803145432145,-0.005476064299593908,1.63,0.08999999999999986,0.63,0.10999999999999999,0.9999999999999999,0.08,0.0
2021-11-24,0.0016570786727996278,-0.0029418391596203186,-0.004533306310123053,-0.010692854503769778,19.38,0.010954616588419341,0.10176236498010227,0.000444049733570262,-0.008188061278393999,1.67,0.040000000000000036,0.6,-0.030000000000000027,1.0699999999999998,0.08,0.0
2021-11-25,0.002293900697124096,0.0007450042145953351,0.003746308270455412,-0.012401241994673406,18.58,-0.04127966976264197,0.03740926856504734,-0.006125166444740482,-0.010779289627142585,1.64,-0.030000000000000027,0.64,0.040000000000000036,0.9999999999999999,0.08,0.0
2021-11-26,0.0,0.0007450042145953351,0.0,-0.012401241994673406,18.58,0.0,0.03740926856504734,0.0,-0.010779289627142585,1.64,0.0,0.64,0.0,0.9999999999999999,0.08,0.0
2021-11-27,-0.02272485568312821,-0.021996781581792968,-0.020908722669679025,-0.03305067053472621,28.62,0.5403659849300324,0.5979899497487438,0.00946766702393731,-0.0014136773281496762,1.48,-0.15999999999999992,0.5,-0.14,0.98,0.08,0.0
2021-11-28,0.0,-0.018859946956399143,0.0,-0.021695893652272313,28.62,0.0,0.49295774647887325,0.0,0.003730017761989446,1.48,0.0,0.5,0.0,0.98,0.08,0.0
2021-11-29,0.0,-0.020483083548297643,0.0,-0.01724074491988581,28.62,0.0,0.4767801857585141,0.0,0.0032845095428317705,1.48,0.0,0.5,0.0,0.98,0.08,0.0
2021-11-30,0.013200221128189193,-0.009824607675062547,0.023316472789128406,0.0019202324562663797,22.96,-0.19776380153738649,0.2357373519913888,-0.003627676517430567,0.005805644873169147,1.52,0.040000000000000036,0.51,0.010000000000000009,1.01,0.08,0.0
2021-12-01,-0.01896130621854386,-0.028599626499002495,-0.016056841658515952,-0.014167442070747382,27.19,0.18423344947735187,0.46340150699677096,0.0023088535654025577,0.008127902822436583,1.43,-0.09000000000000008,0.52,0.010000000000000009,0.9099999999999999,0.07,-0.009999999999999995
2021-12-02,-0.011815195971097037,-0.01775554888108266,-0.01600156669096031,-0.009226499134508792,31.12,0.14453843324751747,0.087351502445842,0.003189510055816358,0.0018580782162449516,1.43,0.0,0.56,0.040000000000000036,0.8699999999999999,0.08,0.0
2021-12-03,0.014194423271231882,-0.0038131553860818457,0.0071194100916252,-0.0021727762739320866,27.95,-0.10186375321336771,-0.023410202655485768,-0.001501368895169164,0.00035391966023712307,1.44,0.010000000000000009,0.63,0.06999999999999995,0.8099999999999999,0.08,0.0
2021-12-04,-0.00844858097922263,-0.012229520613238898,-0.01743006586303586,-0.019564970503407664,30.67,0.09731663685152059,0.07162823200559054,0.0001768972227136345,0.0005308794903555736,1.35,-0.08999999999999986,0.6,-0.030000000000000027,0.7500000000000001,0.08,0.0
2021-12-05,0.0,-0.025098436825361392,0.0,-0.04190438093472626,30.67,0.0,0.33580139372822293,0.0,0.004173696829766316,1.35,0.0,0.6,0.0,0.7500000000000001,0.08,0.0
2021-12-06,0.0,-0.006255747755638197,0.0,-0.026269341940217794,30.67,0.0,0.1279882309672673,0.0,0.0018605475325594867,1.35,0.0,0.6,0.0,0.7500000000000001,0.08,0.009999999999999995
2021-12-07,0.011730928977641941,0.01742284579795439,0.008536128981341706,-0.001987690927916619,27.18,-0.113791979132703,-0.12660668380462725,-0.002299257163070334,-0.0036209485118784412,1.43,0.07999999999999985,0.65,0.050000000000000044,0.7799999999999999,0.08,0.0
2021-12-08,0.020707063007576743,0.023956216818509457,0.03025969698652542,0.020943344781611417,21.89,-0.19462840323767472,-0.21681574239713775,-0.003102286828576495,-0.00521846807005133,1.48,0.050000000000000044,0.7,0.04999999999999993,0.78,0.08,0.0
2021-12-09,0.0030852936469836223,0.035867028906471976,0.00420687433157374,0.043425296778776046,19.9,-0.09090909090909105,-0.35115748288229554,0.007379745709967134,0.0019455252918287869,1.52,0.040000000000000036,0.68,-0.019999999999999907,0.84,0.08,0.0
2021-12-10,-0.007181129964413446,0.02842833314604376,-0.014930152723439893,0.0278467977423682,21.58,0.08442211055276383,-0.2963808281708511,-0.003971756398940873,-0.002033958259639146,1.49,-0.030000000000000027,0.7,0.019999999999999907,0.79,0.08,0.0
2021-12-11,0.00954911139915815,0.038248909865305825,0.011295037576851907,0.039456365946115124,18.69,-0.13392029657089888,-0.39060971633518093,0.002392556490917075,0.00035373187124165817,1.48,-0.010000000000000009,0.67,-0.029999999999999916,0.8099999999999999,0.08,0.0
2021-12-12,0.0,0.02621050728819796,0.0,0.030658531783094523,18.69,0.0,-0.3123620309050772,0.0,0.0026591029959226464,1.48,0.0,0.67,0.0,0.8099999999999999,0.08,0.0
2021-12-13,0.0,0.005391796020696837,0.0,0.0003871206432082275,18.69,0.0,-0.14618547281863858,0.0,0.00577931892949235,1.48,0.0,0.67,0.0,0.8099999999999999,0.08,0.0
2021-12-14,-0.009136209099282255,-0.00685780894705823,-0.015272489924675448,-0.01901814894652676,20.31,0.08667736757624378,0.020603015075376874,-0.0012376237623763497,-0.0028243601059135814,1.42,-0.06000000000000005,0.66,-0.010000000000000009,0.7599999999999999,0.08,0.0
2021-12-15,-0.007470598440341258,-0.007147371691180293,-0.010424341910953205,-0.014531037049283713,21.89,0.07779419005416055,0.014365152919369795,-0.0027438484687554165,-0.0015950376606114203,1.44,0.020000000000000018,0.67,0.010000000000000009,0.7699999999999999,0.08,0.0
2021-12-16,0.016348409288555077,-0.00046052436110199935,0.023543346172454793,-0.0025955211799181255,19.29,-0.11877569666514398,0.0321027287319422,-0.0005325286234134641,-0.0045084865629418935,1.47,0.030000000000000027,0.69,0.019999999999999907,0.78,0.08,0.0
2021-12-17,-0.00874337823922211,-0.009199876061646628,-0.026130184983170213,-0.028657884714529347,20.57,0.06635562467599798,0.10058855002675227,0.004262498889974209,-0.0002652050919377258,1.44,-0.030000000000000027,0.64,-0.04999999999999993,0.7999999999999999,0.08,0.0
2021-12-18,-0.010287726483131143,-0.019392956736176914,-0.003938491950927769,-0.03248350781717835,21.57,0.04861448711716099,0.1540930979133226,-0.002829604739588043,-0.0030940594059406523,1.41,-0.030000000000000027,0.66,0.020000000000000018,0.7499999999999999,0.08,0.0
2021-12-19,0.0,-0.010351319455897068,0.0,-0.017477949703249784,21.57,0.0,0.06203840472673572,0.0,-0.0018587360594795044,1.41,0.0,0.66,0.0,0.7499999999999999,0.08,0.0
2021-12-20,0.0,-0.0029024037081714082,0.0,-0.0071279115797145964,21.57,0.0,-0.014618547281863847,0.0,0.0008875477056891068,1.41,0.0,0.66,0.0,0.7499999999999999,0.08,0.0
2021-12-21,-0.011388032826621375,-0.030113485567480947,-0.011000249344047974,-0.04063638188560925,22.87,0.06026889197960128,0.18558838776568187,0.0018621973929235924,0.0032856762276882723,1.43,0.020000000000000018,0.65,-0.010000000000000009,0.7799999999999999,0.08,0.0
2021-12-22,0.017777943178882483,-0.004163926771436066,0.022949082523016973,0.007711829469854381,21.01,-0.08132925229558374,0.021390374331550888,-0.0023012922641174605,-0.0032717304801486158,1.48,0.050000000000000044,0.7,0.04999999999999993,0.78,0.08,0.0
2021-12-23,0.010180180373954517,0.016430624329097254,0.012126648601175516,0.023964874131884084,18.63,-0.11327939076630189,-0.13630041724617525,0.004613200851667942,0.004167775117495998,1.46,-0.020000000000000018,0.68,-0.019999999999999907,0.7799999999999999,0.08,0.0
2021-12-24,0.006223704157936716,0.02275658783198864,0.007915259076868297,0.0320698213962507,17.96,-0.03596349973161561,-0.16736207695873895,-0.00035323207347237595,0.0038130708521770806,1.5,0.040000000000000036,0.71,0.029999999999999916,0.79,0.08,0.0
2021-12-25,0.0,0.02275658783198864,0.0,0.0320698213962507,17.96,0.0,-0.16736207695873895,0.0,0.0038130708521770806,1.5,0.0,0.71,0.0,0.79,0.08,0.0
2021-12-26,0.0,0.03453793985140163,0.0,0.04354912194035698,17.96,0.0,-0.21469173589855706,0.0,0.0019472473004071844,1.5,0.0,0.71,0.0,0.79,0.08,0.0
2021-12-27,0.0,0.01646724296281321,0.0,0.020137893243456162,17.96,0.0,-0.14516896715849603,0.0,0.004258339247693366,1.5,0.0,0.71,0.0,0.79,0.08,0.0
2021-12-28,0.01383895602639984,0.020148789752499452,0.015899353761081203,0.02394046034212316,17.68,-0.015590200445434355,-0.050993022007514766,0.0007950530035336634,0.00044154009184027565,1.48,-0.020000000000000018,0.76,0.050000000000000044,0.72,0.08,0.0
2021-12-29,-0.0010101874482121298,0.012814788638513486,-0.004758714350384774,0.01106497892779168,17.54,-0.007918552036199178,-0.023385300668151587,-0.0013240356606938342,-0.0005300353356889609,1.49,0.010000000000000009,0.74,-0.020000000000000018,0.75,0.08,0.0
2021-12-30,0.0014019033292591576,0.01423465706262883,0.0001425221940412058,0.011209078126906524,16.95,-0.033637400228050174,-0.05623608017817383,0.002032879618172112,0.001501766784452352,1.55,0.06000000000000005,0.75,0.010000000000000009,0.8,0.08,0.0
2021-12-31,-0.002989739331450192,0.011202359817088725,-0.0037541666641400795,0.007412830715326724,17.33,0.022418879056047114,-0.035077951002227326,-0.0016759283761136334,-0.00017667844522961662,1.52,-0.030000000000000027,0.73,-0.020000000000000018,0.79,0.08,0.0
2022-01-01,-0.0026262207741385435,0.008546719172879191,-0.006635786500782115,0.0007278542525512854,17.22,-0.006347374495095148,-0.0412026726057908,0.0,-0.00017667844522961662,1.52,0.0,0.73,0.0,0.79,0.07,-0.009999999999999995
2022-01-02,0.0,-0.005219997537146193,0.0,-0.014934057642975729,17.22,0.0,-0.02601809954751133,0.0,-0.0009709594845088709,1.52,0.0,0.73,0.0,0.79,0.07,-0.009999999999999995
2022-01-03,0.0,-0.004214067086610873,0.0,-0.01022399637083915,17.22,0.0,-0.01824401368301032,0.0,0.0003535442814213141,1.52,0.0,0.73,0.0,0.79,0.07,-0.009999999999999995
2022-01-04,0.00637407735335227,0.0007302224466207985,0.011132911113180821,0.0006524767130697828,16.6,-0.03600464576074314,-0.020648967551622266,-0.002473935324262211,-0.004145717561965134,1.63,0.10999999999999988,0.78,0.050000000000000044,0.8499999999999999,0.08,0.0
2022-01-05,-0.000629617892823231,0.0030991497741033047,-0.013455526285968133,-0.009091794437918077,16.91,0.01867469879518069,-0.024235429890363425,0.0005314437555357099,-0.0019438063262060545,1.66,0.030000000000000027,0.77,-0.010000000000000009,0.8899999999999999,0.08,0.0
2022-01-06,-0.01939276609770646,-0.013763643001313497,-0.03120137741842144,-0.0335966490360341,19.73,0.1667652276759315,0.14576074332171896,0.0034525495750707957,0.0015020321611591836,1.71,0.050000000000000044,0.83,0.05999999999999994,0.88,0.08,0.009999999999999995
2022-01-07,-0.0009637108612128298,-0.0147140896902761,-0.0004070561471184453,-0.03399002946063989,19.61,-0.00608210846426771,0.13879210220673643,-0.002470224966916512,-0.0009719031631029162,1.73,0.020000000000000018,0.88,0.050000000000000044,0.85,0.08,0.009999999999999995
2022-01-08,-0.0040502124125595396,-0.01870470691413262,-0.010984208416426888,-0.044600884309390576,18.76,-0.043345232024477154,0.08943089430894324,0.00451048023348366,0.0035341933203745235,1.76,0.030000000000000027,0.87,-0.010000000000000009,0.89,0.08,0.009999999999999995
2022-01-09,0.0,-0.02491994262554842,0.0,-0.0551201477174873,18.76,0.0,0.13012048192771086,0.0,0.006023029229406562,1.76,0.0,0.87,0.0,0.89,0.08,0.0
2022-01-10,0.0,-0.024305627991004553,0.0,-0.042232887154762366,18.76,0.0,0.10940272028385589,0.0,0.005488668555240883,1.76,0.0,0.87,0.0,0.89,0.08,0.0
2022-01-11,-0.0014410854751839564,-0.006443885648154013,0.001426355117529976,-0.009976679867459537,19.4,0.03411513859275028,-0.016725798276736037,-0.002641310089804394,-0.0006175562417291003,1.78,0.020000000000000018,0.92,0.050000000000000044,0.86,0.08,0.0
2022-01-12,0.009160030747555226,0.0036243225689673864,0.014710111095954215,0.004995762862376685,18.41,-0.051030927835051476,-0.06119326874043851,0.003089689265536766,0.004952684177942812,1.75,-0.030000000000000027,0.9,-0.020000000000000018,0.85,0.08,0.0
2022-01-13,0.002817696321081753,0.010545153655204365,0.0038487464119181247,0.02006838038787362,17.62,-0.042911461162411735,-0.06076759061833692,0.0059843351227668595,0.0064271878851911435,1.74,-0.010000000000000009,0.92,0.020000000000000018,0.82,0.08,0.0
2022-01-14,-0.014243549462058636,-0.0038485962245271566,-0.025745201224764314,-0.006193485328231607,20.31,0.15266742338251982,0.08262260127931764,0.0028868865366109553,0.009332628983976132,1.7,-0.040000000000000036,0.91,-0.010000000000000009,0.7899999999999999,0.08,0.0
2022-01-15,0.0008199131578892072,-0.003031838581321722,0.0074840503316420115,0.001244212647485643,19.19,-0.05514524864598702,0.02292110874200426,-0.00436147941381726,0.004930445500968439,1.78,0.08000000000000007,0.99,0.07999999999999996,0.79,0.08,0.0
2022-01-16,0.0,-0.0015930488256616915,0.0,-0.00018188304023902813,19.19,0.0,-0.010824742268041088,0.0,0.007591807909604453,1.78,0.0,0.99,0.0,0.79,0.08,0.0
2022-01-17,0.0,-0.01065547509372855,0.0,-0.014676106972176473,19.19,0.0,0.04236827810972299,0.0,0.004488251342074978,1.78,0.0,0.99,0.0,0.79,0.08,0.0
2022-01-18,0.0,-0.013435314777788365,0.0,-0.0184538292748867,19.19,0.0,0.08910329171396136,0.0,-0.001487183973405637,1.78,0.0,0.99,0.0,0.79,0.08,0.0
2022-01-19,-0.0183878958147915,-0.017583059134626766,-0.025675155445409437,-0.018383259269393548,22.79,0.18759770713913482,0.12210733628754311,-0.006833712984054663,-0.01116538729937211,1.87,0.09000000000000008,1.06,0.07000000000000006,0.81,0.08,0.0
2022-01-20,-0.009689520243122751,-0.027899246169188374,-0.010710838906142772,-0.036110991897686295,23.85,0.04651162790697683,0.2428348097967692,0.0008821453775582633,-0.005957595934816817,1.83,-0.040000000000000036,1.04,-0.020000000000000018,0.79,0.08,0.0
2022-01-21,-0.01103742532143781,-0.038628735644509415,-0.01338265159650831,-0.04901038267082347,25.59,0.07295597484276728,0.3335070349140177,-0.0008813678829544536,-0.006833712984054663,1.83,0.0,1.08,0.040000000000000036,0.75,0.08,0.0
2022-01-22,-0.01891481307149878,-0.05681289340210405,-0.02748533993962199,-0.07514865558216688,28.85,0.1273935130910513,0.5033871808233454,0.0008821453775582633,-0.005957595934816817,1.75,-0.08000000000000007,1.01,-0.07000000000000006,0.74,0.08,0.0
2022-01-23,0.0,-0.05681289340210405,0.0,-0.07514865558216688,28.85,0.0,0.5033871808233454,0.0,-0.005957595934816817,1.75,0.0,1.01,0.0,0.74,0.08,0.0
2022-01-24,0.0,-0.039144787868327424,0.0,-0.050777212972921815,28.85,0.0,0.26590609916630115,0.0,0.0008821453775582633,1.75,0.0,1.01,0.0,0.74,0.08,0.0
2022-01-25,0.0027717522294530283,-0.027054156849248612,0.004929909131205612,-0.03576991780880179,29.9,0.03639514731369142,0.25366876310272524,-0.0031729243786356998,-0.0031729243786356998,1.75,0.0,0.99,-0.020000000000000018,0.76,0.08,0.0
2022-01-26,-0.012171976789799865,-0.028170333702899786,-0.024842896899841316,-0.04697011947629259,31.16,0.0421404682274249,0.21766314966783895,-0.0023872679045092715,-0.0046753705010584845,1.78,0.030000000000000027,1.02,0.030000000000000027,0.76,0.08,0.0
2022-01-27,-0.0014966314315554285,-0.010916474531257658,0.0016707752849647317,-0.018398160460992852,31.96,0.025673940949935803,0.1077989601386482,-0.00035451564300292837,-0.005905164815794284,1.85,0.07000000000000006,1.13,0.10999999999999988,0.7200000000000002,0.08,0.0
2022-01-28,-0.005383994684971971,-0.016241694975374643,-0.01197014554680953,-0.030148077349290703,30.49,-0.04599499374217775,0.05684575389947999,-0.012235127227590903,-0.018068041600564078,1.81,-0.040000000000000036,1.18,0.050000000000000044,0.6300000000000001,0.08,0.0
2022-01-29,0.024347568825681787,0.007710428064048314,0.03224283748395895,0.001122700576241309,27.66,-0.09281731715316488,-0.04124783362218376,0.0017054124405349036,-0.016393442622950727,1.78,-0.030000000000000027,1.15,-0.030000000000000027,0.6300000000000001,0.08,0.0
2022-01-30,0.0,0.004925024885887863,0.0,-0.0037885314392284153,27.66,0.0,-0.07491638795986622,0.0,-0.013262599469495928,1.78,0.0,1.15,0.0,0.6300000000000001,0.08,0.0
2022-01-31,0.0,0.017307670236086814,0.0,0.021590742039080846,27.66,0.0,-0.11232349165596922,0.0,-0.01090135602233444,1.78,0.0,1.15,0.0,0.6300000000000001,0.08,0.0
2022-02-01,0.018886018254227865,0.03807417590627882,0.03289192859579049,0.05343278232327364,24.83,-0.1023138105567607,-0.22309136420525666,0.004659498207885138,-0.005940242929337591,1.79,0.010000000000000009,1.18,0.030000000000000027,0.6100000000000001,0.08,0.0
2022-02-02,0.006862951356977565,0.05085623285280749,0.006003328856902801,0.07259601617069356,21.96,-0.11558598469593229,-0.2797638570022958,0.002408134141990592,0.00879633785118017,1.81,0.020000000000000018,1.18,0.0,0.6300000000000001,0.08,0.0
2022-02-03,0.009422549895085064,0.03554497557453429,0.007993512511584866,0.04739871916295213,22.09,0.005919854280509895,-0.20137382501807666,0.005338553252068667,0.012455197132616336,1.78,-0.030000000000000027,1.16,-0.020000000000000018,0.6200000000000001,0.08,0.0
2022-02-04,-0.024391094221877574,0.010286900504303809,-0.04218236244479756,0.0032169667670036706,24.35,0.10230873698506127,-0.1196673897324656,0.011151429330029439,0.023745519713261665,1.82,0.040000000000000036,1.19,0.030000000000000027,0.6300000000000001,0.08,0.0
2022-02-05,0.005156964694110977,0.015496914381127436,0.013325876432907613,0.016585712101537142,23.22,-0.04640657084188926,-0.16052060737527118,0.0026258205689277947,0.026433691756272193,1.93,0.10999999999999988,1.31,0.1200000000000001,0.6199999999999999,0.08,0.0
2022-02-06,0.0,-0.0033262836199356993,0.0,-0.015786953158227757,23.22,0.0,-0.06484091824405958,0.0,0.02167320727791644,1.93,0.0,1.31,0.0,0.6199999999999999,0.08,0.0
2022-02-07,0.0,-0.010119783395725168,0.0,-0.02166024842073866,23.22,0.0,0.05737704918032782,0.0,0.019218791707447336,1.93,0.0,1.31,0.0,0.6199999999999999,0.08,0.0
2022-02-08,-0.003701786234065696,-0.02299003351215201,-0.008377369533187906,-0.03754952198650707,22.86,-0.015503875968992276,0.03485740153915806,-0.0018332605848974115,0.011947959996460034,1.92,-0.010000000000000009,1.3,-0.010000000000000009,0.6199999999999999,0.08,0.0
2022-02-09,0.008401224834796661,0.009849378216123528,0.012063481170112356,0.01695870178213954,21.44,-0.06211723534558178,-0.11950718685831618,-0.001574252230190698,-0.0007877461706784494,1.96,0.040000000000000036,1.35,0.050000000000000044,0.6099999999999999,0.08,0.0
2022-02-10,0.014517177775713597,0.019253287946086495,0.02101643517372631,0.02467683157131817,19.96,-0.06902985074626866,-0.1403962101636519,0.001664330763840205,-0.0017459624618070269,1.94,-0.020000000000000018,1.36,0.010000000000000009,0.5799999999999998,0.08,0.0
2022-02-11,-0.018115705073705524,0.000788795986250479,-0.023332731175482957,0.0007683225185188824,23.91,0.19789579158316628,0.029715762273901936,0.004547442063839169,0.0027935399388914206,2.03,0.08999999999999986,1.61,0.25,0.4199999999999997,0.08,0.0
2022-02-12,-0.0189694676826343,-0.018195634736353106,-0.030722906313495946,-0.029978188895732005,27.36,0.14429109159347542,0.17829457364341095,-0.007225559327935893,-0.004452204277607952,1.92,-0.10999999999999988,1.5,-0.1100000000000001,0.41999999999999993,0.08,0.0
2022-02-13,0.0,-0.014547700981518141,0.0,-0.021783306167967753,27.36,0.0,0.1968503937007875,0.0,-0.0026237537169843117,1.92,0.0,1.5,0.0,0.41999999999999993,0.08,0.0
2022-02-14,0.0,-0.022757732984779455,0.0,-0.03344334418523598,27.36,0.0,0.2761194029850744,0.0,-0.0010511562718990008,1.92,0.0,1.5,0.0,0.41999999999999993,0.08,0.0
2022-02-15,-0.0038405482229827426,-0.04044096808932729,0.0010348088655407484,-0.05235917476037655,28.33,0.0354532163742689,0.4193386773547092,-0.008593475973342701,-0.011281154350677669,1.98,0.06000000000000005,1.58,0.08000000000000007,0.3999999999999999,0.08,0.0
2022-02-16,0.015766743077059386,-0.007328910676542177,0.024685690737487054,-0.0057678550542512586,25.7,-0.09283445111189548,0.07486407360936842,0.005041570847337695,-0.010794811526072867,2.05,0.06999999999999984,1.58,0.0,0.46999999999999975,0.08,0.0
2022-02-17,0.0008812208263346832,0.012757318994079503,-0.0011750366942483437,0.02454075533329969,24.29,-0.05486381322957201,-0.11220760233918126,0.0015840887089675348,-0.0020168361978254445,2.03,-0.020000000000000018,1.52,-0.06000000000000005,0.5099999999999998,0.08,0.0
2022-02-18,-0.021173137043269175,-0.00868593051255595,-0.029574818332963493,-0.005759851380400027,28.11,0.15726636475916012,0.027412280701754277,-0.0014937175995077823,-0.0035075412136093,1.97,-0.05999999999999983,1.49,-0.030000000000000027,0.48,0.08,0.0
2022-02-19,-0.007166241273349194,-0.01578992631216858,-0.011445312996145818,-0.017139241074685785,27.75,-0.012806830309498363,0.014254385964912242,-0.0032558958113341196,-0.0067520168361978605,1.92,-0.050000000000000044,1.47,-0.020000000000000018,0.44999999999999996,0.08,0.0
2022-02-20,0.0,-0.011995447182546637,0.0,-0.0181552627134145,27.75,0.0,-0.02047299682315562,0.0,0.0018574208384927182,1.92,0.0,1.47,0.0,0.44999999999999996,0.08,0.0
2022-02-21,0.0,-0.027331265222866108,0.0,-0.04180887255297572,27.75,0.0,0.07976653696498048,0.0,-0.0031681774179354028,1.92,0.0,1.47,0.0,0.44999999999999996,0.08,0.0
2022-02-22,0.0,-0.02818764650805261,0.0,-0.04068163827648441,27.75,0.0,0.14244545080279947,0.0,-0.004744750021966282,1.92,0.0,1.47,0.0,0.44999999999999996,0.08,0.0
2022-02-23,-0.010142864698185927,-0.017236419755904953,-0.009922524222779616,-0.021254270823483856,28.81,0.03819819819819825,0.02490217004624684,0.001324269444689774,-0.0019359380499823775,1.94,0.020000000000000018,1.56,0.09000000000000008,0.3799999999999999,0.08,0.0
2022-02-24,-0.018412176288573612,-0.028368288773865324,-0.026033612270043083,-0.035697817344466753,31.02,0.07670947587643173,0.11783783783783774,-0.0022923646623171923,-0.0009711309261059009,1.99,0.050000000000000044,1.58,0.020000000000000018,0.4099999999999999,0.08,0.0
2022-02-25,0.014956809844988816,-0.013835778029695045,0.03443816652516052,-0.002489018197599724,30.32,-0.022566086395873652,0.09261261261261255,-0.014316012725344662,-0.015273240928754372,1.96,-0.030000000000000027,1.54,-0.040000000000000036,0.41999999999999993,0.08,0.0
2022-02-26,0.022372746986266234,0.008227424595354638,0.015348484078693714,0.012821263224916724,27.59,-0.09003957783641159,-0.005765765765765818,0.00959297113143287,-0.005826785556634517,1.97,0.010000000000000009,1.55,0.010000000000000009,0.41999999999999993,0.08,0.0
2022-02-27,0.0,0.008227424595354638,0.0,0.012821263224916724,27.59,0.0,-0.005765765765765818,0.0,-0.005826785556634517,1.97,0.0,1.55,0.0,0.41999999999999993,0.08,0.0
2022-02-28,0.0,0.018558525910852053,0.0,0.022971724944901073,27.59,0.0,-0.04234640749739671,0.0,-0.00714159760183386,1.97,0.0,1.55,0.0,0.41999999999999993,0.08,0.0
2022-03-01,-0.002442612295166069,0.03512957046503362,0.003428673719938269,0.05391641246151746,30.15,0.09278724175425879,-0.028046421663442955,-0.0032856762276884943,-0.008130081300812941,1.83,-0.1399999999999999,1.44,-0.1100000000000001,0.3900000000000001,0.08,0.0
2022-03-02,-0.015473463284818578,0.004094480845011406,-0.016281998425319633,0.0022411978243492836,33.32,0.10514096185737976,0.09894459102902364,-0.010780470420527433,-0.004572350726196772,1.72,-0.1100000000000001,1.31,-0.1299999999999999,0.4099999999999999,0.08,0.0
2022-03-03,0.018642627244987553,0.0004310492285588552,0.016971310132307682,0.0038430745724200577,30.74,-0.07743097238895569,0.11417180137731053,-9.006574799608202e-05,-0.014119527573039692,1.86,0.14000000000000012,1.5,0.18999999999999995,0.3600000000000001,0.08,0.0
2022-03-04,-0.005254711002293466,-0.004825926812858428,-0.014636656652875835,-0.010849831843463664,30.48,-0.008458035133376618,0.10474809713664368,-0.004413619167717653,-0.018470828523221905,1.86,0.0,1.53,0.030000000000000027,0.33000000000000007,0.08,0.0
2022-03-05,-0.00793401612012401,-0.012721653951854761,-0.014063202474348335,-0.024760450935784828,31.98,0.04921259842519676,0.15911562160202974,-0.012756717633221726,-0.030991919012521185,1.74,-0.1200000000000001,1.5,-0.030000000000000027,0.24,0.08,0.0
2022-03-06,0.0,-0.010304210848799844,0.0,-0.028092803598306126,31.98,0.0,0.06069651741293547,0.0,-0.027797576621525377,1.74,0.0,1.5,0.0,0.24,0.08,0.0
2022-03-07,0.0,0.00525049578985004,0.0,-0.012006291593810947,31.98,0.0,-0.04021608643457386,0.0,-0.01720255786724323,1.74,0.0,1.5,0.0,0.24,0.08,0.0
2022-03-08,-0.02951809594651711,-0.042277056632334276,-0.03746613450230285,-0.06489259454537422,36.45,0.13977485928705446,0.1857514638906963,-0.004765395894428037,-0.021797874256890615,1.78,0.040000000000000036,1.55,0.050000000000000044,0.22999999999999998,0.08,0.0
2022-03-09,-0.007233836932796112,-0.044182523622146475,-0.003887568340268044,-0.05469173599825006,35.13,-0.036213991769547316,0.1525590551181104,0.001933701657458542,-0.015561386049036341,1.86,0.08000000000000007,1.63,0.07999999999999985,0.2300000000000002,0.08,0.0
2022-03-10,0.025698324022346508,-0.011779055504092195,0.03577135276915189,-0.006910765633050819,32.45,-0.07628807287218897,0.014696685428392753,0.017277823729436648,0.014387829912023475,1.94,0.07999999999999985,1.68,0.050000000000000044,0.26,0.08,0.0
2022-03-11,-0.0042918454935622075,-0.016020347111370792,-0.011002605114173947,-0.01783733432192769,30.23,-0.0684129429892143,-0.05472170106316443,-0.0056012286566085034,0.008706011730205354,1.98,0.040000000000000036,1.72,0.040000000000000036,0.26,0.08,0.0
2022-03-12,-0.012961554353542182,-0.028774252865066297,-0.021276580089765296,-0.0387343969394045,30.75,0.017201455507773744,-0.038461538461538436,-0.006359589352230466,0.002291055718474988,2.0,0.020000000000000018,1.75,0.030000000000000027,0.25,0.08,0.0
2022-03-13,0.0,0.0007664677500363037,0.0,-0.0013176288986423978,30.75,0.0,-0.15637860082304533,0.0,0.0070902394106813205,2.0,0.0,1.75,0.0,0.25,0.08,0.0
2022-03-14,0.0,0.008058599275901024,0.0,0.0025799692483945424,30.75,0.0,-0.12467976088812982,0.0,0.005146585791746983,2.0,0.0,1.75,0.0,0.25,0.08,0.0
2022-03-15,-0.00742095611408311,-0.02449110306974489,-0.019184578362526072,-0.050614894267293487,31.77,0.0331707317073171,-0.0209553158705702,0.003840175550882563,-0.008130815791851043,2.14,0.14000000000000012,1.87,0.1200000000000001,0.27,0.08,0.0
2022-03-16,0.021408493905025416,0.000687870933814061,0.031572880067205045,-0.009744683982046976,29.83,-0.061063896757947767,-0.013231888852133666,-0.00045541488295852695,-0.0029980921231943514,2.15,0.009999999999999787,1.85,-0.020000000000000018,0.2999999999999998,0.08,0.0
2022-03-17,0.022383840279651235,0.03652204523453295,0.03701956227114955,0.04923833788283272,26.67,-0.10593362386858851,-0.1326829268292682,0.002004738472753731,0.005394532321477463,2.19,0.040000000000000036,1.95,0.09999999999999987,0.24,0.08,0.0
2022-03-18,0.012347803738532281,0.049320816019751135,0.011593640084861967,0.061402829535484926,25.67,-0.03749531308586429,-0.1652032520325203,0.010367406329574447,0.015817865959586896,2.2,0.010000000000000231,1.94,-0.010000000000000009,0.26000000000000023,0.33,0.25
2022-03-19,0.011662250349640857,0.06155825807326276,0.021353391979374692,0.08406738020257354,23.87,-0.07012076353720298,-0.223739837398374,-0.005940594059405835,0.009783304379628932,2.14,-0.06000000000000005,1.97,0.030000000000000027,0.17000000000000015,0.33,0.25
2022-03-20,0.0,0.06949493303555387,0.0,0.1052715488432272,23.87,0.0,-0.24866225999370473,0.0,0.005920393478458852,2.14,0.0,1.97,0.0,0.17000000000000015,0.33,0.25
2022-03-21,0.0,0.04707855810625339,0.0,0.07144300727566688,23.87,0.0,-0.19979886020784432,0.0,0.006378713322398477,2.14,0.0,1.97,0.0,0.17000000000000015,0.33,0.25
2022-03-22,-0.00043467350194470455,0.023708884636037153,-0.003050607208836542,0.03004272472395142,23.53,-0.014243820695433618,-0.11773528308961378,0.0003621876131836288,0.004728992360858664,2.32,0.17999999999999972,2.14,0.17000000000000015,0.17999999999999972,0.33,0.25
2022-03-23,0.011304184094790948,0.022653552962936807,0.019354358521684212,0.03794498038049099,22.94,-0.025074373140671513,-0.10634982469809118,-0.002353367125271455,-0.007920792079207817,2.38,0.06000000000000005,2.18,0.040000000000000036,0.19999999999999973,0.33,0.0
2022-03-24,-0.012272780670315009,-0.0015415225223610607,-0.01411050522268853,0.0019049824966297368,23.57,0.027462946817785383,-0.012568077084206153,-0.0019052803483941005,-0.0038935168417240096,2.32,-0.06000000000000005,2.13,-0.050000000000000266,0.18999999999999995,0.33,0.0
2022-03-25,0.014343931206577842,0.01278029719120255,0.022020342549428973,0.023967273413185053,21.67,-0.0806109461179465,-0.09216589861751145,0.0004545041359875768,-0.0034407823252444736,2.34,0.020000000000000018,2.13,0.0,0.20999999999999996,0.33,0.0
2022-03-26,0.005066192347173759,0.017911236982200984,-0.0007707056019733427,0.023178096099328194,20.81,-0.039686202122750536,-0.12819438625890245,-0.0019080501544611606,-0.005342267294458525,2.48,0.14000000000000012,2.3,0.16999999999999993,0.18000000000000016,0.33,0.0
2022-03-27,0.0,0.018353888433105148,0.0,0.026308961616127835,20.81,0.0,-0.11559711007224827,0.0,-0.005702389572773359,2.48,0.0,2.3,0.0,0.18000000000000016,0.33,0.0
2022-03-28,0.0,0.006970903956680763,0.0,0.006822556882505104,20.81,0.0,-0.09285091543156065,0.0,-0.0033569225185992035,2.48,0.0,2.3,0.0,0.18000000000000016,0.33,0.0
2022-03-29,0.007144963967017803,0.026766960486868108,0.015798095607317375,0.03736619703686794,19.63,-0.05670350792888035,-0.16716164616037343,-0.0007282658170233436,-0.0021816198527407904,2.46,-0.020000000000000018,2.35,0.050000000000000266,0.10999999999999988,0.33,0.0
2022-03-30,0.012256530405287291,0.024653994548865743,0.016808786046946134,0.032076387896535774,18.9,-0.03718797758532866,-0.1278264882325797,0.011569645622665714,0.008904234054152305,2.41,-0.04999999999999982,2.35,0.0,0.06000000000000005,0.33,0.0
2022-03-31,-0.006293721392175655,0.013072686691348867,-0.011009021399905006,0.021501513794952132,19.33,0.022751322751322745,-0.07111965401249398,0.005313400576368865,0.016203914428766453,2.35,-0.06000000000000005,2.31,-0.040000000000000036,0.040000000000000036,0.33,0.0
2022-04-01,-0.015652532890091164,-0.0027844668571405107,-0.015463572094442823,0.00570545149180135,20.56,0.06363166063114334,-0.012013455069677992,-0.0062707157574130035,0.009831588529813251,2.32,-0.03000000000000025,2.28,-0.03000000000000025,0.040000000000000036,0.33,0.0
2022-04-02,0.0034102873691344016,0.0006163246798411848,0.0015311531025057334,0.007245340514060006,19.63,-0.045233463035019406,-0.05670350792888035,-0.004507346975570092,0.005279927173418297,2.39,0.07000000000000028,2.44,0.16000000000000014,-0.04999999999999982,0.33,0.0
2022-04-03,0.0,-0.006482323320628258,0.0,-0.008419739247634728,19.63,0.0,0.0,0.0,0.006012571740912964,2.39,0.0,2.44,0.0,-0.04999999999999982,0.33,0.0
2022-04-04,0.0,-0.01851196130926691,0.0,-0.02481147452773491,19.63,0.0,0.03862433862433856,0.0,-0.005493515850144126,2.39,0.0,2.44,0.0,-0.04999999999999982,0.33,0.0
2022-04-05,0.0080908782936564,-0.004304229269193494,0.02007710004770824,0.0058408060219421465,18.57,-0.053998981151298975,-0.039317123642007124,-0.004618310241782164,-0.015318462778822983,2.42,0.029999999999999805,2.43,-0.009999999999999787,-0.010000000000000231,0.33,0.0
2022-04-06,-0.012551716914267819,-0.0011676647367456772,-0.022358139209661565,-0.001202952591537354,21.03,0.1324717285945074,0.022859922178988468,-0.006459243085880528,-0.015505273595961322,2.54,0.1200000000000001,2.51,0.07999999999999963,0.03000000000000025,0.33,0.0
2022-04-07,-0.009716869386889204,-0.014234930244222177,-0.021710263524382212,-0.024380921876482442,22.1,0.050879695672848335,0.12582781456953662,-0.0007325336507647551,-0.011772163361405519,2.61,0.06999999999999984,2.5,-0.009999999999999787,0.10999999999999988,0.33,0.0
2022-04-08,0.004253372460194527,-0.010042104244301298,0.002271209914145089,-0.02216508615381918,21.55,-0.02488687782805432,0.09780947529291906,-0.0011912398057360996,-0.012949379697545949,2.66,0.050000000000000266,2.47,-0.029999999999999805,0.18999999999999995,0.33,0.0
2022-04-09,-0.0026509873983658894,-0.01266647015086253,-0.014076016683399972,-0.03592910671472904,21.16,-0.018097447795823673,0.07794192562404478,-0.0023853211009176034,-0.015303812369827141,2.72,0.06000000000000005,2.53,0.05999999999999961,0.1900000000000004,0.33,0.0
2022-04-10,0.0,-0.020590751182724465,0.0,-0.054903895754367826,21.16,0.0,0.13947226709746907,0.0,-0.010735080058224211,2.72,0.0,2.53,0.0,0.1900000000000004,0.33,0.0
2022-04-11,0.0,-0.008141220564316543,0.0,-0.03329006034827098,21.16,0.0,0.006181645268663827,0.0,-0.004303635198242062,2.72,0.0,2.53,0.0,0.1900000000000004,0.33,0.0
2022-04-12,-0.01687728929567678,-0.015313033484708138,-0.023525084349694247,-0.03508339954534423,24.37,0.15170132325141772,0.10271493212669691,9.196247930853829e-05,-0.0034820855859983846,2.79,0.06999999999999984,2.5,-0.029999999999999805,0.29000000000000004,0.33,0.0
2022-04-13,-0.003417540503973915,-0.022834489946024772,-0.0035717834113997426,-0.04070862473428982,24.26,-0.004513746409519848,0.12575406032482594,-0.002114942528735564,-0.004403669724770798,2.72,-0.06999999999999984,2.39,-0.10999999999999988,0.33000000000000007,0.33,0.0
2022-04-14,0.011174658040455254,-0.009288636181343346,0.0198741198142931,-0.007675577884396545,21.82,-0.10057708161582857,0.031190926275992403,0.0020272760781423482,0.0,2.7,-0.020000000000000018,2.37,-0.020000000000000018,0.33000000000000007,0.33,0.0
2022-04-15,-0.012144137417661627,-0.021319971124796,-0.02279478015852543,-0.030295394932457476,22.7,0.04032997250229142,0.07277882797731561,-0.007173073386058548,-0.007173073386058548,2.83,0.1299999999999999,2.47,0.10000000000000009,0.3599999999999999,0.33,0.0
2022-04-16,0.0,-0.021319971124796,0.0,-0.030295394932457476,22.7,0.0,0.07277882797731561,0.0014820303816227565,-0.005701673717123379,2.83,0.0,2.47,0.0,0.3599999999999999,0.33,0.0
2022-04-17,0.0,-0.004518949446235987,0.0,-0.006933419870037705,22.7,0.0,-0.06852687730816587,0.0,-0.0057931034482758825,2.83,0.0,2.47,0.0,0.3599999999999999,0.33,0.0
2022-04-18,0.0,-0.001105185960044941,0.0,-0.00337368653624337,22.7,0.0,-0.06430338004946423,0.0,-0.0036859565057132393,2.83,0.0,2.47,0.0,0.3599999999999999,0.33,0.0
2022-04-19,-0.000204890508788802,-0.012346539707956072,0.0012632069910409882,-0.021560367693139848,22.17,-0.023348017621145245,0.016040329972502265,-0.002497225305216344,-0.008184660658451248,2.85,0.020000000000000018,2.46,-0.010000000000000231,0.3900000000000001,0.33,0.0
2022-04-20,0.016057599693967584,0.015849419135407494,0.021530096127026832,0.02282050008601333,21.37,-0.03608479927830399,-0.058590308370043975,0.00037088548910513275,-0.0006483882919599004,2.93,0.08000000000000007,2.61,0.1499999999999999,0.3200000000000003,0.33,0.0
2022-04-21,-0.0006185275905885579,0.015221088241788916,-0.014899797751765198,0.007580681498372321,20.32,-0.04913430042115119,-0.10484581497797352,0.0063027157289834435,0.004162042175360758,2.85,-0.08000000000000007,2.6,-0.009999999999999787,0.25,0.33,0.0
2022-04-22,-0.01475294038502506,0.00024359204933754874,-0.019864942961868137,-0.012434851269073066,22.68,0.11614173228346458,-0.0008810572687224516,-0.001657916551533578,0.002497225305216455,2.9,0.04999999999999982,2.68,0.08000000000000007,0.21999999999999975,0.33,0.0
2022-04-23,-0.02773997077607282,-0.027503135963065195,-0.02649913085941058,-0.03860446937748718,28.21,0.24382716049382713,0.2427312775330397,-0.0045207122428269075,-0.002034776174620778,2.9,0.0,2.72,0.040000000000000036,0.17999999999999972,0.33,0.0
2022-04-24,0.0,-0.027303839751894987,0.0,-0.039817378777291745,28.21,0.0,0.27244023455119515,0.0,0.00046360686138147145,2.9,0.0,2.72,0.0,0.17999999999999972,0.33,0.0
2022-04-25,0.0,-0.042676162708613075,0.0,-0.060054495836107114,28.21,0.0,0.3200748713149275,0.0,9.268699601450159e-05,2.9,0.0,2.72,0.0,0.17999999999999972,0.33,0.0
2022-04-26,0.005697858972138148,-0.0366255928421666,0.013202943503979547,-0.03323991876289878,27.02,-0.042183622828784184,0.32972440944881876,-0.008063021316033314,-0.014184397163120588,2.81,-0.08999999999999986,2.63,-0.0900000000000003,0.18000000000000016,0.33,0.0
2022-04-27,-0.02814632738377887,-0.04972164436938675,-0.0386833288751679,-0.05180150796803318,33.52,0.24056254626202822,0.47795414462081154,-0.003924133420536324,-0.01642217916781996,2.77,-0.040000000000000036,2.54,-0.08999999999999986,0.22999999999999998,0.33,0.0
2022-04-28,0.002098103084882119,-0.02055817481237321,-0.00048809696757257104,-0.026466529957991702,31.6,-0.05727923627684972,0.12017015242821705,-0.010505581089954141,-0.022335495829471697,2.82,0.04999999999999982,2.58,0.040000000000000036,0.23999999999999977,0.33,0.0
2022-04-29,0.02474689050564538,0.0036799647921943457,0.034814078822704264,0.007426141004591491,29.99,-0.050949367088607644,0.06309819213045009,-0.004644990046449804,-0.02687673772011112,2.85,0.03000000000000025,2.63,0.04999999999999982,0.2200000000000002,0.33,0.0
2022-04-30,-0.03628454810495618,-0.0327381091722887,-0.044683213362603946,-0.03758889620098138,33.4,0.11370456818939645,0.183977313009571,0.0035238095238094846,-0.023447636700648644,2.89,0.040000000000000036,2.7,0.07000000000000028,0.18999999999999995,0.33,0.0
2022-05-01,0.0,-0.03821820619535754,0.0,-0.050129976457930936,33.4,0.0,0.23612139156180612,0.0,-0.01550967018592908,2.89,0.0,2.7,0.0,0.18999999999999995,0.33,0.0
2022-05-02,0.0,-0.01036357539758559,0.0,-0.0119072600388479,33.4,0.0,-0.0035799522673032325,0.0,-0.011631179063877672,2.89,0.0,2.7,0.0,0.18999999999999995,0.33,0.0
2022-05-03,0.005675313957399952,-0.006830849243300574,0.0171959112549398,0.005574712997256093,32.34,-0.031736526946107624,0.023417721518987467,-0.0015184587643541914,-0.002654280026542666,2.99,0.10000000000000009,2.73,0.029999999999999805,0.26000000000000023,0.33,0.0
2022-05-04,0.004837102743912469,-0.026127113702623994,0.0010744999369065589,-0.027211531458688487,29.25,-0.09554730983302417,-0.024674891630543483,0.0010455279916357085,0.0030476190476189657,2.97,-0.020000000000000018,2.78,0.04999999999999982,0.1900000000000004,0.33,0.0
2022-05-05,0.0298624349775356,0.04071704990161984,0.03405755582548364,0.05296931885365774,25.42,-0.13094017094017085,-0.23892215568862263,0.0006646410938093705,0.00018980734554419065,2.93,-0.040000000000000036,2.66,-0.11999999999999966,0.27,0.33,0.0
2022-05-06,-0.03564975338184306,0.0036157437323476316,-0.05061869676581432,-0.000330615801101497,31.2,0.22738001573564115,-0.06586826347305386,-0.0030363412088434405,-0.002847110183164192,3.05,0.11999999999999966,2.71,0.04999999999999982,0.33999999999999986,0.83,0.49999999999999994
2022-05-07,-0.005674159064547379,-0.0020789316372736844,-0.012218932263599491,-0.012545508292622132,30.19,-0.03237179487179476,-0.09610778443113766,0.006186351955838942,0.0033216285470245577,3.12,0.07000000000000028,2.72,0.010000000000000231,0.3999999999999999,0.83,0.49999999999999994
2022-05-08,0.0,-0.007710486164923536,0.0,-0.029238634582072986,30.19,0.0,-0.06648113790970944,0.0,0.004847447961220386,3.12,0.0,2.72,0.0,0.3999999999999999,0.83,0.49999999999999994
2022-05-09,0.0,-0.012487187101842046,0.0,-0.030280598018319393,30.19,0.0,0.032136752136752156,0.0,0.0037979491074819904,3.12,0.0,2.72,0.0,0.3999999999999999,0.83,0.49999999999999994
2022-05-10,-0.032037134944001844,-0.07184134580725887,-0.03984785950007608,-0.09958768324675982,34.75,0.15104339185160653,0.3670338316286388,-0.0012296632614452463,0.0018977132555271226,3.05,-0.07000000000000028,2.61,-0.11000000000000032,0.43999999999999995,0.83,0.49999999999999994
2022-05-11,0.00245788276325154,-0.03516387058190873,0.012975355521787524,-0.03927380540132519,32.99,-0.0506474820143884,0.05737179487179489,-0.002651766265745037,0.0022841914913867,2.99,-0.05999999999999961,2.62,0.010000000000000231,0.3700000000000001,0.83,0.0
2022-05-12,-0.016463178415666024,-0.045632909243477404,-0.03064185079046755,-0.05719212858834388,32.56,-0.013034252803879931,0.07850281550182192,0.000569746462824261,-0.0033106318577372784,2.91,-0.08000000000000007,2.66,0.040000000000000036,0.25,0.83,0.0
2022-05-13,-0.0012960017076728558,-0.046869770622844587,-0.0018433164320880158,-0.05893002183001894,31.77,-0.024262899262899373,0.0523352103345478,-0.015279491316313898,-0.018539538403329447,2.84,-0.07000000000000028,2.56,-0.10000000000000009,0.2799999999999998,0.83,0.0
2022-05-14,0.02386974310955492,-0.02411879689766072,0.0369930099200535,-0.02411701079211226,28.87,-0.09128108278249913,-0.043723087114938775,0.0032767925983037127,-0.015323496027241812,2.93,0.0900000000000003,2.61,0.04999999999999982,0.3200000000000003,0.83,0.0
2022-05-15,0.0,0.008180415109088957,0.0,0.016383704253133402,28.87,0.0,-0.16920863309352518,0.0,-0.014111184771285257,2.93,0.0,2.61,0.0,0.3200000000000003,0.83,0.0
2022-05-16,0.0,0.005708501518351339,0.0,0.0033646906736346516,28.87,0.0,-0.12488632919066389,0.0,-0.01148988700028486,2.93,0.0,2.61,0.0,0.3200000000000003,0.83,0.0
2022-05-17,-0.003946429947140562,0.018507412621532104,-0.011610184542357516,0.023064016390976994,27.47,-0.04849324558365087,-0.15632678132678146,0.0009606147934679843,-0.011103729714340038,2.88,-0.050000000000000266,2.58,-0.029999999999999805,0.2999999999999998,0.83,0.0
2022-05-18,0.020169610355263545,0.0403986687293898,0.026178617691884343,0.05178519107613755,26.1,-0.049872588278121466,-0.178470254957507,0.010748560460652534,0.015034695451040747,2.98,0.10000000000000009,2.71,0.1299999999999999,0.27,0.83,0.0
2022-05-19,-0.04039522115020122,-0.02490376227978397,-0.05060370420483762,-0.037061045901480516,30.96,0.18620689655172407,0.07239348804987866,-0.0036080516521076467,0.008069164265129825,2.89,-0.08999999999999986,2.68,-0.029999999999999805,0.20999999999999996,0.83,0.0
2022-05-20,-0.005833809077192775,-0.03059228756253274,-0.004416384215366609,-0.04131375429872297,29.35,-0.05200258397932811,0.016626255628680253,0.008862206975414288,0.01700288184438037,2.84,-0.050000000000000266,2.63,-0.050000000000000266,0.20999999999999996,0.83,0.0
2022-05-21,0.00014612424662696633,-0.030450633590878406,-0.00336908441910011,-0.044543649191920776,29.43,0.002725724020442799,0.01939729823346026,-0.002644752998960942,0.014313160422670723,2.78,-0.06000000000000005,2.6,-0.029999999999999805,0.17999999999999972,0.83,0.0
2022-05-22,0.0,-0.02660921504686864,0.0,-0.033320319710411384,29.43,0.0,0.07135056425191122,0.0,0.013339731285988421,2.78,0.0,2.6,0.0,0.17999999999999972,0.83,0.0
2022-05-23,0.0,-0.04585396871981118,0.0,-0.057981073057361776,29.43,0.0,0.12758620689655165,0.0,0.0025636156475503658,2.78,0.0,2.6,0.0,0.17999999999999972,0.83,0.0
2022-05-24,0.01855506797629536,0.01276097948864341,0.016784925504536252,0.008883907276051817,28.48,-0.032279986408426775,-0.08010335917312661,0.010322947248792458,0.01658090337335616,2.86,0.08000000000000007,2.65,0.04999999999999982,0.20999999999999996,0.83,0.0
2022-05-25,-0.008120792702107527,0.010431220342546066,-0.021973894574498942,-0.008908158977671055,29.45,0.034058988764045006,0.0034071550255536653,0.007124109486314367,0.014829507887031301,2.76,-0.10000000000000009,2.5,-0.1499999999999999,0.2599999999999998,0.83,0.0
2022-05-26,0.009450764687376267,0.019831545922447624,0.014791195122448642,0.009151189375799396,28.37,-0.036672325976230824,-0.03601766904519199,-0.008004467609828647,0.009375887868169341,2.75,-0.009999999999999787,2.48,-0.020000000000000018,0.27,0.83,0.0
2022-05-27,0.01988322907058282,0.04010909016343023,0.027868549129139275,0.03727476887564829,27.5,-0.030666196686640834,-0.06557934080869865,0.006286357665603148,0.015721185718344577,2.75,0.0,2.46,-0.020000000000000018,0.29000000000000004,0.83,0.0
2022-05-28,0.024742227391912897,0.06584370578464926,0.03295894122160581,0.07146224701367565,25.72,-0.06472727272727274,-0.1260618416581719,-0.0014918414918415612,0.014205890709347413,2.74,-0.009999999999999787,2.47,0.010000000000000231,0.27,0.83,0.0
2022-05-29,0.0,0.046427178357974164,0.0,0.053774716892078356,25.72,0.0,-0.0969101123595506,0.0,0.0038432695913011017,2.74,0.0,2.47,0.0,0.27,0.83,0.0
2022-05-30,0.0,0.05499457056740109,0.0,0.07745050060153758,25.72,0.0,-0.1266553480475382,0.0,-0.003257632166790869,2.74,0.0,2.47,0.0,0.27,0.83,0.0
2022-05-31,0.0,0.045117411837445554,0.0,0.06174600822342402,26.54,0.03188180404354579,-0.06450475854776183,0.0,0.004785137924563587,2.74,0.0,2.47,0.0,0.27,0.83,0.0
2022-06-01,-0.006274289122320975,0.018312698381404813,-0.0031005991442598635,0.029756149612398586,26.19,-0.013187641296156682,-0.04763636363636359,0.0020543468110933993,0.0005594405594404606,2.85,0.10999999999999988,2.53,0.05999999999999961,0.3200000000000003,0.83,0.0
2022-06-02,-0.007482787410912017,-0.013710127361576063,-0.007414907333433529,-0.010492515822360549,25.69,-0.019091256204658236,-0.001166407465007735,-0.00792097660982194,-0.005882902231767684,2.94,0.08999999999999986,2.66,0.13000000000000034,0.2799999999999998,0.83,0.0
2022-06-03,0.018431056049039052,0.0044682365616222075,0.027456177540331916,0.016675577340707903,24.72,-0.037757882444531043,-0.038880248833592534,0.00817208341160991,0.00224110561210189,2.92,-0.020000000000000018,2.65,-0.010000000000000231,0.27,0.83,0.0
2022-06-04,-0.016347364741597592,-0.011952172072799971,-0.026748075877479627,-0.010518538144781875,24.79,0.0028317152103560783,-0.036158631415241005,-0.001118047144321177,0.0011205528060511671,2.96,0.040000000000000036,2.66,0.010000000000000231,0.2999999999999998,0.83,0.0
2022-06-05,0.0,-0.011952172072799971,0.0,-0.010518538144781875,24.79,0.0,-0.06593820648078375,0.0,0.0011205528060511671,2.96,0.0,2.66,0.0,0.2999999999999998,0.83,0.0
2022-06-06,0.0,-0.005713732560531315,0.0,-0.007441010591594743,24.79,0.0,-0.053455517373043215,0.0,-0.0009318796011554831,2.96,0.0,2.66,0.0,0.2999999999999998,0.83,0.0
2022-06-07,0.0031373675320187644,0.004925351662794064,0.004112199285465357,0.004085792884488404,25.07,0.011294876966518874,-0.024133904242896076,-0.0020520473836396214,0.004978395641555666,3.04,0.08000000000000007,2.73,0.06999999999999984,0.31000000000000005,0.83,0.0
2022-06-08,0.009523393579413009,-0.0038641837570208004,0.008893118289981627,-0.014055033433155728,24.02,-0.04188272836059037,-0.028317152103559895,-0.00018693335825781254,-0.003354141432963642,2.98,-0.06000000000000005,2.75,0.020000000000000018,0.22999999999999998,0.83,0.0
2022-06-09,-0.010793908688002896,0.0017597492053138541,-0.0075953768502668995,0.005347452946797171,23.96,-0.0024979184013321776,-0.03348124243646622,0.0040198186407403025,0.0017722227404159963,3.03,0.04999999999999982,2.78,0.029999999999999805,0.25,0.83,0.0
2022-06-10,-0.023798705952956634,-0.02208083650153092,-0.027375857402975545,-0.022174795565519045,26.09,0.08889816360601,0.05244050020169433,-0.007821229050279266,-0.006062867269844174,3.04,0.010000000000000231,2.83,0.050000000000000266,0.20999999999999996,0.83,0.0
2022-06-11,-0.02911031355312088,-0.05054836998057699,-0.03561270047221721,-0.05699779168522878,27.75,0.06362591031046372,0.11940298507462699,-0.01266891891891897,-0.018654976214905306,3.15,0.10999999999999988,3.06,0.22999999999999998,0.08999999999999986,0.83,0.0
2022-06-12,0.0,-0.053517832402831145,0.0,-0.060859723658551856,27.75,0.0,0.1069006781013162,0.0,-0.01663706888494254,3.15,0.0,3.06,0.0,0.08999999999999986,0.83,0.0
2022-06-13,0.0,-0.06244652316448274,0.0,-0.0691379896284362,27.75,0.0,0.15528726061615328,0.0,-0.016453211180704974,3.15,0.0,3.06,0.0,0.08999999999999986,0.83,0.0
2022-06-14,-0.03876837415339185,-0.08896026745906604,-0.04601608069758523,-0.10517608617588559,34.02,0.22594594594594608,0.41986644407345586,-0.008079079935367273,-0.02830540037243945,3.43,0.28000000000000025,3.4,0.33999999999999986,0.03000000000000025,0.83,0.0
2022-06-15,-0.0037737056722930706,-0.07027193851392055,0.0020702814945006143,-0.07808534464350625,32.69,-0.03909465020576153,0.25297048677654255,-0.0019164430816405176,-0.022522522522522515,3.49,0.06000000000000005,3.45,0.050000000000000266,0.040000000000000036,0.83,0.0
2022-06-16,0.014592502168395916,-0.02842193772655266,0.02493703416554016,-0.020202284831510986,29.62,-0.0939125114713979,0.06738738738738737,-0.0026881720430108613,-0.01264138389886904,3.33,-0.16000000000000014,3.2,-0.25,0.1299999999999999,0.83,0.0
2022-06-17,-0.032511959134456814,-0.0600098439831217,-0.040211251387598734,-0.059601177065145894,32.95,0.11242403781228916,0.18738738738738747,0.013765883711975402,0.0009504799923960583,3.28,-0.050000000000000266,3.14,-0.06000000000000005,0.13999999999999968,1.58,0.7500000000000001
2022-06-18,0.0022008470670371594,-0.057941069405208045,0.012439373555951594,-0.047903204815082145,31.13,-0.055235204855842324,0.12180180180180167,-0.005507549140632451,-0.004562303963501657,3.25,-0.029999999999999805,3.17,0.029999999999999805,0.08000000000000007,1.58,0.7500000000000001
2022-06-19,0.0,-0.019945968002176184,0.0,-0.0019781508674452386,31.13,0.0,-0.08495002939447394,0.0,0.0035454197010347244,3.25,0.0,3.17,0.0,0.08000000000000007,1.58,0.7500000000000001
2022-06-20,0.0,-0.016233522867208472,0.0,-0.004040068283342357,31.13,0.0,-0.0477210156011012,0.0,0.005472350230414591,3.25,0.0,3.17,0.0,0.08000000000000007,1.58,0.7500000000000001
2022-06-21,0.0,-0.030382665917324192,0.0,-0.028272080608809813,31.03,-0.0032123353678122912,0.04760297096556387,0.0,0.008182518290335006,3.25,0.0,3.17,0.0,0.08000000000000007,1.58,0.7500000000000001
2022-06-22,0.02447725615264873,0.026731973917098806,0.02492191099051211,0.03767129750700282,30.19,-0.027070576861102147,-0.08376327769347502,0.007161271841879202,0.0016142816446682584,3.31,0.06000000000000005,3.21,0.040000000000000036,0.10000000000000009,1.58,0.0
2022-06-23,-0.0013015334188627437,0.023143864766901334,-0.0016498134541638176,0.02323098103229282,28.95,-0.041073203047366724,-0.07002891101831032,0.0033181645809632343,0.0105031987014228,3.16,-0.1499999999999999,3.06,-0.1499999999999999,0.10000000000000009,1.58,0.0
2022-06-24,0.009532193760987795,0.03289667033122523,0.014744472232559813,0.03831798181961821,29.05,0.003454231433505983,-0.06681657565049781,-0.0075592932060852824,0.002864508736751814,3.09,-0.07000000000000028,3.01,-0.050000000000000266,0.08000000000000007,1.58,0.0
2022-06-25,0.03056329085577736,0.06446539169052246,0.034893243788511885,0.07454826428924588,27.23,-0.0626506024096386,-0.12528107934468358,0.003427592116538092,0.006301919220853769,3.13,0.040000000000000036,3.04,0.03000000000000025,0.08999999999999986,1.58,0.0
2022-06-26,0.0,0.06446539169052246,0.0,0.07454826428924588,27.23,0.0,-0.1224621334192717,0.0,0.006301919220853769,3.13,0.0,3.04,0.0,0.08999999999999986,1.58,0.0
2022-06-27,0.0,0.0390327216126265,0.0,0.048419643259234535,27.23,0.0,-0.09804571050016564,0.0,-0.0008532423208190698,3.13,0.0,3.04,0.0,0.08999999999999986,1.58,0.0
2022-06-28,-0.002973101484249896,0.03729364422895354,-0.008063043900263134,0.041684775206871194,26.95,-0.010282776349614386,-0.06908462867012088,0.005882911092133902,0.001700840971369244,3.2,0.07000000000000028,3.08,0.040000000000000036,0.1200000000000001,1.58,0.0
2022-06-29,-0.02014302160708281,0.00680238056974547,-0.030851315430071247,-0.005121528371437756,28.36,0.052319109461966606,-0.02375215146299492,-0.006320158475615623,0.002951537655907721,3.2,0.0,3.1,0.020000000000000018,0.10000000000000009,1.58,0.0
2022-06-30,-0.000711753084481459,-0.023751578581398536,0.001760646584354264,-0.036973033698583735,28.16,-0.007052186177715081,0.03415350716121934,-0.005411049933548351,-0.005882911092134013,3.1,-0.10000000000000009,3.06,-0.040000000000000036,0.040000000000000036,1.58,0.0
2022-07-01,-0.008759227302603145,-0.03230276040841151,-0.013255837492044287,-0.04973876266433175,28.71,0.01953125,0.054351817847961836,-0.0007635773599313778,-0.006641996394344929,2.98,-0.1200000000000001,2.92,-0.14000000000000012,0.06000000000000005,1.58,0.0
2022-07-02,0.010553762105785847,-0.022089913951336193,0.007124651851748931,-0.04296848218010296,26.7,-0.07001044932079425,-0.019463826661770156,-0.005731206418951196,-0.012335136160926186,2.88,-0.10000000000000009,2.84,-0.08000000000000007,0.040000000000000036,1.58,0.0
2022-07-03,0.0,-0.01917381817435926,0.0,-0.03518917010319578,26.7,0.0,-0.00927643784786647,0.0,-0.01811149891519681,2.88,0.0,2.84,0.0,0.040000000000000036,1.58,0.0
2022-07-04,0.0,0.0009891274482867196,0.0,-0.004475943415276351,26.7,0.0,-0.05853314527503528,0.0,-0.01186633757357125,2.88,0.0,2.84,0.0,0.040000000000000036,1.58,0.0
2022-07-05,0.0,0.0017020920020005548,0.0,-0.006225628867429611,27.53,0.031086142322097388,-0.02237215909090906,0.0,-0.006490407559415989,2.88,0.0,2.84,0.0,0.040000000000000036,1.58,0.0
2022-07-06,0.0015841770513915776,0.01215465818491146,0.0167637980679598,0.024007886144655766,27.54,0.0003632401017070741,-0.040752351097178785,-0.014890959746373222,-0.0205368230012416,2.82,-0.06000000000000005,2.82,-0.020000000000000018,0.0,1.58,0.0
2022-07-07,0.0035731157621645693,0.005162953261548697,0.0061706805660490804,0.02303792267695992,26.73,-0.02941176470588236,0.0011235955056179137,-0.007899356348741948,-0.02267268709770376,2.93,0.11000000000000032,2.97,0.15000000000000036,-0.040000000000000036,1.58,0.0
2022-07-08,0.014964578110208349,0.02020479278911891,0.021637464891639535,0.045173869811698575,26.08,-0.024317246539468873,-0.023220973782771548,-0.001376191880468003,-0.02401767701027946,3.01,0.07999999999999963,3.03,0.05999999999999961,-0.020000000000000018,1.58,0.0
2022-07-09,-0.0008302114989416909,0.0193578070388698,0.0013741788166703461,0.04661012560333111,24.64,-0.05521472392638027,-0.0771535580524344,0.0018702628211437755,-0.022192333557498167,3.09,0.08000000000000007,3.12,0.0900000000000003,-0.03000000000000025,1.58,0.0
2022-07-10,0.0,0.0193578070388698,0.0,0.04661012560333111,24.64,0.0,-0.10497638939338905,0.0,-0.022192333557498167,3.09,0.0,3.12,0.0,-0.03000000000000025,1.58,0.0
2022-07-11,0.0,0.01774551794518442,0.0,0.029354239000331184,24.64,0.0,-0.1053013798111837,0.0,-0.007411741759313473,3.09,0.0,3.12,0.0,-0.03000000000000025,1.58,0.0
2022-07-12,-0.011527473598367033,0.00243167892475582,-0.021888238937330606,0.0006488033417169081,26.17,0.062094155844155896,-0.0209502431724653,-0.008842601689919571,-0.00835545070284105,2.99,-0.09999999999999964,3.07,-0.050000000000000266,-0.07999999999999963,1.58,0.0
2022-07-13,-0.009243908956706903,-0.02147787896336295,-0.00972068113063107,-0.0300651165863548,27.29,0.04279709591134884,0.04639570552147232,-0.0018834258524980108,-0.008859139679102346,2.96,-0.03000000000000025,3.03,-0.040000000000000036,-0.06999999999999984,1.58,0.0
2022-07-14,-0.004456897454697795,-0.025029620093450777,-0.0014014486176658902,-0.03275360000131955,26.82,-0.017222425796995178,0.08847402597402598,0.0011917767404907575,-0.009530359599135396,2.91,-0.04999999999999982,3.13,0.10000000000000009,-0.21999999999999975,1.58,0.0
2022-07-15,-0.00299859539478875,-0.02795316178469398,0.003399402994237022,-0.029465539692999032,26.4,-0.015659955257270708,0.0714285714285714,-0.0052574149389942315,-0.014737669483199212,2.96,0.04999999999999982,3.15,0.020000000000000018,-0.18999999999999995,1.58,0.0
2022-07-16,0.019201241036518768,-0.009288656145336027,0.018287957581319514,-0.011716446651695689,24.23,-0.08219696969696966,-0.01663961038961037,0.0060829676904667895,-0.008744350560031533,2.93,-0.029999999999999805,3.13,-0.020000000000000018,-0.19999999999999973,1.58,0.0
2022-07-17,0.0,0.0022649263315197565,0.0,0.010399417214433493,24.23,0.0,-0.07413068398930078,0.0,9.912767644726372e-05,2.93,0.0,3.13,0.0,-0.19999999999999973,1.58,0.0
2022-07-18,0.0,0.011616214517649492,0.0,0.020317599248701024,24.23,0.0,-0.11212898497618173,0.0,0.001986294567484448,2.93,0.0,3.13,0.0,-0.19999999999999973,1.58,0.0
2022-07-19,-0.008363619420370894,0.007646418256711307,-0.008855420982975204,0.012701506497404091,25.3,0.044160132067684765,-0.05667412378821768,0.007037367429874264,0.007836524154349878,2.96,0.029999999999999805,3.15,0.020000000000000018,-0.18999999999999995,1.58,0.0
2022-07-20,0.027628333137554417,0.03860035141595297,0.031312986739633786,0.040873865606199766,24.5,-0.031620553359683834,-0.0719696969696969,0.007677165354330828,0.020941364180295352,3.01,0.04999999999999982,3.23,0.08000000000000007,-0.2200000000000002,1.58,0.0
2022-07-21,0.005895816028186118,0.025041675726607204,0.015532163971845314,0.03805694773365631,23.88,-0.025306122448979673,-0.014444903012794108,-0.002051181871459251,0.012687084943998617,3.04,0.03000000000000025,3.25,0.020000000000000018,-0.20999999999999996,1.58,0.0
2022-07-22,0.009861360135356989,0.035149980844697115,0.014448120851983326,0.05305491996575307,23.11,-0.03224455611390287,-0.046223689640941035,-0.001957521777429805,0.010704727921498902,2.91,-0.1299999999999999,3.1,-0.1499999999999999,-0.18999999999999995,1.58,0.0
2022-07-23,-0.009332449768064022,0.025489495646051408,-0.017666436069515123,0.034451192544489695,23.03,-0.003461704889658135,-0.04952538175815102,0.002745905658526837,0.01348002775299828,2.77,-0.14000000000000012,2.98,-0.1200000000000001,-0.20999999999999996,1.58,0.0
2022-07-24,0.0,0.03413863763916636,0.0,0.04369353820248367,23.03,0.0,-0.08972332015810269,0.0,0.006397637795275468,2.77,0.0,2.98,0.0,-0.20999999999999996,1.58,0.0
2022-07-25,0.0,0.006335271509821716,0.0,0.012004650016082419,23.03,0.0,-0.05999999999999994,0.0,-0.0012697792537605945,2.77,0.0,2.98,0.0,-0.20999999999999996,1.58,0.0
2022-07-26,0.0013151152429682345,0.0017525695093310034,-0.005490272634064319,-0.008944763852446358,23.36,0.014329135909682877,-0.021775544388609736,-0.001369193154034276,-0.000587256533229108,2.81,0.040000000000000036,3.0,0.020000000000000018,-0.18999999999999995,1.58,0.0
2022-07-27,-0.011543193070554847,-0.0194801135298015,-0.019589711893098993,-0.04219769386999872,24.69,0.05693493150684947,0.06836867157074877,-0.009303692096758298,-0.007943512797881747,2.81,0.0,3.02,0.020000000000000018,-0.20999999999999996,1.58,0.0
2022-07-28,0.026156259165274642,0.015645075385636753,0.04257253720970633,0.016536965765254097,23.24,-0.05872823005265304,0.009118541033434457,-0.0007908264136023968,-0.01144254278728607,2.78,-0.03000000000000025,2.96,-0.06000000000000005,-0.18000000000000016,1.58,0.0
2022-07-29,0.012133382708562568,0.027968285781357682,0.009237017586043672,0.025926735594891337,22.33,-0.03915662650602414,-0.030395136778115672,0.005441234665611416,-0.006063569682151604,2.68,-0.09999999999999964,2.85,-0.10999999999999988,-0.16999999999999993,2.33,0.75
2022-07-30,0.014207733466259809,0.042573385197506974,0.018092652307343693,0.04448847131481792,21.33,-0.044782803403493054,-0.07381676074685206,0.0038374495719768476,-0.0022493887530562473,2.67,-0.010000000000000231,2.89,0.040000000000000036,-0.2200000000000002,2.32,0.7399999999999998
2022-07-31,0.0,0.04120408183844071,0.0,0.05025465570986043,21.33,0.0,-0.08690068493150693,0.0,-0.0008814024091664541,2.67,0.0,2.89,0.0,-0.2200000000000002,2.32,0.7399999999999998
2022-08-01,0.0,0.05336325729077673,0.0,0.07123993745294488,21.33,0.0,-0.13608748481166477,0.0,0.008501383946223795,2.67,0.0,2.89,0.0,-0.2200000000000002,2.32,0.7399999999999998
2022-08-02,-0.0028230463236237346,0.02361560886865277,-0.0005552994021456037,0.02692622368660169,22.84,0.07079231129864039,-0.01721170395869187,0.006665359733385445,0.016026909378709986,2.6,-0.06999999999999984,2.9,0.009999999999999787,-0.2999999999999998,2.33,0.75
2022-08-03,-0.006662409587654183,0.004606586239665367,-0.0030276382103706645,0.01444660151424726,23.93,0.04772329246935203,0.07165248544558889,-0.007400194741966737,0.003050280429007346,2.75,0.1499999999999999,3.06,0.16000000000000014,-0.31000000000000005,2.33,0.0
2022-08-04,0.015638481713144525,0.006023790097063442,0.027257084392633413,0.02357821341878319,21.95,-0.08274132887588803,0.029067041725269638,-0.004708652148322723,-0.005489119780435203,2.73,-0.020000000000000018,3.1,0.040000000000000036,-0.3700000000000001,2.33,0.010000000000000231
2022-08-05,-0.0007773448499099889,0.005241762684944584,0.004359682070675497,0.028040689003759,21.44,-0.02323462414578581,0.005157055789967391,0.007392075694855116,0.0018623799255048645,2.68,-0.04999999999999982,3.03,-0.07000000000000028,-0.34999999999999964,2.33,0.010000000000000231
2022-08-06,-0.0016257460367924415,0.0036074948732411904,-0.007764231795562182,0.02005874279906439,21.15,-0.013526119402985204,-0.008438818565400852,-0.004989727032580049,-0.003136639874534497,2.83,0.1499999999999999,3.24,0.2100000000000004,-0.41000000000000014,2.33,0.010000000000000231
2022-08-07,0.0,0.006448746306417341,0.0,0.0206254955265448,21.15,0.0,-0.07399299474605958,0.0,-0.009737098344693274,2.83,0.0,3.24,0.0,-0.41000000000000014,2.33,0.0
2022-08-08,0.0,0.01319909366223504,0.0,0.023724964345507527,21.15,0.0,-0.11617216882574177,0.0,-0.002354326074161417,2.83,0.0,3.24,0.0,-0.41000000000000014,2.33,0.0
2022-08-09,-0.0012375789770792123,-0.003636433647720705,-0.003674374549978099,-0.0071001398901100465,21.29,0.006619385342789608,-0.030068337129840583,0.0036381514257621816,0.006012221565148801,2.77,-0.06000000000000005,3.21,-0.03000000000000025,-0.43999999999999995,2.33,0.0
2022-08-10,-0.004248730694724312,-0.0070978867710033144,-0.011474136647020017,-0.022753293506743377,21.77,0.022545796148426556,0.01539179104477606,0.0018614676202606262,0.0004891889247626846,2.8,0.029999999999999805,3.28,0.06999999999999984,-0.48,2.33,0.0
2022-08-11,0.021290634013103604,0.01569288741891217,0.02845519392812368,0.01291898886179177,19.74,-0.09324758842443737,-0.06666666666666665,0.010854684138470683,0.016420845624385505,2.78,-0.020000000000000018,3.23,-0.04999999999999982,-0.4500000000000002,2.33,0.0
2022-08-12,-0.0007054229687617486,0.014976394326918774,-0.006452977653397474,0.006382645261964859,20.2,0.023302938196555267,-0.044917257683215084,9.673986649905153e-05,0.01651917404129799,2.87,0.0900000000000003,3.23,0.0,-0.3599999999999999,2.33,0.0
2022-08-13,0.01732239670855429,0.03255821807926784,0.020604890614573268,0.02711904958399236,19.53,-0.03316831683168309,-0.07659574468085095,-0.007835171213000591,0.008554572271386673,2.84,-0.03000000000000025,3.25,0.020000000000000018,-0.41000000000000014,2.33,0.0
2022-08-14,0.0,0.03383767385013714,0.0,0.030906987984035572,19.53,0.0,-0.082667919210897,0.0,0.00489859900068601,2.84,0.0,3.25,0.0,-0.41000000000000014,2.33,0.0
2022-08-15,0.0,0.038248913879300295,0.0,0.0428730559333097,19.53,0.0,-0.10289389067524113,0.0,0.003031488362996493,2.84,0.0,3.25,0.0,-0.41000000000000014,2.33,0.0
2022-08-16,0.00396948705068767,0.02064015353044013,0.007468006106501113,0.02159164977366368,19.95,0.021505376344086002,0.010638297872340496,-0.006922101979136341,-0.014607719841346678,2.79,-0.04999999999999982,3.2,-0.04999999999999982,-0.41000000000000014,2.33,0.0
2022-08-17,0.0018756661407353103,0.02327637636757318,-0.0023391804307838493,0.025821566221461145,19.69,-0.013032581453633951,-0.02524752475247516,-0.0011780875711759897,-0.01586380344360605,2.82,0.029999999999999805,3.25,0.04999999999999982,-0.43000000000000016,2.33,0.0
2022-08-18,-0.0072377589891293725,-0.0014275200635490704,-0.012053353047001059,-0.007003605371421084,19.9,0.010665312341289868,0.018945212493599373,-0.0009828975820720398,-0.009066978648727742,2.89,0.07000000000000028,3.28,0.029999999999999805,-0.3899999999999997,2.33,0.0
2022-08-19,0.0022695154935377104,0.000838755651086931,0.002607851317584675,-0.004414018415332066,19.56,-0.0170854271356784,0.001536098310291667,-0.004919323101141182,-0.013941698352344711,2.88,-0.010000000000000231,3.22,-0.05999999999999961,-0.3400000000000003,2.33,0.0
2022-08-20,-0.012899942573545653,-0.012072006822190784,-0.019479505019624588,-0.023807540541078587,20.6,0.053169734151329306,0.05478750640040975,-0.007415463713664305,-0.021253777907770388,2.98,0.10000000000000009,3.25,0.029999999999999805,-0.27,2.33,0.0
2022-08-21,0.0,-0.015978069134354622,0.0,-0.031043712016670666,20.6,0.0,0.03258145363408538,0.0,-0.014431572746907428,2.98,0.0,3.25,0.0,-0.27,2.33,0.0
2022-08-22,0.0,-0.017820310322400834,0.0,-0.02877183409716455,20.6,0.0,0.04621635347892328,0.0,-0.013269117357971316,2.98,0.0,3.25,0.0,-0.27,2.33,0.0
2022-08-23,-0.021400124867564707,-0.031831709576887524,-0.026607465132259422,-0.04307965489953869,23.8,0.15533980582524265,0.1959798994974875,-0.010259986054387826,-0.022432113341204207,3.03,0.04999999999999982,3.32,0.06999999999999984,-0.29000000000000004,2.33,0.0
2022-08-24,-0.0022378014446627903,-0.036185669531764386,-0.0006787923547034724,-0.04621653059124131,24.11,0.013025210084033567,0.23261758691206547,0.004025764895330131,-0.013644453233142229,3.05,0.020000000000000018,3.29,-0.029999999999999805,-0.2400000000000002,2.33,0.0
2022-08-25,0.0029161509713642175,-0.020742678220069366,0.0028000766974154434,-0.024544472887358393,22.82,-0.05350476980506014,0.10776699029126213,-0.0009021651964715716,-0.007172029086562337,3.11,0.06000000000000005,3.36,0.06999999999999984,-0.25,2.33,0.0
2022-08-26,0.014091582000449021,-0.006943393370667406,0.01747348244987945,-0.007499867853717812,21.78,-0.045574057843996485,0.05728155339805818,-0.0008026487408447913,-0.007968921207291535,3.03,-0.08000000000000007,3.35,-0.009999999999999787,-0.3200000000000003,2.33,0.0
2022-08-27,-0.033688010821315006,-0.04039749508097468,-0.040963725255980465,-0.04815637058348243,25.56,0.17355371900826433,0.24077669902912602,0.003916055828898424,-0.004084072118736959,3.04,0.010000000000000231,3.37,0.020000000000000018,-0.33000000000000007,2.33,0.0
2022-08-28,0.0,-0.01941280670083778,0.0,-0.02213793991562807,25.56,0.0,0.07394957983193273,0.0,0.006239935587761591,3.04,0.0,3.37,0.0,-0.33000000000000007,2.33,0.0
2022-08-29,0.0,-0.017213525708874133,0.0,-0.02147372376044021,25.56,0.0,0.06014102032351709,0.0,0.002205292702486039,3.04,0.0,3.37,0.0,-0.33000000000000007,2.33,0.0
2022-08-30,-0.0066664037893761074,-0.026603747612159112,-0.009587335989915236,-0.033561286466953555,26.21,0.02543035993740217,0.14855390008764235,0.0002000400080015563,0.0033109260559847087,3.12,0.08000000000000007,3.42,0.04999999999999982,-0.2999999999999998,2.33,0.0
2022-08-31,-0.011028107408059928,-0.05071538798605424,-0.011343829699975605,-0.06093317041475754,26.21,0.0,0.2033976124885215,0.0018000000000000238,0.0059242895873079515,3.11,-0.010000000000000231,3.46,0.040000000000000036,-0.3500000000000001,2.33,0.0
2022-09-01,-0.007817046982559583,-0.025300296229846753,-0.005725651599731041,-0.026428838325861514,25.87,-0.01297214803510105,0.012128325508607318,0.004691555200638797,0.006701340268053579,3.15,0.040000000000000036,3.45,-0.009999999999999787,-0.30000000000000027,2.33,0.0
2022-09-02,0.002996207332490508,-0.02237989383043426,0.00021104902774848888,-0.026223367078746174,25.56,-0.011982991882489413,0.0,-0.01142573273720815,-0.0048009601920384615,3.26,0.10999999999999988,3.51,0.05999999999999961,-0.25,2.33,0.0
2022-09-03,-0.010736478566116592,-0.03287609114612844,-0.014353193825959565,-0.04020017183425528,25.47,-0.0035211267605633756,-0.0035211267605633756,0.008040201005025116,0.003200640128025567,3.2,-0.05999999999999961,3.4,-0.10999999999999988,-0.19999999999999973,2.33,0.0
2022-09-04,0.0,-0.02638558431602167,0.0,-0.03090917246594116,25.47,0.0,-0.028233498664631873,0.0,0.0029999999999998916,3.2,0.0,3.4,0.0,-0.19999999999999973,2.33,0.0
2022-09-05,0.0,-0.01552872940373684,0.0,-0.019789835287254864,25.47,0.0,-0.028233498664631873,0.0,0.0011978438810140712,3.2,0.0,3.4,0.0,-0.19999999999999973,2.33,0.0
2022-09-06,0.0,-0.007772439949430998,0.0,-0.014145174025813168,25.99,0.020416175893207766,0.004638577502898977,0.0,-0.003477396920019915,3.2,0.0,3.4,0.0,-0.19999999999999973,2.33,0.0
2022-09-07,-0.004095039574340209,-0.014787551835839463,-0.00720175493700026,-0.02145158057846197,26.91,0.03539823008849563,0.052816901408450745,-0.011565304087736705,-0.0036180904522613577,3.33,0.1299999999999999,3.5,0.10000000000000009,-0.16999999999999993,2.33,0.0
2022-09-08,0.018340971140093032,0.014170824563102258,0.02065386706362582,0.01330336803753207,24.64,-0.0843552582683017,-0.03258735767569687,0.00282428888440589,-0.008773678963110543,3.27,-0.06000000000000005,3.45,-0.04999999999999982,-0.18000000000000016,2.33,0.0
2022-09-09,0.006610768693449787,0.020875273299934216,0.005041033852418497,0.0184114646185789,23.61,-0.041801948051948146,-0.07302709069493518,0.001408167370750446,-0.007377866400797406,3.29,0.020000000000000018,3.48,0.029999999999999805,-0.18999999999999995,2.33,0.0
2022-09-10,0.015271405678227268,0.03646547374536846,0.02167810089772182,0.040488691103977015,22.79,-0.0347310461668785,-0.10522182960345505,0.00903977501004416,0.0015952143569293309,3.33,0.040000000000000036,3.56,0.08000000000000007,-0.22999999999999998,2.33,0.0
2022-09-11,0.0,0.03646547374536846,0.0,0.040488691103977015,22.79,0.0,-0.12312427856868025,0.0,0.0015952143569293309,3.33,0.0,3.56,0.0,-0.22999999999999998,2.33,0.0
2022-09-12,0.0,0.04072729319710655,0.0,0.04803639236686097,22.79,0.0,-0.15310293571163136,0.0,0.01331450474077056,3.33,0.0,3.56,0.0,-0.22999999999999998,2.33,0.0
2022-09-13,0.01058426104401855,0.03280006633382504,0.012029433703862669,0.03918057913158801,23.87,0.04738920579201422,-0.03125,0.008261994823810515,0.018809092737879674,3.37,0.040000000000000036,3.58,0.020000000000000018,-0.20999999999999996,2.33,0.0
2022-09-14,-0.043236562775976095,-0.018344158275464317,-0.05542507998605928,-0.023339466398943576,27.27,0.14243820695433596,0.15501905972045749,-0.013031888636587885,0.004118119726797875,3.42,0.04999999999999982,3.75,0.16999999999999993,-0.33000000000000007,2.33,0.0
2022-09-15,0.0033869946525153516,-0.02983507729829671,0.008374869739945057,-0.03605652554874417,26.16,-0.040704070407040716,0.1478718736287845,-0.00040012003601086477,-0.005275731634481362,3.41,-0.009999999999999787,3.78,0.029999999999999805,-0.36999999999999966,2.33,0.0
2022-09-16,-0.011317761485652666,-0.040815172495181185,-0.01705152294303791,-0.05249322981914151,26.27,0.004204892966360729,0.15269855199648963,-0.0002001400980686796,-0.005474815847103298,3.45,0.040000000000000036,3.87,0.0900000000000003,-0.41999999999999993,2.33,0.0
2022-09-17,-0.007182129262947479,-0.047704161913378784,-0.005542658178711579,-0.05774493596826902,26.3,0.0011419870574800317,0.1540149188240456,0.0022019817836054223,-0.00328488950826189,3.45,0.0,3.85,-0.020000000000000018,-0.3999999999999999,2.33,0.0
2022-09-18,0.0,-0.057677944535946546,0.0,-0.06894500036107543,26.3,0.0,0.10180142438206952,0.0,-0.011452265771546899,3.45,0.0,3.85,0.0,-0.3999999999999999,2.33,0.0
2022-09-19,0.0,-0.015093994187184934,0.0,-0.014313232427150102,26.3,0.0,-0.03557022368903551,0.0,0.001600480144043237,3.45,0.0,3.85,0.0,-0.3999999999999999,2.33,0.0
2022-09-20,0.006857148758303566,-0.011687755479585782,0.0077469906537015465,-0.014926984440928215,25.76,-0.020532319391634912,-0.015290519877675823,-0.000998701687805914,0.001000700490343176,3.49,0.040000000000000036,3.95,0.10000000000000009,-0.45999999999999996,2.33,0.0
2022-09-21,-0.011272112803181633,-0.011642123880195365,-0.008510641857834678,-0.006367643150402835,27.16,0.05434782608695654,0.03387894937190716,-0.0008997300809757691,0.00030027024321888085,3.57,0.07999999999999963,3.96,0.009999999999999787,-0.3900000000000001,2.33,0.0
2022-09-22,-0.017116493297336777,-0.02153186018232378,-0.018035630812535786,-0.018850251825672792,27.99,0.030559646539027874,0.06425855513307965,-0.011406844106463865,-0.013282732447817969,3.51,-0.06000000000000005,4.02,0.05999999999999961,-0.5099999999999998,2.33,0.0
2022-09-23,-0.008427596288058115,-0.02977799464543429,-0.011698097319164602,-0.030327837064489938,27.35,-0.02286530903894235,0.03992395437262353,-0.003947368421052699,-0.017177669030260745,3.7,0.1900000000000004,4.11,0.09000000000000075,-0.41000000000000014,3.08,0.75
2022-09-24,-0.01723261637204987,-0.046497458259430524,-0.01655501601944065,-0.046380775255493,29.92,0.09396709323583186,0.1376425855513308,-0.012397114114419239,-0.02936182962149214,3.69,-0.010000000000000231,4.2,0.08999999999999986,-0.5100000000000002,3.08,0.75
2022-09-25,0.0,-0.052991238214411096,0.0,-0.05371166216441192,29.92,0.0,0.16149068322981375,0.0,-0.028391482555233383,3.69,0.0,4.2,0.0,-0.5100000000000002,3.08,0.75
2022-09-26,0.0,-0.042194749386010644,0.0,-0.04558901206087995,29.92,0.0,0.10162002945508108,0.0,-0.027516509905943565,3.69,0.0,4.2,0.0,-0.5100000000000002,3.08,0.75
2022-09-27,-0.010340542018774879,-0.03559168638998611,-0.005050728302113616,-0.03296845878813759,32.26,0.07820855614973254,0.15255448374419434,-0.009877559419693371,-0.026012145748987803,3.88,0.18999999999999995,4.27,0.0699999999999994,-0.3899999999999997,3.08,0.75
2022-09-28,-0.0021203598319033956,-0.029457236448207635,0.0015674273665353677,-0.019988436441727875,32.6,0.010539367637941721,0.1919561243144423,-0.0007274238802867927,-0.022863530129051846,3.97,0.0900000000000003,4.3,0.03000000000000025,-0.3299999999999996,3.08,0.0
2022-09-29,0.019672140136923533,0.006988462673594542,0.01970235322820324,0.01614235044080048,30.18,-0.07423312883435584,0.008689839572192382,0.0067595673876872375,-0.0039098672702952975,3.72,-0.25,4.07,-0.22999999999999954,-0.3500000000000001,3.08,0.0
2022-09-30,-0.021126419721218426,-0.014285598243272246,-0.028628403238955102,-0.012948182515798323,31.84,0.05500331345261755,0.06417112299465244,0.009606445615122583,0.005659018417532691,3.76,0.03999999999999959,4.16,0.08999999999999986,-0.40000000000000036,3.08,0.0
2022-10-01,-0.01506673588849794,-0.029137096796029494,-0.01733666046263349,-0.030060364734547318,31.62,-0.006909547738693456,0.05681818181818188,0.0009208103130753376,0.00658503961312884,3.83,0.07000000000000028,4.22,0.05999999999999961,-0.3899999999999997,3.08,0.0
2022-10-02,0.0,-0.018992952197513624,0.0,-0.0251365945419052,31.62,0.0,-0.0198388096714196,0.0,0.01662683154941269,3.83,0.0,4.22,0.0,-0.3899999999999997,3.08,0.0
2022-10-03,0.0,-0.016908444351833807,0.0,-0.0266622307982346,31.62,0.0,-0.030061349693251582,0.0,0.017366888519134704,3.83,0.0,4.22,0.0,-0.3899999999999997,3.08,0.0
2022-10-04,0.025883947546031072,-0.010919484598175933,0.023562557309032117,-0.02297754534389318,30.1,-0.04807084123972172,-0.002650762094101977,0.0026576714709189986,0.01322177461006091,3.67,-0.16000000000000014,4.12,-0.09999999999999964,-0.4500000000000002,3.08,0.0
2022-10-05,0.030583700111188827,0.04132982829140186,0.031417496235439435,0.03741766519358203,29.07,-0.03421926910299011,-0.08699748743718594,0.01712712814761952,0.02076938817270313,3.62,-0.04999999999999982,4.1,-0.020000000000000462,-0.47999999999999954,3.08,0.0
2022-10-06,-0.0020179744811957834,0.05512575231061856,-0.0008081129009699373,0.054867188881455364,28.55,-0.017887856897144783,-0.09709044908285891,-0.011125588854364987,0.008484105080241333,3.76,0.13999999999999968,4.15,0.05000000000000071,-0.39000000000000057,3.08,0.0
2022-10-07,-0.010245078344716774,0.044315906314668085,-0.007576137241449676,0.046875370286987295,30.52,0.06900175131348507,-0.03478810879190386,-0.006081491992702248,0.002351017070428396,3.83,0.07000000000000028,4.23,0.08000000000000007,-0.40000000000000036,3.08,0.0
2022-10-08,-0.028003589245083504,0.015071312632124911,-0.03883418222976798,0.006220821385406472,31.36,0.02752293577981657,-0.008222643896268256,-0.0021415459922495828,0.000204436266993957,3.89,0.06000000000000005,4.3,0.0699999999999994,-0.4099999999999997,3.08,0.0
2022-10-09,0.0,-0.01053982269609588,0.0,-0.016942526668049962,31.36,0.0,0.041860465116279055,0.0,-0.0024467325925170424,3.89,0.0,4.3,0.0,-0.4099999999999997,3.08,0.0
2022-10-10,0.0,-0.039903137224902574,0.0,-0.046886952257449654,31.36,0.0,0.0787753697970417,0.0,-0.01924426180214489,3.89,0.0,4.3,0.0,-0.4099999999999997,3.08,0.0
2022-10-11,-0.007492458086744369,-0.04516979975048119,-0.010190706619067735,-0.055836857285551655,32.45,0.03475765306122458,0.1366024518388793,0.0,-0.008210014190147996,3.89,0.0,4.3,0.0,-0.4099999999999997,3.08,0.0
2022-10-12,-0.006519229651283376,-0.041575422216999725,-0.01241149193234714,-0.06043707283096078,33.63,0.036363636363636376,0.10190039318479704,-0.0028615227388860687,-0.004996940648582471,3.93,0.040000000000000036,4.3,0.0,-0.36999999999999966,3.08,0.0
2022-10-13,-0.0032907569019515748,-0.01720765126412893,-0.000530980831869976,-0.0229947633355585,33.57,-0.001784121320249854,0.07047193877551017,-0.006661883775750832,-0.009504343382728764,3.91,-0.020000000000000018,4.28,-0.019999999999999574,-0.3700000000000001,3.08,0.0
2022-10-14,0.025965675434648228,0.008311215882802259,0.02298986984521978,-0.0005335401065449386,31.94,-0.04855525767053914,0.018494897959183687,0.00907965332232763,-0.0005109862033725321,3.97,0.06000000000000005,4.47,0.1899999999999995,-0.49999999999999956,3.08,0.0
2022-10-15,-0.023662705624933444,-0.01554815559695133,-0.030952782324503936,-0.03146980788026965,32.02,0.00250469630557304,0.02104591836734704,-0.0041922290388547445,-0.004701073071027184,4.0,0.029999999999999805,4.48,0.010000000000000675,-0.4800000000000004,3.08,0.0
2022-10-16,0.0,-0.008116510122107456,0.0,-0.021498182936349197,32.02,0.0,-0.013251155624037003,0.0,-0.004701073071027184,4.0,0.0,4.48,0.0,-0.4800000000000004,3.08,0.0
2022-10-17,0.0,-0.001607761839480193,0.0,-0.009200887748057607,32.02,0.0,-0.04787392209336905,0.0,-0.0018448293532848936,4.0,0.0,4.48,0.0,-0.4800000000000004,3.08,0.0
2022-10-18,0.026480085513260976,0.028213350181575114,0.03464907604334444,0.025673999269397507,31.37,-0.020299812617114332,-0.06553470360440872,0.01067871444706836,0.01557985967808495,4.02,0.019999999999999574,4.45,-0.03000000000000025,-0.4300000000000006,3.08,0.0
2022-10-19,0.011427561549232745,0.013643386350074005,0.007702577981709258,0.01034659648092462,30.5,-0.02773350334714697,-0.04508453350031316,-0.00010159504216189497,0.006339468302658524,4.01,-0.009999999999999787,4.43,-0.020000000000000462,-0.41999999999999993,3.08,0.0
2022-10-20,-0.006672078882144605,0.03128322918614468,-0.003979281899290865,0.03846966814626929,30.76,0.008524590163934587,-0.03935040599625239,-0.006299532615322123,0.0042098778108634605,4.14,0.1299999999999999,4.55,0.1200000000000001,-0.41000000000000014,3.08,0.0
2022-10-21,-0.007950941231232078,0.02308355683813046,-0.005103851259706471,0.033169473422334006,29.98,-0.025357607282184724,-0.06371018113678961,0.00439672801635993,0.00862511551493994,4.24,0.10000000000000053,4.62,0.07000000000000028,-0.3799999999999999,3.08,0.0
2022-10-22,0.023724828003862664,0.04735603825769519,0.023864118819087343,0.05782515249633846,29.69,-0.009673115410273492,-0.07276702061211748,0.0032576605924872215,0.01191087380634559,4.21,-0.03000000000000025,4.49,-0.1299999999999999,-0.28000000000000025,3.08,0.0
2022-10-23,0.0,0.020337416223711546,0.0,0.02239993925440187,29.69,0.0,-0.05355435129104236,0.0,0.0012191405059434057,4.21,0.0,4.49,0.0,-0.28000000000000025,3.08,0.0
2022-10-24,0.0,0.008809187146167519,0.0,0.014585019026277957,29.69,0.0,-0.026557377049180264,0.0,0.0013208697419224702,4.21,0.0,4.49,0.0,-0.28000000000000025,3.08,0.0
2022-10-25,0.011881953234294862,0.02765238852986074,0.010603580974206883,0.029439684132219313,29.85,0.005389019872010792,-0.02958387516254879,0.001927955352612809,0.009611451942740379,4.25,0.040000000000000036,4.5,0.009999999999999787,-0.25,3.08,0.0
2022-10-26,0.01626664981276371,0.05273911691372635,0.02097327619844158,0.05642222888081627,28.46,-0.04656616415410386,-0.05070046697798536,0.008608466680170013,0.01384505751806997,4.1,-0.15000000000000036,4.42,-0.08000000000000007,-0.3200000000000003,3.08,0.0
2022-10-27,-0.007387713747470381,0.02074478715608552,-0.022629839442878663,0.008449797662844372,27.28,-0.04146170063246657,-0.08117211182216233,0.010944873983331549,0.02161339421613384,4.04,-0.05999999999999961,4.39,-0.03000000000000025,-0.34999999999999964,3.08,0.0
2022-10-28,-0.006082598026418751,0.014536006928252743,-0.01878589151228749,-0.010494830831638047,27.39,0.004032258064516014,-0.07746716066015491,-0.008243941199840954,0.013191273465246178,3.96,-0.08000000000000007,4.3,-0.08999999999999986,-0.33999999999999986,3.08,0.0
2022-10-29,0.024626375646783716,0.039520351742055704,0.031682605661552454,0.020855271243190865,25.75,-0.059875867104782765,-0.13270461434826542,-0.005107661492238513,0.00801623541349561,4.02,0.05999999999999961,4.41,0.11000000000000032,-0.39000000000000057,3.08,0.0
2022-10-30,0.0,0.02731385654168439,0.0,0.010144126205352988,25.75,0.0,-0.13735343383584597,0.0,0.006076564715414179,4.02,0.0,4.41,0.0,-0.39000000000000057,3.08,0.0
2022-10-31,0.0,0.010870382031090031,0.0,-0.010606692893481595,25.75,0.0,-0.09522136331693609,0.0,-0.0025102921980119097,4.02,0.0,4.41,0.0,-0.39000000000000057,3.08,0.0
2022-11-01,-0.007454384193014141,0.010802485250352545,-0.012180620307442824,-2.893239463785946e-05,25.88,0.005048543689320395,-0.05131964809384171,-0.004932554862089655,-0.018176400476757948,4.1,0.08000000000000007,4.51,0.09999999999999964,-0.41000000000000014,3.08,0.0
2022-11-02,-0.00410126085362017,0.012817482205237152,-0.010224828745954762,0.008695784260201789,25.81,-0.002704791344667723,-0.05768528660094929,-0.001416287303996011,-0.011417125688532925,4.07,-0.02999999999999936,4.54,0.03000000000000025,-0.46999999999999975,3.08,0.0
2022-11-03,-0.025001944970306722,-0.03623886841012436,-0.033892434637410984,-0.05541818484160599,25.86,0.0019372336303757898,0.004271844660194146,0.00040522743389725946,-0.00593919871149573,4.1,0.02999999999999936,4.61,0.07000000000000028,-0.5100000000000007,3.08,0.0
2022-11-04,-0.010585979163175718,-0.046441223667413545,-0.019781154814539015,-0.07410310396225239,25.3,-0.021655065738592327,-0.01747572815533982,-0.011746835443038006,-0.01761626736460631,4.14,0.040000000000000036,4.71,0.09999999999999964,-0.5700000000000003,3.83,0.75
2022-11-05,0.013618682272863003,-0.033455009664040025,0.015567882064617455,-0.059688850280741335,24.55,-0.029644268774703608,-0.04660194174757282,0.013935854083410248,-0.0039259110126835806,4.17,0.03000000000000025,4.66,-0.04999999999999982,-0.4900000000000002,3.83,0.75
2022-11-06,0.0,-0.026195899772209486,0.0,-0.048094045277877306,24.55,0.0,-0.05139103554868618,0.0,0.001011633788568611,4.17,0.0,4.66,0.0,-0.4900000000000002,3.83,0.75
2022-11-07,0.0,-0.022185627966079702,0.0,-0.038260422802829375,24.55,0.0,-0.04881828748547068,0.0,0.002431364603383779,4.17,0.0,4.66,0.0,-0.4900000000000002,3.83,0.75
2022-11-08,0.00961398204505981,0.012530288401437328,0.011049983282720888,0.006478800404168483,24.35,-0.008146639511201648,-0.05839133797370444,0.01030823648307222,0.012354430379746928,4.22,0.04999999999999982,4.72,0.05999999999999961,-0.5,3.83,0.75
2022-11-09,0.005597877482399927,0.02909225810440641,0.007515714676141094,0.03450695003086812,25.54,0.04887063655030799,0.009486166007905084,0.009202760828248335,0.033814940055333365,4.14,-0.08000000000000007,4.67,-0.04999999999999982,-0.5300000000000002,3.83,0.0
2022-11-10,-0.020777877333723382,-0.005829388285528592,-0.023685519236855246,-0.005478477999968812,26.09,0.02153484729835564,0.06272912423625243,-0.005154128258499258,0.014350682162708406,4.12,-0.019999999999999574,4.61,-0.05999999999999961,-0.4900000000000002,3.83,0.0
2022-11-11,0.05543447234545429,0.04928193499622058,0.07486976212196295,0.068981111777346,23.53,-0.09812188577999226,-0.0415478615071283,0.0138487595895187,0.028398180899444236,3.82,-0.30000000000000027,4.34,-0.27000000000000046,-0.52,3.83,0.0
2022-11-12,0.009240793960120008,0.05897813316359679,0.01818462238367191,0.08842012963029489,22.52,-0.04292392690182756,-0.08268839103869663,0.0,0.028398180899444236,3.82,0.0,4.34,0.0,-0.52,3.83,0.0
2022-11-13,0.0,0.04889408427025321,0.0,0.07652455133460867,22.52,0.0,-0.0751540041067763,0.0,0.017905371611483423,3.82,0.0,4.34,0.0,-0.52,3.83,0.0
2022-11-14,0.0,0.04305518911421036,0.0,0.06849405488494065,22.52,0.0,-0.11824588880187936,0.0,0.008623253047874035,3.82,0.0,4.34,0.0,-0.52,3.83,0.0
2022-11-15,-0.008935794015923149,0.05566922853248024,-0.009822281609307204,0.083666202055096,23.73,0.05373001776198949,-0.09045611345343041,0.015821540880503138,0.029889409186011795,3.88,0.06000000000000005,4.4,0.0600000000000005,-0.5200000000000005,3.83,0.0
2022-11-16,0.008713121485880437,0.008937485624448627,0.014546694539071092,0.02284946699799084,24.54,0.03413400758533491,0.042923926901827336,0.003385895327464361,0.019261006289307936,3.8,-0.08000000000000007,4.37,-0.03000000000000025,-0.5700000000000003,3.83,0.0
2022-11-17,-0.008252061136399536,-0.008550112323531756,-0.014493962253025128,-0.009978835593775437,24.11,-0.017522412387938058,0.07060390763765545,0.0022175086772080466,0.021521226415094352,3.67,-0.1299999999999999,4.35,-0.020000000000000462,-0.6799999999999997,3.83,0.0
2022-11-18,-0.003089327799655983,-0.011613026023496453,-0.0019001477892724994,-0.011860022120654845,23.93,-0.0074657818332641845,0.06261101243339251,-0.0051948051948053076,0.016214622641509413,3.77,0.10000000000000009,4.43,0.08000000000000007,-0.6599999999999997,3.83,0.0
2022-11-19,0.004758574556069206,-0.006909712917581801,1.3702313806929212e-05,-0.011846482316592799,23.12,-0.0338487254492269,0.026642984014209725,0.0007736195725751571,0.017000786163521964,3.82,0.04999999999999982,4.51,0.08000000000000007,-0.69,3.83,0.0
2022-11-20,0.0,0.0020443489797208336,0.0,-0.0020442802031289675,23.12,0.0,-0.025705857564264578,0.0,0.0011608783979877302,3.82,0.0,4.51,0.0,-0.69,3.83,0.0
2022-11-21,0.0,-0.006611168591062033,0.0,-0.016353091318027202,23.12,0.0,-0.057864710676446496,0.0,-0.0022175086772078245,3.82,0.0,4.51,0.0,-0.69,3.83,0.0
2022-11-22,-0.0038836518432215916,-0.0022355315639374096,-0.010582323229728074,-0.012448831490312395,22.36,-0.03287197231833916,-0.07258399004562421,-0.010725673978162042,-0.015103415103415174,3.83,0.010000000000000231,4.48,-0.02999999999999936,-0.6500000000000004,3.83,0.0
2022-11-23,0.013579953113211918,0.014448025622314065,0.014834529945600528,0.004108981352863639,21.29,-0.047853309481216466,-0.11032177183451741,0.003711662434069174,-0.006285659027173374,3.76,-0.07000000000000028,4.47,-0.010000000000000675,-0.71,3.83,0.0
2022-11-24,0.0059147063378277576,0.015615306631965975,0.00971271249756911,0.013847711145480446,20.35,-0.04415218412400179,-0.11980968858131491,0.008563643441027669,0.001449415402454468,3.71,-0.04999999999999982,4.46,-0.009999999999999787,-0.75,3.83,0.0
2022-11-25,0.0,0.015615306631965975,0.0,0.013847711145480446,20.42,0.003439803439803546,-0.11678200692041518,0.0,0.001449415402454468,3.71,0.0,4.46,0.0,-0.75,3.83,0.0
2022-11-26,-0.0002830708720074071,0.01532781552149376,-0.0069847078062492685,0.006766281123094853,20.5,0.003917727717923425,-0.11332179930795849,0.0036665380162099748,0.005121267755338721,3.68,-0.029999999999999805,4.42,-0.040000000000000036,-0.7399999999999998,3.83,0.0
2022-11-27,0.0,0.01928636890686941,0.0,0.017534156464086514,20.5,0.0,-0.08318425760286219,0.0,0.01601875366282468,3.68,0.0,4.42,0.0,-0.7399999999999998,3.83,0.0
2022-11-28,0.0,0.005629961184739685,0.0,0.0026601642325183583,20.5,0.0,-0.03710662282761856,0.0,0.012261580381471404,3.68,0.0,4.42,0.0,-0.7399999999999998,3.83,0.0
2022-11-29,-0.01544414970244301,-0.015722848785526655,-0.014314356121922112,-0.021199082333225205,22.21,0.08341463414634154,0.09140049140049133,-0.0015381657373582103,0.0021227325357005,3.69,0.009999999999999787,4.46,0.040000000000000036,-0.77,3.83,0.0
2022-11-30,-0.0015918505325509535,-0.01728967089286515,-0.007274923949860734,-0.028319784571304907,21.89,-0.014407924358397106,0.07198824681684624,-0.002888503755054783,-0.0007719027402546264,3.75,0.06000000000000005,4.48,0.020000000000000462,-0.7300000000000004,3.83,0.0
2022-12-01,0.030947814727501077,0.01340993313661798,0.04577844038092915,0.02330973976759143,20.58,-0.059844677935130264,0.0039024390243902474,-0.0031865585168019406,-0.00759469332820617,3.68,-0.06999999999999984,4.38,-0.10000000000000053,-0.6999999999999997,3.83,0.0
2022-12-02,-0.0008676236670089876,0.012530674694246624,0.0009833699915045013,0.024316031857693376,19.84,-0.03595724003887257,-0.03219512195121954,0.016952436307275054,0.009228994424149262,3.53,-0.15000000000000036,4.25,-0.1299999999999999,-0.7200000000000002,3.83,0.0
2022-12-03,-0.0011946317615054713,0.011321073390758274,-0.003955359167041039,0.02026449405113806,19.06,-0.03931451612903236,-0.07024390243902445,0.002190893503524416,0.01144010767160153,3.51,-0.020000000000000018,4.28,0.03000000000000025,-0.7700000000000005,3.83,0.0
2022-12-04,0.0,0.027185073437034912,0.0,0.035081012275894885,19.06,0.0,-0.1418280054029717,0.0,0.01299826689774708,3.51,0.0,4.28,0.0,-0.7700000000000005,3.83,0.0
2022-12-05,0.0,0.02882280556797867,0.0,0.042666330535621855,19.06,0.0,-0.12928277752398365,0.0,0.015932792584009148,3.51,0.0,4.28,0.0,-0.7700000000000005,3.83,0.0
2022-12-06,-0.017894245646781326,-0.019918580626502758,-0.017296606876956222,-0.02022101302902901,20.75,0.08866736621196236,0.008260447035957297,-0.0025662959794695572,0.016564952048823134,3.6,0.0900000000000003,4.41,0.1299999999999999,-0.81,3.83,0.0
2022-12-07,-0.014399175760970717,-0.0331921198458508,-0.02011657107951259,-0.040873982406416154,22.17,0.06843373493975902,0.11743951612903225,0.0002858776443681599,-9.525623928363647e-05,3.51,-0.0900000000000003,4.34,-0.07000000000000028,-0.8300000000000001,3.83,0.0
2022-12-08,-0.001862348589029894,-0.033838445857995336,-0.004528260065854717,-0.041425648601914666,22.68,0.023004059539918797,0.18992654774396645,0.0007621225111935637,-0.0015207679878338487,3.42,-0.08999999999999986,4.26,-0.08000000000000007,-0.8399999999999999,3.83,0.0
2022-12-09,0.007521759466384781,-0.02657121104207083,0.01218624400842283,-0.02974422765556195,22.29,-0.01719576719576721,0.16946484784889826,0.004474059971442124,0.002946487976428047,3.48,0.06000000000000005,4.31,0.04999999999999982,-0.8299999999999996,3.83,0.0
2022-12-10,-0.007349546235533633,-0.03372547093351663,-0.006373361976369507,-0.03592801890237496,22.83,0.024226110363391617,0.1977964323189927,-0.00018953752843064997,0.0027563919779487467,3.57,0.08999999999999986,4.33,0.020000000000000462,-0.7600000000000002,3.83,0.0
2022-12-11,0.0,-0.016119674705664666,0.0,-0.018959344351308194,22.83,0.0,0.10024096385542158,0.0,0.005336382694873132,3.57,0.0,4.33,0.0,-0.7600000000000002,3.83,0.0
2022-12-12,0.0,-0.0017456346447582982,0.0,0.0011809840783605363,22.83,0.0,0.029769959404600588,0.0,0.005049061636657859,3.57,0.0,4.33,0.0,-0.7600000000000002,3.83,0.0
2022-12-13,0.014279251114533986,0.014397852523691412,0.012376192671142316,0.018182387480984996,25.0,0.09505037231712676,0.10229276895943573,-0.0004739336492890489,0.0038077106139933203,3.61,0.040000000000000036,4.39,0.05999999999999961,-0.7799999999999998,3.83,0.0
2022-12-14,0.007289703700733785,0.01416421303339721,0.010914505178346134,0.016903114930182594,22.55,-0.09799999999999998,0.01166442350829966,0.008060692271218528,0.007391963608794461,3.51,-0.10000000000000009,4.22,-0.16999999999999993,-0.71,3.83,0.0
2022-12-15,-0.006052765788066128,0.015489098663576062,-0.007883077957886453,0.015358032677438072,21.14,-0.06252771618625275,-0.07402540516863765,0.002351834430855959,0.009952606635071026,3.49,-0.019999999999999574,4.23,0.010000000000000675,-0.7400000000000002,3.83,0.0
2022-12-16,-0.024921658340258168,-0.009818573701574351,-0.03370263999754708,-0.018862213566507302,22.83,0.0799432355723746,0.0,-0.0015954950727355977,0.008341232227488282,3.44,-0.050000000000000266,4.23,0.0,-0.7900000000000005,4.33,0.5
2022-12-17,-0.011137778348199956,-0.020846994952190667,-0.008946499054227286,-0.02763996184490114,22.62,-0.009198423127463773,-0.009198423127463773,-0.0026320736980636195,0.005687203791469253,3.48,0.040000000000000036,4.17,-0.0600000000000005,-0.69,4.33,0.5
2022-12-18,0.0,-0.034631730884888245,0.0,-0.03952696122817878,22.62,0.0,-0.09519999999999995,0.0,0.00616405879563775,3.48,0.0,4.17,0.0,-0.69,4.33,0.5
2022-12-19,0.0,-0.041618051322876326,0.0,-0.049896866795502204,22.62,0.0,0.0031042128603104846,0.0,-0.0018814675446848783,3.48,0.0,4.17,0.0,-0.69,4.33,0.5
2022-12-20,-0.009007465553582783,-0.04446702642091249,-0.01415278929037711,-0.05590107078491291,22.42,-0.008841732979663952,0.060548722800378485,0.0013195098963243446,-0.002909432191459338,3.57,0.08999999999999986,4.25,0.08000000000000007,-0.6800000000000002,4.33,0.5
2022-12-21,0.0010372846193742458,-0.019028428415581056,-0.0010979206267439645,-0.024045368886632335,21.48,-0.041926851025869794,-0.059132720105124714,0.001035391566264865,-0.0002820078962212369,3.69,0.1200000000000001,4.25,0.0,-0.56,4.33,0.0
2022-12-22,0.014868040255179737,0.006769876127880048,0.014762807046697857,-0.0006972781250333959,20.07,-0.06564245810055869,-0.11273209549071617,-0.003385049365303039,-0.0010367577756832391,3.68,-0.009999999999999787,4.21,-0.040000000000000036,-0.5299999999999998,4.33,0.0
2022-12-23,-0.014451686760656446,-0.0077796467619849485,-0.02489702631213575,-0.025576944285343295,21.97,0.09466865969108107,-0.028735632183908177,-0.001037833757901785,-0.0020735155513665893,3.67,-0.010000000000000231,4.24,0.03000000000000025,-0.5700000000000003,4.33,0.0
2022-12-24,0.005868056373107056,-0.0019572417946401854,0.00267521225541123,-0.022970155784740154,20.87,-0.05006827492034582,-0.07736516357206014,0.0031167359274650863,0.0010367577756833501,3.75,0.08000000000000007,4.31,0.0699999999999994,-0.5599999999999996,4.33,0.0
2022-12-25,0.0,0.007114305621768402,0.0,-0.008943948310221606,20.87,0.0,-0.0691347011596789,0.0,-0.00028237951807230655,3.75,0.0,4.31,0.0,-0.5599999999999996,4.33,0.0
2022-12-26,0.0,0.006070723933829125,0.0,-0.007854651467339546,20.87,0.0,-0.028398510242085617,0.0,-0.0013164080865066818,3.75,0.0,4.31,0.0,-0.5599999999999996,4.33,0.0
2022-12-27,0.0,-0.008668433700147471,0.0,-0.022288418886638017,20.87,0.0,0.039860488290981655,0.0,0.0020756675158033477,3.75,0.0,4.31,0.0,-0.5599999999999996,4.33,0.0
2022-12-28,-0.004049604402806883,0.00179468866337551,-0.014832346421858045,-0.012196813841371057,21.65,0.03737422137038804,-0.014565316340464318,0.0031070520666602874,0.006233471854929951,3.84,0.08999999999999986,4.32,0.010000000000000675,-0.4800000000000004,4.33,0.0
2022-12-29,-0.01202063067180259,-0.016021556275716553,-0.013228909005397083,-0.027865039666103875,22.14,0.02263279445727484,0.060852898897939545,-0.0030035667354982865,9.415309292903906e-05,3.88,0.040000000000000036,4.31,-0.010000000000000675,-0.4299999999999997,4.33,0.0
2022-12-30,0.017461316021801565,0.001160002288793871,0.02544258353044282,-0.0031314147349449373,21.44,-0.031616982836494945,0.027311931001437584,0.004330634532103028,0.0044251953676677225,3.83,-0.04999999999999982,4.34,0.03000000000000025,-0.5099999999999998,4.33,0.0
2022-12-31,-0.0025407348906808513,-0.001383679860175513,-0.0010309513699598982,-0.004159137768594001,21.67,0.010727611940298587,0.03833253473885967,0.0028121484814398467,0.007249788155540893,3.88,0.04999999999999982,4.41,0.07000000000000028,-0.5300000000000002,4.33,0.0
2023-01-01,0.0,-0.001383679860175513,0.0,-0.004159137768594001,21.67,0.0,0.03833253473885967,0.0,0.007249788155540893,3.88,0.0,4.41,0.0,-0.5300000000000002,4.33,0.0
2023-01-02,0.0,0.002676764379447638,0.0,0.01083390082337643,21.67,0.0,0.0009237875288685693,0.0,0.004129904261310546,3.88,0.0,4.41,0.0,-0.5300000000000002,4.33,0.0
2023-01-03,0.0,0.01487621655626703,0.0,0.024385402094136976,21.67,0.0,-0.021228545618789507,0.0,0.007154961400866133,3.88,0.0,4.41,0.0,-0.5300000000000002,4.33,0.0
2023-01-04,-0.004000520901158988,-0.006531091528805488,-0.007049514797399681,-0.008073198460421538,22.9,0.056760498384863745,0.06809701492537301,-0.012993082819218515,-0.01021747281589791,3.79,-0.08999999999999986,4.4,-0.009999999999999787,-0.6100000000000003,4.33,0.0
2023-01-05,0.00753894993384141,0.003508269305899203,0.004801779309633769,-0.0022815857020630492,22.01,-0.038864628820960534,0.015689893862482762,0.00577706222180141,-0.007291082445316954,3.69,-0.10000000000000009,4.36,-0.040000000000000036,-0.6700000000000004,4.33,0.0
2023-01-06,-0.01164556173549236,-0.008178148196379742,-0.015903177337193486,-0.01814847857722668,22.46,0.020445252158109994,0.036455929856945124,-0.009227871939736398,-0.016451673209945894,3.71,0.020000000000000018,4.45,0.08999999999999986,-0.7400000000000002,4.33,0.0
2023-01-07,0.02284078674404566,0.01447584320875106,0.027848791850460186,0.009194900070933931,21.13,-0.05921638468388257,-0.024919243193355034,0.009218779699676993,-0.007384557861282448,3.55,-0.16000000000000014,4.24,-0.20999999999999996,-0.6900000000000004,4.33,0.0
2023-01-08,0.0,0.01447584320875106,0.0,0.009194900070933931,21.13,0.0,-0.024919243193355034,0.0,-0.007384557861282448,3.55,0.0,4.24,0.0,-0.6900000000000004,4.33,0.0
2023-01-09,0.0,0.01855057607723576,0.0,0.016359743119536363,21.13,0.0,-0.07729257641921394,0.0,0.005682356283738921,3.55,0.0,4.24,0.0,-0.6900000000000004,4.33,0.0
2023-01-10,-0.0007676350678290644,0.010153206487462985,0.0061682827084286185,0.017741965038296836,21.97,0.03975390440132509,-0.0018173557473877278,0.013183915622940079,0.013088512241054673,3.53,-0.020000000000000018,4.19,-0.04999999999999982,-0.6600000000000006,4.33,0.0
2023-01-11,0.006978255898501873,0.02918778393424537,0.008761798450728886,0.04325020807692259,20.58,-0.06326809285389168,-0.08370436331255582,-0.00204479970257454,0.020433377684850873,3.61,0.08000000000000007,4.24,0.04999999999999982,-0.6300000000000003,4.33,0.0
2023-01-12,0.012849397206098123,0.019134395185721464,0.01755701075694871,0.032804213634531454,21.09,0.02478134110787189,-0.0018930430667297715,0.0002794076557697256,0.011394669931255264,3.54,-0.06999999999999984,4.2,-0.040000000000000036,-0.6600000000000001,4.33,0.0
2023-01-13,0.00341595270064321,0.02261571007527441,0.00500678797318499,0.03797524535001151,18.83,-0.10715979137031773,-0.1088499763369617,0.007728119180633097,0.019210848479141118,3.43,-0.10999999999999988,4.12,-0.08000000000000007,-0.69,4.33,0.0
2023-01-14,0.003996816605869258,0.026702917526726155,0.007144222185571758,0.045390771125915386,18.35,-0.02549123738714798,-0.13156649313771873,-0.0011087498845052668,0.01808079856860334,3.49,0.06000000000000005,4.22,0.09999999999999964,-0.7299999999999995,4.33,0.0
2023-01-15,0.0,0.027491656153891597,0.0,0.038982036197669157,18.35,0.0,-0.1647701411015019,0.0,0.004833162933358004,3.49,0.0,4.22,0.0,-0.7299999999999995,4.33,0.0
2023-01-16,0.0,0.020371244498309737,0.0,0.029957753944839016,18.35,0.0,-0.10835762876579191,0.0,0.006892055508987527,3.49,0.0,4.22,0.0,-0.7299999999999995,4.33,0.0
2023-01-17,0.0,0.007426422242991171,0.0,0.012186779764473021,19.49,0.06212534059945485,-0.07586533902323378,0.0,0.006610800744878853,3.49,0.0,4.22,0.0,-0.7299999999999995,4.33,0.0
2023-01-18,-0.0020304619300891558,0.001958239291820263,0.0013611772493649088,0.008515123987639983,19.36,-0.006670087224217469,0.028146574614976272,-0.0016649708630098736,-0.002771874711263167,3.53,0.03999999999999959,4.18,-0.040000000000000036,-0.6499999999999999,4.33,0.0
2023-01-19,-0.01556263264319191,-0.017561495240167146,-0.012710702168952759,-0.011366826438203637,20.34,0.05061983471074383,0.10844686648501356,0.0031501899379227094,0.0014799741004531963,3.37,-0.1599999999999997,4.06,-0.1200000000000001,-0.6899999999999995,4.33,0.0
2023-01-20,-0.007638348019527341,-0.02506570244730677,-0.010045318742994302,-0.021297961786529984,20.52,0.008849557522123908,0.1182561307901906,-0.001570148702318308,-9.249838127833865e-05,3.39,0.020000000000000018,4.09,0.03000000000000025,-0.6999999999999997,4.33,0.0
2023-01-21,0.01891839901509429,-0.006621506392704313,0.028626898625756736,0.006719242246228552,19.85,-0.032651072124756264,0.08174386920980936,0.001942645698427281,0.001849967625566551,3.48,0.08999999999999986,4.14,0.04999999999999982,-0.6599999999999997,4.33,0.0
2023-01-22,0.0,-0.006621506392704313,0.0,0.006719242246228552,19.85,0.0,0.018471010774756547,0.0,0.001849967625566551,3.48,0.0,4.14,0.0,-0.6599999999999997,4.33,0.0
2023-01-23,0.0,-0.004600385369972648,0.0,0.005350781634636093,19.85,0.0,0.025309917355371914,0.0,0.0035208005188547276,3.48,0.0,4.14,0.0,-0.6599999999999997,4.33,0.0
2023-01-24,0.011881357596139619,0.023149208676308097,0.021818516692013068,0.04051167849371051,19.81,-0.002015113350126052,-0.026057030481809296,0.003139137660419289,0.003509744158123329,3.52,0.040000000000000036,4.21,0.07000000000000028,-0.69,4.33,0.0
2023-01-25,-0.0007114764130643492,0.030290983238647318,-0.0021815045474684602,0.04877709777286343,19.2,-0.030792529025744586,-0.06432748538011701,0.0007363092498848811,0.005827937095282065,3.46,-0.06000000000000005,4.12,-0.08999999999999986,-0.6600000000000001,4.33,0.0
2023-01-26,-0.00018172991946630024,0.010977669592534767,-0.0026969672413442725,0.016839615699417276,19.08,-0.006250000000000089,-0.03879093198992456,0.002575186241147831,0.006462930477333595,3.46,0.0,4.11,-0.009999999999999787,-0.6500000000000004,4.33,0.0
2023-01-27,0.011007863115068517,0.022106373391800327,0.020041998562805974,0.03721911381586929,18.73,-0.018343815513626738,-0.05642317380352646,-0.003210714613338328,0.0032314652386669085,3.49,0.03000000000000025,4.17,0.05999999999999961,-0.6799999999999997,4.33,0.0
2023-01-28,0.002494809663015962,0.024656334248768452,0.009552353735806873,0.04712699769257833,18.51,-0.011745862253069839,-0.06750629722921908,-0.000828271673108727,0.002400517034438332,3.52,0.029999999999999805,4.19,0.020000000000000462,-0.6700000000000004,4.33,0.0
2023-01-29,0.0,0.012624974812242451,0.0,0.024768078271372396,18.51,0.0,-0.06562342251388176,0.0,-0.0007363092498848811,3.52,0.0,4.19,0.0,-0.6700000000000004,4.33,0.0
2023-01-30,0.0,0.01334594655148802,0.0,0.0270085019887496,18.51,0.0,-0.035937499999999845,0.0,-0.0014715349949414591,3.52,0.0,4.19,0.0,-0.6700000000000004,4.33,0.0
2023-01-31,-0.012968731575016657,0.0003859350334394218,-0.020894087090888247,0.008269366356628893,19.94,0.07725553754727166,0.04507337526205468,0.0009210647508519632,-0.003118979910100017,3.55,0.029999999999999805,4.25,0.05999999999999961,-0.7000000000000002,4.33,0.0
2023-02-01,0.014642450911824145,0.003982336846097612,0.01591116476206711,0.004186207835054301,19.4,-0.027081243731193694,0.035771489588894756,-0.0008281954541270453,-0.000736241487207745,3.52,-0.029999999999999805,4.21,-0.040000000000000036,-0.69,4.33,0.0
2023-02-02,0.010452337732424155,0.011951672497150234,0.021580855285066036,0.016150773428895482,17.87,-0.07886597938144313,-0.0345759049162615,0.005433781543562111,0.005526388505111779,3.39,-0.1299999999999999,4.09,-0.1200000000000001,-0.6999999999999997,4.33,0.0
2023-02-03,0.01469942051995421,0.026826775677056824,0.03559301469696097,0.05231864284187848,18.73,0.04812534974818128,0.01188546731496487,9.160025648080605e-05,0.005618494980197175,3.4,0.009999999999999787,4.09,0.0,-0.69,4.58,0.25
2023-02-04,-0.010354661511665864,0.0161943319838056,-0.01794715983735229,0.03343251195896957,18.33,-0.02135611318740005,-0.009724473257698762,-0.008518043597728564,-0.0029474072027264597,3.53,0.1299999999999999,4.3,0.20999999999999996,-0.77,4.58,0.25
2023-02-05,0.0,0.02954624082513413,0.0,0.05548592683751963,18.33,0.0,-0.08074222668004027,0.0,-0.0038649121192601,3.53,0.0,4.3,0.0,-0.77,4.58,0.25
2023-02-06,0.0,0.014688711180885994,0.0,0.03895494355032625,18.33,0.0,-0.05515463917525776,0.0,-0.003039233744704495,3.53,0.0,4.3,0.0,-0.77,4.58,0.25
2023-02-07,-0.006140486597300043,-0.0019736794191119733,-0.008657192667671954,0.008202635261382651,19.43,0.06001091107474088,0.0872971460548404,-0.009515011547344132,-0.01786205001373986,3.63,0.10000000000000009,4.44,0.14000000000000057,-0.8100000000000005,4.58,0.25
2023-02-08,0.01287252984617182,-0.003770551419220336,0.02116087997041194,-0.005847784215434526,18.66,-0.03962943901183735,-0.0037373198077950143,-0.0015855250886028793,-0.019509067594797647,3.67,0.040000000000000036,4.47,0.02999999999999936,-0.7999999999999998,4.58,0.0
2023-02-09,-0.011080691642651352,-0.004501411828414459,-0.01829706629416261,-0.006202001692467318,19.63,0.051982851018220755,0.07092198581560294,0.0027090144792152326,-0.00840646651270216,3.63,-0.040000000000000036,4.45,-0.019999999999999574,-0.8200000000000003,4.58,0.0
2023-02-10,-0.008829829085981511,-0.013291494217305466,-0.009140178209866345,-0.015285492501606601,20.71,0.055017829852267,0.12984178941625757,0.002515371716042658,-0.005912240184757445,3.67,0.040000000000000036,4.48,0.03000000000000025,-0.8100000000000005,4.57,-0.009999999999999787
2023-02-11,0.0021952713463186946,-0.011125401307391702,-0.006158545597871656,-0.021349901696921192,20.53,-0.00869145340415256,0.12002182214948198,-0.008456463153982074,-0.014318706697459604,3.74,0.07000000000000028,4.5,0.019999999999999574,-0.7599999999999998,4.58,0.0
2023-02-12,0.0,-0.0050157136324274765,0.0,-0.012803551844396632,20.53,0.0,0.05661348430262492,0.0,-0.004849841447491232,3.74,0.0,4.5,0.0,-0.7599999999999998,4.58,0.0
2023-02-13,0.0,-0.0176609029779059,0.0,-0.03326060807949549,20.53,0.0,0.10021436227224023,0.0,-0.0032695002335357826,3.74,0.0,4.5,0.0,-0.7599999999999998,4.58,0.0
2023-02-14,0.011448590134117032,0.004718470273394448,0.01604155085933101,0.0005546049820013277,20.34,-0.009254749147588948,0.036169128884360635,0.004498594189315863,-0.0014905906465435548,3.72,-0.020000000000000018,4.52,0.019999999999999574,-0.7999999999999994,4.58,0.0
2023-02-15,-0.0002803767683676739,0.013384785005512656,0.0070850906752431,0.016938625348008163,18.91,-0.07030481809242872,-0.08691453404152583,0.00037320395596185385,-0.003624198494563746,3.77,0.04999999999999982,4.6,0.08000000000000007,-0.8299999999999996,4.58,0.009999999999999787
2023-02-16,0.0027731236687436045,0.013969089051109274,0.007703982800262743,0.031123323028512173,18.23,-0.035959809624537264,-0.11203117389186557,-0.0036373810856183963,0.0012183692596063889,3.81,0.040000000000000036,4.62,0.020000000000000462,-0.81,4.58,0.0
2023-02-17,-0.01378869707782826,-1.2223564098023942e-05,-0.01934206554438922,0.011179268130146358,20.17,0.1064179923203512,-0.017535314174378924,9.360666479452107e-05,0.001312089971883923,3.86,0.04999999999999982,4.62,0.0,-0.7600000000000002,4.58,0.0
2023-02-18,-0.0027674487398573477,-0.0027796384758682624,-0.00677517665288585,0.004328349960828648,20.02,-0.007436787307883108,-0.024841695080370263,-0.000561587420441767,0.0007497656982193845,3.82,-0.040000000000000036,4.6,-0.020000000000000462,-0.7799999999999998,4.58,0.0
2023-02-19,0.0,-0.014067179240517258,0.0,-0.011528269575782346,20.02,0.0,-0.015732546705997996,0.0,-0.0037320395596193157,3.82,0.0,4.6,0.0,-0.7799999999999998,4.58,0.0
2023-02-20,0.0,-0.013790669055372962,0.0,-0.018482410695351836,20.02,0.0,0.05869910100475928,0.0,-0.004103711994030923,3.82,0.0,4.6,0.0,-0.7799999999999998,4.58,0.0
2023-02-21,0.0,-0.0165179863053333,0.0,-0.025986196286380103,21.23,0.06043956043956045,0.16456390565002743,0.0,-0.00046803332397260533,3.82,0.0,4.6,0.0,-0.7799999999999998,4.58,0.0
2023-02-22,-0.020041234687148357,-0.02275322033732552,-0.02410387290037863,-0.03071574155634571,22.87,0.07724917569477152,0.13386217154189395,-0.0019666604233001816,-0.002527143391987896,3.95,0.13000000000000034,4.67,0.07000000000000028,-0.7199999999999998,4.58,0.0
2023-02-23,-0.0015735464083616035,-0.021583245282648766,0.0004950125618765622,-0.023620792058377527,22.29,-0.025360734586794997,0.11338661338661327,-0.0031903912921085187,-0.005150777299119724,3.93,-0.020000000000000018,4.66,-0.009999999999999787,-0.73,4.58,0.0
2023-02-24,0.0053294245875146196,-0.01636884697322194,0.009437050554976789,-0.014406652112204266,21.14,-0.05159264244055628,0.05594405594405605,-0.003765414666290101,-0.008896797153024938,3.88,-0.050000000000000266,4.66,0.0,-0.7800000000000002,4.58,0.0
2023-02-25,-0.010537544363360851,-0.026733903885425514,-0.0172814105584993,-0.03143909540077916,21.67,0.025070955534531647,0.08241758241758257,-0.0035906642728904536,-0.012455516014235002,3.95,0.07000000000000028,4.78,0.1200000000000001,-0.8300000000000001,4.58,0.0
2023-02-26,0.0,-0.026733903885425514,0.0,-0.03143909540077916,21.67,0.0,0.020725388601036343,0.0,-0.012455516014235002,3.95,0.0,4.78,0.0,-0.8300000000000001,4.58,0.0
2023-02-27,0.0,-0.006829541645194115,0.0,-0.00751639677288285,21.67,0.0,-0.052470485351989504,0.0,-0.010509524256357428,3.95,0.0,4.78,0.0,-0.8300000000000001,4.58,0.0
2023-02-28,0.0030730168965551474,-0.0022074391450872533,0.007363623831941668,-0.000702785533557515,20.95,-0.033225657591139934,-0.060116644235083005,0.004836415362731161,-0.002541654899745782,3.92,-0.03000000000000025,4.78,0.0,-0.8600000000000003,4.57,-0.009999999999999787
2023-03-01,-0.0030359797500902896,-0.010510128803285945,-0.0012995747977033734,-0.011331561049380268,20.7,-0.011933174224343701,-0.02081362346263016,0.0005662514156283827,0.0017953321364452268,3.92,0.0,4.81,0.02999999999999936,-0.8899999999999997,4.57,-0.009999999999999787
2023-03-02,-0.004725262269687613,-0.004697685665635665,-0.008598984232012441,-0.0025965671510862487,20.58,-0.005797101449275366,-0.050299953853253476,0.006791171477079638,0.012233285917496284,4.01,0.08999999999999986,4.89,0.08000000000000007,-0.8799999999999999,4.58,0.0
2023-03-03,0.0075821419804169565,0.0028488377950852684,0.008903913952843734,0.006284227191271308,19.59,-0.04810495626822153,-0.09598523304107065,-0.0074011617013300945,0.004741583688952167,4.08,0.07000000000000028,4.89,0.0,-0.8099999999999996,4.57,-0.009999999999999787
2023-03-04,0.0161477890665227,0.01904262929340761,0.020418651259830778,0.026831193894558236,18.49,-0.056151097498723934,-0.14674665436086765,0.0019820670127419504,0.006733048838312161,3.97,-0.10999999999999988,4.86,-0.02999999999999936,-0.8900000000000001,4.57,-0.009999999999999787
2023-03-05,0.0,0.01592068785407208,0.0,0.01932526607280427,18.49,0.0,-0.11742243436754185,0.0,0.0018875047187618677,3.97,0.0,4.86,0.0,-0.8900000000000001,4.57,0.0
2023-03-06,0.0,0.019014394922106215,0.0,0.020651679272420287,18.49,0.0,-0.10676328502415466,0.0,0.0013205055649878616,3.97,0.0,4.86,0.0,-0.8900000000000001,4.57,0.0
2023-03-07,0.0006871595099910977,0.024555915766350633,0.0009494899034319104,0.030481875132448932,18.61,0.006489994591671211,-0.0957240038872691,0.007347400150715666,0.001873711823121571,3.98,0.009999999999999787,4.89,0.02999999999999936,-0.9099999999999997,4.57,-0.009999999999999787
2023-03-08,-0.015326967063694075,0.001260878847627156,-0.01221786176445716,0.008908356835731768,19.59,0.05265986029016667,0.0,-0.011314755937909093,-0.0020764511562059162,3.97,-0.009999999999999787,5.0,0.11000000000000032,-1.0299999999999998,4.57,0.0
2023-03-09,0.001414821002566402,-0.013256246230509805,0.0051974256449671685,-0.006141173771297415,19.11,-0.024502297090352232,0.033531638723634405,-0.0022699328478198444,-0.006311228334589414,3.98,0.009999999999999787,5.05,0.04999999999999982,-1.0699999999999998,4.57,0.0
2023-03-10,-0.018459372596762003,-0.03147091683886849,-0.017965130700521414,-0.023995977482362818,22.61,0.18315018315018317,0.22282314764737698,0.002654280026542999,-0.003673700075357944,3.93,-0.04999999999999982,4.9,-0.14999999999999947,-0.9700000000000002,4.57,0.0
2023-03-11,-0.014478143694236278,-0.04549342007692225,-0.013804739627271911,-0.03746945888838893,24.8,0.09685979655019916,0.341265548945376,0.007752670889666247,0.004050489826676662,3.7,-0.22999999999999998,4.6,-0.3000000000000007,-0.8999999999999995,4.57,0.0
2023-03-12,0.0,-0.04614886795342377,0.0,-0.0383825049908636,24.8,0.0,0.33261687264911344,0.0,-0.0032728632878248343,3.7,0.0,4.6,0.0,-0.8999999999999995,4.57,0.0
2023-03-13,0.0,-0.03130166040783966,0.0,-0.026488273287816,24.8,0.0,0.26595201633486476,0.0,0.008133926038021544,3.7,0.0,4.6,0.0,-0.8999999999999995,4.57,0.0
2023-03-14,-0.0015097408062482165,-0.034130676025360684,0.007851885162481365,-0.023917487288513728,26.52,0.0693548387096774,0.3877551020408163,0.006942489914625982,0.017442411602995422,3.55,-0.15000000000000036,4.03,-0.5699999999999994,-0.4800000000000004,4.58,0.009999999999999787
2023-03-15,0.016476647924144494,0.0002475550746237065,0.023200205985488775,0.01699833609539292,23.73,-0.10520361990950222,0.049535603715170407,-0.0010248765489609957,0.013708991207336707,3.64,0.0900000000000003,4.2,0.16999999999999993,-0.56,4.58,0.009999999999999787
2023-03-16,-0.006980856226510457,0.007856867248982935,0.004223843197300736,0.035590028300259924,26.14,0.10155920775389804,0.05403225806451606,-0.01744077597463156,-0.011633361478562643,3.51,-0.13000000000000034,3.93,-0.27,-0.4200000000000004,4.58,0.009999999999999787
2023-03-17,0.017561980816715783,0.025556830217604576,0.026941586702494025,0.06349046683594972,22.99,-0.1205049732211172,-0.07298387096774206,0.008258186995728556,-0.003471244957313102,3.56,0.050000000000000266,4.14,0.20999999999999952,-0.5799999999999996,4.58,0.009999999999999787
2023-03-18,-0.01101942286909019,0.014255785829153211,-0.004888966958340846,0.058291097083078114,25.51,0.10961287516311446,0.028629032258064457,0.0023536057239690322,-0.001125809175344883,3.39,-0.16999999999999993,3.81,-0.3299999999999996,-0.41999999999999993,4.58,0.009999999999999787
2023-03-19,0.0,0.01578936448326651,0.0,0.05004625447762634,25.51,0.0,-0.038084464555052766,0.0,-0.008012671200968935,3.39,0.0,3.81,0.0,-0.41999999999999993,4.58,0.0
2023-03-20,0.0,-0.0006761428728162544,0.0,0.026237336872191985,25.51,0.0,0.07501053518752632,0.0,-0.006994963626189232,3.39,0.0,3.81,0.0,-0.41999999999999993,4.58,0.0
2023-03-21,0.008918358593079878,0.015324016619004066,0.0034129720093165616,0.025408690655374322,24.15,-0.05331242649941215,-0.07612853863810265,0.0070442378134687456,0.017750355956335895,3.47,0.08000000000000007,3.92,0.10999999999999988,-0.44999999999999973,4.58,0.0
2023-03-22,0.012982181765728518,0.010754290100699837,0.014235099234952031,0.01272116991842731,21.38,-0.11469979296066246,-0.07003044802087866,0.004383510539078372,0.013839201656938416,3.59,0.11999999999999966,4.17,0.25,-0.5800000000000001,4.58,0.0
2023-03-23,-0.01646318766285193,0.0051906736386289065,-0.013678987618354066,0.0037755952932456704,22.26,0.041159962581852394,-0.1274010192081536,0.002135760052001112,0.013618859772705827,3.48,-0.10999999999999988,3.96,-0.20999999999999996,-0.48,4.58,0.0
2023-03-24,0.002984528711166279,0.008190694064299953,0.012897116689145838,0.016721406275459483,22.61,0.015723270440251458,-0.1136809094472756,0.009080800593031846,0.02282333051563823,3.38,-0.10000000000000009,3.76,-0.20000000000000018,-0.3799999999999999,4.83,0.25
2023-03-25,0.0056398022650376856,0.013876690224273736,0.0029711145136037675,0.019742202001936215,21.74,-0.03847854931446271,-0.14778518228145832,-0.011753902662993476,0.010801164647318506,3.38,0.0,3.76,0.0,-0.3799999999999999,4.83,0.25
2023-03-26,0.0,0.004914502337045601,0.0,0.01627368834979337,21.74,0.0,-0.09979296066252585,0.0,0.0037306472673008795,3.38,0.0,3.76,0.0,-0.3799999999999999,4.83,0.25
2023-03-27,0.0,-0.007964285625064016,0.0,0.0020099768942913876,21.74,0.0,0.016838166510757757,0.0,-0.0006500139288698747,3.38,0.0,3.76,0.0,-0.3799999999999999,4.83,0.25
2023-03-28,0.0016469444647304599,0.010302339108502423,-0.00736113667605276,0.008428323048583097,20.6,-0.052437902483900456,-0.07457322551662171,0.002508827355510057,-0.00027798369162335135,3.53,0.1499999999999999,3.94,0.18000000000000016,-0.41000000000000014,4.83,0.25
2023-03-29,-0.0015738410521103363,0.00571071131911105,-0.004931717413381276,-0.009321852146594867,19.97,-0.030582524271844824,-0.1167624944714728,0.005097784780795367,-0.004224058769513261,3.55,0.020000000000000018,4.02,0.07999999999999963,-0.46999999999999975,4.83,0.0
2023-03-30,0.014237259113583312,0.014308774386236234,0.018671638157514048,0.006186237227864044,19.12,-0.04256384576865291,-0.12051517939282419,-0.0016599040944301757,0.005946850027875872,3.57,0.020000000000000018,4.08,0.0600000000000005,-0.5100000000000002,4.83,0.0
2023-03-31,0.0057152646227105475,0.020105817440990714,0.009116435194375105,0.015359068853024072,19.02,-0.005230125523012608,-0.125114995400184,0.0067430260484020454,0.012729975840921837,3.55,-0.020000000000000018,4.1,0.019999999999999574,-0.5499999999999998,4.83,0.0
2023-04-01,0.014436547571732294,0.03483262360267858,0.01683311296491441,0.0324507227589772,18.7,-0.01682439537329128,-0.13983440662373503,-0.0024772914946327163,0.010221148485411558,3.48,-0.06999999999999984,4.06,-0.040000000000000036,-0.5799999999999996,4.83,0.0
2023-04-02,0.0,0.03313111403308078,0.0,0.04010709322997519,18.7,0.0,-0.09223300970873793,0.0,0.007693020669200079,3.48,0.0,4.06,0.0,-0.5799999999999996,4.83,0.0
2023-04-03,0.0,0.03475966126705066,0.0,0.04526203018578867,18.7,0.0,-0.06359539308963447,0.0,0.0025820730357801747,3.48,0.0,4.06,0.0,-0.5799999999999996,4.83,0.0
2023-04-04,0.0036989178231867648,0.024008083797398605,-0.00250353719459695,0.023534119101387807,18.55,-0.008021390374331472,-0.029811715481171563,0.0017476085356880056,0.006004064289673039,3.43,-0.04999999999999982,3.97,-0.08999999999999941,-0.54,4.83,0.0
2023-04-05,-0.0057970522559043225,0.012286370941263947,-0.003671943627907681,0.010563027167800332,19.0,0.02425876010781658,-0.001051524710830698,0.005509135983839952,0.00477107991558845,3.35,-0.08000000000000007,3.84,-0.13000000000000034,-0.48999999999999977,4.83,0.0
2023-04-06,-0.0024923181973370845,-0.004606612789008424,-0.01014269389400202,-0.016246439097664434,19.08,0.004210526315789442,0.02032085561497321,-0.0030134234316498976,0.0042310522442974285,3.3,-0.050000000000000266,3.79,-0.04999999999999982,-0.4900000000000002,4.83,0.0
2023-04-07,0.003579129567424122,-0.0010439708856231356,0.0073570238756246464,-0.009008940662375231,18.4,-0.03563941299790352,-0.016042780748663166,0.0008243267997800618,0.005058866813833829,3.3,0.0,3.82,0.029999999999999805,-0.52,4.83,0.0
2023-04-08,0.0,-0.0010439708856231356,0.0,-0.009008940662375231,18.4,0.0,-0.016042780748663166,-0.0012812299807816174,0.003771155261221404,3.39,0.0900000000000003,3.97,0.15000000000000036,-0.5800000000000001,4.83,0.0
2023-04-09,0.0,-0.004725409806255687,0.0,-0.006521730863568442,18.4,0.0,-0.008086253369272378,0.0,0.0020200165274080195,3.39,0.0,3.97,0.0,-0.5800000000000001,4.83,0.0
2023-04-10,0.0,0.0010778910403355102,0.0,-0.002860290059518711,18.4,0.0,-0.03157894736842115,0.0,-0.0034700027394758415,3.39,0.0,3.97,0.0,-0.5800000000000001,4.83,0.0
2023-04-11,0.0009963410653295313,0.004579036666519931,-0.000870423958476918,0.006480196187303333,18.97,0.030978260869565233,-0.005765199161425594,-0.0066892696783651395,-0.0071441655980949426,3.41,0.020000000000000018,4.0,0.029999999999999805,-0.5899999999999999,4.83,0.0
2023-04-12,-4.137148920324574e-05,0.0009549283560126298,-0.006672168063852957,-0.007536784407392139,19.1,0.00685292567211393,0.03804347826086962,0.006088560885608718,-0.0019218449711723151,3.43,0.020000000000000018,4.03,0.03000000000000025,-0.6000000000000001,4.83,0.0
2023-04-13,-0.004134886369720592,-0.003183906533951286,-0.008932324911390177,-0.016401788311668386,19.09,-0.0005235602094241232,0.03750000000000009,0.007427104346231506,0.006780903509575831,3.41,-0.020000000000000018,3.95,-0.08000000000000007,-0.54,4.83,0.0
2023-04-14,0.013262625398648753,0.010036491905033307,0.020317005685554834,0.0035819821475049363,17.8,-0.06757464641173383,-0.032608695652173836,0.006098115955219807,0.012920370200678155,3.45,0.040000000000000036,3.96,0.009999999999999787,-0.5099999999999998,4.83,0.0
2023-04-15,-0.0020693547375681964,0.007946368105392843,-0.0022785194429335576,0.001295301088604095,17.07,-0.04101123595505618,-0.07228260869565206,-0.0066944092636148644,0.006139466691102546,3.52,0.06999999999999984,4.08,0.1200000000000001,-0.56,4.83,0.0
2023-04-16,0.0,0.0069431093351115525,0.0,0.002167611788314261,17.07,0.0,-0.10015814443858717,0.0,0.012915129151291449,3.52,0.0,4.08,0.0,-0.56,4.83,0.0
2023-04-17,0.0,0.00698476979464302,0.0,0.008899156520095763,17.07,0.0,-0.10628272251308901,0.0,0.006785255822483016,3.52,0.0,4.08,0.0,-0.56,4.83,0.0
2023-04-18,0.0033062325383550473,0.014508974938598929,0.000626169767697693,0.018629629485497956,16.95,-0.00702987697715296,-0.11210057621791514,-0.005919854280510228,-0.006553199235460161,3.6,0.08000000000000007,4.18,0.09999999999999964,-0.5799999999999996,4.83,0.0
2023-04-19,0.0008551496873283604,0.0020862375850774217,0.0003117428488255136,-0.0013425491193715944,16.83,-0.0070796460176991705,-0.05449438202247203,0.003939532753092223,-0.008684639044689524,3.58,-0.020000000000000018,4.19,0.010000000000000675,-0.6100000000000003,4.83,0.0
2023-04-20,-8.423849602978706e-05,0.004079620266625339,-0.0002352619466093886,0.0007026251727890731,16.46,-0.021984551396315943,-0.03573520796719387,-0.00045628764373073505,-0.0024590163934427034,3.6,0.020000000000000018,4.24,0.04999999999999982,-0.6400000000000001,4.83,0.0
2023-04-21,-0.005952552882162232,-0.001897216770912924,-0.007848749036383218,-0.007151638592241993,17.17,0.04313487241798297,0.005858230814294263,0.0015520861864328772,-0.0009107468123862317,3.54,-0.06000000000000005,4.14,-0.10000000000000053,-0.5999999999999996,4.83,0.0
2023-04-22,0.0009031936248575789,-0.0009957367001478534,0.0011389205897438526,-0.006020863150941302,16.77,-0.023296447291788147,-0.017574692442882345,0.00027347310847769535,-0.0006375227686704621,3.57,0.029999999999999805,4.17,0.03000000000000025,-0.6000000000000001,4.83,0.0
2023-04-23,0.0,-0.004287792798435053,0.0,-0.0066428733521753935,16.77,0.0,-0.010619469026548645,0.0,0.0053137883646359185,3.57,0.0,4.17,0.0,-0.6000000000000001,4.83,0.0
2023-04-24,0.0,-0.005138548257827447,0.0,-0.006952448824797841,16.77,0.0,-0.0035650623885917776,0.0,0.00136886293119165,3.57,0.0,4.17,0.0,-0.6000000000000001,4.83,0.0
2023-04-25,0.0008515744450250384,-0.004207465603728089,-0.002385243335587095,-0.009087984988589315,16.89,0.007155635062611854,0.026123936816524918,0.004921170144901232,0.006756139870355282,3.52,-0.04999999999999982,4.12,-0.04999999999999982,-0.6000000000000001,4.83,0.0
2023-04-26,-0.015810821263512076,-0.014083040542013037,-0.018863109263394184,-0.020088587846277206,18.76,0.1107164002368266,0.09260337798485718,-0.005350503310057153,-0.00018231540565172288,3.4,-0.1200000000000001,3.86,-0.26000000000000023,-0.45999999999999996,4.83,0.0
2023-04-27,-0.003841213469789828,-0.018756411000793616,0.006394443741547073,-0.014944499441187031,18.84,0.004264392324093702,0.1234347048300537,0.007658643326039272,0.007199489656429359,3.43,0.03000000000000025,3.9,0.040000000000000036,-0.46999999999999975,4.83,0.0
2023-04-28,0.019566123190639217,0.00044272194158967437,0.027607117646691437,0.0122500436512607,17.03,-0.09607218683651797,0.015503875968992276,-0.0031668476293883474,0.004009842340289671,3.53,0.09999999999999964,4.07,0.17000000000000037,-0.5400000000000005,4.83,0.0
2023-04-29,0.008253231286347917,0.008699607114517116,0.00653190000326731,0.018861959714693732,15.78,-0.07339988256018803,-0.05903398926654746,0.002087682672234026,0.0061058962908959735,3.44,-0.08999999999999986,4.04,-0.03000000000000025,-0.6000000000000001,4.83,0.0
2023-04-30,0.0,0.007841355171813502,0.0,0.02129800397231718,15.78,0.0,-0.06571936056838368,0.0,0.0011789244581481562,3.44,0.0,4.04,0.0,-0.6000000000000001,4.83,0.0
2023-05-01,0.0,0.02403214437461143,0.0,0.04093324144152777,15.78,0.0,-0.15884861407249473,0.0,0.006564551422319598,3.44,0.0,4.04,0.0,-0.6000000000000001,4.83,0.0
2023-05-02,-0.0003861392787588569,0.02758389443760967,-0.0010961808064177125,0.0331855435685684,16.08,0.019011406844106293,-0.14649681528662428,-0.006340579710145011,-0.0074194715888527,3.59,0.1499999999999999,4.14,0.09999999999999964,-0.5499999999999998,4.83,0.0
2023-05-03,-0.011586253889876552,-0.003813461980243571,-0.008903772596695614,-0.0035235481985983474,17.78,0.10572139303482597,0.04403992953611269,0.002461257976299036,-0.0018153762367250081,3.44,-0.1499999999999999,3.97,-0.16999999999999948,-0.5300000000000002,4.83,0.0
2023-05-04,-0.006998286233062534,-0.01888245056937543,-0.006363593382778032,-0.01629021311355361,18.34,0.03149606299212593,0.1622306717363753,0.004728562335182485,0.0008152173913043015,3.38,-0.06000000000000005,3.89,-0.08000000000000007,-0.5100000000000002,4.83,0.0
2023-05-05,-0.007218725172645657,-0.02596486852077473,-0.0036630261523029617,-0.019893567789195044,20.09,0.09541984732824438,0.27313054499366296,-0.0036202371255317223,-0.002807971014492816,3.37,-0.009999999999999787,3.75,-0.14000000000000012,-0.3799999999999999,5.08,0.25
2023-05-06,0.018474744042430657,-0.007969818778360782,0.02130948786364395,0.0009919983330803905,17.19,-0.1443504230960676,0.08935361216730042,0.0015441911163593947,-0.0012681159420290244,3.44,0.06999999999999984,3.92,0.16999999999999993,-0.48,5.08,0.25
2023-05-07,0.0,-0.007586608987324439,0.0,0.002090470673326461,17.19,0.0,0.06902985074626877,0.0,0.005104831358249795,3.44,0.0,3.92,0.0,-0.48,5.08,0.25
2023-05-08,0.0,0.004046529015093725,0.0,0.011093012934604074,17.19,0.0,-0.03318335208098988,0.0,0.002637082840774907,3.44,0.0,3.92,0.0,-0.48,5.08,0.25
2023-05-09,0.0004521003324267081,0.011579783658253406,0.0024518954109358226,0.0200633758013109,16.98,-0.012216404886561949,-0.07415485278080691,-0.0005441683294031829,-0.002624671916010457,3.52,0.08000000000000007,4.0,0.08000000000000007,-0.48,5.08,0.25
2023-05-10,-0.004579374208577791,0.014269111252283917,-0.006811048147557286,0.01684038796901688,17.71,0.042991755005889365,-0.11846689895470375,-0.006079854809437513,-0.005086747206830777,3.53,0.009999999999999787,4.01,0.009999999999999787,-0.48,5.08,0.0
2023-05-11,0.004483913021312569,0.00033605318827456543,0.011114216910547592,0.006689730019993734,16.94,-0.04347826086956519,-0.014543339150668966,0.001186889436683991,-0.0054416832940322735,3.43,-0.09999999999999964,3.9,-0.10999999999999988,-0.46999999999999975,5.08,0.0
2023-05-12,-0.0016966193288928677,-0.001361136294953158,0.003142832954869945,0.009853587678829712,16.93,-0.0005903187721369996,-0.015125072716695831,-0.004559547692868926,-0.009976419372392686,3.39,-0.040000000000000036,3.89,-0.009999999999999787,-0.5,5.08,0.0
2023-05-13,-0.0015832974226629437,-0.0029422786340284057,-0.003704317770717669,0.006112769088167935,17.03,0.005906674542232704,-0.009307737056428178,-0.005496518871381473,-0.01541810266642496,3.46,0.06999999999999984,3.98,0.08999999999999986,-0.52,5.08,0.0
2023-05-14,0.0,-0.0033928450600755333,0.0,0.0036519195524404857,17.03,0.0,0.002944640753828054,0.0,-0.014882032667876799,3.46,0.0,3.98,0.0,-0.52,5.08,0.0
2023-05-15,0.0,0.0011919877062611661,0.0,0.010534720186408553,17.03,0.0,-0.03839638622247321,0.0,-0.008856021181411489,3.46,0.0,3.98,0.0,-0.52,5.08,0.0
2023-05-16,0.002958235533743192,-0.0003286897845149461,0.005496927327817147,0.004920650023262141,17.12,0.005284791544333478,0.010625737898465104,0.001658069270449536,-0.008389567754878757,3.5,0.040000000000000036,3.99,0.010000000000000231,-0.4900000000000002,5.08,0.0
2023-05-17,-0.006377711373504735,-0.005016196115837368,0.0009318962747260073,0.002705795016796353,17.99,0.05081775700934554,0.0626107501476667,-0.0007356998344674182,-0.0045804323928178015,3.54,0.040000000000000036,4.06,0.0699999999999994,-0.5199999999999996,5.08,0.0
2023-05-18,0.011890800262780221,0.00841157300537354,0.012159234202864466,0.01867141222981994,16.87,-0.06225680933852129,-0.009395184967704084,-0.00331308669243513,-0.0023949889462048235,3.57,0.029999999999999805,4.12,0.0600000000000005,-0.5500000000000003,5.08,0.0
2023-05-19,0.009445100354191105,0.01793612151073698,0.018055434953779814,0.03706396765261033,16.05,-0.048606994665086,-0.05754550792718738,-0.00498614958448762,-0.007369196757553431,3.65,0.08000000000000007,4.24,0.1200000000000001,-0.5900000000000003,5.08,0.0
2023-05-20,-0.001445909410321633,0.016464278093538454,-0.002250152154522622,0.034730415931419234,16.81,0.04735202492211821,-0.012918379330593255,0.003990348923534004,-0.00340825350036833,3.7,0.050000000000000266,4.28,0.040000000000000036,-0.5800000000000001,5.08,0.0
2023-05-21,0.0,0.013466206349666887,0.0,0.029073672737411682,16.81,0.0,-0.018107476635514153,0.0,-0.005057936361964166,3.7,0.0,4.28,0.0,-0.5800000000000001,5.08,0.0
2023-05-22,0.0,0.019971288839144563,0.0,0.028115575662464032,16.81,0.0,-0.06559199555308504,0.0,-0.004325418737345821,3.7,0.0,4.28,0.0,-0.5800000000000001,5.08,0.0
2023-05-23,0.00015505799168891166,0.008141830396968253,0.003350601912994522,0.019168078320673798,17.21,0.023795359904818625,0.020154119739181908,-0.0012015897957298183,-0.002216066481994461,3.72,0.020000000000000018,4.29,0.009999999999999787,-0.5699999999999998,5.08,0.0
2023-05-24,-0.011222073018606449,-0.012498660092185698,-0.012794464011598672,-0.011715536819948746,18.53,0.07669959325973275,0.15451713395638622,-0.003238941328891465,-0.00046399406087593853,3.7,-0.020000000000000018,4.26,-0.03000000000000025,-0.5599999999999996,5.08,0.0
2023-05-25,-0.007318638164020563,-0.018306385049546958,-0.004977860733996864,-0.014417368361189786,20.03,0.08094981111710742,0.19155264723378962,-0.001206944573391433,-0.0056382290415010194,3.73,0.029999999999999805,4.31,0.04999999999999982,-0.5799999999999996,5.08,0.0
2023-05-26,0.00875769092446621,-0.009709015787289,0.024554411487980543,0.009783033131476326,19.14,-0.04443334997503745,0.13860797144556813,-0.0030674846625767804,-0.008688418522968866,3.83,0.10000000000000009,4.5,0.1900000000000004,-0.6699999999999999,5.08,0.0
2023-05-27,0.013048987300302572,0.0032132786893068754,0.02581907848245102,0.03585470051414541,17.95,-0.06217345872518287,0.0678167757287329,-0.0011188811188812542,-0.00979757833441186,3.8,-0.03000000000000025,4.54,0.040000000000000036,-0.7400000000000002,5.08,0.0
2023-05-28,0.0,0.0030577465695755812,0.0,0.0323955539959595,17.95,0.0,0.04299825682742586,0.0,-0.008606329816768565,3.8,0.0,4.54,0.0,-0.7400000000000002,5.08,0.0
2023-05-29,0.0,0.014441887504281548,0.0,0.04577569347026955,17.95,0.0,-0.03130059363194826,0.0,-0.005384829635131427,3.8,0.0,4.54,0.0,-0.7400000000000002,5.08,0.0
2023-05-30,0.0,0.021920957222421933,0.0,0.05100746224773012,17.46,-0.027298050139275665,-0.1283075386919621,0.0,-0.004182933630786589,3.8,0.0,4.54,0.0,-0.7400000000000002,5.08,0.0
2023-05-31,1.6645067709930572e-05,0.01306584956928969,0.00395708334003575,0.029878330067804715,17.46,0.0,-0.08777429467084641,0.0008401008120975106,-0.0002797202797202303,3.69,-0.10999999999999988,4.46,-0.08000000000000007,-0.77,5.08,0.0
2023-06-01,-0.006108638170785219,-0.006092094781771196,-0.00702891468402278,-0.0030996453451817008,17.94,0.027491408934708028,-0.0005571030640667551,-0.006342100354411628,-0.005507327545972163,3.64,-0.04999999999999982,4.4,-0.05999999999999961,-0.7600000000000002,5.08,0.0
2023-06-02,0.009854467765435526,0.0037023386320134133,0.013148506849612884,0.010008105796378786,15.65,-0.1276477146042364,-0.128133704735376,0.009198423127463995,0.003640436852422324,3.61,-0.03000000000000025,4.33,-0.07000000000000028,-0.7200000000000002,5.08,0.0
2023-06-03,0.014534401637518846,0.018290551546207956,0.007279709670249046,0.017360671571174713,14.6,-0.06709265175718859,-0.1866295264623955,-0.0026041666666666297,0.001026789881452439,3.69,0.08000000000000007,4.5,0.16999999999999993,-0.81,5.08,0.0
2023-06-04,0.0,0.018290551546207956,0.0,0.017360671571174713,14.6,0.0,-0.163802978235968,0.0,0.001026789881452439,3.69,0.0,4.5,0.0,-0.81,5.08,0.0
2023-06-05,0.0,0.018273602313150228,0.0,0.013350758168413801,14.6,0.0,-0.163802978235968,0.0,0.00018653236336496626,3.69,0.0,4.5,0.0,-0.81,5.08,0.0
2023-06-06,-0.002003563447343426,0.02247938313280695,0.0006778197576897682,0.02121566511787143,14.73,0.008904109589041198,-0.17892976588628762,-0.00027974636329719527,0.006288717852449999,3.69,0.0,4.46,-0.040000000000000036,-0.77,5.08,0.0
2023-06-07,0.002353882619408054,0.014885027789491634,0.00010922955380765487,0.008072563049154935,13.96,-0.05227427019687714,-0.10798722044728426,-0.002425146907937825,-0.005301339285714302,3.7,0.010000000000000231,4.51,0.04999999999999982,-0.8099999999999996,5.08,0.0
2023-06-08,-0.0038119915496573897,-0.0034677059665557675,-0.01750229597426578,-0.016728949090649037,13.94,-0.0014326647564470996,-0.045205479452054775,0.0006545114539506791,-0.0020514733308466537,3.79,0.08999999999999986,4.56,0.04999999999999982,-0.7699999999999996,5.08,0.0
2023-06-09,0.006188606028794119,0.002699439796187697,0.012671909749435217,-0.00426902707429333,13.65,-0.020803443328550886,-0.06506849315068486,0.007288357316389549,0.005221932114882533,3.73,-0.06000000000000005,4.52,-0.040000000000000036,-0.7899999999999996,5.08,0.0
2023-06-10,0.0011481323635922358,0.0038506714739734438,0.0030252945554363198,-0.0012566475832218593,13.83,0.01318681318681314,-0.05273972602739718,-0.0028756957328386346,0.002331219694143849,3.75,0.020000000000000018,4.59,0.07000000000000028,-0.8399999999999999,5.08,0.0
2023-06-11,0.0,0.005865987800055539,0.0,-0.0019331570088962913,13.83,0.0,-0.06109979633401219,0.0,0.0026116966700866495,3.75,0.0,4.59,0.0,-0.8399999999999999,5.08,0.0
2023-06-12,0.0,0.0035038575113506276,0.0,-0.002042163498096272,13.83,0.0,-0.009312320916905481,0.0,0.005049088359046383,3.75,0.0,4.59,0.0,-0.8399999999999999,5.08,0.0
2023-06-13,0.009321075820101221,0.016733372075584896,0.017616578884333656,0.033629325840418334,15.01,0.0853217642805495,0.0767575322812053,-0.00018606381989016985,0.004204821528686287,3.73,-0.020000000000000018,4.55,-0.040000000000000036,-0.8199999999999998,5.08,0.0
2023-06-14,0.006932584761680793,0.017485147638643284,0.00788336275643764,0.028741679059189895,14.61,-0.02664890073284476,0.0703296703296703,0.004187215036754344,0.001113172541743923,3.84,0.10999999999999988,4.67,0.1200000000000001,-0.8300000000000001,5.08,0.0
2023-06-15,0.0008194076003487094,0.017151058652759232,0.00703584023730186,0.03285505039798031,13.88,-0.049965776865160794,0.003615328994938549,0.006208302446256697,0.010233510093962339,3.83,-0.009999999999999787,4.74,0.07000000000000028,-0.9100000000000001,5.08,0.0
2023-06-16,0.012178136985173449,0.029538063579646723,0.011981455034723476,0.0452301567417106,14.5,0.04466858789625361,0.04844540853217638,0.006814623814347387,0.01711787142990051,3.72,-0.10999999999999988,4.62,-0.1200000000000001,-0.8999999999999999,5.07,-0.009999999999999787
2023-06-17,-0.0036716193988033385,0.025757991653601264,-0.006687967716529131,0.03823969119707926,13.54,-0.06620689655172418,-0.020968908170643563,-0.0007317296259031769,0.01637361615033961,3.77,0.04999999999999982,4.7,0.08000000000000007,-0.9300000000000002,5.08,0.0
2023-06-18,0.0,0.016285120986049506,0.0,0.020266093085232306,13.54,0.0,-0.09793471019320454,0.0,0.016562761700939843,3.77,0.0,4.7,0.0,-0.9300000000000002,5.08,0.0
2023-06-19,0.0,0.009288145369316991,0.0,0.012285876309069632,13.54,0.0,-0.0732375085557837,0.0,0.012323943661971981,3.77,0.0,4.7,0.0,-0.9300000000000002,5.08,0.0
2023-06-20,0.0,0.008461804102374071,0.0,0.005213355733725056,14.19,0.04800590841949792,0.022334293948126804,0.0,0.006077907726310006,3.77,0.0,4.7,0.0,-0.9300000000000002,5.08,0.0
2023-06-21,-0.0047351341054383544,-0.008389367894004351,-0.0009128926698099837,-0.0075947549896348,13.88,-0.021846370683579863,-0.04275862068965508,-0.0022883295194507935,-0.003018384706850674,3.74,-0.029999999999999805,4.68,-0.020000000000000462,-0.9399999999999995,5.07,0.0
2023-06-22,-0.005245277085977551,-0.00995557410099368,-0.013450430154975157,-0.014351044025690873,13.2,-0.04899135446685887,-0.025110782865583436,0.004678899082568799,0.0023798627002287187,3.72,-0.020000000000000018,4.68,0.0,-0.9599999999999995,5.07,-0.009999999999999787
2023-06-23,0.003710753626574581,-0.006281763157118925,0.011761936310530574,-0.0027579037809800644,12.91,-0.02196969696969686,-0.04652880354505162,0.00018263172313037757,0.002562929061784791,3.8,0.07999999999999963,4.77,0.08999999999999986,-0.9699999999999998,5.07,-0.009999999999999787
2023-06-24,-0.007658795633847637,-0.01389244805072587,-0.010027708491775256,-0.012757956817591176,13.44,0.041053446940356286,-0.00738552437223039,-0.006025746370857288,-0.003478260869565264,3.74,-0.05999999999999961,4.71,-0.05999999999999961,-0.9699999999999998,5.07,-0.009999999999999787
2023-06-25,0.0,-0.01389244805072587,0.0,-0.012757956817591176,13.44,0.0,-0.052854122621564525,0.0,-0.003478260869565264,3.74,0.0,4.71,0.0,-0.9699999999999998,5.07,-0.009999999999999787
2023-06-26,0.0,-0.009200881352379175,0.0,-0.011855887300391887,13.44,0.0,-0.03170028818443815,0.0,-0.0011926605504587462,3.74,0.0,4.71,0.0,-0.9699999999999998,5.07,0.0
2023-06-27,-0.004486779982200151,-0.008445400383444546,-0.013595693644956608,-0.012001385577217416,14.25,0.060267857142857206,0.07954545454545459,0.002112611371360318,-0.003743950324171297,3.72,-0.020000000000000018,4.65,-0.05999999999999961,-0.9300000000000002,5.07,0.0
2023-06-28,0.011455777787018118,-0.0007941778547614353,0.017488573097456328,-0.0064092507006897614,13.74,-0.03578947368421048,0.064291247095275,0.004674610449129313,0.0007303934994979944,3.77,0.04999999999999982,4.74,0.08999999999999986,-0.9700000000000002,5.07,0.0
2023-06-29,-0.00035400978894173374,0.006561139563924456,0.0012485020985675277,0.004908175681664906,13.43,-0.022561863173216956,-0.0007440476190475609,-0.005200255451144997,0.001561495361440235,3.71,-0.06000000000000005,4.71,-0.03000000000000025,-1.0,5.07,0.0
2023-06-30,0.004473526683512752,0.011064017680350702,-0.001645219341417703,0.0032548813146846545,13.54,0.008190618019359608,0.007440476190476275,-0.0021093176815847325,-0.0005511160099200829,3.85,0.14000000000000012,4.87,0.16000000000000014,-1.02,5.07,0.0
2023-07-01,0.012269017659743087,0.023468779968401687,0.01601477916592753,0.0193217866860782,13.59,0.0036927621861153614,0.011160714285714413,0.0035842293906809264,0.003031138054560456,3.81,-0.040000000000000036,4.87,0.0,-1.06,5.08,0.009999999999999787
2023-07-02,0.0,0.02808155571264237,0.0,0.03337118473526468,13.59,0.0,-0.0463157894736842,0.0,0.0009165902841430373,3.81,0.0,4.87,0.0,-1.06,5.08,0.009999999999999787
2023-07-03,0.0,0.016437473877503495,0.0,0.015609621628927206,13.59,0.0,-0.01091703056768567,0.0,-0.0037405346227533665,3.81,0.0,4.87,0.0,-1.06,5.08,0.009999999999999787
2023-07-04,0.0011706865481149187,0.017987781194737984,0.001942130058151914,0.016313198441385346,13.57,-0.0014716703458425018,0.01042442293373047,-9.157509157509125e-05,0.0013756419662509511,3.86,0.04999999999999982,4.94,0.07000000000000028,-1.0800000000000005,5.08,0.009999999999999787
2023-07-05,0.0,0.01345406738179089,0.0,0.017988012008072207,13.7,0.009579955784819294,0.011816838995568624,0.0,0.0034923260729713412,3.86,0.0,4.94,0.0,-1.0800000000000005,5.08,0.009999999999999787
2023-07-06,-0.0019683139606652134,-0.0007999316912264964,-0.0003228417437661779,0.001618661313731229,14.18,0.0350364963503651,0.043414275202354746,-0.004670757395365932,-0.004761904761904856,3.95,0.0900000000000003,4.94,0.0,-0.9900000000000002,5.08,0.0
2023-07-07,-0.007922515415510367,-0.00871610963558167,-0.0075198404607275116,-0.005913351221835561,15.44,0.08885754583921024,0.13612950699043402,0.000460066249539981,-0.0043040293040294,4.05,0.09999999999999964,4.99,0.04999999999999982,-0.9400000000000004,5.08,0.0
2023-07-08,-0.0028651801277997935,-0.011556316539261924,-0.0034858792069956124,-0.009378617200763384,14.83,-0.03950777202072531,0.09124356144223689,0.008369355283730506,0.004029304029304015,4.06,0.009999999999999787,4.94,-0.04999999999999982,-0.8800000000000008,5.08,0.0
2023-07-09,0.0,-0.012712121178115598,0.0,-0.011298803512991618,14.83,0.0,0.09285187914517312,0.0,0.004121256525322803,4.06,0.0,4.94,0.0,-0.8800000000000008,5.08,0.0
2023-07-10,0.0,-0.012712121178115598,0.0,-0.011298803512991618,14.83,0.0,0.08248175182481754,0.0,0.004121256525322803,4.06,0.0,4.94,0.0,-0.8800000000000008,5.08,0.0
2023-07-11,0.0024051194034939716,-0.008385767807107092,0.0005845639213000187,-0.010401360714243468,15.07,0.01618341200269735,0.06276445698166433,0.002462604888726627,0.011317629738682333,4.01,-0.04999999999999982,4.85,-0.09000000000000075,-0.8399999999999999,5.07,-0.009999999999999787
2023-07-12,0.006742215156717579,0.0062721150424223104,0.004879819004043773,0.001962298161960696,14.84,-0.015262110152621133,-0.03886010362694303,9.098353198067066e-05,0.010944541524878115,3.99,-0.019999999999999574,4.88,0.03000000000000025,-0.8899999999999997,5.08,0.0
2023-07-13,0.007411145100759908,0.016642607895065886,0.01244587957187826,0.017981159617872056,13.54,-0.08760107816711593,-0.08698583951449768,0.011917758369723641,0.014502006566946335,3.86,-0.13000000000000034,4.72,-0.16000000000000014,-0.8599999999999999,5.08,0.0
2023-07-14,0.00847017995778332,0.025253753736687257,0.017295748479640105,0.03558790571163506,13.61,0.005169867060561328,-0.08226567768037762,0.006383170008091188,0.020977745348413013,3.76,-0.10000000000000009,4.59,-0.1299999999999999,-0.8300000000000001,5.08,0.0
2023-07-15,-0.001024381158481913,0.024203503108696456,-0.00040971026163660884,0.0351636147198382,13.34,-0.01983835415135926,-0.10047201618341206,0.003841343576916234,0.024899671652681477,3.83,0.07000000000000028,4.74,0.15000000000000036,-0.9100000000000001,5.08,0.0
2023-07-16,0.0,0.021746081781958804,0.0,0.034558848942285,13.34,0.0,-0.11479761114797615,0.0,0.022381948867254975,3.83,0.0,4.74,0.0,-0.9100000000000001,5.08,0.009999999999999787
2023-07-17,0.0,0.01490338479836728,0.0,0.029534904947794427,13.34,0.0,-0.101078167115903,0.0,0.02228893740902471,3.83,0.0,4.74,0.0,-0.9100000000000001,5.08,0.0
2023-07-18,0.003855356437357571,0.011321151300490273,0.009487588014596371,0.026526680529396884,13.48,0.010494752623688264,-0.004431314623338123,-8.899172376963804e-05,0.0101591297311876,3.81,-0.020000000000000018,4.74,0.0,-0.9300000000000002,5.08,0.0
2023-07-19,0.007117288222535212,0.009964434905233466,0.008150430718474988,0.01729837824091729,13.3,-0.013353115727002929,-0.022777369581190254,-0.00115699537201841,0.002590673575129543,3.8,-0.010000000000000231,4.74,0.0,-0.9400000000000004,5.08,0.0
2023-07-20,0.0023578588709500803,0.013383879860257242,-0.000946888996202988,0.016751683198848788,13.76,0.03458646616541339,0.03148425787106457,-0.0024948765927115257,-0.003737652398326907,3.75,-0.04999999999999982,4.74,0.0,-0.9900000000000002,5.08,0.0
2023-07-21,-0.006756875147840957,0.006536571507206768,-0.02276330297257423,-0.006392943413681462,13.99,0.01671511627906974,0.04872563718140932,-0.005359535506922697,-0.009077155824508298,3.85,0.10000000000000009,4.8,0.05999999999999961,-0.9499999999999997,5.08,0.0
2023-07-22,0.00032415482692993436,0.006862845195342526,-0.0026134595104515546,-0.008989695225368743,13.6,-0.027877055039313814,0.019490254872563728,-0.0013471037269868757,-0.010412031681053535,3.84,-0.010000000000000231,4.82,0.020000000000000462,-0.9800000000000004,5.08,0.0
2023-07-23,0.0,0.0029959383477897727,0.0,-0.018303625977517113,13.6,0.0,0.008902077151335286,0.0,-0.010323958704165026,3.84,0.0,4.82,0.0,-0.9800000000000004,5.08,0.0
2023-07-24,0.0,-0.004092224334684147,0.0,-0.02624018786277682,13.6,0.0,0.022556390977443552,0.0,-0.009177581751759756,3.84,0.0,4.82,0.0,-0.9800000000000004,5.08,0.0
2023-07-25,0.004034089155574794,-0.0024267804420770034,0.00144888358171813,-0.023905069709692972,13.91,0.022794117647058965,0.010901162790697638,-0.003327338129496482,-0.010004466279588953,3.86,0.020000000000000018,4.81,-0.010000000000000675,-0.9499999999999997,5.08,0.0
2023-07-26,0.002814712029929778,0.007186534564386671,0.007340746581115276,0.006163807400577648,13.86,-0.0035945363048167644,-0.009292351679771271,-0.002977533158892043,-0.007633587786259555,3.91,0.050000000000000266,4.85,0.040000000000000036,-0.9399999999999995,5.08,0.0
2023-07-27,-0.00015544744781559316,0.006703642143225608,-0.00399449407573349,0.004770619363696937,13.19,-0.04834054834054835,-0.030147058823529416,0.0025339366515835238,-0.003776978417266319,3.86,-0.050000000000000266,4.82,-0.02999999999999936,-0.9600000000000004,5.08,0.0
2023-07-28,-0.006424700279192064,0.00023587297248428563,-0.002214944455412704,0.0025451082513758827,14.41,0.0924943138741472,0.059558823529411775,-0.0072215201299872245,-0.01097122302158271,4.01,0.1499999999999999,4.91,0.08999999999999986,-0.9000000000000004,5.33,0.25
2023-07-29,0.009877881875342887,0.01011608477318715,0.018493455838468176,0.021085631936894833,13.33,-0.07494795281054822,-0.019852941176470518,0.003727950536461133,-0.007284172661870536,3.96,-0.04999999999999982,4.87,-0.040000000000000036,-0.9100000000000001,5.33,0.25
2023-07-30,0.0,0.006057558885004921,0.0,0.01960833815595775,13.33,0.0,-0.04169662113587347,0.0,-0.003970044211855983,3.96,0.0,4.87,0.0,-0.9100000000000001,5.33,0.25
2023-07-31,0.0,0.0032337447946997333,0.0,0.012178194534945952,13.33,0.0,-0.038239538239538184,0.0,-0.0009954751131220352,3.96,0.0,4.87,0.0,-0.9100000000000001,5.33,0.25
2023-08-01,0.0014687171966489831,0.004863414901187912,0.00038537406997551926,0.01662918100606081,13.63,0.022505626406601698,0.03335860500379084,-0.0017211703958691649,-0.005235602094240677,3.97,0.010000000000000231,4.88,0.009999999999999787,-0.9099999999999997,5.33,0.25
2023-08-02,-0.0026650918726683903,0.008665736620671272,-0.002474455797423336,0.01636476854405422,13.93,0.022010271460014552,-0.03331020124913253,-0.004446460980036426,-0.002454991816694063,4.05,0.07999999999999963,4.92,0.040000000000000036,-0.8700000000000001,5.33,0.0
2023-08-03,-0.01383957541738301,-0.01502325287032713,-0.022093763777984665,-0.024137622349918453,16.09,0.1550610193826274,0.20705176294073513,-0.0029167806034088306,-0.009058791557206236,4.08,0.03000000000000025,4.88,-0.040000000000000036,-0.7999999999999998,5.33,0.0
2023-08-04,-0.002547973917609636,-0.017532947931465537,-0.0011190092344284253,-0.02522962136204021,15.92,-0.010565568676196402,0.19429857464366096,0.0007313282749794592,-0.008334088232629822,4.2,0.1200000000000001,4.9,0.020000000000000462,-0.7000000000000002,5.33,0.0
2023-08-05,-0.00529999622380839,-0.02274001959744487,-0.005120643187173868,-0.03022107266047147,17.1,0.07412060301507539,0.2828207051762941,0.008130081300812941,-0.00027176374671633585,4.05,-0.15000000000000036,4.78,-0.1200000000000001,-0.7300000000000004,5.33,0.0
2023-08-06,0.0,-0.024173233150866502,0.0,-0.030594656343212567,17.1,0.0,0.25458547322083636,0.0,0.0014519056261341756,4.05,0.0,4.78,0.0,-0.7300000000000004,5.33,0.0
2023-08-07,0.0,-0.021565615625129708,0.0,-0.028189955344219753,17.1,0.0,0.22756640344580048,0.0,0.005924710600674565,4.05,0.0,4.78,0.0,-0.7300000000000004,5.33,0.0
2023-08-08,0.00902405745383561,0.0011188928942544862,0.008702500569561122,0.0024143274819559135,15.77,-0.07777777777777783,-0.019888129272840338,-0.0032620514679230217,0.005576378096718182,4.09,0.040000000000000036,4.76,-0.020000000000000462,-0.6699999999999999,5.33,0.0
2023-08-09,-0.004218270022397053,-0.000557543609461808,-0.008748787144215564,-0.005242439202946092,15.99,0.013950538998097617,0.0043969849246230375,-0.0044545454545456,0.0003653969123960099,4.02,-0.07000000000000028,4.74,-0.019999999999999574,-0.7200000000000006,5.33,0.0
2023-08-10,-0.007038747560775049,-0.002304584828596412,-0.011218453419585495,-0.011339502923746969,15.96,-0.0018761726078798668,-0.06666666666666665,0.0021915806775636426,-0.0055273649873142094,4.0,-0.019999999999999574,4.79,0.04999999999999982,-0.79,5.33,0.0
2023-08-11,0.00025068771249703303,-0.00205447484719834,0.0017964852986847024,-0.009563388875359125,15.85,-0.006892230576441172,-0.07309941520467844,0.0037357630979499845,-0.0018122508155128392,4.09,0.08999999999999986,4.82,0.03000000000000025,-0.7300000000000004,5.33,0.0
2023-08-12,-0.0010696312010077813,-0.0031219085178079142,-0.006660788269292284,-0.016160477436215737,14.84,-0.06372239747634068,-0.1321637426900586,-0.005355846042120582,-0.007158390721275887,4.16,0.07000000000000028,4.89,0.0699999999999994,-0.7299999999999995,5.33,0.0
2023-08-13,0.0,-0.012037340320995571,0.0,-0.024648474641173257,14.84,0.0,-0.058972733037412794,0.0,-0.003909090909091084,4.16,0.0,4.89,0.0,-0.7299999999999995,5.33,0.0
2023-08-14,0.0,-0.007852192968809013,0.0,-0.016040018201996298,14.84,0.0,-0.07191994996873052,0.0,0.0005478951693909107,4.16,0.0,4.89,0.0,-0.7299999999999995,5.33,0.0
2023-08-15,0.005750383620255262,0.004926461207195754,0.011812561426716828,0.006878691221060551,14.82,-0.0013477088948786742,-0.07142857142857151,-0.0031943050104954462,-0.004829157175398557,4.19,0.03000000000000025,4.96,0.07000000000000028,-0.7699999999999996,5.33,0.0
2023-08-16,-0.011550831677699436,-0.006930225584772853,-0.011044622405312787,-0.006027560606100657,16.46,0.11066126855600533,0.03848580441640381,0.0005493499359090492,-0.00798838053740003,4.21,0.019999999999999574,4.92,-0.040000000000000036,-0.71,5.33,0.0
2023-08-17,-0.0075554433893813,-0.013377986357679728,-0.010718430073847984,-0.010087789050756357,16.78,0.019441069258809174,0.13072776280323462,-0.002196193265007307,-0.004837090444464565,4.28,0.07000000000000028,4.97,0.04999999999999982,-0.6899999999999995,5.33,0.0
2023-08-18,-0.007712864385729601,-0.020987668148878424,-0.010799605013823821,-0.020778449927369214,17.89,0.06615017878426688,0.20552560646900275,-0.0027512839325019023,-0.0075750661677466136,4.3,0.019999999999999574,4.94,-0.02999999999999936,-0.6400000000000006,5.33,0.0
2023-08-19,-0.00014872916647590273,-0.021133275836964227,-0.0014249980123417494,-0.022173838689865,17.3,-0.03297931805477916,0.16576819407008103,9.196247930853829e-05,-0.007483800310303934,4.26,-0.040000000000000036,4.92,-0.020000000000000462,-0.6600000000000001,5.33,0.0
2023-08-20,0.0,-0.026729951979188038,0.0,-0.033589620659244424,17.3,0.0,0.16734143049932526,0.0,-0.004303241164621996,4.26,0.0,4.92,0.0,-0.6600000000000001,5.33,0.0
2023-08-21,0.0,-0.015356500655721361,0.0,-0.02279678008199415,17.3,0.0,0.051032806804374164,0.0,-0.0048499267935578905,4.26,0.0,4.92,0.0,-0.6600000000000001,5.33,0.0
2023-08-22,0.006879175048229769,-0.0010353447629944945,0.01645815810175555,0.004048003323369187,17.13,-0.009826589595375856,0.020858164481525554,0.001195402298850734,-0.0014673514306676738,4.34,0.08000000000000007,4.97,0.04999999999999982,-0.6299999999999999,5.33,0.0
2023-08-23,-0.0027774179104816943,0.003933314418034239,-0.0018565023442276285,0.01312533934591431,16.97,-0.009340338587273789,-0.05142537730575747,-0.003857457751653137,-0.0025749494206362966,4.34,0.0,5.02,0.04999999999999982,-0.6799999999999997,5.33,0.0
2023-08-24,0.011044888377340412,0.015172631593400876,0.01603733593758383,0.030842118730112,15.98,-0.05833824395992915,-0.07630057803468204,0.0014751982297622757,-0.001195402298850401,4.19,-0.14999999999999947,4.95,-0.0699999999999994,-0.7599999999999998,5.33,0.0
2023-08-25,-0.013458039995401183,0.001510397715180245,-0.0218919122316652,0.00827501354216853,17.2,0.07634543178973718,-0.005780346820809301,-0.003314306757503216,-0.004505747126436699,4.23,0.040000000000000036,4.98,0.03000000000000025,-0.75,5.33,0.0
2023-08-26,0.006717988442317857,0.008238532991891923,0.00846289662024069,0.01680794074654779,15.68,-0.08837209302325577,-0.09364161849710984,-0.0036024385738038234,-0.008091954022988457,4.25,0.019999999999999574,5.03,0.04999999999999982,-0.7800000000000002,5.33,0.0
2023-08-27,0.0,0.001350070571870754,0.0,0.0003441190785911097,15.68,0.0,-0.0846468184471687,0.0,-0.009276267450404108,4.25,0.0,5.03,0.0,-0.7800000000000002,5.33,0.0
2023-08-28,0.0,0.004138984171120574,0.0,0.0022047144804198116,15.68,0.0,-0.0760164997053624,0.0,-0.005439793472247878,4.25,0.0,5.03,0.0,-0.7800000000000002,5.33,0.0
2023-08-29,0.0062645975336552695,-0.0006086550751688291,0.007404046224592342,-0.006311039169372257,15.08,-0.03826530612244894,-0.05632040050062581,0.002132196162046851,-0.00478733198306025,4.2,-0.04999999999999982,4.98,-0.04999999999999982,-0.7800000000000002,5.33,0.0
2023-08-30,0.014508347036412905,0.027721984959931945,0.02153069996532131,0.03780327798040539,14.45,-0.04177718832891253,-0.15988372093023262,0.003792784458834353,0.0023092554960280065,4.12,-0.08000000000000007,4.87,-0.11000000000000032,-0.75,5.33,0.0
2023-08-31,0.0038331298928546698,0.02477693720194929,0.005585128003355866,0.03484178310153441,13.88,-0.03944636678200686,-0.11479591836734693,0.006911805363561063,0.012885881153239964,4.12,0.0,4.9,0.03000000000000025,-0.7800000000000002,5.33,0.0
2023-09-01,-0.0015969452055097921,0.02314042458536769,0.0024989603833291962,0.0374278117205189,13.57,-0.022334293948126804,-0.13456632653061218,-0.007962657880285495,0.004820617409845296,4.09,-0.03000000000000025,4.85,-0.05000000000000071,-0.7599999999999998,5.33,0.0
2023-09-02,0.0017991596526802933,0.024981217556307778,-0.0006586642083417082,0.03674449515220024,13.09,-0.03537214443625647,-0.1651785714285714,-0.004797490543408167,0.0,4.18,0.08999999999999986,4.87,0.020000000000000462,-0.6900000000000004,5.33,0.0
2023-09-03,0.0,0.018600097895252077,0.0,0.029124807506547112,13.09,0.0,-0.13196286472148544,0.0,-0.0021276595744680327,4.18,0.0,4.87,0.0,-0.6900000000000004,5.33,0.0
2023-09-04,0.0,0.004033235281692971,0.0,0.007434047299296642,13.09,0.0,-0.09411764705882353,0.0,-0.005898073910238666,4.18,0.0,4.87,0.0,-0.6900000000000004,5.33,0.0
2023-09-05,0.0,0.0001993412877892009,0.0,0.0018386501992249116,13.82,0.055767761650114656,-0.004322766570605263,0.0,-0.012721947647812537,4.18,0.0,4.87,0.0,-0.6900000000000004,5.33,0.0
2023-09-06,-0.00419419058100845,-0.0024025769467972413,0.001121951912288921,0.00046254871437900746,14.01,0.01374819102749636,0.0324244657332351,-0.0055622508575137175,-0.010333056555032805,4.27,0.08999999999999986,4.94,0.07000000000000028,-0.6700000000000008,5.33,0.0
2023-09-07,-0.0069715777558858605,-0.011136528211135865,-0.008821117031977743,-0.007709061988811494,14.45,0.031406138472519496,0.10389610389610393,-0.001211895217675063,-0.006767405209975097,4.3,0.03000000000000025,5.01,0.0699999999999994,-0.71,5.33,0.0
2023-09-08,-0.0032113009127796577,-0.014312066380705812,-0.007346091192497295,-0.014998521708930346,14.4,-0.0034602076124566894,0.10007639419404124,-0.0009333582228858717,-0.0076944470195605685,4.27,-0.03000000000000025,4.94,-0.0699999999999994,-0.6700000000000008,5.33,0.0
2023-09-09,0.0014266008258556617,-0.01290588316056851,0.0014228116488361753,-0.013597050131496924,13.84,-0.03888888888888897,0.05729564553093969,0.00046711509715979815,-0.007230926114767833,4.26,-0.009999999999999787,4.98,0.040000000000000036,-0.7200000000000006,5.33,0.0
2023-09-10,0.0,-0.01290588316056851,0.0,-0.013597050131496924,13.84,0.0,0.0014471780028944004,0.0,-0.007230926114767833,4.26,0.0,4.98,0.0,-0.7200000000000006,5.33,0.0
2023-09-11,0.0,-0.00874838497341468,0.0,-0.014702506538459614,13.84,0.0,-0.012134189864382527,0.0,-0.0016780087629346685,4.26,0.0,4.98,0.0,-0.7200000000000006,5.33,0.0
2023-09-12,0.006723514803174124,0.0049222032121967185,0.011887255623770132,0.005882988191086902,13.8,-0.0028901734104045396,-0.04498269896193763,0.003268279017648812,0.002800074668657837,4.29,0.03000000000000025,4.97,-0.010000000000000675,-0.6799999999999997,5.33,0.0
2023-09-13,-0.005695872498027943,0.0024173582497966084,-0.011132547356820455,0.002046069998925093,14.23,0.031159420289855078,-0.011805555555555514,-0.0016753536857780915,0.0020553064275037336,4.27,-0.020000000000000462,4.98,0.010000000000000675,-0.7100000000000009,5.33,0.0
2023-09-14,0.001241623523611013,0.0022321979409936077,0.003845062113548181,0.00446982800651563,13.48,-0.05270555165144064,-0.026011560693641522,0.0010255454036920408,0.002614623214119094,4.25,-0.019999999999999574,4.96,-0.020000000000000462,-0.71,5.33,0.0
2023-09-15,0.008429883781315706,0.01068089889152879,0.00816755741429298,0.012673892997683955,12.82,-0.04896142433234418,-0.07369942196531787,-0.0071714631647573635,-0.004575590624708137,4.29,0.040000000000000036,5.0,0.040000000000000036,-0.71,5.33,0.0
2023-09-16,-0.012159552507158722,-0.001608528566525158,-0.017545038771763277,-0.005093509718112843,13.79,0.07566302652106072,-0.0036127167630057855,0.0012195121951217303,-0.0033616584181529463,4.33,0.040000000000000036,5.02,0.019999999999999574,-0.6899999999999995,5.33,0.0
2023-09-17,0.0,-0.008276396892674343,0.0,-0.016781281953605953,13.79,0.0,-0.0007246376811594901,0.0,-0.006608339538347052,4.33,0.0,5.02,0.0,-0.6899999999999995,5.33,0.0
2023-09-18,0.0,-0.002595306932024477,0.0,-0.005712327351544255,13.79,0.0,-0.03092059030217853,0.0,-0.004941264217788621,4.33,0.0,5.02,0.0,-0.6899999999999995,5.33,0.0
2023-09-19,0.0007212964460983073,-0.0031136400265028286,0.0015109456401620758,-0.00802422121206392,14.0,0.015228426395939243,0.03857566765578624,0.002061276117305333,-0.0039117071807769355,4.32,-0.009999999999999787,5.05,0.03000000000000025,-0.7299999999999995,5.33,0.0
2023-09-20,-0.0021511026084926055,-0.013573505582562095,-0.002242310039099249,-0.01826689991980035,14.11,0.007857142857142785,0.10062402496099843,-0.001028517999064893,0.002251407129455929,4.37,0.04999999999999982,5.08,0.03000000000000025,-0.71,5.33,0.0
2023-09-21,-0.009394795170962755,-0.010812705603192585,-0.014568273931735543,-0.015292322264905511,15.14,0.07299787384833456,0.09789702683103707,0.0029015350056158518,0.003935163496673777,4.35,-0.020000000000000462,5.12,0.040000000000000036,-0.7700000000000005,5.33,0.0
2023-09-22,-0.016400890463858953,-0.027036258066835628,-0.01841559607532972,-0.03342630111035094,17.54,0.15852047556142668,0.27193618564176947,-0.004759682687820677,-0.0008432493207157776,4.49,0.14000000000000057,5.12,0.0,-0.6299999999999999,5.33,0.0
2023-09-23,-0.0022956120092377796,-0.029269805317370334,0.0004668495954878171,-0.032975056570015204,17.2,-0.019384264538198415,0.24728063814358237,-0.0003750937734433579,-0.0012180267965894442,4.44,-0.04999999999999982,5.1,-0.020000000000000462,-0.6599999999999993,5.33,0.0
2023-09-24,0.0,-0.02996948488053286,0.0,-0.03443397434676465,17.2,0.0,0.22857142857142843,0.0,-0.0032725572697520633,4.44,0.0,5.1,0.0,-0.6599999999999993,5.33,0.0
2023-09-25,0.0,-0.02787835146660056,0.0,-0.03226401022168701,17.2,0.0,0.21899362154500346,0.0,-0.002246349681767068,4.44,0.0,5.1,0.0,-0.6599999999999993,5.33,0.0
2023-09-26,0.00402309227186648,-0.014710826404979338,0.004611899789811691,-0.013428261473675263,16.9,-0.01744186046511631,0.11624834874504608,-0.006472795497185824,-0.011572561829211403,4.55,0.10999999999999943,5.09,-0.009999999999999787,-0.54,5.33,0.0
2023-09-27,-0.01473449776826885,-0.013041570438799166,-0.015104036184143688,-0.010099875869728492,18.94,0.12071005917159772,0.07981755986317007,-0.0016995562269851439,-0.008533383345836532,4.56,0.009999999999999787,5.04,-0.04999999999999982,-0.4800000000000004,5.33,0.0
2023-09-28,0.0002293186195019281,-0.010543835039328209,0.0023601265792325687,-0.008226595288787997,18.22,-0.03801478352692722,0.059302325581395365,-0.005958573725527216,-0.014071294559099501,4.61,0.05000000000000071,5.1,0.05999999999999961,-0.4899999999999993,5.33,0.0
2023-09-29,0.005893073124170867,-0.004712897506053304,0.008409372736650322,0.00011359694172541346,17.34,-0.04829857299670681,0.008139534883720989,0.006470028544243611,-0.007692307692307665,4.59,-0.020000000000000462,5.04,-0.05999999999999961,-0.4500000000000002,5.33,0.0
2023-09-30,-0.002709491359862204,-0.007409619310842941,0.0008481395002437608,0.0009618327880225319,17.52,0.01038062283737018,0.018604651162790642,0.0005672149744753163,-0.007129455909943738,4.59,0.0,5.03,-0.009999999999999787,-0.4400000000000004,5.33,0.0
2023-10-01,0.0,-0.011386901029178387,0.0,-0.003633310537683898,17.52,0.0,0.03668639053254452,0.0,-0.0006609385327164263,4.59,0.0,5.03,0.0,-0.4400000000000004,5.33,0.0
2023-10-02,0.0,0.0033976595460896153,0.0,0.011646636871185834,17.52,0.0,-0.074973600844773,0.0,0.0010403858885841277,4.59,0.0,5.03,0.0,-0.4400000000000004,5.33,0.0
2023-10-03,7.92901202177898e-05,0.003247155814350755,0.008313150176279871,0.017654813115905332,17.61,0.005136986301369939,-0.03347969264544459,-0.007936507936507908,-0.0009514747859180606,4.69,0.10000000000000053,5.12,0.08999999999999986,-0.4299999999999997,5.33,0.0
2023-10-04,-0.01374408577578079,-0.0163383491871526,-0.018328472923800798,-0.009328174214790819,19.78,0.12322544009085767,0.14071510957324107,-0.0044761904761906335,-0.01181697863490283,4.81,0.11999999999999922,5.15,0.03000000000000025,-0.34000000000000075,5.33,0.0
2023-10-05,0.008109801510834735,-0.005666911533214414,0.014460764457674857,0.004146041790687782,18.58,-0.06066734074823066,0.060502283105022814,0.006218310532861482,-0.006235827664399007,4.73,-0.07999999999999918,5.05,-0.10000000000000053,-0.3199999999999994,5.33,0.0
2023-10-06,-0.0013040164174730196,-0.006963538205011721,-0.003588867270112539,0.0005422949268920618,18.49,-0.004843918191603902,0.055365296803652875,0.0008556759840272488,-0.005385487528344668,4.72,-0.010000000000000675,5.03,-0.019999999999999574,-0.3100000000000005,5.33,0.0
2023-10-07,0.011814879091820885,0.0047690675248655,0.016981339679771112,0.017532843501023354,17.45,-0.05624661979448342,-0.003995433789954372,0.006554573952693099,0.0011337868480727487,4.78,0.0600000000000005,5.08,0.04999999999999982,-0.2999999999999998,5.33,0.0
2023-10-08,0.0,0.004689405581115524,0.0,0.0091436805352898,17.45,0.0,-0.009085746734809774,0.0,0.00914285714285712,4.78,0.0,5.08,0.0,-0.2999999999999998,5.33,0.0
2023-10-09,0.0,0.01869037345281299,0.0,0.02798507718861254,17.45,0.0,-0.11779575328614766,0.0,0.013680283172295304,4.78,0.0,5.08,0.0,-0.2999999999999998,5.33,0.0
2023-10-10,0.006303818034118613,0.016865435356200553,0.004936139406033657,0.01833347432535315,17.7,0.014326647564469885,-0.04736275565123782,0.0,0.00741585852823734,4.78,0.0,5.08,0.0,-0.2999999999999998,5.33,0.0
2023-10-11,0.005207972949908379,0.023495898492082334,0.005607041865070883,0.027731705428567954,17.03,-0.03785310734463265,-0.07896160086533244,0.002076255190637921,0.008644438111522934,4.66,-0.1200000000000001,4.96,-0.1200000000000001,-0.2999999999999998,5.33,0.0
2023-10-12,0.004293017364807916,0.01588719972148067,0.007243158651609294,0.017890583467572885,16.09,-0.05519671168526141,-0.07793696275071627,0.00018835938971561994,0.0022650056625141968,4.58,-0.08000000000000007,4.99,0.03000000000000025,-0.41000000000000014,5.33,0.0
2023-10-13,-0.006246358765807258,0.0095416038064291,-0.0037411948728177657,0.014082456435614565,16.69,0.03729024238657552,-0.04355300859598843,-0.006308851224105627,-0.004058135145338038,4.7,0.1200000000000001,5.06,0.0699999999999994,-0.35999999999999943,5.33,0.0
2023-10-14,-0.005018840769632216,0.004474875246605503,-0.012445913817743515,0.0014612735787311593,19.32,0.15757938885560208,0.10716332378223492,-0.0048327489813322355,-0.008871272178180512,4.63,-0.07000000000000028,5.04,-0.019999999999999574,-0.41000000000000014,5.33,0.0
2023-10-15,0.0,-0.001817485688453413,0.0,-0.003457797656034489,19.32,0.0,0.09152542372881367,0.0,-0.008871272178180512,4.63,0.0,5.04,0.0,-0.41000000000000014,5.33,0.0
2023-10-16,0.0,-0.006989059803957587,0.0,-0.009014295986126908,19.32,0.0,0.13446858485026425,0.0,-0.010924844603503514,4.63,0.0,5.04,0.0,-0.41000000000000014,5.33,0.0
2023-10-17,0.010594346293018697,-0.0007585190600760683,0.011844520083867272,-0.0044872030401965635,17.21,-0.10921325051759834,0.06960845245494096,0.0041896781565415875,-0.0069679849340866795,4.71,0.08000000000000007,5.09,0.04999999999999982,-0.3799999999999999,5.33,0.0
2023-10-18,-9.831650139591197e-05,0.005423474748310841,-0.003342839423096544,-0.004089145882864353,17.88,0.03893085415456121,0.07130017974835212,0.004456666034515333,0.0037903913579078186,4.83,0.1200000000000001,5.19,0.10000000000000053,-0.3600000000000003,5.33,0.0
2023-10-19,-0.013399798774352711,-0.003045441311711583,-0.014068896925739316,-0.005725862814035532,19.22,0.07494407158836691,-0.005175983436853104,-0.005758519777211313,0.0028565987430964057,4.91,0.08000000000000007,5.19,0.0,-0.28000000000000025,5.33,0.0
2023-10-20,-0.00848282575441528,-0.01150243311813437,-0.008459843077389562,-0.014137265990535663,21.4,0.11342351716961496,0.10766045548654235,0.0036080516521079797,0.0064749571510187565,4.98,0.07000000000000028,5.14,-0.05000000000000071,-0.15999999999999925,5.33,0.0
2023-10-21,-0.012585320243104325,-0.023942991556872073,-0.015034028652930687,-0.028958754581490664,21.71,0.014485981308411278,0.1237060041407867,0.0020813623462629938,0.008569796229289661,4.93,-0.05000000000000071,5.07,-0.0699999999999994,-0.14000000000000057,5.33,0.0
2023-10-22,0.0,-0.034175273171256015,0.0,-0.04032563684979573,21.71,0.0,0.2614758861127251,0.0,0.004361843352929995,4.93,0.0,5.07,0.0,-0.14000000000000057,5.33,0.0
2023-10-23,0.0,-0.03408030732644285,0.0,-0.03710683963309114,21.71,0.0,0.21420581655480997,0.0,-9.440196356080843e-05,4.93,0.0,5.07,0.0,-0.14000000000000057,5.33,0.0
2023-10-24,-0.001685542214310054,-0.02261159783062172,0.003019735070957319,-0.020417512337969845,20.37,-0.06172270842929528,0.05983350676378785,0.005098187311178393,0.010824154956323717,4.86,-0.0699999999999994,5.05,-0.020000000000000462,-0.1899999999999995,5.33,0.0
2023-10-25,0.00726575986948208,-0.007087424029920464,0.009654327158443943,-0.002521793422637697,18.97,-0.06872852233676985,-0.11355140186915891,-0.004790531655081587,0.0023651844843899372,4.83,-0.03000000000000025,5.02,-0.03000000000000025,-0.1899999999999995,5.33,0.0
2023-10-26,-0.014339592436341642,-0.00885146395969838,-0.024699152642947086,-0.012309695567850332,20.19,0.0643120716921457,-0.07001381851681254,-0.001132609721566813,-0.0008496978851962877,4.95,0.1200000000000001,5.08,0.0600000000000005,-0.1299999999999999,5.33,0.0
2023-10-27,-0.01183251050332379,-0.020579239422749196,-0.018917870284612892,-0.030994692628467435,20.68,0.024269440316988522,-0.047443574389682275,-0.004819049418879451,-0.005664652567975881,4.86,-0.08999999999999986,5.02,-0.0600000000000005,-0.15999999999999925,5.33,0.0
2023-10-28,-0.004800313253070176,-0.025280765880080325,0.005021414543462388,-0.026128915285339893,21.27,0.02852998065764023,-0.020267157991708973,0.005696923661222986,0.0,4.84,-0.020000000000000462,4.99,-0.02999999999999936,-0.15000000000000036,5.33,0.0
2023-10-29,0.0,-0.023635061559767023,0.0,-0.029060894155023886,21.27,0.0,0.044182621502208974,0.0,-0.005072327634792484,4.84,0.0,4.99,0.0,-0.15000000000000036,5.33,0.0
2023-10-30,0.0,-0.030677923007382923,0.0,-0.03834502588863986,21.27,0.0,0.12124406958355305,0.0,-0.0002831524303918975,4.84,0.0,4.99,0.0,-0.15000000000000036,5.33,0.0
2023-10-31,0.012010093822027113,-0.004765009780809737,0.010936911600643695,-0.003207561863598274,19.75,-0.07146215326751293,-0.02179296681525511,0.0026435045317221295,0.003496173107814471,4.88,0.040000000000000036,5.03,0.040000000000000036,-0.15000000000000036,5.33,0.0
2023-11-01,0.006474961721408823,0.013673399835155475,0.005180841142031323,0.021277048131162157,18.14,-0.0815189873417721,-0.1228239845261121,-0.0048964218455744835,0.003418154196733747,4.88,0.0,5.07,0.040000000000000036,-0.1900000000000004,5.33,0.0
2023-11-02,0.010505985025513809,0.02926382618030443,0.017705336236916835,0.034166124839743794,16.87,-0.07001102535832415,-0.2068641278796426,-0.0028387585162754636,-0.00509818731117806,4.77,-0.11000000000000032,4.95,-0.1200000000000001,-0.1800000000000006,5.33,0.0
2023-11-03,0.018858574846738696,0.04867427508336619,0.01736389790322601,0.052123279846436166,15.66,-0.071724955542383,-0.26375176304654435,0.00759157335357763,0.002454682779456263,4.67,-0.09999999999999964,4.98,0.03000000000000025,-0.3100000000000005,5.33,0.0
2023-11-04,0.009393716215277292,0.05852522362576118,0.012060685476438682,0.06481260780710296,14.91,-0.04789272030651337,-0.29901269393511987,0.010830664908645593,0.013311933534743137,4.57,-0.09999999999999964,4.83,-0.15000000000000036,-0.2599999999999998,5.33,0.0
2023-11-05,0.0,0.045963108557605103,0.0,0.05329283715752009,14.91,0.0,-0.24506329113924052,0.0,0.010640301318267209,4.57,0.0,4.83,0.0,-0.2599999999999998,5.33,0.0
2023-11-06,0.0,0.03923410749201195,0.0,0.04786402013077229,14.91,0.0,-0.17805953693495036,0.0,0.015613171839515383,4.57,0.0,4.83,0.0,-0.2599999999999998,5.33,0.0
2023-11-07,0.0017529609897344312,0.030232239856908816,0.003671647188083771,0.03341445668606213,14.89,-0.0013413816230717357,-0.11736810906935391,0.0013043883350414287,0.019832985386221136,4.67,0.09999999999999964,4.93,0.09999999999999964,-0.2599999999999998,5.33,0.0
2023-11-08,0.0028401412741241305,0.014034990203299014,0.009309841747866976,0.025233334785566663,14.81,-0.005372733378106065,-0.05427841634738184,-0.005582953382339273,0.006498398945187223,4.58,-0.08999999999999986,4.91,-0.019999999999999574,-0.33000000000000007,5.33,0.0
2023-11-09,0.0010049378994057,0.005607639605904824,0.001125783046831641,0.01415610725925176,14.45,-0.024307900067522037,-0.030851777330650587,0.00262000561429776,-0.001677070716481932,4.49,-0.08999999999999986,4.93,0.019999999999999574,-0.4399999999999995,5.33,0.0
2023-11-10,-0.008083910212239531,-0.002521602261411404,-0.008185073831533995,0.005855164644633648,15.29,0.05813148788927336,0.025486250838363533,-0.00046663555762949116,-0.0021429236932823947,4.62,0.1299999999999999,5.03,0.10000000000000053,-0.41000000000000014,5.33,0.0
2023-11-11,0.01561640999689451,0.013055429360719906,0.02246656878172759,0.028453278885578248,14.17,-0.07325049051667754,-0.04963112005365533,0.0,-0.0021429236932823947,4.61,-0.009999999999999787,5.04,0.009999999999999787,-0.4299999999999997,5.33,0.0
2023-11-12,0.0,0.011282690255108863,0.0,0.0246909751480211,14.17,0.0,-0.04835460040295503,0.0,-0.0034428212524425517,4.61,0.0,5.04,0.0,-0.4299999999999997,5.33,0.0
2023-11-13,0.0,0.008418638857294214,0.0,0.015239258316869453,14.17,0.0,-0.04321404456448352,0.0,0.0021521474688874775,4.61,0.0,5.04,0.0,-0.4299999999999997,5.33,0.0
2023-11-14,-0.0008357416584374722,0.006564326751514082,-0.0029834272643910476,0.011072117984175955,14.76,0.04163726182074812,0.02145328719723194,-0.0009337068160596429,-0.0013999066728883625,4.63,0.019999999999999574,5.02,-0.020000000000000462,-0.3899999999999997,5.33,0.0
2023-11-15,0.01907492831317792,0.034124236603908065,0.0212933198732268,0.04112286754587524,14.16,-0.04065040650406504,-0.07390451275343357,0.015046728971962686,0.014098972922502506,4.44,-0.1899999999999995,4.8,-0.21999999999999975,-0.35999999999999943,5.33,0.0
2023-11-16,0.001597081655804411,0.019849430608528618,0.0002978661777699454,0.018549666690707456,14.18,0.0014124293785311437,0.0007057163020465218,-0.0007365804253752772,0.013352007469654481,4.53,0.08999999999999986,4.9,0.10000000000000053,-0.3700000000000001,5.33,0.0
2023-11-17,0.0011903492875668942,0.021063407651679134,0.0010109260942847698,0.019579345127090253,14.32,0.009873060648801113,0.010585744530698715,-0.0001842808440062349,0.01316526610644253,4.45,-0.08000000000000007,4.83,-0.07000000000000028,-0.3799999999999999,5.33,0.0
2023-11-18,0.0012820967827800178,0.022372509761643844,0.0003044241930074687,0.019889729746437546,13.8,-0.03631284916201116,-0.026111503175723305,0.0025804073357296176,0.015779645191410063,4.44,-0.009999999999999787,4.88,0.04999999999999982,-0.4399999999999995,5.33,0.0
2023-11-19,0.0,0.023227663746302474,0.0,0.022941601610562357,13.8,0.0,-0.06504065040650397,0.0,0.016728971962616912,4.44,0.0,4.88,0.0,-0.4399999999999995,5.33,0.0
2023-11-20,0.0,0.004075005004782417,0.0,0.0016139161054535833,13.8,0.0,-0.025423728813559254,0.0,0.001657305957094124,4.44,0.0,4.88,0.0,-0.4399999999999995,5.33,0.0
2023-11-21,0.007390308416887814,0.009882564047898335,0.011937752202141771,0.013269116239430723,13.41,-0.02826086956521745,-0.05430183356840612,0.006066734074823055,0.00847691882428836,4.42,-0.020000000000000462,4.89,0.009999999999999787,-0.46999999999999975,5.33,0.0
2023-11-22,-0.002020943928152108,0.00664339076890319,-0.005830139776103582,0.006344275972531177,13.35,-0.004474272930648837,-0.06773743016759781,-0.0020100502512562235,0.006635333149018541,4.41,-0.009999999999999787,4.86,-0.02999999999999936,-0.4500000000000002,5.33,0.0
2023-11-23,0.004061090434732906,0.009437264345306229,0.004253270757053285,0.010316965726080207,12.85,-0.03745318352059923,-0.06884057971014501,-0.004760596905612147,-0.0007353617060392725,4.42,0.009999999999999787,4.89,0.02999999999999936,-0.46999999999999975,5.33,0.0
2023-11-24,0.0,0.009437264345306229,0.0,0.010316965726080207,12.8,-0.0038910505836574627,-0.07246376811594202,0.0,-0.0007353617060392725,4.42,0.0,4.89,0.0,-0.46999999999999975,5.33,0.0
2023-11-25,0.0005969336920788049,0.01003983145843379,-0.0012111447817970689,0.009093325605080027,12.46,-0.026562499999999933,-0.09710144927536235,0.0057952350289760535,0.005055611729019027,4.47,0.04999999999999982,4.92,0.03000000000000025,-0.4500000000000002,5.33,0.0
2023-11-26,0.0,0.002630085895614531,0.0,-0.002810871114228064,12.46,0.0,-0.07084265473527218,0.0,-0.0010050251256282783,4.47,0.0,4.92,0.0,-0.4500000000000002,5.33,0.0
2023-11-27,0.0,0.0046604483285188625,0.0,0.0030369746485732207,12.46,0.0,-0.06666666666666654,0.0,0.001007049345417732,4.47,0.0,4.92,0.0,-0.4500000000000002,5.33,0.0
2023-11-28,-0.001954230217531494,-0.0013584630713114887,-0.0012532841613790424,-0.002462911034603832,12.69,0.01845906902086658,-0.012451361867704347,0.000274373513810211,0.006071198601784511,4.39,-0.08000000000000007,4.84,-0.08000000000000007,-0.4500000000000002,5.33,0.0
2023-11-29,0.0009801271528184774,-0.0003796673850352539,0.0030353377212601895,0.0005649509198888403,12.69,0.0,-0.008593750000000067,0.006400292584803902,0.012510348633980373,4.34,-0.04999999999999982,4.73,-0.10999999999999943,-0.39000000000000057,5.33,0.0
2023-11-30,-0.0009462358037187757,-0.001921330718919867,-0.0014259454618020806,0.0003497682706994354,12.98,0.022852639873916614,0.04173354735152479,-0.003452348505496472,0.003201024327784907,4.27,-0.07000000000000028,4.64,-0.09000000000000075,-0.3700000000000001,5.33,0.0
2023-12-01,0.0037841330116161753,0.0018555317216966127,-0.0024850509144587196,-0.002136151835720246,12.92,-0.0046224961479198745,0.036918138041733384,-0.005561126811924555,-0.002377903786354385,4.37,0.10000000000000053,4.73,0.09000000000000075,-0.3600000000000003,5.33,0.0
2023-12-02,0.005873724769035471,0.007740155373365365,0.0031170306755696764,0.000974220389049929,12.63,-0.02244582043343646,0.013643659711075395,-0.002750275027502691,-0.005121638924455718,4.22,-0.15000000000000036,4.56,-0.17000000000000082,-0.33999999999999986,5.33,0.0
2023-12-03,0.0,0.009713367747663293,0.0,0.0022302997497805066,12.63,0.0,-0.004728132387706752,0.0,-0.005394532321477352,4.22,0.0,4.56,0.0,-0.33999999999999986,5.33,0.0
2023-12-04,0.0,0.008724689289971721,0.0,-0.0008026018039490879,12.63,0.0,-0.004728132387706752,0.0,-0.011719814663395889,4.22,0.0,4.56,0.0,-0.33999999999999986,5.33,0.0
2023-12-05,-0.005408487734594569,0.004219242382289767,-0.009870867968780228,-0.009252795916835588,13.08,0.03562945368171011,0.007704160246533087,-0.004964147821290732,-0.013219071929984505,4.28,0.0600000000000005,4.64,0.08000000000000007,-0.35999999999999943,5.33,0.0
2023-12-06,-0.0005689551794614278,-0.00013573273786060547,0.0024015651841231556,-0.004399333578716247,12.85,-0.01758409785932724,-0.005417956656346812,-0.0034183296378418326,-0.011092775944261057,4.18,-0.10000000000000053,4.57,-0.0699999999999994,-0.39000000000000057,5.33,0.0
2023-12-07,-0.0039061302598102365,-0.009857159336007504,-0.005646910039294073,-0.013097606012909546,12.97,0.009338521400778177,0.02692003167062551,0.0002781125428756859,-0.008089722375436814,4.12,-0.05999999999999961,4.6,0.02999999999999936,-0.47999999999999954,5.33,0.0
2023-12-08,0.007968188792220499,-0.0019675142503313703,0.01484920557003555,0.001557110512965032,13.06,0.006939090208172738,0.03404592240696758,0.0003707136237256492,-0.007722007722007929,4.14,0.019999999999999574,4.58,-0.019999999999999574,-0.4400000000000004,5.33,0.0
2023-12-09,0.004095438100658821,0.002119866017503025,0.003882043302882332,0.005445198586286226,12.35,-0.054364471669219094,-0.022169437846397577,-0.004446914952751402,-0.01213458356315511,4.23,0.09000000000000075,4.71,0.1299999999999999,-0.47999999999999954,5.33,0.0
2023-12-10,0.0,0.007569292175990894,0.0,0.01546875660919711,12.35,0.0,-0.0558103975535168,0.0,-0.007206208425720617,4.23,0.0,4.71,0.0,-0.47999999999999954,5.33,0.0
2023-12-11,0.0,0.008142880289368826,0.0,0.013035884897759198,12.35,0.0,-0.03891050583657585,0.0,-0.0038008714193009663,4.23,0.0,4.71,0.0,-0.47999999999999954,5.33,0.0
2023-12-12,0.003924532563629679,0.01606826484720858,0.008519903087967462,0.027468876777056117,12.63,0.02267206477732797,-0.026214340786430257,9.305788200264509e-05,-0.003985171455050951,4.23,0.0,4.71,0.0,-0.47999999999999954,5.33,0.0
2023-12-13,0.004599302532861449,0.012672306071846773,0.008169288972261324,0.02070589527595268,12.07,-0.04433887569279493,-0.07580398162327717,0.004001116590676368,-0.00037057624606262607,4.2,-0.03000000000000025,4.73,0.020000000000000462,-0.5300000000000002,5.33,0.0
2023-12-14,0.013650752632599072,0.02230924100365539,0.012725744072641598,0.029697805801665922,12.19,0.009942004971002394,-0.012955465587044523,0.0002780352177942369,0.004373720454122321,4.04,-0.16000000000000014,4.46,-0.27000000000000046,-0.41999999999999993,5.33,0.0
2023-12-15,0.002647070695482867,0.025015365837237402,-0.0014816720070858214,0.02817213138705199,12.48,0.02378999179655472,0.010526315789473717,0.018901139627536256,0.023357528382653925,3.92,-0.1200000000000001,4.37,-0.08999999999999986,-0.4500000000000002,5.33,0.0
2023-12-16,-7.627845875146644e-05,0.02493717924493466,0.005177220953413997,0.033495205689385354,12.28,-0.01602564102564108,-0.005668016194331993,-0.008274984086569015,0.014889261120416997,3.91,-0.009999999999999787,4.44,0.07000000000000028,-0.5300000000000002,5.33,0.0
2023-12-17,0.0,0.020930504235858072,0.0,0.024764313054156384,12.28,0.0,-0.027711797307996888,0.0,0.014794826463198962,3.91,0.0,4.44,0.0,-0.5300000000000002,5.33,0.0
2023-12-18,0.0,0.016256433447466412,0.0,0.016460553067245476,12.28,0.0,0.0173985086992543,0.0,0.010750695088044493,3.91,0.0,4.44,0.0,-0.5300000000000002,5.33,0.0
2023-12-19,0.00452831947855481,0.007110550255040815,0.006397588948142463,0.010109060478663334,12.56,0.0228013029315961,0.03035274815422495,0.0012836970474967568,0.011766885944593852,3.95,0.040000000000000036,4.43,-0.010000000000000675,-0.47999999999999954,5.33,0.0
2023-12-20,0.005866395531329616,0.010344206545115364,0.004904422049277324,0.01656928387823542,12.53,-0.0023885350318472165,0.004006410256410131,0.005219780219779979,-0.001818677821224024,3.93,-0.020000000000000018,4.41,-0.019999999999999574,-0.48,5.33,0.0
2023-12-21,-0.014684263175886003,-0.004416012069867747,-0.015327878847360532,-0.004168208163768727,13.67,0.0909816440542699,0.11319218241042361,-0.0018219914366403023,0.004676324958738265,3.86,-0.07000000000000028,4.34,-0.07000000000000028,-0.48,5.33,0.0
2023-12-22,0.01030148882054327,0.00583998525170637,0.01227788060523749,0.008058495679296396,13.65,-0.001463057790782707,0.1115635179153096,0.0030117732956100873,0.007702182284980763,3.89,0.03000000000000025,4.33,-0.009999999999999787,-0.43999999999999995,5.33,0.0
2023-12-23,0.0016600832148312428,0.0075097633280287734,0.0011929051088443998,0.009261013808806284,13.03,-0.04542124542124548,0.06107491856677516,0.0016378525932665422,0.00935264991747653,3.9,0.009999999999999787,4.31,-0.020000000000000462,-0.4099999999999997,5.33,0.0
2023-12-24,0.0,0.0029680037801440573,0.0,0.0028452222979356012,13.03,0.0,0.03742038216560495,0.0,0.00805860805860803,3.9,0.0,4.31,0.0,-0.4099999999999997,5.33,0.0
2023-12-25,0.0,-0.0028814878040084313,0.0,-0.002049149855607668,13.03,0.0,0.03990422984836384,0.0,0.002824086726792574,3.9,0.0,4.31,0.0,-0.4099999999999997,5.33,0.0
2023-12-26,0.0,0.011978673364053227,0.0,0.013485432060581948,13.03,0.0,-0.04681784930504762,0.0,0.004654558729579428,3.9,0.0,4.31,0.0,-0.4099999999999997,5.33,0.0
2023-12-27,0.0042316647141837915,0.005898772844577849,0.00602357933887232,0.007223670006283767,12.99,-0.003069838833461125,-0.0483516483516484,0.002452761627906863,0.0040946314831664665,3.89,-0.009999999999999787,4.26,-0.04999999999999982,-0.36999999999999966,5.33,0.0
2023-12-28,0.001430441384365766,0.005668159246881466,0.0016790631372767262,0.00771275644617142,12.43,-0.043110084680523464,-0.04604758250191865,0.007159039420027158,0.00962936046511631,3.79,-0.10000000000000009,4.2,-0.05999999999999961,-0.41000000000000014,5.33,0.0
2023-12-29,0.0003701705294067992,0.006040427961797379,-0.0004927011616626675,0.007216255200448218,12.47,0.0032180209171359664,-0.0429777436684573,-0.003689040849379155,0.005904796511627897,3.84,0.04999999999999982,4.26,0.05999999999999961,-0.41999999999999993,5.33,0.0
2023-12-30,-0.0028264709879060046,0.0031968838795026766,-0.004292696321027911,0.002892581687269802,12.45,-0.0016038492381716951,-0.04451266308518809,-0.0009934073873384408,0.004905523255813948,3.88,0.040000000000000036,4.23,-0.02999999999999936,-0.35000000000000053,5.33,0.0
2023-12-31,0.0,0.0031968838795026766,0.0,0.002892581687269802,12.45,0.0,-0.04451266308518809,0.0,0.004905523255813948,3.88,0.0,4.23,0.0,-0.35000000000000053,5.33,0.0
2024-01-01,0.0,-0.0010304204408607687,0.0,-0.003112250762213997,12.45,0.0,-0.04157043879907629,0.0,0.0024467603081106404,3.88,0.0,4.23,0.0,-0.35000000000000053,5.33,0.0
2024-01-02,0.0,-0.0024573467347612787,0.0,-0.004783282466226502,12.45,0.0,0.0016090104585679832,0.0,-0.0046787835162857005,3.88,0.0,4.23,0.0,-0.35000000000000053,5.33,0.0
2024-01-03,-0.0056605790982068305,-0.008471050623517051,-0.016759251940308917,-0.020980005882189512,13.2,0.06024096385542177,0.05854049719326371,-0.009491954438618833,-0.010475932448297698,3.95,0.07000000000000028,4.33,0.09999999999999964,-0.3799999999999999,5.33,0.0
2024-01-04,-0.008016310936719062,-0.013631513072792867,-0.010605091652895249,-0.027186610190343186,14.04,0.06363636363636371,0.12771084337349392,-0.004380761157250945,-0.013831133610558766,3.91,-0.040000000000000036,4.33,0.0,-0.41999999999999993,5.33,0.0
2024-01-05,-0.003428406248073834,-0.01701318495627724,-0.0052833217969403545,-0.032326296377079955,14.13,0.0064102564102566095,0.13493975903614475,0.004400036666972085,-0.009491954438618833,3.99,0.08000000000000007,4.38,0.04999999999999982,-0.3899999999999997,5.33,0.0
2024-01-06,0.001825673750394552,-0.015218571731067998,0.001472176960952476,-0.03090170944488657,13.35,-0.05520169851380052,0.07228915662650603,0.0,-0.009491954438618833,4.05,0.05999999999999961,4.4,0.020000000000000462,-0.35000000000000053,5.33,0.0
2024-01-07,0.0,-0.015218571731067998,0.0,-0.03090170944488657,13.35,0.0,0.07228915662650603,0.0,-0.009491954438618833,4.05,0.0,4.4,0.0,-0.35000000000000053,5.33,0.0
2024-01-08,0.0,-0.009612404408338548,0.0,-0.014383514446981716,13.35,0.0,0.011363636363636465,0.0,0.0,4.05,0.0,4.4,0.0,-0.35000000000000053,5.33,0.0
2024-01-09,0.014114671594383177,0.012482969556687706,0.021089808769543472,0.01719034559693644,13.08,-0.020224719101123556,-0.06837606837606836,0.0017340512914119088,0.006141717847648609,4.01,-0.040000000000000036,4.36,-0.040000000000000036,-0.35000000000000053,5.33,0.0
2024-01-10,-0.001477892491718369,0.014464625438289636,0.0017315450511026231,0.024363699567805153,12.76,-0.024464831804281384,-0.09695682944090589,-0.003735422740524741,-0.0020078488637400582,4.02,0.009999999999999787,4.36,0.0,-0.34000000000000075,5.33,0.0
2024-01-11,0.005665930831493693,0.018353330892183495,0.006856049931948993,0.029870636416823748,12.69,-0.005485893416927956,-0.04943820224719098,0.0022862368541383127,0.00027379757232837143,4.04,0.020000000000000462,4.37,0.009999999999999787,-0.33000000000000007,5.33,0.0
2024-01-12,-0.000671063771963798,0.017669950864763084,0.0016584241695225543,0.031578598771738964,12.44,-0.01970055161544526,-0.06816479400749065,-0.0015510948905109734,-0.0012777220041980675,3.98,-0.06000000000000005,4.26,-0.11000000000000032,-0.2799999999999998,5.33,0.0
2024-01-13,0.0007510083175741311,0.018434229462407803,0.0007145872099587613,0.03231575164448852,12.7,0.020900321543408262,-0.048689138576779034,0.001462121904413749,0.00018253171488558095,3.96,-0.020000000000000018,4.14,-0.1200000000000001,-0.17999999999999972,5.33,0.0
2024-01-14,0.0,0.004259437309227954,0.0,0.0109940798336563,12.7,0.0,-0.02905198776758411,0.0,-0.0015488338192417572,3.96,0.0,4.14,0.0,-0.17999999999999972,5.33,0.0
2024-01-15,0.0,0.005745821507410875,0.0,0.009246524009664858,12.7,0.0,-0.004702194357366851,0.0,0.002194787379972807,3.96,0.0,4.14,0.0,-0.17999999999999972,5.33,0.0
2024-01-16,0.0,7.944057113595804e-05,0.0,0.0023741964681818217,13.25,0.04330708661417337,0.044129235618597384,0.0,-9.12408759123906e-05,3.96,0.0,4.14,0.0,-0.17999999999999972,5.33,0.0
2024-01-17,-0.0037313198838587747,-0.002983113818553096,-0.00013129035247594345,0.0005832030390762188,13.84,0.044528301886792354,0.112540192926045,-0.007026188520850463,-0.005574339760577529,4.07,0.11000000000000032,4.22,0.08000000000000007,-0.14999999999999947,5.33,0.0
2024-01-18,-0.0056168930629166836,-0.009327254522004336,-0.0056105773315564544,-0.0057411310693569195,14.79,0.0686416184971097,0.1645669291338583,-0.002205476934386996,-0.0092161693585181,4.1,0.02999999999999936,4.34,0.1200000000000001,-0.2400000000000002,5.33,0.0
2024-01-19,0.00880526501252299,-0.0006041184573867264,0.014699204363215923,0.00887368323499449,14.13,-0.04462474645030412,0.1125984251968506,0.0004604899613187552,-0.008759923350670773,4.14,0.040000000000000036,4.34,0.0,-0.20000000000000018,5.33,0.0
2024-01-20,0.012313478102632613,0.011701920845849534,0.01953270142012653,0.028579711660246865,13.3,-0.05874026893135176,0.047244094488189115,0.002209334438000532,-0.006569942513003135,4.15,0.010000000000000675,4.39,0.04999999999999982,-0.23999999999999932,5.33,0.0
2024-01-21,0.0,0.011701920845849534,0.0,0.028579711660246865,13.3,0.0,0.0037735849056603765,0.0,-0.006569942513003135,4.15,0.0,4.39,0.0,-0.23999999999999932,5.33,0.0
2024-01-22,0.0,0.015491042765601426,0.0,0.028714771985257848,13.3,0.0,-0.039017341040462394,0.0,0.00045947436133064734,4.15,0.0,4.39,0.0,-0.23999999999999932,5.33,0.0
2024-01-23,0.002194301015948863,0.02346804636215749,0.0009460552154325619,0.035497733068519555,13.19,-0.008270676691729428,-0.10818120351588911,0.0007348213465601106,0.003407625713759188,4.11,-0.040000000000000036,4.37,-0.019999999999999574,-0.2599999999999998,5.33,0.0
2024-01-24,0.0029213904746590025,0.01749865089292091,0.004260148940761654,0.02484470586711196,12.55,-0.04852160727824095,-0.11181882519462139,-0.006057824690224867,-0.003129890453834161,4.14,0.02999999999999936,4.31,-0.0600000000000005,-0.16999999999999993,5.33,0.0
2024-01-25,0.0008119886527155895,0.005938249642031268,0.005463620583755269,0.010702321820492022,13.14,0.04701195219123511,-0.012030075187969946,0.006648813371502582,0.0012859373564801935,4.18,0.040000000000000036,4.34,0.03000000000000025,-0.16000000000000014,5.33,0.0
2024-01-26,0.005260293105750158,0.011229779681433572,0.0010108975787603836,0.01172403835046798,13.45,0.023592085235920823,0.011278195488721776,-0.005871021007247013,-0.004592633416000691,4.14,-0.040000000000000036,4.28,-0.05999999999999961,-0.14000000000000057,5.33,0.0
2024-01-27,-0.0006517972440622799,0.010570662897923633,-0.005479251857767986,0.006180547533787495,13.26,-0.014126394052044522,-0.00300751879699257,0.002676017347974513,-0.0019289060347202902,4.15,0.010000000000000675,4.34,0.05999999999999961,-0.1899999999999995,5.33,0.0
2024-01-28,0.0,0.008358021866102572,0.0,0.005229544880146708,13.26,0.0,0.005307050796057533,0.0,-0.002661771454795736,4.15,0.0,4.34,0.0,-0.1899999999999995,5.33,0.0
2024-01-29,0.0,0.005420795132179412,0.0,0.0009652836871079096,13.26,0.0,0.05657370517928273,0.0,0.003416751315910904,4.15,0.0,4.34,0.0,-0.1899999999999995,5.33,0.0
2024-01-30,0.007556783214781593,0.012196649926569547,0.010060266310621513,0.00554136451172349,13.6,0.02564102564102555,0.035007610350076046,-0.005429780968157605,-0.008623062104394119,4.08,-0.07000000000000028,4.29,-0.04999999999999982,-0.20999999999999996,5.33,0.0
2024-01-31,-0.000600657882721567,0.006295258021805639,-0.006794621814737001,-0.002299481817367166,13.31,-0.02132352941176463,-0.010408921933085402,0.0034237068566669304,0.0006459352219247982,4.06,-0.020000000000000462,4.36,0.07000000000000028,-0.3000000000000007,5.33,0.0
2024-02-01,-0.01610568186202166,-0.009266055608601276,-0.01942413646504393,-0.016288952247888955,14.35,0.07813673929376397,0.08220211161387625,0.0010143858354849655,-0.001012332044910802,3.99,-0.0699999999999994,4.27,-0.09000000000000075,-0.27999999999999936,5.33,0.0
2024-02-02,0.012493679898465615,0.0031118571571691067,0.012106383525001485,-0.0043797690260208855,13.88,-0.032752613240418005,0.046757164404223284,0.0009212344541686956,-9.2030185900982e-05,3.87,-0.1200000000000001,4.2,-0.0699999999999994,-0.33000000000000007,5.33,0.0
2024-02-03,0.01068446187367389,0.013829567549995092,0.017182184078027296,0.012727161054382208,13.85,-0.002161383285302687,0.044494720965309265,-0.0071790151863783125,-0.007270384686177134,4.03,0.16000000000000014,4.36,0.16000000000000014,-0.33000000000000007,5.33,0.0
2024-02-04,0.0,0.00622573778442459,0.0,0.002640332297697112,13.85,0.0,0.018382352941176405,0.0,-0.0018506523549550735,4.03,0.0,4.36,0.0,-0.33000000000000007,5.33,0.0
2024-02-05,0.0,0.006830498459889034,0.0,0.009499499619779694,13.85,0.0,0.040570999248685125,0.0,-0.005256362965695316,4.03,0.0,4.36,0.0,-0.33000000000000007,5.33,0.0
2024-02-06,-0.00318637682737688,0.02005097355359986,-0.0016828461354903013,0.027764097369237906,13.67,-0.012996389891696714,-0.04738675958188154,-0.004727913228886549,-0.010962690004606035,4.17,0.13999999999999968,4.46,0.09999999999999964,-0.29000000000000004,5.33,0.0
2024-02-07,0.002310426660138587,0.009791712102466432,-0.002288645231033448,0.013146371429675119,13.06,-0.044623262618873394,-0.05907780979827093,0.001397168405365079,-0.01049240681086061,4.09,-0.08000000000000007,4.39,-0.07000000000000028,-0.2999999999999998,5.33,0.0
2024-02-08,0.008241442161546875,0.007350850339107318,0.010376304649306167,0.006367495279925528,12.83,-0.01761102603369069,-0.07364620938628152,0.0016742628592689712,-0.0016686752572541153,4.09,0.0,4.41,0.020000000000000462,-0.3200000000000003,5.33,0.0
2024-02-09,0.0005705637169521882,0.007925608184551791,0.0015826465342010376,0.007960219308462912,12.79,-0.003117692907248726,-0.07653429602888095,0.0004642956634783868,-0.0012051543524613795,4.15,0.0600000000000005,4.46,0.04999999999999982,-0.3099999999999996,5.33,0.0
2024-02-10,0.005742400323335062,0.013713520522888434,0.010079192854817398,0.018119644748856967,12.93,0.01094605160281481,-0.06642599277978334,0.0007425283088919876,-0.0004635209047927358,4.17,0.019999999999999574,4.48,0.020000000000000462,-0.3100000000000005,5.33,0.0
2024-02-11,0.0,0.01695391892466014,0.0,0.0198358716042204,12.93,0.0,-0.054133138258961266,0.0,0.004284649776453042,4.17,0.0,4.48,0.0,-0.3100000000000005,5.33,0.0
2024-02-12,0.0,0.014609737537417455,0.0,0.022175268156968242,12.93,0.0,-0.009954058192955695,0.0,0.0028834527020742406,4.17,0.0,4.48,0.0,-0.3100000000000005,5.33,0.0
2024-02-13,-0.0009489496897510108,0.005361296961397866,-0.004439827395098961,0.007186116416324939,13.93,0.07733952049497295,0.0857365549493374,-0.0007419773696903942,0.0004642956634783868,4.17,0.0,4.46,-0.020000000000000462,-0.29000000000000004,5.33,0.0
2024-02-14,-0.013674270785210219,-0.008951741828084114,-0.015782886885955527,-0.01027657048771391,15.85,0.13783201722900218,0.23924941360437857,-0.005012066085019362,-0.005012066085019362,4.31,0.13999999999999968,4.64,0.17999999999999972,-0.33000000000000007,5.33,0.0
2024-02-15,0.00957972369210025,-0.005170482691117861,0.011773014507608481,-0.00861688381458825,14.38,-0.0927444794952681,0.1121423047177108,0.0013992537313431974,-0.004359117046930261,4.27,-0.040000000000000036,4.56,-0.08000000000000007,-0.29000000000000004,5.33,0.0
2024-02-16,0.0058212781615079034,0.0006206966524158197,0.0021389707670251834,-0.006496344310145341,14.01,-0.025730180806675995,0.08352668213457082,0.0024219841639498974,-0.0019476905954368684,4.24,-0.02999999999999936,4.56,0.0,-0.3199999999999994,5.33,0.0
2024-02-17,-0.004803438753173572,-0.004185723579111955,-0.008951165881791345,-0.015389360336391378,14.24,0.016416845110635236,0.10131477184841464,0.0007434253322180506,-0.0012057132257466963,4.3,0.05999999999999961,4.64,0.08000000000000007,-0.33999999999999986,5.33,0.0
2024-02-18,0.0,-0.003239848342440288,0.0,-0.01099836377809571,14.24,0.0,0.022254127781766053,0.0,-0.00046408019305732573,4.3,0.0,4.64,0.0,-0.33999999999999986,5.33,0.0
2024-02-19,0.0,0.010579083697914493,0.0,0.004861247629317944,14.24,0.0,-0.10157728706624602,0.0,0.0045708955223879855,4.3,0.0,4.64,0.0,-0.33999999999999986,5.33,0.0
2024-02-20,0.0,0.0009898772552203727,0.0,-0.0068313413969181,14.71,0.03300561797752821,0.02294853963838661,0.0,0.0031672100605497633,4.3,0.0,4.64,0.0,-0.33999999999999986,5.33,0.0
2024-02-21,-0.006005310084565729,-0.010779902698554222,-0.007909089572644579,-0.016789459881697222,15.42,0.048266485384092395,0.100642398286938,0.004178660971306369,0.004925192825945501,4.27,-0.03000000000000025,4.59,-0.04999999999999982,-0.3200000000000003,5.33,0.0
2024-02-22,0.0012641920124771833,-0.004748709937129947,-0.003829340993155128,-0.011708143964880624,15.34,-0.005188067444876765,0.077247191011236,0.00036989088218986055,0.004550097502089345,4.32,0.05000000000000071,4.64,0.04999999999999982,-0.3199999999999994,5.33,0.0
2024-02-23,0.021122887309807714,0.01627387090780874,0.030081395235744157,0.018021053964778933,14.54,-0.052151238591916615,0.02106741573033699,-0.00027731558513610644,0.004271520104002224,4.33,0.009999999999999787,4.69,0.05000000000000071,-0.3600000000000003,5.33,0.0
2024-02-24,0.00034794369209545373,0.016627476990632495,-0.003726249257138381,0.014227653768691395,13.75,-0.054332874828060485,-0.034410112359550604,0.0012020342117429195,0.005478688829046341,4.26,-0.07000000000000028,4.67,-0.020000000000000462,-0.41000000000000014,5.33,0.0
2024-02-25,0.0,0.016627476990632495,0.0,0.014227653768691395,13.75,0.0,-0.06526172671651942,0.0,0.005478688829046341,4.26,0.0,4.67,0.0,-0.41000000000000014,5.33,0.0
2024-02-26,0.0,0.022769525134106905,0.0,0.022313220601729356,13.75,0.0,-0.1083009079118028,0.0,0.0012946180876642899,4.26,0.0,4.67,0.0,-0.41000000000000014,5.33,0.0
2024-02-27,-0.0037867473667663187,0.017610100766791037,-0.00023860480855586452,0.025998188674236644,13.74,-0.0007272727272726875,-0.10430247718383312,0.002493535278906389,0.003420225550009093,4.28,0.020000000000000462,4.69,0.020000000000000462,-0.41000000000000014,5.33,0.0
2024-02-28,0.0017062725735916828,-0.0017397184604768245,0.0021033461158634914,-0.0018689564391520808,13.43,-0.022561863173216956,-0.0763411279229711,0.00018424689083396117,0.003883495145631244,4.31,0.02999999999999936,4.7,0.009999999999999787,-0.39000000000000057,5.33,0.0
2024-02-29,-0.0016580743494716277,-0.0037415500707436156,-0.005372529707501794,-0.0035183059504583225,13.84,0.03052866716306779,0.006545454545454632,-0.0012894906511928816,0.0013852973771704136,4.27,-0.040000000000000036,4.64,-0.0600000000000005,-0.3700000000000001,5.33,0.0
2024-03-01,0.005229044372909275,0.0014679295708222018,0.00947439089205293,0.005922751135742033,13.4,-0.03179190751445082,-0.025454545454545396,-0.0033201143594946414,-0.0019394163280384014,4.25,-0.019999999999999574,4.64,0.0,-0.3899999999999997,5.33,0.0
2024-03-02,0.008007817482197588,0.009487501965099732,0.014357246374803623,0.020365031907818132,13.11,-0.02164179104477615,-0.046545454545454557,0.002313315443693842,0.00036941263391199186,4.19,-0.05999999999999961,4.54,-0.09999999999999964,-0.34999999999999964,5.33,0.0
2024-03-03,0.0,0.013324706629608718,0.0,0.02060855401645978,13.11,0.0,-0.04585152838427953,0.0,-0.002118839244587667,4.19,0.0,4.54,0.0,-0.34999999999999964,5.33,0.0
2024-03-04,0.0,0.011598643608536907,0.0,0.018466366739839923,13.11,0.0,-0.023827252419955314,0.0,-0.00230266187713013,4.19,0.0,4.54,0.0,-0.34999999999999964,5.33,0.0
2024-03-05,-0.0011932849011501157,0.012069604872814388,-0.004175838705429924,0.01969173962908055,13.49,0.02898550724637694,-0.025289017341040387,0.0027695716395865766,0.0017522825786222551,4.22,0.02999999999999936,4.61,0.07000000000000028,-0.39000000000000057,5.33,0.0
2024-03-06,-0.010193044173106403,-0.003457430630637859,-0.01802926291856688,-0.008090291151832907,14.46,0.0719051148999259,0.07910447761194028,-9.206407659734239e-05,0.004996761358378787,4.13,-0.08999999999999986,4.54,-0.07000000000000028,-0.41000000000000014,5.33,0.0
2024-03-07,0.005141130024711504,-0.0062915119094894,0.006687946666279254,-0.015589870681765872,14.5,0.0027662517289073207,0.10602593440122043,0.00478777276493858,0.0074778434268834015,4.11,-0.019999999999999574,4.55,0.009999999999999787,-0.4399999999999995,5.33,0.0
2024-03-08,0.010304108322428451,0.003947767992711793,0.01556369699132576,-0.00026880971386511465,14.44,-0.004137931034482789,0.10144927536231885,0.0025657472738935816,0.010062776957164177,4.09,-0.020000000000000462,4.5,-0.04999999999999982,-0.41000000000000014,5.33,0.0
2024-03-09,-0.00652853397862474,-0.002606539123393148,-0.015277087811284229,-0.015541790895546082,14.74,0.020775623268698196,0.124332570556827,0.0,0.010062776957164177,4.09,0.0,4.48,-0.019999999999999574,-0.39000000000000057,5.33,0.0
2024-03-10,0.0,-0.0014149426519456387,0.0,-0.011413613599553951,14.74,0.0,0.09266123054114161,0.0,0.0072730620511876065,4.09,0.0,4.48,0.0,-0.39000000000000057,5.33,0.0
2024-03-11,0.0,0.008868498518306955,0.0,0.006737114528153398,14.74,0.0,0.019363762102351245,0.0,0.007365804253751884,4.09,0.0,4.48,0.0,-0.39000000000000057,5.33,0.0
2024-03-12,-0.001122238074512727,0.0025819039484715756,-0.0037050911704392675,-0.0036564309171548404,15.22,0.03256445047489831,0.04965517241379325,-0.0011881912073851142,0.00137450746815726,4.1,0.009999999999999787,4.51,0.02999999999999936,-0.41000000000000014,5.33,0.0
2024-03-13,0.011201772588189884,0.0034727069663549326,0.014896647613678926,-0.004310856001123686,13.84,-0.09067017082785811,-0.04155124653739606,-0.0009150805270863316,-0.0021021844438351422,4.16,0.0600000000000005,4.58,0.07000000000000028,-0.41999999999999993,5.33,0.0
2024-03-14,-0.001924537270519222,0.00812305194108176,-0.008268241423428413,0.0027760434443584447,13.75,-0.006502890173410436,-0.06716417910447758,0.002381388532698203,0.00027419797093508613,4.19,0.03000000000000025,4.61,0.03000000000000025,-0.41999999999999993,5.33,0.0
2024-03-15,-0.002871076469757039,0.005228653568033925,-0.002969814267616444,-0.00020201515668660797,14.4,0.047272727272727355,-0.023066485753052923,-0.00511695906432752,-0.0048441641531853374,4.29,0.09999999999999964,4.68,0.0699999999999994,-0.3899999999999997,5.33,0.0
2024-03-16,-0.006482890915021411,-0.0012881341377014577,-0.0114661214856,-0.011665820311958064,14.41,0.000694444444444331,-0.02238805970149249,0.0,-0.0048441641531853374,4.31,0.019999999999999574,4.72,0.040000000000000036,-0.41000000000000014,5.33,0.0
2024-03-17,0.0,-0.0001660824472344835,0.0,-0.00799033405768479,14.41,0.0,-0.05321944809461243,0.0,-0.0036603221083455484,4.31,0.0,4.72,0.0,-0.41000000000000014,5.33,0.0
2024-03-18,0.0,-0.011241925542049058,0.0,-0.022551046675715836,14.41,0.0,0.04118497109826591,0.0,-0.002747755999267354,4.31,0.0,4.72,0.0,-0.41000000000000014,5.33,0.0
2024-03-19,0.006318044044564486,-0.0030762916456128497,0.009925736666994034,-0.004619096138190004,14.33,-0.005551700208188737,0.0421818181818181,-0.00018368846436445097,-0.005299707602339221,4.34,0.03000000000000025,4.73,0.010000000000000675,-0.39000000000000057,5.33,0.0
2024-03-20,0.005649179907640134,0.005442211211382331,0.0026238517520982274,0.0009653168698420256,13.82,-0.03558967201674812,-0.040277777777777746,-0.0024802498622082947,-0.002663482733284206,4.3,-0.040000000000000036,4.68,-0.05000000000000071,-0.3799999999999999,5.33,0.0
2024-03-21,0.008904105621114988,0.02101389657012076,0.011529929792260418,0.024250558027880453,13.04,-0.05643994211287995,-0.09507286606523258,-0.0002762685330142123,-0.0029390154298311044,4.27,-0.03000000000000025,4.59,-0.08999999999999986,-0.3200000000000003,5.33,0.0
2024-03-22,0.0032365990253835353,0.02431850915266276,0.00440074100430321,0.028758019457274075,12.92,-0.009202453987730008,-0.10340041637751562,0.00046057479734717965,-0.002479794268919866,4.27,0.0,4.62,0.03000000000000025,-0.35000000000000053,5.33,0.0
2024-03-23,-0.0014022623165372838,0.022882145907146434,0.0010403714333435676,0.029828309912540485,13.06,0.010835913312693624,-0.09368494101318525,-0.004051192339563525,-0.006520940484937454,4.22,-0.04999999999999982,4.59,-0.03000000000000025,-0.3700000000000001,5.33,0.0
2024-03-24,0.0,0.016460106186716228,0.0,0.019706967079807125,13.06,0.0,-0.08862526168876483,0.0,-0.006338416314532358,4.22,0.0,4.59,0.0,-0.3700000000000001,5.33,0.0
2024-03-25,0.0,0.010750196485089347,0.0,0.017038409068222293,13.06,0.0,-0.05499276410998555,0.0,-0.0038677594621971956,4.22,0.0,4.59,0.0,-0.3700000000000001,5.33,0.0
2024-03-26,-0.0030549197773100945,-0.0012307115158615156,-0.003401412474971832,0.0020257553271334494,13.19,0.009954058192955584,0.011503067484662566,0.0018489414810021199,-0.0017501842299187942,4.25,0.03000000000000025,4.54,-0.04999999999999982,-0.29000000000000004,5.33,0.0
2024-03-27,-0.0027998213940082506,-0.007240252369060118,-0.003639535023685414,-0.0059955088267820145,13.24,0.0037907505686125553,0.024767801857585203,-0.0007382116822000073,-0.002946321701500887,4.24,-0.009999999999999787,4.56,0.019999999999999574,-0.3199999999999994,5.33,0.0
2024-03-28,0.008630596627706266,0.0027339525962040145,0.003860401723397411,-0.0031952993112112082,12.78,-0.03474320241691853,-0.0214395099540583,-0.0007387570412780153,0.00036978829620037956,4.2,-0.040000000000000036,4.54,-0.019999999999999574,-0.33999999999999986,5.33,0.0
2024-03-29,0.001116511606195525,0.0038535166922040176,-0.0014304594318423902,-0.004621187997016274,13.01,0.017996870109546093,-0.003828483920367609,-0.0018482580168192042,-0.0014791531848017403,4.2,0.0,4.59,0.04999999999999982,-0.3899999999999997,5.33,0.0
2024-03-30,0.0,0.0038535166922040176,0.0,-0.004621187997016274,13.01,0.0,-0.003828483920367609,-0.0009258401999815424,-0.0024036239253029112,4.2,0.0,4.59,0.0,-0.3899999999999997,5.33,0.0
2024-03-31,0.0,0.006929605859503196,0.0,-0.001223938642210598,13.01,0.0,-0.013646702047005244,0.0,-0.004244717172649404,4.2,0.0,4.59,0.0,-0.3899999999999997,5.33,0.0
2024-04-01,0.0,0.009756744395204908,0.0,0.002424420143499084,13.01,0.0,-0.017371601208459264,0.0,-0.0035090959460707394,4.2,0.0,4.59,0.0,-0.3899999999999997,5.33,0.0
2024-04-02,-0.0020135697089078697,-0.0008993062766623483,0.002109594849323715,0.0006761177276317643,13.65,0.04919292851652579,0.068075117370892,-0.005374849411546645,-0.008132335274004365,4.33,0.1299999999999999,4.72,0.1299999999999999,-0.3899999999999997,5.33,0.0
2024-04-03,-0.00723906654944817,-0.009238059893231343,-0.009370695121684647,-0.007280868642524196,14.61,0.0703296703296703,0.12298232129131437,0.003354141432963864,-0.002962688639940869,4.36,0.03000000000000025,4.7,-0.019999999999999574,-0.33999999999999986,5.33,0.0
2024-04-04,0.0010910886106099138,-0.008157050824554979,0.0021195489626295583,-0.005176751837473015,14.33,-0.019164955509924697,0.10146041506533443,0.005385829696350708,0.0033361134278566684,4.36,0.0,4.68,-0.020000000000000462,-0.3199999999999994,5.33,0.0
2024-04-05,-0.012334284436888443,-0.02039072387640728,-0.015495983246871292,-0.020592516224597568,16.35,0.14096301465457084,0.2567255956956189,0.003509744158123329,0.0068575664905941025,4.31,-0.05000000000000071,4.65,-0.02999999999999936,-0.34000000000000075,5.33,0.0
2024-04-06,0.011099216857287653,-0.009517828085300772,0.012846514135752107,-0.00801054413961555,16.03,-0.01957186544342504,0.23212913143735592,-0.0022089277496548654,0.004633490872023138,4.39,0.08000000000000007,4.73,0.08000000000000007,-0.34000000000000075,5.33,0.0
2024-04-07,0.0,-0.00751939921087319,0.0,-0.010098834539610468,16.03,0.0,0.1743589743589744,0.0,0.01006242429889137,4.39,0.0,4.73,0.0,-0.34000000000000075,5.33,0.0
2024-04-08,0.0,-0.00028237680591503,0.0,-0.0007350271330961444,16.03,0.0,0.09719370294318974,0.0,0.0066858575540904575,4.39,0.0,4.73,0.0,-0.34000000000000075,5.33,0.0
2024-04-09,-0.00037468728023148934,-0.0017461416984393408,-0.000456692617704646,-0.0033039301901577334,15.19,-0.05240174672489095,0.06001395673412424,0.0011069089567381507,0.00240140389766319,4.42,0.03000000000000025,4.78,0.04999999999999982,-0.3600000000000003,5.33,0.0
2024-04-10,0.0014454894769517779,0.012181356501871798,0.0038513407870306438,0.01628299022640256,14.98,-0.013824884792626668,-0.08379204892966363,0.00027642126600935235,-0.00082834790612063,4.36,-0.05999999999999961,4.74,-0.040000000000000036,-0.3799999999999999,5.33,0.0
2024-04-11,-0.009456977183866844,-0.008396838023649433,-0.008709459050407542,-0.00534611999032486,15.8,0.05473965287049398,-0.014348097317529618,-0.0109616801768605,-0.009593210958398601,4.55,0.1899999999999995,4.97,0.22999999999999954,-0.41999999999999993,5.33,0.0
2024-04-12,0.007444813046443954,-0.0010145378664729865,0.01645212959390152,0.011018054544671418,14.91,-0.05632911392405071,-0.06986899563318782,-0.00139703827884885,-0.010976847154321567,4.56,0.009999999999999787,4.93,-0.040000000000000036,-0.3700000000000001,5.33,0.0
2024-04-13,-0.014550707243232486,-0.015550482866223292,-0.016631545369833134,-0.005796738099208776,17.31,0.16096579476861161,0.07985028072364297,-0.006994963626189232,-0.017895028133936064,4.5,-0.05999999999999961,4.88,-0.04999999999999982,-0.3799999999999999,5.33,0.0
2024-04-14,0.0,-0.015181483894902259,0.0,-0.005342485355125937,17.31,0.0,0.13956550362080322,0.0,-0.018980926932645303,4.5,0.0,4.88,0.0,-0.3799999999999999,5.33,0.0
2024-04-15,0.0,-0.016602973947726585,0.0,-0.009158553431774519,17.31,0.0,0.15554072096128158,0.0,-0.01925202652910829,4.5,0.0,4.88,0.0,-0.3799999999999999,5.33,0.0
2024-04-16,-0.012021290507689297,-0.019148787747256257,-0.01647791622624284,-0.01692349118487202,19.23,0.11091854419410763,0.21708860759493676,-0.00028176951253866545,-0.008661637328862937,4.63,0.1299999999999999,4.93,0.04999999999999982,-0.2999999999999998,5.33,0.0
2024-04-17,-0.002056572537150636,-0.028399364500505953,0.0003857268635887312,-0.03246234702026107,18.4,-0.0431617264690588,0.2340710932260226,-0.00150319428786172,-0.008767021078157078,4.67,0.040000000000000036,4.97,0.040000000000000036,-0.2999999999999998,5.33,0.0
2024-04-18,-0.005780564238499708,-0.019752469546649554,-0.01242205168214816,-0.028320620057555645,18.21,-0.010326086956521596,0.051993067590988096,0.0015054572826496138,-0.00028176951253866545,4.59,-0.08000000000000007,4.93,-0.040000000000000036,-0.33999999999999986,5.33,0.0
2024-04-19,-0.0022081912146246774,-0.021917043531554214,-0.0056769267881661145,-0.0338367727590595,18.0,-0.011532125205930832,0.03986135181975747,0.001503194287861831,0.0012210012210012167,4.64,0.04999999999999982,4.98,0.05000000000000071,-0.34000000000000075,5.33,0.0
2024-04-20,-0.00875852104918673,-0.030483603693633787,-0.02050440632597672,-0.053647376147624715,18.71,0.03944444444444439,0.08087810514153682,-0.000469043151970161,0.0007513853667699966,4.62,-0.019999999999999574,4.97,-0.010000000000000675,-0.34999999999999964,5.33,0.0
2024-04-21,0.0,-0.018686954494628427,0.0,-0.037792196570475944,18.71,0.0,-0.027041081643265685,0.0,0.0010334460729048978,4.62,0.0,4.97,0.0,-0.34999999999999964,5.33,0.0
2024-04-22,0.0,-0.016664654027291448,0.0,-0.03816320286152031,18.71,0.0,0.016847826086956674,0.0,0.0025404591644710983,4.62,0.0,4.97,0.0,-0.34999999999999964,5.33,0.0
2024-04-23,0.008731224445012842,-0.002311731289611485,0.010168068953171128,-0.016161892164114677,16.94,-0.09460181721004812,-0.06974190005491487,0.0,0.0010334460729048978,4.62,0.0,4.97,0.0,-0.34999999999999964,5.33,0.0
2024-04-24,0.01196463497385536,0.011859624195788676,0.015140414005318847,0.004435933359817179,15.69,-0.0737898465171194,-0.1283333333333334,0.0037541060534960202,0.0032833020637896837,4.61,-0.009999999999999787,4.86,-0.10999999999999943,-0.25,5.33,0.0
2024-04-25,0.0002129946455513565,0.021017750335700303,0.0031668772003727863,0.0287099453269668,15.97,0.017845761631612556,-0.14644575093532874,-0.0007480130902289828,0.003003284842796994,4.65,0.040000000000000036,4.89,0.02999999999999936,-0.23999999999999932,5.33,0.0
2024-04-26,-0.004576437949929346,0.01634512595551252,-0.005494442796174948,0.023057757378511567,15.37,-0.037570444583594376,-0.17851416354890437,0.0031814353887902325,0.006194274988268633,4.7,0.04999999999999982,4.96,0.07000000000000028,-0.2599999999999998,5.33,0.0
2024-04-27,0.010209134739185721,0.026721130287907124,0.016511287685379017,0.039949758329346885,15.03,-0.022121014964216035,-0.1966862640299306,-0.0032646208376084784,0.00290943219145956,4.67,-0.03000000000000025,4.96,0.0,-0.29000000000000004,5.33,0.0
2024-04-28,0.0,0.01783419151399035,0.0,0.02948191522925314,15.03,0.0,-0.11275088547815826,0.0,0.00290943219145956,4.67,0.0,4.96,0.0,-0.29000000000000004,5.33,0.0
2024-04-29,0.0,0.005800159745984024,0.0,0.014127603458667037,15.03,0.0,-0.042065009560229405,0.0,-0.0008415147265076195,4.67,0.0,4.96,0.0,-0.29000000000000004,5.33,0.0
2024-04-30,0.003178456301617949,0.008782186397666925,0.0036357889865281656,0.014601638633407132,14.67,-0.0239520958083832,-0.0814026299311209,0.0029009919520870397,0.0028071488724619176,4.63,-0.040000000000000036,4.97,0.009999999999999787,-0.33999999999999986,5.33,0.0
2024-05-01,-0.015730517164206925,-0.002521581009504059,-0.019233840492343224,0.0005846074409798785,15.65,0.06680299931833678,0.018217306441119074,-0.0030792199309509494,-0.003451170599757525,4.69,0.0600000000000005,5.04,0.07000000000000028,-0.34999999999999964,5.33,0.0
2024-05-02,-0.003435477561168243,-0.015994243092102622,-0.007003163292278014,-0.022561419549279593,15.39,-0.016613418530351476,0.023952095808383422,-0.0003743916136278447,-0.0005614823133071045,4.63,-0.0600000000000005,4.96,-0.08000000000000007,-0.33000000000000007,5.33,0.0
2024-05-03,0.009128425650457572,-0.007011819700546762,0.012875789254874093,-0.009976126377812644,14.68,-0.046133853151397064,-0.02328675981370587,0.002434456928838813,0.0018716077110236817,4.58,-0.04999999999999982,4.87,-0.08999999999999986,-0.29000000000000004,5.33,0.0
2024-05-04,0.012556771059594851,0.005456905544357182,0.019910452560037317,0.009735696991246323,13.49,-0.08106267029972747,-0.10246174318030599,0.0059779562861945745,0.007860752386299907,4.5,-0.08000000000000007,4.81,-0.0600000000000005,-0.3099999999999996,5.33,0.0
2024-05-05,0.0,0.0022712302366809656,0.0,0.006077810368717351,13.49,0.0,-0.08043626448534424,0.0,0.004945413828496559,4.5,0.0,4.81,0.0,-0.3099999999999996,5.33,0.0
2024-05-06,0.0,0.01828944990656689,0.0,0.02580803855810765,13.49,0.0,-0.13801916932907354,0.0,0.008049419692998772,4.5,0.0,4.81,0.0,-0.3099999999999996,5.33,0.0
2024-05-07,0.010326085896653403,0.03235101297428056,0.011333758132671568,0.04475085962739378,13.49,0.0,-0.12345679012345678,0.0008356545961003548,0.009269662921348232,4.49,-0.009999999999999787,4.82,0.010000000000000675,-0.33000000000000007,5.33,0.0
2024-05-08,0.0013434374239973401,0.02438687255637606,-0.00011716869584055267,0.03134901496675879,13.23,-0.01927353595255743,-0.09877384196185279,-0.0011132758140830479,0.0056977395852793045,4.47,-0.020000000000000462,4.82,0.0,-0.35000000000000053,5.33,0.0
2024-05-09,-5.782909574536532e-06,0.011677545297291925,-0.0003559692561957428,0.010855299930690565,13.0,-0.017384731670445963,-0.036323202372127494,-0.0011145165784341993,-0.001392757660167221,4.48,0.010000000000000675,4.84,0.019999999999999574,-0.35999999999999943,5.33,0.0
2024-05-10,0.005090917502462489,0.01682791221949409,0.001573126030895322,0.01244550271648004,12.69,-0.02384615384615385,-0.05930318754633068,0.0014876801487679892,9.285051067786654e-05,4.45,-0.03000000000000025,4.8,-0.040000000000000036,-0.34999999999999964,5.33,0.0
2024-05-11,0.0016493801399288799,0.018505047983634393,0.002634504948254124,0.015112795403223966,12.55,-0.011032308904649235,-0.06968124536693843,0.0001856837805218614,0.00027855153203337757,4.5,0.04999999999999982,4.87,0.07000000000000028,-0.3700000000000001,5.33,0.0
2024-05-12,0.0,0.008095368615294474,0.0,0.003736686568764469,12.55,0.0,-0.06968124536693843,0.0,-0.000556637907041635,4.5,0.0,4.87,0.0,-0.3700000000000001,5.33,0.0
2024-05-13,0.0,0.0067428725639493425,0.0,0.0038543068687142412,12.55,0.0,-0.05139833711262276,0.0,0.0005572582892170441,4.5,0.0,4.87,0.0,-0.3700000000000001,5.33,0.0
2024-05-14,-0.00024125544739483917,0.006505810893908004,0.0020609894291010455,0.006281445241114181,13.6,0.08366533864541825,0.04615384615384621,0.0021349670472476934,0.003812180381218111,4.48,-0.019999999999999574,4.85,-0.020000000000000462,-0.3699999999999992,5.33,0.0
2024-05-15,0.004837764439558523,0.006252301460660359,0.006822499080973765,0.01155549519528587,13.42,-0.013235294117647012,0.05752561071710005,0.002037791774731623,0.004363568842261856,4.45,-0.03000000000000025,4.81,-0.040000000000000036,-0.35999999999999943,5.33,0.0
2024-05-16,0.011715980391409309,0.01636516118161535,0.014947521581071044,0.023978067504424327,12.45,-0.07228017883755589,-0.007968127490039945,0.0038824181919023815,0.008075744917850347,4.36,-0.08999999999999986,4.73,-0.07999999999999918,-0.3700000000000001,5.33,0.0
2024-05-17,-0.0020817045486656305,0.014249389202478424,-0.0020804822373923226,0.021847699323501946,12.42,-0.002409638554216831,-0.01035856573705185,0.0013812154696131174,0.009468114731272514,4.38,0.019999999999999574,4.78,0.04999999999999982,-0.40000000000000036,5.33,0.0
2024-05-18,0.0011647882803798026,0.015430775004403818,-0.0006320737839718982,0.021201816181547706,11.99,-0.0346215780998389,-0.04462151394422309,-0.0005517241379309201,0.008911166805903648,4.42,0.040000000000000036,4.83,0.04999999999999982,-0.41000000000000014,5.33,0.0
2024-05-19,0.0,0.01567581232691495,0.0,0.01910145884768122,11.99,0.0,-0.11838235294117638,0.0,0.006761763616154104,4.42,0.0,4.83,0.0,-0.41000000000000014,5.33,0.0
2024-05-20,0.0,0.010785868396776754,0.0,0.012195754244581858,11.99,0.0,-0.10655737704918034,0.0,0.004714364947310035,4.42,0.0,4.83,0.0,-0.41000000000000014,5.33,0.0
2024-05-21,0.0009164157208665369,-3.7677910381672675e-06,0.006899515427124525,0.004169568174912985,12.15,0.01334445371142623,-0.02409638554216864,-0.0007360382739901583,9.208103130764478e-05,4.44,0.020000000000000462,4.82,-0.009999999999999787,-0.3799999999999999,5.33,0.0
2024-05-22,0.0025018226757822504,0.0045893035812047955,0.0021211094028710242,0.008397474722437126,11.86,-0.023868312757201693,-0.04508856682769735,-0.0005524353190314857,-0.0018390804597701038,4.41,-0.03000000000000025,4.82,0.0,-0.41000000000000014,5.33,0.0
2024-05-23,-0.002706049712388192,0.0007052252666750469,-0.0004595539120861858,0.008571553356126804,12.29,0.036256323777402955,0.025020850708924014,-0.0017503454629202997,-0.0030361578802098332,4.43,0.019999999999999574,4.86,0.040000000000000036,-0.4300000000000006,5.33,0.0
2024-05-24,-0.0073808038801509435,-0.00668078374286063,-0.0043736501079914,0.004160414272873725,12.77,0.039056143205858485,0.0650542118432027,-0.0008305647840530783,-0.0038642009384487475,4.47,0.040000000000000036,4.91,0.04999999999999982,-0.4400000000000004,5.33,0.0
2024-05-25,0.007000971935366307,0.000273416213015798,0.009931596771586726,0.014133330601421301,11.93,-0.06577916992952226,-0.005004170141784892,0.002309042209291512,-0.0015640813322292946,4.46,-0.009999999999999787,4.93,0.019999999999999574,-0.46999999999999975,5.33,0.0
2024-05-26,0.0,-0.000642410792501269,0.0,0.007184247348881012,11.93,0.0,-0.018106995884773713,0.0,-0.000828652978547173,4.46,0.0,4.93,0.0,-0.46999999999999975,5.33,0.0
2024-05-27,0.0,-0.003136386784705514,0.0,0.005052421207878632,11.93,0.0,0.00590219224283306,0.0,-0.00027637033625049767,4.46,0.0,4.93,0.0,-0.46999999999999975,5.33,0.0
2024-05-28,0.0,-0.00043150474561004515,0.0,0.005514509334302753,12.36,0.03604358759430015,0.005695687550854478,0.0,0.0014765596160946082,4.46,0.0,4.93,0.0,-0.46999999999999975,5.33,0.0
2024-05-29,0.00024883499977379486,0.007251549021989989,0.003248025478045591,0.013211880328984016,12.92,0.04530744336569592,0.011746280344557603,0.0024880206413566697,0.004802807795326602,4.54,0.08000000000000007,4.94,0.010000000000000675,-0.40000000000000036,5.33,0.0
2024-05-30,-0.007367076011488782,-0.007120074198072701,-0.007032005189343105,-0.003806819843314213,14.28,0.10526315789473673,0.19698239731768652,-0.006250574501332928,-0.0037781054183561036,4.61,0.07000000000000028,4.96,0.019999999999999574,-0.34999999999999964,5.33,0.0
2024-05-31,-0.005974995016091,-0.013052526806315967,-0.010572271071557227,-0.014338844183567345,14.47,0.013305322128851715,0.21290863369656332,0.002404957913236583,-0.0013822336896422982,4.55,-0.0600000000000005,4.92,-0.040000000000000036,-0.3700000000000001,5.33,0.0
2024-06-01,0.008027917211029578,-0.005129394199882342,-0.00010842207581340801,-0.014445711612129597,12.92,-0.10711817553559089,0.08298407376362116,0.0008304881424747723,-0.0005528934758569637,4.51,-0.040000000000000036,4.89,-0.03000000000000025,-0.3799999999999999,5.33,0.0
2024-06-02,0.0,-0.005129394199882342,0.0,-0.014445711612129597,12.92,0.0,0.04530744336569592,0.0,-0.0005528934758569637,4.51,0.0,4.89,0.0,-0.3799999999999999,5.33,0.0
2024-06-03,0.0,-0.005376891240925441,0.0,-0.017636453440059596,12.92,0.0,0.0,0.0,-0.0030333670374116384,4.51,0.0,4.89,0.0,-0.3799999999999999,5.33,0.0
2024-06-04,0.001116056625188655,0.0031232496985922342,0.0034698826379091496,-0.007246721016184732,13.11,0.014705882352941124,-0.08193277310924374,0.0040567951318457585,0.007307372120987976,4.41,-0.09999999999999964,4.82,-0.0699999999999994,-0.41000000000000014,5.33,0.0
2024-06-05,0.0015028201536890773,0.010669508812945594,0.0028960855267223806,0.00626690386468054,13.16,0.0038138825324181003,-0.0905321354526607,-0.001101928374655503,0.0037833348712743575,4.33,-0.08000000000000007,4.77,-0.05000000000000071,-0.4399999999999995,5.33,0.0
2024-06-06,0.011847660516995706,0.014499261962554133,0.020381305870219135,0.02688727466937113,12.63,-0.04027355623100304,-0.02244582043343646,-0.0011950726236441556,0.001751797897842522,4.29,-0.040000000000000036,4.72,-0.04999999999999982,-0.4299999999999997,5.33,0.0
2024-06-07,-0.0001998494591923805,0.01429651483369998,-0.0007281304750972328,0.026139566750194687,12.58,-0.003958828186856778,-0.02631578947368418,0.00165669581224126,0.0034113959063248878,4.28,-0.009999999999999787,4.72,0.0,-0.4399999999999995,5.33,0.0
2024-06-08,-0.0011152708034434244,0.013165299544671605,-0.0010640764326521612,0.025047675820603965,12.22,-0.02861685214626386,-0.05417956656346745,-0.006983368556464309,-0.0035957956850452,4.43,0.14999999999999947,4.87,0.15000000000000036,-0.4400000000000004,5.33,0.0
2024-06-09,0.0,0.012035810273687497,0.0,0.02150317967288795,12.22,0.0,-0.06788710907704032,0.0,-0.007621671258034923,4.43,0.0,4.87,0.0,-0.4400000000000004,5.33,0.0
2024-06-10,0.0,0.010517184682896863,0.0,0.01855336202293878,12.22,0.0,-0.0714285714285714,0.0,-0.006526935098363773,4.43,0.0,4.87,0.0,-0.4400000000000004,5.33,0.0
2024-06-11,0.0025808913052016713,0.00126260032162695,0.0038798060096993936,0.0020814234793182784,12.74,0.042553191489361764,0.0087094220110846,-0.005181826593874339,-0.01049240681086061,4.47,0.040000000000000036,4.87,0.0,-0.40000000000000036,5.33,0.0
2024-06-12,0.0027104214117694703,0.004177128168340483,0.007104185812913277,0.009935761116943942,12.85,0.008634222919937207,0.021462639109697923,-0.0016742628592689712,-0.01378296425617953,4.39,-0.08000000000000007,4.81,-0.0600000000000005,-0.41999999999999993,5.33,0.0
2024-06-13,0.008503679780924589,0.013847042915733798,0.013274211902231103,0.024431936297921952,12.04,-0.06303501945525292,-0.014729950900163824,0.010248765489611511,0.0033311742389192656,4.31,-0.08000000000000007,4.75,-0.05999999999999961,-0.4400000000000004,5.33,0.0
2024-06-14,0.0023445728948188194,0.016224081212046437,0.005740506894875708,0.030312694891571068,11.94,-0.00830564784053156,-0.022913256955810257,-0.008023609702112133,-0.004719163505135682,4.24,-0.0699999999999994,4.68,-0.07000000000000028,-0.4399999999999995,5.33,0.0
2024-06-15,-0.00039383555341243603,0.015823856038631234,0.004233556657533555,0.03467458206037066,12.66,0.06030150753768848,0.036006546644844484,-0.005299367794719068,-0.009993522716757575,4.2,-0.040000000000000036,4.67,-0.009999999999999787,-0.46999999999999975,5.33,0.0
2024-06-16,0.0,0.013208874065203213,0.0,0.030675760052467638,12.66,0.0,-0.006279434850863463,0.0,-0.004836759371221189,4.2,0.0,4.67,0.0,-0.46999999999999975,5.33,0.0
2024-06-17,0.0,0.010470074339760327,0.0,0.023405298648945472,12.66,0.0,-0.01478599221789878,0.0,-0.0031678002422433904,4.2,0.0,4.67,0.0,-0.46999999999999975,5.33,0.0
2024-06-18,0.007664408277487045,0.009629166413024803,0.012357704554471605,0.022479627724994122,12.75,0.007109004739336511,0.05897009966777422,0.0022432002990933064,-0.011067047864982027,4.28,0.08000000000000007,4.75,0.08000000000000007,-0.46999999999999975,5.33,0.0
2024-06-19,0.002521363070800975,0.009807241421194268,0.00030699275225787304,0.016955680464547207,12.3,-0.03529411764705881,0.03015075376884435,0.0014921197426094324,-0.001580513201933642,4.22,-0.0600000000000005,4.69,-0.05999999999999961,-0.47000000000000064,5.33,0.0
2024-06-20,0.0,0.010205096104278555,0.0,0.012668491032462148,12.48,0.014634146341463428,-0.01421800947867291,0.0,0.0037386671651555847,4.22,0.0,4.69,0.0,-0.47000000000000064,5.33,0.0
2024-06-21,-0.0025259566650810417,0.007653361808675152,-0.007863835498366112,0.004705032604604309,13.28,0.0641025641025641,0.048973143759873494,-0.0028866747369402646,0.0008412001121598234,4.25,0.03000000000000025,4.7,0.009999999999999787,-0.4500000000000002,5.33,0.0
2024-06-22,-0.001562165984246855,0.006079240002945685,-0.002626023298552549,0.0020666537808116114,13.2,-0.0060240963855421326,0.04265402843601884,-0.0013074336944340903,-0.0004673333956446424,4.25,0.0,4.7,0.0,-0.4500000000000002,5.33,0.0
2024-06-23,0.0,-0.0015731113072170455,0.0,-0.010165429400459725,13.2,0.0,0.0352941176470587,0.0,-0.002704467033479596,4.25,0.0,4.7,0.0,-0.4500000000000002,5.33,0.0
2024-06-24,0.0,-0.004084176685748009,0.0,-0.010469208181683953,13.2,0.0,0.07317073170731692,0.0,-0.004190334295558373,4.25,0.0,4.7,0.0,-0.4500000000000002,5.33,0.0
2024-06-25,-0.0030651719607218686,-0.007136829942610112,-0.011462186358368931,-0.021811394524849814,13.33,0.009848484848484995,0.06810897435897423,0.0030858425285207325,-0.0011174224788156328,4.25,0.0,4.71,0.009999999999999787,-0.45999999999999996,5.33,0.0
2024-06-26,0.003933647462219136,-0.0007070856560275063,0.011631035676177515,-0.0025905843876408152,12.84,-0.03675918979744941,-0.033132530120481896,-0.0020508995991422863,-0.00028016436309297177,4.23,-0.019999999999999574,4.65,-0.05999999999999961,-0.41999999999999993,5.33,0.0
2024-06-27,0.0015724132887204867,0.0024301781276647727,0.0025338648087698257,0.002569487061957476,12.55,-0.02258566978193144,-0.04924242424242409,-0.0021485287248949048,-0.0011221245558256099,4.32,0.08999999999999986,4.71,0.05999999999999961,-0.3899999999999997,5.33,0.0
2024-06-28,0.0009072819876230209,0.0033396649721297855,0.0019229357426566729,0.004497363763125817,12.24,-0.024701195219123506,-0.07272727272727264,0.002434001123384988,0.0013091453151299337,4.29,-0.03000000000000025,4.7,-0.009999999999999787,-0.41000000000000014,5.33,0.0
2024-06-29,-0.004083627735109618,-0.0007576007114858951,-0.005364588360318834,-0.0008913511024887244,12.44,0.016339869281045694,-0.05757575757575761,0.00028016436309297177,0.001589676454086364,4.36,0.07000000000000028,4.71,0.009999999999999787,-0.34999999999999964,5.33,0.0
2024-06-30,0.0,0.0023146660988606627,0.0,0.010693405057454308,12.44,0.0,-0.06676669167291827,0.0,-0.001491563344830804,4.36,0.0,4.71,0.0,-0.34999999999999964,5.33,0.0
2024-07-01,0.0,-0.0016126378147113263,0.0,-0.0009268503887849278,12.44,0.0,-0.031152647975077885,0.0,0.0005604857543204389,4.36,0.0,4.71,0.0,-0.34999999999999964,5.33,0.0
2024-07-02,0.0026755889592124937,-0.0005129702988370122,0.006571704228092834,0.003097050536553958,12.22,-0.01768488745980701,-0.026294820717131517,0.0015871533937075188,0.004306309679835252,4.48,0.1200000000000001,4.77,0.05999999999999961,-0.28999999999999915,5.33,0.0
2024-07-03,0.006195331948881222,0.0047675761052150545,0.010078123501556124,0.011261795045032663,12.03,-0.0155482815057284,-0.01715686274509809,0.000838926174496768,0.002708255509899171,4.43,-0.05000000000000071,4.74,-0.02999999999999936,-0.3100000000000005,5.33,0.0
2024-07-04,0.005084398104196586,0.01401708274730451,0.008731808939585584,0.02559382854228076,12.09,0.004987531172069959,-0.02813504823151125,0.0057744248859086245,0.00821585286154436,4.36,-0.0699999999999994,4.71,-0.03000000000000025,-0.34999999999999964,5.33,0.0
2024-07-05,0.0,0.01401708274730451,0.0,0.02559382854228076,12.26,0.014061207609594728,-0.014469453376205754,0.0,0.00821585286154436,4.36,0.0,4.71,0.0,-0.34999999999999964,5.33,0.0
2024-07-06,0.0054487793072806046,0.019542238045006988,0.010172079242548149,0.03602625023688111,12.48,0.01794453507340954,0.003215434083601254,0.0026854338364663555,0.010923349827280493,4.28,-0.08000000000000007,4.6,-0.11000000000000032,-0.3199999999999994,5.33,0.0
2024-07-07,0.0,0.016821641288088385,0.0,0.029262243201418014,12.48,0.0,0.02127659574468077,0.0,0.00932140193885167,4.28,0.0,4.6,0.0,-0.3199999999999994,5.33,0.0
2024-07-08,0.0,0.010560881174657366,0.0,0.018992708834598027,12.48,0.0,0.03740648379052369,0.0,0.008475365558349601,4.28,0.0,4.6,0.0,-0.3199999999999994,5.33,0.0
2024-07-09,0.0010166708878267539,0.006470989810403394,0.0023327809917335074,0.012528589467384998,12.37,-0.008814102564102644,0.023159636062861866,0.0006464721093459858,0.0033336420038891923,4.28,0.0,4.62,0.020000000000000462,-0.33999999999999986,5.33,0.0
2024-07-10,0.0007410929775606423,0.007216878393070392,0.0006595060358500771,0.013196358183609647,12.51,0.011317704122878025,0.020391517128874437,-0.0020304568527919065,0.0012964163348456736,4.3,0.019999999999999574,4.62,0.0,-0.3200000000000003,5.33,0.0
2024-07-11,0.010208033738690059,0.01198450205579471,0.010871744123850613,0.013898117739482796,12.85,0.027178257394084637,0.029647435897435903,0.0009248127254231076,-0.00046176579239010085,4.28,-0.019999999999999574,4.62,0.0,-0.33999999999999986,5.33,0.0
2024-07-12,-0.008763008283767415,0.003116473481235671,-0.02244311833688184,-0.008856917698486289,12.92,0.005447470817120603,0.03525641025641013,0.004342603714311943,0.0038788326560768027,4.2,-0.08000000000000007,4.5,-0.1200000000000001,-0.2999999999999998,5.33,0.0
2024-07-13,0.005517016620885551,0.008650683738115728,0.005943687114573271,-0.0029658733315123254,12.46,-0.035603715170278605,-0.0016025641025640969,0.0029438822447103163,0.006834133727373626,4.18,-0.020000000000000462,4.45,-0.04999999999999982,-0.27000000000000046,5.33,0.0
2024-07-14,0.0,0.007626259454318607,0.0,-0.005286322490623552,12.46,0.0,0.007275666936136016,0.0,0.006183664051684579,4.18,0.0,4.45,0.0,-0.27000000000000046,5.33,0.0
2024-07-15,0.0,0.006880067706895199,0.0,-0.005941909801095324,12.46,0.0,-0.003996802557953538,0.0,0.008230833256265724,4.18,0.0,4.45,0.0,-0.27000000000000046,5.33,0.0
2024-07-16,0.002826181805230199,-0.0004774659162108952,0.0027243453381922134,-0.013953794319620738,13.12,0.052969502407704594,0.021011673151750898,0.0009172628875435684,0.008223228310080266,4.23,0.05000000000000071,4.44,-0.009999999999999787,-0.20999999999999996,5.33,0.0
2024-07-17,0.006389379210899104,0.014801577211372763,0.0005758605534538219,0.009265086565179104,13.19,0.005335365853658569,0.02089783281733748,-0.0024743401759530492,0.001379944802208044,4.17,-0.0600000000000005,4.43,-0.010000000000000675,-0.2599999999999998,5.33,0.0
2024-07-18,-0.013927512704686507,-0.004822495481136557,-0.02938826253932858,-0.026183521227416295,14.48,0.09780136467020473,0.1621187800963082,0.004409738171796018,0.0028435149513850178,4.16,-0.009999999999999787,4.42,-0.009999999999999787,-0.2599999999999998,5.33,0.0
2024-07-19,-0.007816372508844482,-0.012601173568878243,-0.004750206322092776,-0.03080935042143995,15.93,0.10013812154696122,0.2784911717495986,-0.0018293240647581088,0.0010089891762978809,4.2,0.040000000000000036,4.46,0.040000000000000036,-0.2599999999999998,5.33,0.0
2024-07-20,-0.007140293511332718,-0.01965149100234187,-0.009260043978484789,-0.03978409846007369,16.52,0.03703703703703698,0.3258426966292134,-0.002290845780262063,-0.0012841680425610402,4.25,0.04999999999999982,4.49,0.03000000000000025,-0.2400000000000002,5.33,0.0
2024-07-21,0.0,-0.02241432584768488,0.0,-0.04239295076048921,16.52,0.0,0.25914634146341475,0.0,-0.0021994134897360684,4.25,0.0,4.49,0.0,-0.2400000000000002,5.33,0.0
2024-07-22,0.0,-0.028620835686053003,0.0,-0.04294408151139639,16.52,0.0,0.2524639878695982,0.0,0.0002756086357371679,4.25,0.0,4.49,0.0,-0.2400000000000002,5.33,0.0
2024-07-23,0.010792007266121617,-0.004269657693704909,0.015379595566578752,0.0011985369061484619,14.91,-0.09745762711864403,0.029696132596685132,-0.0007347538574576928,-0.004847708771608783,4.26,0.009999999999999787,4.5,0.009999999999999787,-0.2400000000000002,5.33,0.0
2024-07-24,-0.001558116673645582,0.0020109692511076638,-0.003457117965259271,0.0024993542277655934,14.72,-0.012743125419181767,-0.07595731324544874,-0.0022977941176471894,-0.0053147622102079906,4.25,-0.009999999999999787,4.4,-0.09999999999999964,-0.15000000000000036,5.33,0.0
2024-07-25,-0.023149031452155744,-0.014145322434150787,-0.03654639942412663,-0.02511087138918855,18.04,0.2255434782608694,0.09200968523002429,-0.00018424689083373913,-0.00321454812637767,4.28,0.03000000000000025,4.37,-0.03000000000000025,-0.08999999999999986,5.33,0.0
2024-07-26,-0.005142681306694263,-0.019215258855585837,-0.010603502765548556,-0.03544811096051648,18.46,0.0232815964523283,0.11743341404358354,0.0007371233760251616,-0.002479794268919866,4.27,-0.010000000000000675,4.41,0.040000000000000036,-0.14000000000000057,5.33,0.0
2024-07-27,0.011090490848678192,-0.008337874659400502,0.01025353441051724,-0.02555804497552061,16.39,-0.11213434452871074,-0.007869249394673039,-0.00018414510634379155,-0.002663482733284206,4.2,-0.0699999999999994,4.36,-0.04999999999999982,-0.16000000000000014,5.33,0.0
2024-07-28,0.0,-0.018925636320831773,0.0,-0.04031757258156865,16.39,0.0,0.09926224010731066,0.0,-0.0019301470588235503,4.2,0.0,4.36,0.0,-0.16000000000000014,5.33,0.0
2024-07-29,0.0,-0.017394622498532963,0.0,-0.03698832762825788,16.39,0.0,0.11345108695652173,0.0,0.0003684937816677003,4.2,0.0,4.36,0.0,-0.16000000000000014,5.33,0.0
2024-07-30,0.000813320877067536,0.006708886649112955,0.0018834440901489558,0.0014238884344006664,16.6,0.01281269066503965,-0.07982261640798216,-0.0036835804401879058,-0.0031327743481063264,4.17,-0.03000000000000025,4.36,0.0,-0.1900000000000004,5.33,0.0
2024-07-31,-0.004960154039322595,0.0068935883331295855,-0.013810442986669669,-0.0018220362835346116,17.69,0.06566265060240961,-0.041711809317443116,-0.0009242998428691251,-0.0047877727649388024,4.15,-0.019999999999999574,4.35,-0.010000000000000675,-0.1999999999999993,5.33,0.0
2024-08-01,0.01579342363752767,0.01157699987177363,0.030120869725748678,0.01780782457213803,16.36,-0.07518371961560211,-0.0018303843807200293,0.0012952169488389398,-0.003315222396169104,4.09,-0.0600000000000005,4.29,-0.05999999999999961,-0.20000000000000018,5.33,0.0
2024-08-02,-0.013693569708273734,-0.002275100291256771,-0.024379171415984557,-0.007005486851636378,18.59,0.13630806845965782,0.13422818791946312,-0.003141458006098219,-0.006446265770328918,3.99,-0.09999999999999964,4.16,-0.1299999999999999,-0.16999999999999993,5.33,0.0
2024-08-03,-0.018381839946536194,-0.020615119708376817,-0.023797814656023486,-0.030636586229989327,23.39,0.25820333512641214,0.42708968883465537,0.01158587450180737,0.00506492310525819,3.8,-0.1900000000000004,3.88,-0.28000000000000025,-0.08000000000000007,5.33,0.0
2024-08-04,0.0,-0.021411026550551382,0.0,-0.03245889580466221,23.39,0.0,0.4090361445783133,0.0,0.008780848507255579,3.8,0.0,3.88,0.0,-0.08000000000000007,5.33,0.0
2024-08-05,0.0,-0.016532878133484252,0.0,-0.01890960280949361,23.39,0.0,0.32221594120972297,0.0,0.009714127116291937,3.8,0.0,3.88,0.0,-0.08000000000000007,5.33,0.0
2024-08-06,-0.029968802370122227,-0.060838780942723214,-0.029590842933402195,-0.07577922812374271,38.57,0.648995297135528,1.3575794621026898,0.003939893714495213,0.01238104037697485,3.78,-0.020000000000000018,3.89,0.010000000000000231,-0.11000000000000032,5.33,0.0
2024-08-07,0.01035414252467537,-0.03794054359720056,0.01021281732043744,-0.0430096996409286,27.71,-0.2815659839253305,0.49058633674018304,-0.0028292415807245064,0.012698118453980944,3.9,0.1200000000000001,3.99,0.10000000000000009,-0.0900000000000003,5.33,0.0
2024-08-08,-0.007734688541859436,-0.027505536270050368,-0.011646804499632624,-0.031097824177206745,27.85,0.0050523276795380045,0.19067977768277045,-9.152480322160983e-05,0.0010078797874291112,3.96,0.06000000000000005,4.0,0.009999999999999787,-0.040000000000000036,5.33,0.0
2024-08-09,0.023042600250024137,-0.005096735096959515,0.030583684112435172,-0.0014652260959913121,23.79,-0.1457809694793537,0.017101325352714802,-0.001006864988558398,0.0,3.99,0.03000000000000025,4.04,0.040000000000000036,-0.04999999999999982,5.33,0.0
2024-08-10,0.004671658542179324,-0.00044888676083321144,0.0053916026115168325,0.003918476598679721,20.37,-0.14375788146279944,-0.129115006412997,0.0010078797874291112,0.0010078797874291112,3.94,-0.050000000000000266,4.05,0.009999999999999787,-0.10999999999999988,5.33,0.0
2024-08-11,0.0,0.03043192392308236,0.0,0.03453112461693553,20.37,0.0,-0.47186932849364793,0.0,-0.002920507438167297,3.94,0.0,4.05,0.0,-0.10999999999999988,5.33,0.0
2024-08-12,0.0,0.019872023633452418,0.0,0.024072459663501133,20.37,0.0,-0.26488632262721035,0.0,-9.152480322160983e-05,3.94,0.0,4.05,0.0,-0.10999999999999988,5.33,0.0
2024-08-13,4.303763360380408e-05,0.027866140975093767,0.0015626772393602106,0.03775933447395996,20.71,0.016691212567501168,-0.25637342908438066,0.00027459954233410855,0.00027459954233410855,3.9,-0.040000000000000036,4.01,-0.040000000000000036,-0.10999999999999988,5.33,0.0
2024-08-14,0.01684757287548244,0.021641904683126212,0.02504580134969059,0.03218289306618627,18.12,-0.12506035731530663,-0.23833543505674648,0.002379209370424462,0.003665017408832627,3.85,-0.04999999999999982,3.93,-0.07999999999999963,-0.08000000000000007,5.33,0.0
2024-08-15,0.0038237680860733203,0.02077969222478382,0.0008549738167555887,0.027525373924410346,16.19,-0.10651214128035313,-0.2052037309769268,0.006390359685959579,0.009061784897025138,3.83,-0.020000000000000018,3.94,0.009999999999999787,-0.10999999999999988,5.33,0.0
2024-08-16,0.01613320110499883,0.03724813628334478,0.024574350196712613,0.052776142299236994,15.23,-0.0592958616429895,-0.25233186057928325,-0.0034470246734398247,0.005583524027459985,3.92,0.08999999999999986,4.08,0.14000000000000012,-0.16000000000000014,5.33,0.0
2024-08-17,0.001989818192314141,0.039312071494865375,0.0009425273792145195,0.053768412637537955,14.8,-0.028233749179251477,-0.27344133529700543,0.0009102494083377266,0.006498855835240125,3.89,-0.029999999999999805,4.06,-0.020000000000000462,-0.16999999999999948,5.33,0.0
2024-08-18,0.0,0.0392673438877027,0.0,0.05212428196912655,14.8,0.0,-0.2853693867696765,0.0,0.006222547584187277,3.89,0.0,4.06,0.0,-0.16999999999999948,5.33,0.0
2024-08-19,0.0,0.022048310494384715,0.0,0.026416849455684233,14.8,0.0,-0.1832229580573952,0.0,0.003834215811575614,3.89,0.0,4.06,0.0,-0.16999999999999948,5.33,0.0
2024-08-20,0.009722284736913167,0.02805391543130331,0.013223453137398478,0.03910122022764417,14.65,-0.010135135135135198,-0.09512044471896242,0.006729719898144859,0.004172714078374495,3.86,-0.03000000000000025,4.06,0.0,-0.19999999999999973,5.33,0.0
2024-08-21,-0.0019845762938528466,0.009723590259812731,-0.0023610666334792363,0.011783901098760152,15.88,0.08395904436860069,0.04267892317793831,0.003252032520325354,0.010922992900054718,3.82,-0.040000000000000036,3.99,-0.0699999999999994,-0.17000000000000037,5.33,0.0
2024-08-22,0.004239680407066571,0.011990817842193024,0.005325606420342632,0.016214453992409394,16.27,0.024559193954659886,0.09932432432432425,0.003331532504952328,0.013368497635503962,3.79,-0.029999999999999805,3.92,-0.07000000000000028,-0.1299999999999999,5.33,0.0
2024-08-23,-0.008932812652890587,0.002950893459963133,-0.01679710908133436,-0.0008550110413296785,17.55,0.07867240319606639,0.18581081081081074,-0.0026025307367855133,0.010731174972717472,3.86,0.06999999999999984,3.99,0.07000000000000028,-0.13000000000000034,5.33,0.0
2024-08-24,0.011483420217425433,0.014468200027006217,0.011750045147097321,0.010884987687430847,15.86,-0.09629629629629632,0.07162162162162145,0.005578549577109904,0.016369588941433255,3.81,-0.04999999999999982,3.9,-0.0900000000000003,-0.08999999999999986,5.33,0.0
2024-08-25,0.0,0.004700218428208336,0.0,-0.002307946428526386,15.86,0.0,0.08259385665528995,0.0,0.00957542908762421,3.81,0.0,3.9,0.0,-0.08999999999999986,5.33,0.0
2024-08-26,0.0,0.006698087587902357,0.0,5.3245922122968636e-05,15.86,0.0,-0.0012594458438287548,0.0,0.006302899333693324,3.81,0.0,3.9,0.0,-0.08999999999999986,5.33,0.0
2024-08-27,-0.0031537231503155905,-0.0007134152307924913,-0.010366175528767285,-0.015556241563614237,16.15,0.01828499369482972,-0.007375537799631293,-0.0010737294201860204,0.0018845912231895134,3.82,0.009999999999999787,3.91,0.010000000000000231,-0.0900000000000003,5.33,0.0
2024-08-28,0.0015952029967027936,0.009901914322232308,0.003334624552428611,0.004600899658523838,15.43,-0.04458204334365323,-0.12079772079772089,-0.00035829451809388235,0.004138923879791312,3.83,0.010000000000000231,3.83,-0.08000000000000007,0.0,5.33,0.0
2024-08-29,-0.005976038963347419,-0.007530246103989335,-0.011783559192544923,-0.018766413449305186,17.11,0.10887880751782242,0.07881462799495598,-0.002956989247311914,-0.0043843951324265,3.84,0.009999999999999787,3.83,0.0,0.009999999999999787,5.33,0.0
2024-08-30,-3.934065069444159e-05,-0.007569290509902182,-0.0013089911621132488,-0.020050839542068766,15.65,-0.08533021624780823,-0.013240857503152514,-0.003684730834906058,-0.008052970651395763,3.87,0.03000000000000025,3.87,0.040000000000000036,0.0,5.33,0.0
2024-08-31,0.010093062182132906,0.0024473743524395797,0.012894395732052644,-0.0074149872698313635,15.0,-0.04153354632587858,-0.05422446406052961,-0.0023453003788561633,-0.010379384395132307,3.91,0.040000000000000036,3.91,0.040000000000000036,0.0,5.33,0.0
2024-09-01,0.0,0.00561881769820749,0.0,0.0029821012438744354,15.0,0.0,-0.07120743034055721,0.0,-0.009315657470440719,3.91,0.0,3.91,0.0,0.0,5.33,0.0
2024-09-02,0.0,0.0040172064417505204,0.0,-0.0003513516826069152,15.0,0.0,-0.027867790019442618,0.0,-0.008960573476702538,3.91,0.0,3.91,0.0,0.0,5.33,0.0
2024-09-03,0.0,0.010053324463804802,0.0,0.011568525919885442,15.55,0.036666666666666625,-0.0911747516072472,0.0,-0.006021389413139122,3.91,0.0,3.91,0.0,0.0,5.33,0.0
2024-09-04,-0.021151122441753323,-0.011271539853646928,-0.031464691049235105,-0.018976013495157984,20.72,0.3324758842443729,0.323961661341853,-0.0015370705244123206,-0.0038787660111851974,3.84,-0.07000000000000028,3.88,-0.03000000000000025,-0.040000000000000036,5.33,0.0
2024-09-05,-0.0016024800458679378,-0.02271970823596059,-0.0019690137472287983,-0.03337175038723561,21.32,0.02895752895752901,0.42133333333333334,0.0034410939056415124,0.0018987341772152,3.77,-0.06999999999999984,3.76,-0.1200000000000001,0.010000000000000231,5.33,0.0
2024-09-06,-0.0030180776693048417,-0.02566921606118544,0.00047195239252917354,-0.03291554787214468,19.9,-0.06660412757973744,0.32666666666666666,0.00135366844147633,0.0032549728752258034,3.73,-0.040000000000000036,3.75,-0.009999999999999787,-0.020000000000000018,5.33,0.0
2024-09-07,-0.01726020776209658,-0.04248636782097581,-0.026889124489641758,-0.05891960209740754,22.38,0.12462311557788941,0.492,-0.0009012256669068686,0.0023508137432186604,3.72,-0.009999999999999787,3.66,-0.08999999999999986,0.06000000000000005,5.33,0.0
2024-09-08,0.0,-0.04248636782097581,0.0,-0.05891960209740754,22.38,0.0,0.4392282958199356,0.0,0.0023508137432186604,3.72,0.0,3.66,0.0,0.06000000000000005,5.33,0.0
2024-09-09,0.0,-0.021796260759315178,0.0,-0.028346835468409437,22.38,0.0,0.08011583011583023,0.0,0.00389386941954184,3.72,0.0,3.66,0.0,0.06000000000000005,5.33,0.0
2024-09-10,0.01158009178281283,-0.008880322169827481,0.012999618376760225,-0.013773822233027255,19.45,-0.13092046470062557,-0.08771106941838658,-0.003968969871910533,-0.003519537947838658,3.7,-0.020000000000000018,3.68,0.020000000000000018,0.020000000000000018,5.33,0.0
2024-09-11,0.004472633223969957,-0.0014336565874610852,0.009022130907711201,-0.005345390175448772,19.08,-0.019023136246786643,-0.04120603015075375,-0.0015395761637384542,-0.006398702235039577,3.65,-0.050000000000000266,3.59,-0.0900000000000003,0.06000000000000005,5.33,0.0
2024-09-12,0.010665050805019227,0.02694132482314604,0.021677038887596645,0.044295981121863726,17.69,-0.07285115303983214,-0.20956210902591588,-0.0011791383219955653,-0.006675085693667704,3.65,0.0,3.62,0.03000000000000025,0.029999999999999805,5.33,0.0
2024-09-13,0.007495323299958834,0.034638582062783696,0.009656760564112465,0.05438049736962247,17.07,-0.035048049745619037,-0.2372654155495978,0.0026334907373775085,-0.004059173732635757,3.68,0.03000000000000025,3.64,0.020000000000000018,0.040000000000000036,5.33,0.0
2024-09-14,0.0054076658041088965,0.040233561742616164,0.004711407619907737,0.05934811367921178,16.56,-0.02987697715289994,-0.2600536193029491,0.0039851462729825204,-9.020386072522424e-05,3.66,-0.020000000000000018,3.57,-0.07000000000000028,0.0900000000000003,5.33,0.0
2024-09-15,0.0,0.028325458550004123,0.0,0.045753714474957796,16.56,0.0,-0.14858611825192802,0.0,0.003894222061220809,3.66,0.0,3.57,0.0,0.0900000000000003,5.33,0.0
2024-09-16,0.0,0.023746615424927953,0.0,0.03640314958622648,16.56,0.0,-0.13207547169811318,0.0,0.0054421768707482165,3.66,0.0,3.57,0.0,0.0900000000000003,5.33,0.0
2024-09-17,0.0012566610143582846,0.014216447940541554,-0.004689826785921114,0.00965624074064464,17.14,0.035024154589372136,-0.031091011871113627,0.0034280559314388004,0.010079912822375636,3.63,-0.03000000000000025,3.56,-0.009999999999999787,0.06999999999999984,5.33,0.0
2024-09-18,0.00026450846693371055,0.006937395456559914,0.00048087170610600083,0.00048035660685985526,17.61,0.02742123687281217,0.03163444639718804,-0.00044951901465450916,0.006974005977719244,3.65,0.020000000000000018,3.59,0.029999999999999805,0.06000000000000005,5.33,0.0
2024-09-19,-0.0028964004415590328,-0.001379305441502221,-0.004523887939729465,-0.00871604718113328,18.23,0.035207268597387875,0.10084541062801944,-0.00017988846914906986,0.002796571944068349,3.7,0.050000000000000266,3.61,0.020000000000000018,0.0900000000000003,5.33,0.0
2024-09-20,0.01697678640717948,0.015574064791806563,0.02560625790599813,0.01666702537282383,16.33,-0.1042238069116842,-0.01388888888888895,0.0027887729399065364,0.005593143888137142,3.73,0.029999999999999805,3.59,-0.020000000000000018,0.14000000000000012,4.83,-0.5
2024-09-21,-0.0019409693295342478,0.013602866680175296,-0.002436512812861835,0.014189903139088855,16.15,-0.01102265768524191,-0.024758454106280192,0.0010765228312550335,0.006675687866486202,3.73,0.0,3.55,-0.040000000000000036,0.18000000000000016,4.83,-0.5
2024-09-22,0.0,0.012330710143100942,0.0,0.01896868979450206,16.15,0.0,-0.05775962660443423,0.0,0.003236536905510956,3.73,0.0,3.55,0.0,0.18000000000000016,4.83,-0.5
2024-09-23,0.0,0.012063010907645388,0.0,0.018478932092793388,16.15,0.0,-0.08290743895513919,0.0,0.0036877136175570424,3.73,0.0,3.55,0.0,0.18000000000000016,4.83,-0.5
2024-09-24,0.002809269537312087,0.017854282286686507,0.0030674800128742685,0.026245716480506776,15.89,-0.01609907120743026,-0.12835984640702136,-0.002598799175553279,0.0012594458438288658,3.75,0.020000000000000018,3.57,0.020000000000000018,0.18000000000000016,4.83,-0.5
2024-09-25,0.002511117289812015,0.0033761315028597583,0.004666485326563219,0.005292888094303061,15.39,-0.03146633102580243,-0.05756276791181858,0.0017969451931716396,0.00026913070781375836,3.74,-0.009999999999999787,3.49,-0.07999999999999963,0.25,4.83,0.0
2024-09-26,-0.0018611774432969463,0.0034563484756819918,0.00139234007392397,0.009151408004147266,15.41,0.001299545159194171,-0.045820433436532415,-0.0006278026905829348,-0.001433820234787886,3.79,0.04999999999999982,3.53,0.03999999999999959,0.26000000000000023,4.83,0.0
2024-09-27,0.004038614114003858,0.007508921447422656,0.007156300553608164,0.01637319878392174,15.37,-0.002595717066839809,-0.048297213622291,0.0036794400071793465,0.002240344116856585,3.79,0.0,3.6,0.07000000000000028,0.18999999999999995,4.83,0.0
2024-09-28,-0.0012531829977877607,0.006246328396945167,-0.0053152935491666,0.010970876876879698,16.96,0.10344827586206917,0.05015479876161,-0.0022353361945638417,0.0,3.75,-0.040000000000000036,3.55,-0.050000000000000266,0.20000000000000018,4.83,0.0
2024-09-29,0.0,0.003427430284144606,0.0,0.007879227491159657,16.96,0.0,0.06733794839521723,0.0,0.0026055705300986887,3.75,0.0,3.55,0.0,0.20000000000000018,4.83,0.0
2024-09-30,0.0,0.0009140177884605638,0.0,0.0031978195864192926,16.96,0.0,0.10201429499675108,0.0,0.0008071748878923923,3.75,0.0,3.55,0.0,0.20000000000000018,4.83,0.0
2024-10-01,0.0042365423122701085,0.0070286914610659945,0.0026023783749205,0.0044100395491624145,16.73,-0.013561320754717054,0.08565866320571058,-0.0012545927054393724,0.0001794848783989167,3.81,0.06000000000000005,3.66,0.11000000000000032,0.1499999999999999,4.83,0.0
2024-10-02,-0.009324110452443968,-0.006373827969303969,-0.014326027669038233,-0.017013711787006502,19.26,0.151225343693963,0.2530904359141186,-0.006998654104979796,-0.010461373390557971,3.74,-0.06999999999999984,3.61,-0.050000000000000266,0.13000000000000034,4.83,0.0
2024-10-03,0.00013838405955768351,-0.004989395573850253,0.0014807846945124048,-0.010297561750885253,18.9,-0.018691588785046842,0.11438679245283012,-0.001536098310291889,-0.009767900349493597,3.79,0.04999999999999982,3.63,0.020000000000000018,0.16000000000000014,4.83,0.0
2024-10-04,-0.001681396399709989,-0.006662402821805635,-0.0004666058665083739,-0.010759362714669929,20.49,0.08412698412698405,0.20813679245283012,-0.0031674208144797378,-0.012904382113092527,3.85,0.06000000000000005,3.7,0.07000000000000028,0.1499999999999999,4.83,0.0
2024-10-05,0.008970269862489832,0.0022481034894399343,0.012210167662456195,0.0013194313250990408,19.21,-0.06246949731576368,0.1326650943396226,-0.004902405810258581,-0.01774352540550217,3.98,0.1299999999999999,3.93,0.22999999999999998,0.04999999999999982,4.83,0.0
2024-10-06,0.0,-0.001980050256139676,0.0,-0.00127961700220669,19.21,0.0,0.14823670053795568,0.0,-0.016509645580978005,3.98,0.0,3.93,0.0,0.04999999999999982,4.83,0.0
2024-10-07,0.0,0.007413181519597023,0.0,0.013236030404636612,19.21,0.0,-0.0025960539979231756,0.0,-0.009578024758290393,3.98,0.0,3.93,0.0,0.04999999999999982,4.83,0.0
2024-10-08,-0.009586042249529192,-0.0023819782329225214,-0.011693524638358155,-9.291718553849915e-05,22.64,0.17855283706402902,0.197883597883598,0.0013684882766169526,-0.00669683257918563,4.03,0.050000000000000266,3.99,0.06000000000000005,0.040000000000000036,4.83,0.0
2024-10-09,0.00968935768284096,0.00898079628908377,0.015506491171541903,0.01588615160452944,21.42,-0.05388692579505294,0.04538799414348471,-0.0005466472303206071,-0.004085338175215614,4.04,0.009999999999999787,3.98,-0.010000000000000231,0.06000000000000005,4.83,0.0
2024-10-10,0.0071133846739683815,0.007123891727974119,0.008010829639075068,0.011671563093024195,20.86,-0.026143790849673332,0.08589276418531999,-0.0017319963536919225,-0.0009123255177447831,4.06,0.019999999999999574,3.99,0.010000000000000231,0.0699999999999994,4.83,0.0
2024-10-11,-0.0020700823889336917,0.005039062296233743,-0.0013370263547136663,0.010318931550854282,20.93,0.003355704697986628,0.0895366996356064,-0.002374212400693909,-0.003284371863881086,4.09,0.03000000000000025,3.98,-0.010000000000000231,0.10999999999999988,4.83,0.0
2024-10-12,0.00605185076253667,0.011121408711770142,0.0014924591537495147,0.011826791288453986,20.46,-0.022455805064500622,0.06507027589796976,0.001556064073226615,-0.001733418483714999,4.08,-0.009999999999999787,3.95,-0.029999999999999805,0.1299999999999999,4.83,0.0
2024-10-13,0.0,0.020907874731826537,0.0,0.023798605506662796,20.46,0.0,-0.0962897526501767,0.0,-0.0030976676384838475,4.08,0.0,3.95,0.0,0.1299999999999999,4.83,0.0
2024-10-14,0.0,0.011110859952739638,0.0,0.008165496141294692,20.46,0.0,-0.04481792717086841,0.0,-0.0025524156791247865,4.08,0.0,3.95,0.0,0.1299999999999999,4.83,0.0
2024-10-15,0.007707612858403268,0.011707446771776597,0.008241922220681985,0.008396624181133072,19.7,-0.03714565004887593,-0.05560882070949191,0.0,-0.000821842754086255,4.08,0.0,3.95,0.0,0.1299999999999999,4.83,0.0
2024-10-16,-0.0076094097971791674,0.006091642805858166,-0.013661104601241147,-0.004047572938321364,20.64,0.0477157360406093,-0.013855709507883396,-0.003929811734600608,-0.0023798627002287187,4.03,-0.04999999999999982,3.95,0.0,0.08000000000000007,4.83,0.0
2024-10-17,0.004679068519722218,0.004718806265831876,0.0007053630908593345,-0.00483031496198949,19.58,-0.05135658914728691,-0.043010752688172116,-0.002385539957794447,-0.006305976969475546,4.02,-0.010000000000000675,3.93,-0.020000000000000018,0.08999999999999941,4.83,0.0
2024-10-18,-0.00017116048520571248,0.0045468381074560416,0.0008114384568294053,-0.004022796008478879,19.11,-0.02400408580183855,-0.06598240469208216,-0.0033109537386184495,-0.00959605191007129,4.09,0.07000000000000028,3.96,0.029999999999999805,0.1299999999999999,4.83,0.0
2024-10-19,0.003971603038276372,0.008536499381774476,0.006617990116104755,0.0025685712834027097,18.03,-0.05651491365777073,-0.1187683284457478,0.0015686998246744466,-0.008042405410345621,4.08,-0.009999999999999787,3.95,-0.009999999999999787,0.1299999999999999,4.83,0.0
2024-10-20,0.0,0.0008225466522180369,0.0,-0.0056269738564169725,18.03,0.0,-0.08477157360406085,0.0,-0.008042405410345621,4.08,0.0,3.95,0.0,0.1299999999999999,4.83,0.0
2024-10-21,0.0,0.008496610641656632,0.0,0.008145405988046583,18.03,0.0,-0.12645348837209303,0.0,-0.004128819157721009,4.08,0.0,3.95,0.0,0.1299999999999999,4.83,0.0
2024-10-22,-0.0018227794573267841,0.001970057184718099,0.0018416614019653998,0.009290152448318656,18.37,0.01885745978924014,-0.06179775280898858,-0.003132485719550271,-0.004874459670743958,4.19,0.11000000000000032,4.02,0.0699999999999994,0.17000000000000082,4.83,0.0
2024-10-23,-0.0004748905872585807,0.0016656766190701333,0.0010893123138948635,0.009570380408134405,18.2,-0.009254218835057282,-0.04761904761904767,-0.0013863216266174483,-0.002952846728799585,4.2,0.009999999999999787,4.03,0.010000000000000675,0.16999999999999993,4.83,0.0
2024-10-24,-0.009191277003007925,-0.011466970861105596,-0.01553647163290195,-0.012649059930998074,19.24,0.05714285714285716,0.06711037160288402,-0.0024062933826931587,-0.006909894969596264,4.24,0.040000000000000036,4.07,0.040000000000000036,0.16999999999999993,4.83,0.0
2024-10-25,0.002145782089274073,-0.009345794392523477,0.00826781934084675,-0.004485820732492263,19.08,-0.008316008316008316,0.05823627287853572,0.00250487058168658,-0.004422332780541605,4.21,-0.03000000000000025,4.07,0.0,0.13999999999999968,4.83,0.0
2024-10-26,-0.0002994908655286066,-0.00964248627800035,0.005888932217722909,0.0013766947909963356,20.33,0.06551362683438167,0.12756516916250682,0.0006477882657782708,-0.0037774092500461043,4.25,0.040000000000000036,4.11,0.040000000000000036,0.13999999999999968,4.83,0.0
2024-10-27,0.0,-0.007833986450244024,0.0,-0.0004641118740444927,20.33,0.0,0.10669569951007052,0.0,-0.0006469500924215499,4.25,0.0,4.11,0.0,0.13999999999999968,4.83,0.0
2024-10-28,0.0,-0.007362592288761238,0.0,-0.0015517338651321877,20.33,0.0,0.11703296703296706,0.0,0.0007403979639055702,4.25,0.0,4.11,0.0,0.13999999999999968,4.83,0.0
2024-10-29,0.002651460369276215,0.00450200261495648,-4.667841324845767e-05,0.014158098685600695,19.8,-0.026069847515986067,0.02910602910602922,0.0005548876352539089,0.003710919380276456,4.28,0.03000000000000025,4.12,0.009999999999999787,0.16000000000000014,4.83,0.0
2024-10-30,0.0016141440228589765,0.0039691145741893585,0.009806855364361766,0.015706125725119646,19.34,-0.02323232323232327,0.013626834381551545,-0.001941029670024963,-0.000740329446603627,4.28,0.0,4.11,-0.009999999999999787,0.16999999999999993,4.83,0.0
2024-10-31,-0.0033002338451409985,0.0009555587694469736,-0.007929189587677299,0.0017531429312667157,20.35,0.05222337125129273,0.000983767830792015,0.006112243007964313,0.004716544899658004,4.29,0.009999999999999787,4.15,0.040000000000000036,0.13999999999999968,4.83,0.0
2024-11-01,-0.018614747655095742,-0.01767697637101162,-0.024391177033211364,-0.022680795321545544,23.16,0.1380835380835379,0.13920314805705858,-0.0008284241531665293,0.0038842134467769185,4.28,-0.009999999999999787,4.16,0.009999999999999787,0.1200000000000001,4.83,0.0
2024-11-02,0.004092578148962911,-0.013656742629284513,0.0071753135429015735,-0.01566822359647846,21.88,-0.05526770293609673,0.07624200688637495,-0.0006448641179179759,0.0032368445389809875,4.37,0.08999999999999986,4.21,0.04999999999999982,0.16000000000000014,4.83,0.0
2024-11-03,0.0,-0.016265076792043365,0.0,-0.015622274406210557,21.88,0.0,0.10505050505050506,0.0,0.0026804695443201076,4.37,0.0,4.21,0.0,0.16000000000000014,4.83,0.0
2024-11-04,0.0,-0.0178504076860303,0.0,-0.025182171853445068,21.88,0.0,0.13133402275077555,0.0,0.004630487127245786,4.37,0.0,4.21,0.0,0.16000000000000014,4.83,0.0
2024-11-05,-0.002812107247591178,-0.01736940693228206,-0.0034712481418290864,-0.02080175792266914,21.98,0.004570383912248621,0.08009828009828013,0.0033185840707965486,0.0018409425625920406,4.31,-0.0600000000000005,4.17,-0.040000000000000036,0.13999999999999968,4.83,0.0
2024-11-06,0.012265675189796932,0.01355020199984236,0.01321705504017312,0.01694484078264824,20.49,-0.06778889899909013,-0.11528497409326433,0.003307607497243792,0.005988023952095967,4.26,-0.04999999999999982,4.19,0.020000000000000462,0.0699999999999994,4.83,0.0
2024-11-07,0.025295879476236127,0.03495321882418656,0.02738208356363092,0.037347615001941836,16.27,-0.2059541239629087,-0.256398537477148,-0.017216117216117377,-0.010693215339233064,4.42,0.16000000000000014,4.27,0.07999999999999918,0.15000000000000036,4.83,0.0
2024-11-08,0.007431219893945906,0.042644183773216104,0.015409985790129754,0.053333127008546866,15.2,-0.06576521204671171,-0.30530164533820836,0.00559075661572872,-0.005162241887905705,4.31,-0.11000000000000032,4.21,-0.05999999999999961,0.09999999999999964,4.83,0.0
2024-11-09,0.0037568431802581514,0.046561234464460144,0.0007397553831303139,0.05411233585948083,14.94,-0.017105263157894735,-0.3171846435100548,-0.007598220904373565,-0.012721238938053103,4.3,-0.009999999999999787,4.26,0.04999999999999982,0.040000000000000036,4.58,-0.25
2024-11-10,0.0,0.049512576386956164,0.0,0.05778416718427537,14.94,0.0,-0.32029117379435856,0.0,-0.015986769570011106,4.3,0.0,4.26,0.0,0.040000000000000036,4.58,-0.25
2024-11-11,0.0,0.03679557858185367,0.0,0.043985750064516216,14.94,0.0,-0.27086383601756947,0.0,-0.019230769230769384,4.3,0.0,4.26,0.0,0.040000000000000036,4.58,-0.25
2024-11-12,0.000969053663222974,0.012195903552683074,-0.0005014874145127246,0.01565154876997754,14.97,0.002008032128514081,-0.0799016594960048,0.0,-0.002049944092433864,4.3,0.0,4.26,0.0,0.040000000000000036,4.58,-0.25
2024-11-13,-0.002892682479775477,0.0018231738963017108,-0.0016961527181794667,-0.0014586592372036744,14.71,-0.01736806947227787,-0.03223684210526301,-0.010457516339869133,-0.01797627872498131,4.43,0.1299999999999999,4.34,0.08000000000000007,0.08999999999999986,4.58,-0.25
2024-11-14,0.00023228648443596178,-0.001694592980782339,-0.001643507433750746,-0.003836686527273092,14.02,-0.04690686607749839,-0.06157965194109771,-0.0029250802038121027,-0.013352007469654481,4.44,0.010000000000000675,4.27,-0.07000000000000028,0.17000000000000082,4.58,0.0
2024-11-15,-0.0060497412027306074,-0.007734082334535319,-0.006630963065502482,-0.010442208666119335,14.31,0.020684736091298284,-0.04216867469879515,-0.00047317119333767366,-0.013818860877684358,4.43,-0.010000000000000675,4.34,0.07000000000000028,0.08999999999999986,4.58,0.0
2024-11-16,-0.013203522508181798,-0.020835487712532963,-0.02404880777654994,-0.034239893773695074,16.14,0.12788259958071269,0.08032128514056236,-0.0009467903806098521,-0.014752567693744223,4.43,0.0,4.31,-0.03000000000000025,0.1200000000000001,4.58,0.0
2024-11-17,0.0,-0.021783432061119656,0.0,-0.03375533423447363,16.14,0.0,0.07815631262525047,0.0,-0.014752567693744223,4.43,0.0,4.31,0.0,0.1200000000000001,4.58,0.0
2024-11-18,0.0,-0.01894555305072365,0.0,-0.032113651173022006,16.14,0.0,0.09721278042148196,0.0,-0.004340441592753486,4.43,0.0,4.31,0.0,0.1200000000000001,4.58,0.0
2024-11-19,0.003917814472747416,-0.015330689112470708,0.007112830995977593,-0.023624558854848043,15.58,-0.03469640644361838,0.11126961483594866,0.0032221379833208275,0.0017980505346835152,4.42,-0.009999999999999787,4.29,-0.019999999999999574,0.1299999999999999,4.58,0.0
2024-11-20,0.003963608105035599,-0.005410838822894726,0.007079149664616757,-0.010148985460362692,16.35,0.04942233632862658,0.1425576519916143,-0.0007557150954089487,0.0015148646089755413,4.39,-0.03000000000000025,4.27,-0.020000000000000462,0.1200000000000001,4.58,0.0
2024-11-21,2.1970667468895755e-05,0.007919095427740164,-0.000845557006447839,0.013384733744464583,17.16,0.04954128440366956,0.0631970260223047,-0.005388542257515616,-0.0029378316906746305,4.41,0.020000000000000462,4.31,0.040000000000000036,0.10000000000000053,4.58,0.0
2024-11-22,0.005340444913141784,0.013301831833775646,0.0035650865385081776,0.016997538017066605,16.87,-0.0168997668997668,0.04522924411400253,-0.004372207965022246,-0.007297194844579025,4.43,0.019999999999999574,4.34,0.03000000000000025,0.08999999999999986,4.58,0.0
2024-11-23,0.0034679787718681077,0.01681594107607043,0.0017091931933128635,0.018735783286661256,15.24,-0.0966212211025489,-0.055762081784386686,-0.007255369928401034,-0.014499620924943057,4.41,-0.019999999999999574,4.37,0.03000000000000025,0.040000000000000036,4.58,0.0
2024-11-24,0.0,0.012847791340466541,0.0,0.011540864074970791,15.24,0.0,-0.02182284980744542,0.0,-0.017664840355186007,4.41,0.0,4.37,0.0,0.040000000000000036,4.58,0.0
2024-11-25,0.0,0.0088491088359266,0.0,0.004430351290501733,15.24,0.0,-0.0678899082568808,0.0,-0.016921913405180566,4.41,0.0,4.37,0.0,0.040000000000000036,4.58,0.0
2024-11-26,0.0030204344198856425,0.011874039860675367,0.0013794610475528213,0.0066671182701008025,14.6,-0.04199475065616798,-0.14918414918414924,0.007596884315799635,-0.004087063967303406,4.27,-0.14000000000000057,4.21,-0.16000000000000014,0.05999999999999961,4.58,0.0
2024-11-27,0.005722044904524104,0.012258119827660119,0.005672224174220641,0.008780769093544416,14.1,-0.03424657534246578,-0.16419679905157092,0.0002863141820956816,0.0005727923627685261,4.3,0.03000000000000025,4.21,0.0,0.08999999999999986,4.58,0.0
2024-11-28,-0.0038012963267421984,0.004925167606468994,-0.00852702063289501,-0.0015277073848334322,14.1,0.0,-0.0748031496062993,0.008968609865470878,0.016924704298490356,4.25,-0.04999999999999982,4.19,-0.019999999999999574,0.05999999999999961,4.58,0.0
2024-11-29,0.0,0.004925167606468994,0.0,-0.0015277073848334322,13.9,-0.014184397163120477,-0.0879265091863517,0.0,0.016924704298490356,4.25,0.0,4.19,0.0,0.05999999999999961,4.58,0.0
2024-11-30,0.005607844313972654,0.010560631493598871,0.008960451666924385,0.007419055333907965,13.51,-0.028057553956834624,-0.11351706036745413,-0.002647754137115932,0.014232137705548542,4.18,-0.07000000000000028,4.13,-0.0600000000000005,0.04999999999999982,4.58,0.0
2024-12-01,0.0,0.0075174909851905,0.0,0.006031274378283102,13.51,0.0,-0.07465753424657529,0.0,0.0065852261882037855,4.18,0.0,4.13,0.0,0.04999999999999982,4.58,0.0
2024-12-02,0.0,0.0017852309092387664,0.0,0.0003570250777855666,13.51,0.0,-0.04184397163120568,0.0,0.006297109054479444,4.18,0.0,4.13,0.0,0.04999999999999982,4.58,0.0
2024-12-03,0.0024484531809998433,0.008070028039221633,0.011190915401877666,0.02025164272536939,13.34,-0.012583271650629113,-0.05390070921985812,-0.005973262539110569,-0.008605200945626557,4.19,0.010000000000000675,4.17,0.040000000000000036,0.020000000000000462,4.58,0.0
2024-12-04,0.00045145233705135013,0.008525123609291363,0.0030579363654403835,0.023371507325559593,13.3,-0.0029985007496251548,-0.043165467625899234,0.0032430370087752625,-0.005390070921985846,4.23,0.040000000000000036,4.17,0.0,0.0600000000000005,4.58,0.0
2024-12-05,0.006051359696390701,0.00896992563465826,0.012390410997620283,0.026850457015332285,13.45,0.011278195488721776,-0.004441154700222105,0.0008556759840272488,-0.001896273821939909,4.19,-0.040000000000000036,4.13,-0.040000000000000036,0.0600000000000005,4.58,0.0
2024-12-06,-0.0018697147288503357,0.007083439703732042,-0.003123900772181387,0.023642678079747403,13.54,0.006691449814126393,0.0022205773501109416,0.004179728317659226,0.0022755285863278463,4.17,-0.020000000000000462,4.15,0.020000000000000462,0.019999999999999574,4.58,0.0
2024-12-07,0.002495428066323191,0.009596543984298211,0.009196171614573867,0.033056271819370764,12.77,-0.05686853766617428,-0.05477424130273878,-0.0007567874373284322,0.0015170190575519715,4.15,-0.019999999999999574,4.1,-0.05000000000000071,0.05000000000000071,4.58,0.0
2024-12-08,0.0,0.007130631785221331,0.0,0.02162337110080048,12.77,0.0,-0.0427286356821589,0.0,0.007535291873330907,4.15,0.0,4.1,0.0,0.05000000000000071,4.58,0.0
2024-12-09,0.0,0.006676165477662366,0.0,0.018508835893000786,12.77,0.0,-0.03984962406015047,0.0,0.00427837992013691,4.15,0.0,4.1,0.0,0.05000000000000071,4.58,0.0
2024-12-10,-0.006144226774839168,-0.00552699503326215,-0.008390893639653618,-0.002398061450673672,14.19,0.11119812059514489,0.05501858736059484,0.000662690523525411,0.00408473449225788,4.2,0.04999999999999982,4.13,0.03000000000000025,0.07000000000000028,4.58,0.0
2024-12-11,-0.0029638930421207466,-0.006617164133653541,-0.0033879301258067374,-0.0026622830477354142,14.18,-0.0007047216349541641,0.04726735598227472,-0.005487228003784317,-0.005581307350298048,4.22,0.019999999999999574,4.15,0.020000000000000462,0.0699999999999994,4.58,0.0
2024-12-12,0.008165821859812183,-0.0009983137036618794,0.018522869051084356,0.006554822000485627,13.58,-0.042313117066290484,0.06342991386061092,-0.00038051750380507787,-0.005206854113414816,4.26,0.040000000000000036,4.15,0.0,0.10999999999999943,4.58,0.0
2024-12-13,-0.0054140321061636465,-0.0064069409073818084,-0.006832849506386185,-0.0003228156181710462,13.92,0.025036818851251752,0.09005481597494125,0.0005709935287399048,-0.004638833664678765,4.32,0.0600000000000005,4.18,0.02999999999999936,0.14000000000000057,4.58,0.0
2024-12-14,-2.6440818012729572e-05,-0.006433212320636095,0.007632567162010995,0.007307287631953097,13.81,-0.007902298850574696,0.08144087705559921,-0.0015217804831650916,-0.006153554861308308,4.4,0.08000000000000007,4.25,0.07000000000000028,0.15000000000000036,4.58,0.0
2024-12-15,0.0,-0.00029077211561501226,0.0,0.015831017656974034,13.81,0.0,-0.026779422128259234,0.0,-0.006811731315042424,4.4,0.0,4.25,0.0,0.15000000000000036,4.58,0.0
2024-12-16,0.0,0.0026810673232906534,0.0,0.019284281581304574,13.81,0.0,-0.0260930888575458,0.0,-0.001331811263317939,4.4,0.0,4.25,0.0,0.15000000000000036,4.58,0.0
2024-12-17,0.00379931549522472,-0.0016616838067187167,0.014527381457972277,0.015285807099620685,14.69,0.06372194062273717,0.08173784977908682,0.0013335873499713546,0.0003806623524933439,4.39,-0.010000000000000675,4.25,0.0,0.13999999999999968,4.58,0.0
2024-12-18,-0.0038639596449174807,-0.00010576327205125136,-0.004325540602063804,0.017848955853894122,15.87,0.08032675289312463,0.1400862068965516,-0.0005707762557076723,-0.0007608902415825458,4.4,0.010000000000000675,4.25,0.0,0.15000000000000036,4.58,0.0
2024-12-19,-0.029492894104891865,-0.02956987914574072,-0.03598777878176895,-0.026213656868034008,27.62,0.7403906742281035,1.0,-0.003521797068341881,-0.002762430939226679,4.5,0.09999999999999964,4.35,0.09999999999999964,0.15000000000000036,4.58,0.0
2024-12-20,-0.0008650990436227524,-0.030409397315194542,-0.004658331647752978,-0.030749876608395343,24.09,-0.12780593772628535,0.7443881245474293,-0.010698251982042106,-0.01343112973899796,4.57,0.07000000000000028,4.32,-0.02999999999999936,0.25,4.33,-0.25
2024-12-21,0.010869120584686254,-0.019870800136834843,0.00846213568502141,-0.022547950551531692,18.36,-0.2378580323785804,0.3294713975380159,0.007048373081007808,-0.006477424271289944,4.52,-0.05000000000000071,4.3,-0.020000000000000462,0.21999999999999975,4.33,-0.25
2024-12-22,0.0,-0.023580525775096728,0.0,-0.03654443703256505,18.36,0.0,0.24982981620149758,0.0,-0.007800608828006039,4.52,0.0,4.3,0.0,0.21999999999999975,4.33,-0.25
2024-12-23,0.0,-0.019793045659858954,0.0,-0.03235886601930449,18.36,0.0,0.15689981096408312,0.0,-0.007233961545783374,4.52,0.0,4.3,0.0,0.21999999999999975,4.33,-0.25
2024-12-24,0.007287319692792726,0.017354772349527314,0.010053008222498105,0.013855236214662225,16.78,-0.08605664488017417,-0.3924692251991311,-0.00201342281879191,-0.005731206418951196,4.59,0.07000000000000028,4.3,0.0,0.29000000000000004,4.33,-0.25
2024-12-25,0.011042722967758989,0.029479741200051812,0.013694725010312547,0.03254966365094947,14.27,-0.14958283671036954,-0.4076380240763803,-0.0020174848688634395,0.002993144733030695,4.59,0.0,4.29,-0.009999999999999787,0.2999999999999998,4.33,0.0
2024-12-26,0.0,0.01841051451309661,0.0,0.023885406415944166,14.27,0.0,-0.22276688453159044,0.0,-0.00402684563758382,4.59,0.0,4.29,0.0,0.2999999999999998,4.33,0.0
2024-12-27,-0.00040562645280495246,0.01799742026859552,-0.0013460166577590194,0.022507239603272167,14.73,0.03223545900490543,-0.19771241830065356,0.003369272237196741,-0.0006711409395971923,4.58,-0.009999999999999787,4.3,0.009999999999999787,0.28000000000000025,4.33,0.0
2024-12-28,-0.011055735815118317,0.006742709729633978,-0.013565591449221537,0.00863632413694293,15.95,0.08282416836388307,-0.13126361655773422,0.0,-0.0006711409395971923,4.62,0.040000000000000036,4.31,0.009999999999999787,0.3100000000000005,4.33,0.0
2024-12-29,0.0,-0.000540669928541071,0.0,-0.001402583898095,15.95,0.0,-0.04946364719904661,0.0,0.0013449899125757003,4.62,0.0,4.31,0.0,0.3100000000000005,4.33,0.0
2024-12-30,0.0,-0.011456877769021379,0.0,-0.014893348594917533,15.95,0.0,0.11772950245269787,0.0,0.003369272237196741,4.62,0.0,4.31,0.0,0.3100000000000005,4.33,0.0
2024-12-31,-0.010702011777237508,-0.02203627790544438,-0.01284961912652205,-0.027551593864476254,17.4,0.09090909090909083,0.21934127540294313,-0.0035498416962487234,-0.0001925298421254773,4.55,-0.07000000000000028,4.24,-0.0699999999999994,0.3099999999999996,4.33,0.0
2025-01-01,-0.004284790432948271,-0.02583149899214754,-0.00872383897978457,-0.0347358155042814,17.35,-0.002873563218390607,0.177868295994569,-0.0033699210475640617,-0.006907800057565083,4.58,0.03000000000000025,4.25,0.009999999999999787,0.33000000000000007,4.33,0.0
2025-01-02,0.0,-0.014940946332509308,0.0,-0.021461360098095295,17.35,0.0,0.08777429467084663,0.0,-0.006907800057565083,4.58,0.0,4.25,0.0,0.33000000000000007,4.33,0.0
2025-01-03,-0.002223873314030289,-0.017131592874704338,-0.0017394681272805412,-0.023163496873517042,17.93,0.033429394812680036,0.12413793103448278,-0.008694812095449644,-0.015542550129521215,4.57,-0.009999999999999787,4.25,0.0,0.3200000000000003,4.33,0.0
2025-01-04,0.012595956411720177,-0.004751425260097419,0.01671178253610628,-0.006838817659936769,16.13,-0.10039040713887348,0.011285266457680132,0.0030211480362536403,-0.012568358438069804,4.6,0.02999999999999936,4.28,0.03000000000000025,0.3199999999999994,4.33,0.0
2025-01-05,0.0,0.006014958675727211,0.0,0.006089043354535972,16.13,0.0,-0.07298850574712645,0.0,-0.009050645099172083,4.6,0.0,4.28,0.0,0.3199999999999994,4.33,0.0
2025-01-06,0.0,0.010344071286361167,0.0,0.014943244795754262,16.13,0.0,-0.0703170028818445,0.0,-0.005699932373683714,4.6,0.0,4.28,0.0,0.3199999999999994,4.33,0.0
2025-01-07,0.005538101159955344,0.015939458959506103,0.010941491576542672,0.02604823775935583,16.04,-0.0055796652200867936,-0.07550432276657071,0.010202098717450703,0.00444401507100789,4.62,0.020000000000000462,4.28,0.0,0.33999999999999986,4.33,0.0
2025-01-08,-0.011103896321238205,0.006897785654037092,-0.01792527656021703,0.00941187912443131,17.82,0.11097256857855364,-0.006134969325153339,-0.002693084543618496,0.010525289932755033,4.67,0.04999999999999982,4.3,0.019999999999999574,0.3700000000000001,4.33,0.0
2025-01-09,0.0015603237756451893,-0.004075746280587045,0.00037406059781686096,-0.006808539371363609,17.7,-0.006734006734006814,0.09733415995040295,-0.005400713665734247,0.0020404197434902294,4.67,0.0,4.28,-0.019999999999999574,0.3899999999999997,4.33,0.0
2025-01-10,0.0,-0.004075746280587045,0.0,-0.006808539371363609,18.07,0.02090395480226004,0.12027278363298222,-0.001454474934548644,0.0005829770695686687,4.68,0.009999999999999787,4.27,-0.010000000000000675,0.41000000000000014,4.33,0.0
2025-01-11,-0.01541165040341319,-0.01942458270719083,-0.015739607647623055,-0.022440983280628046,19.54,0.08135030437188706,0.2114073155610663,-0.005826374053214178,-0.005246793626117241,4.77,0.08999999999999986,4.4,0.13000000000000078,0.3699999999999992,4.33,0.0
2025-01-12,0.0,-0.024825199401544373,0.0,-0.033021173960435024,19.54,0.0,0.21820448877805498,0.0,-0.015292872944118518,4.77,0.0,4.4,0.0,0.3699999999999992,4.33,0.0
2025-01-13,0.0,-0.013875373792314405,0.0,-0.015371434616852309,19.54,0.0,0.09652076318742986,0.0,-0.0126338123252,4.77,0.0,4.4,0.0,0.3699999999999992,4.33,0.0
2025-01-14,0.0015754139322881056,-0.01386051619989015,-0.003015218073272763,-0.018707367371450512,19.19,-0.017911975435005,0.08418079096045217,-0.0028325844891581298,-0.010084359546204014,4.79,0.020000000000000462,4.4,0.0,0.3899999999999997,4.33,0.0
2025-01-15,0.001146289893115604,-0.012730114476407706,-0.0013139460141874393,-0.019996732914844273,18.71,-0.025013027618551398,0.035417819590481514,0.008130081300812941,-0.0005826374053216066,4.78,-0.009999999999999787,4.37,-0.03000000000000025,0.41000000000000014,4.33,0.0
2025-01-16,0.018312792769356268,0.021086177544688223,0.023145469497398707,0.0187201584068748,16.12,-0.13842864778193475,-0.17502558853633565,-0.0009716284492808924,0.004297714397343277,4.66,-0.1200000000000001,4.27,-0.10000000000000053,0.39000000000000057,4.33,0.0
2025-01-17,-0.002112636997870454,0.01892899310799301,-0.006902770289836213,0.01168816716376675,16.6,0.02977667493796532,-0.15046059365404285,0.002042404201517245,0.0063488962688025286,4.61,-0.04999999999999982,4.23,-0.03999999999999915,0.3799999999999999,4.33,0.0
2025-01-18,0.009991006073426734,0.029109118866525785,0.01658981805250992,0.028471889782890836,15.97,-0.03795180722891567,-0.1827021494370521,-0.001552945743958145,0.004786091033404771,4.61,0.0,4.27,0.03999999999999915,0.34000000000000075,4.33,0.0
2025-01-19,0.0,0.027490396181089727,0.0,0.03158233548491385,15.97,0.0,-0.16779572694111522,0.0,0.007640317367029192,4.61,0.0,4.27,0.0,0.34000000000000075,4.33,0.0
2025-01-20,0.0,0.02631394288120137,0.0,0.03293956230570205,15.97,0.0,-0.14644575093532874,0.0,-0.0004858142246404462,4.61,0.0,4.27,0.0,0.34000000000000075,4.33,0.0
2025-01-21,0.0,0.007857261706479601,0.0,0.009572532059507033,15.81,-0.010018785222291826,-0.019230769230769273,0.0,0.00048628671464689965,4.61,0.0,4.27,0.0,0.34000000000000075,4.33,0.0
2025-01-22,0.00876821430596375,0.01884682366177448,0.005846701319658587,0.022533515083269062,15.06,-0.04743833017077803,-0.09277108433734949,0.013220569651015923,0.011647093079685478,4.57,-0.040000000000000036,4.29,0.020000000000000462,0.28000000000000025,4.33,0.0
2025-01-23,0.006137961132307579,0.014959994396881005,0.013284022310517729,0.019208391340949538,15.1,0.0026560424966799445,-0.05447714464621167,-0.00028782500239854514,0.012928939438125786,4.6,0.02999999999999936,4.29,0.0,0.3099999999999996,4.33,0.0
2025-01-24,0.00531351199483443,0.02035299650138578,0.0021932915389191177,0.021443812482073055,15.02,-0.005298013245033095,-0.05948653725735764,0.0,0.012928939438125786,4.65,0.05000000000000071,4.29,0.0,0.3600000000000003,4.33,0.0
2025-01-25,-0.0028551769899211044,0.017439708104177942,-0.005795187692942849,0.015524353870944196,14.85,-0.011318242343541951,-0.07013149655604267,0.009117082533589338,0.022163896179644427,4.63,-0.020000000000000462,4.27,-0.020000000000000462,0.3600000000000003,4.33,0.0
2025-01-26,0.0,0.017439708104177942,0.0,0.015524353870944196,14.85,0.0,-0.06072106261859589,0.0,0.022163896179644427,4.63,0.0,4.27,0.0,0.3600000000000003,4.33,0.0
2025-01-27,0.0,0.008596121165634019,0.0,0.009621399104444706,14.85,0.0,-0.01394422310756982,0.0,0.008826633406888718,4.63,0.0,4.27,0.0,0.3600000000000003,4.33,0.0
2025-01-28,-0.0145806426234667,-0.01217310153671236,-0.029701924450296513,-0.033209170365624874,17.9,0.20538720538720523,0.18543046357615878,-0.002187351402758164,0.0069097888675622166,4.53,-0.09999999999999964,4.17,-0.09999999999999964,0.3600000000000003,4.33,0.0
2025-01-29,0.009217800900823026,-0.008336724571028853,0.015892249262564828,-0.019994128103235753,16.41,-0.08324022346368709,0.09254327563248999,-0.006195196340068598,0.0006717850287907279,4.55,0.019999999999999574,4.19,0.020000000000000462,0.35999999999999943,4.33,0.0
2025-01-30,-0.004678873378710091,-0.010150395657276157,-0.002403201037690872,-0.016650584802707424,16.56,0.009140767824497242,0.115151515151515,-0.0010549534861415966,-0.00941512125534949,4.55,0.0,4.21,0.019999999999999574,0.33999999999999986,4.33,0.0
2025-01-31,0.0052754370946348494,-0.004928506336416838,0.004514404902794977,-0.01221134738158014,15.84,-0.04347826086956519,0.06666666666666665,0.00038402457757302777,-0.00903471231573949,4.52,-0.03000000000000025,4.18,-0.03000000000000025,0.33999999999999986,4.33,0.0
2025-02-01,-0.005046803169735048,-0.00995043630475112,-0.001398076633383094,-0.013592351615526965,16.43,0.037247474747474696,0.10639730639730649,-0.0019193857965451588,-0.010936757013789933,4.58,0.0600000000000005,4.22,0.040000000000000036,0.3600000000000003,4.33,0.0
2025-02-02,0.0,0.004698716626637456,0.0,0.016602705128156536,16.43,0.0,-0.08212290502793296,0.0,-0.00876858558902005,4.58,0.0,4.22,0.0,0.3600000000000003,4.33,0.0
2025-02-03,0.0,-0.004477808724887566,0.0,0.0006993417521468093,16.43,0.0,0.0012187690432663434,0.0,-0.0025894312841659994,4.58,0.0,4.22,0.0,0.3600000000000003,4.33,0.0
2025-02-04,-0.007608603880785325,-0.007408131061329981,-0.008402531887205633,-0.005318647117011022,18.62,0.1332927571515521,0.12439613526570059,-0.011826923076923013,-0.01334485407066055,4.54,-0.040000000000000036,4.26,0.040000000000000036,0.28000000000000025,4.33,0.0
2025-02-05,0.007224871842350655,-0.005483292347274071,0.01264650725575378,0.0027338512152619288,17.21,-0.07572502685284643,0.086489898989899,0.009925075411112205,-0.0039347408829174535,4.52,-0.020000000000000462,4.21,-0.04999999999999982,0.3099999999999996,4.33,0.0
2025-02-06,0.003908656680821743,0.0034682387141524718,0.004230553087784417,0.008385770589043329,15.77,-0.08367228355607215,-0.040170419963481474,0.003853935831968469,0.0018269230769230038,4.43,-0.08999999999999986,4.17,-0.040000000000000036,0.2599999999999998,4.33,0.0
2025-02-07,0.00364432448840879,0.007125202589838953,0.005351793504157376,0.013782443005766476,15.5,-0.017121116043119833,-0.05660377358490565,-0.004894903541606821,-0.0030769230769231992,4.45,0.020000000000000462,4.21,0.040000000000000036,0.2400000000000002,4.33,0.0
2025-02-08,-0.009464837258386094,-0.0024070735514929442,-0.012986088498842863,0.0006173744823203542,16.54,0.06709677419354843,0.0066950699939134495,-0.00376157407407407,-0.00682692307692323,4.49,0.040000000000000036,4.29,0.08000000000000007,0.20000000000000018,4.33,0.0
2025-02-09,0.0,0.005241410142845959,0.0,0.009096338645047997,16.54,0.0,-0.11170784103114939,0.0,0.005059842366449185,4.49,0.0,4.29,0.0,0.20000000000000018,4.33,0.0
2025-02-10,0.0,-0.0019692342345326574,0.0,-0.003505832079870319,16.54,0.0,-0.038930854154561434,0.0,-0.004817419789960642,4.49,0.0,4.29,0.0,0.20000000000000018,4.33,0.0
2025-02-11,0.006712589964470439,0.0008182820037350158,0.012350108020404482,0.004551171475323912,15.81,-0.04413542926239411,0.0025364616360177283,-0.001645851486107075,-0.010269699587292624,4.51,0.019999999999999574,4.28,-0.009999999999999787,0.22999999999999954,4.33,0.0
2025-02-12,0.00033957312690802155,-0.002477163902116608,-0.002905307920813449,-0.0036993543237437976,16.02,0.013282732447817747,0.0335483870967741,0.0032971295577968185,-0.002121913580246937,4.54,0.03000000000000025,4.29,0.009999999999999787,0.25,4.33,0.0
2025-02-13,-0.002723902117491961,0.004311324778169201,0.0011865294336741439,0.010606612626219425,15.89,-0.00811485642946308,-0.03929866989117281,0.004446162768219519,0.006099331977926115,4.62,0.08000000000000007,4.36,0.07000000000000028,0.2599999999999998,4.33,0.0
2025-02-14,0.010426357037460532,0.014782633227071296,0.014339807157334183,0.025098516563206053,15.1,-0.049716803020767864,-0.08706166868198306,0.0034642032332563577,0.009584664536741228,4.52,-0.10000000000000053,4.31,-0.05000000000000071,0.20999999999999996,4.33,0.0
2025-02-15,-7.195338728738232e-05,0.014709616179250373,0.0038119515893950684,0.02900614248270572,14.77,-0.021854304635761546,-0.10701330108827078,0.006712696586114397,0.01636170006777049,4.47,-0.04999999999999982,4.26,-0.04999999999999982,0.20999999999999996,4.33,0.0
2025-02-16,0.0,0.00794370339111583,0.0,0.016452840109703937,14.77,0.0,-0.06578115117014549,0.0,0.018037238169123615,4.47,0.0,4.26,0.0,0.20999999999999996,4.33,0.0
2025-02-17,0.0,0.007601548982450357,0.0,0.019414553285958203,14.77,0.0,-0.07802746566791507,0.0,0.014691668277595271,4.47,0.0,4.26,0.0,0.20999999999999996,4.33,0.0
2025-02-18,0.0,0.01035365343846717,0.0,0.01820642139741402,15.37,0.04062288422478,-0.03272498426683457,0.0,0.010200153964588399,4.47,0.0,4.26,0.0,0.20999999999999996,4.33,0.0
2025-02-19,0.0024449557863681637,0.002372826476230161,0.0022573230734865835,0.006077879469159164,15.35,-0.0013012361743656164,0.01655629139072845,-0.0039055058106305385,0.0027809742999618248,4.55,0.08000000000000007,4.29,0.03000000000000025,0.2599999999999998,4.33,0.0
2025-02-20,0.002376998097748828,0.0048277655393702545,0.0004958354782691465,0.0027542778126212752,15.27,-0.005211726384364845,0.03385240352065,-0.004877115807593091,-0.008763574014097997,4.53,-0.019999999999999574,4.28,-0.009999999999999787,0.25,4.33,0.0
2025-02-21,-0.004334204080303938,0.0004726369379668416,-0.004849474196864878,-0.0021085531834268423,15.66,0.025540275049116046,0.060257278266756975,0.006630789928887326,-0.002190893503524416,4.5,-0.03000000000000025,4.28,0.0,0.21999999999999975,4.33,0.0
2025-02-22,-0.0170641044083224,-0.016599532596412225,-0.020571812837195447,-0.022636989259175566,18.21,0.16283524904214564,0.23290453622207186,-0.0019093078758949389,-0.0040960182891979224,4.42,-0.08000000000000007,4.19,-0.08999999999999986,0.22999999999999954,4.33,0.0
2025-02-23,0.0,-0.016599532596412225,0.0,-0.022636989259175566,18.21,0.0,0.18477553675992198,0.0,-0.0040960182891979224,4.42,0.0,4.19,0.0,0.22999999999999954,4.33,0.0
2025-02-24,0.0,-0.018998039017355195,0.0,-0.024838244390494535,18.21,0.0,0.18631921824104247,0.0,-0.0001912594434350101,4.42,0.0,4.19,0.0,0.22999999999999954,4.33,0.0
2025-02-25,-0.0049691258961639395,-0.02618751169811928,-0.012121728058746895,-0.037136311982539194,18.98,0.04228445908841283,0.24296005239030793,0.002199904351984694,0.006919085143186621,4.4,-0.019999999999999574,4.13,-0.0600000000000005,0.27000000000000046,4.33,0.0
2025-02-26,-0.004679730915472358,-0.026525454759445122,-0.012403007107504416,-0.04444477674974612,19.43,0.023709167544784027,0.2407407407407407,0.0019087612139720989,0.002195704057279313,4.3,-0.10000000000000053,4.07,-0.05999999999999961,0.22999999999999954,4.33,0.0
2025-02-27,0.0001360144410393893,-0.009490897419480282,0.0021657636723610985,-0.02226141478147592,19.1,-0.016984045290787342,0.0488742449203734,0.0015240998285386276,0.005643232902917017,4.25,-0.04999999999999982,4.05,-0.020000000000000462,0.20000000000000018,4.33,0.0
2025-02-28,-0.01586451446090209,-0.025204843401024135,-0.027538551227184738,-0.049186918897311416,21.13,0.1062827225130889,0.16035145524437122,-0.009511128019782933,-0.0039215686274509665,4.29,0.040000000000000036,4.07,0.020000000000000462,0.21999999999999975,4.33,0.0
2025-03-01,0.015854114170776867,-0.009750329695183746,0.016226013882569834,-0.03375901264361014,19.63,-0.07098911500236627,0.07797913234486531,-0.0011522949875168997,-0.005069344811095222,4.24,-0.04999999999999982,3.99,-0.08000000000000007,0.25,4.33,0.0
2025-03-02,0.0,-0.004805080850708188,0.0,-0.0219027841784033,19.63,0.0,0.03424657534246567,0.0,-0.007253292613094153,4.24,0.0,3.99,0.0,0.25,4.33,0.0
2025-03-03,0.0,-0.00012593929725868147,0.0,-0.009619082621015074,19.63,0.0,0.01029336078229548,0.0,-0.009144598971232654,4.24,0.0,3.99,0.0,0.25,4.33,0.0
2025-03-04,-0.017596775547904953,-0.017854084747299437,-0.021969976647652434,-0.03347100164104144,22.78,0.1604686704024454,0.1926701570680629,0.0090367237069795,-0.0017120030435607836,4.16,-0.08000000000000007,3.96,-0.03000000000000025,0.20000000000000018,4.33,0.0
2025-03-05,-0.012234773630190987,-0.01423168195551705,-0.003576397830563627,-0.009655028113055741,23.51,0.03204565408252846,0.11263606247042124,0.0036204268292681085,0.011522949875167887,4.22,0.05999999999999961,3.96,0.0,0.2599999999999998,4.33,0.0
2025-03-06,0.011159281084776262,-0.018787471660088984,0.013557528228677285,-0.012255553305073108,21.93,-0.06720544449170573,0.11716760061130915,0.02221378393772544,0.03518554124206874,4.28,0.0600000000000005,3.99,0.03000000000000025,0.29000000000000004,4.33,0.0
2025-03-07,-0.017819030128555013,-0.036271727265093534,-0.027914347459771505,-0.03982779499157496,24.87,0.1340629274965801,0.2669383596535915,0.004643387815750577,0.039992309171313245,4.29,0.009999999999999787,3.96,-0.03000000000000025,0.33000000000000007,4.33,0.0
2025-03-08,0.005520587189728143,-0.030951381308254255,0.007417480899014173,-0.03270573600116067,23.37,-0.06031363088057906,0.19052470708099856,0.0037899796635236793,0.043933858873293596,4.32,0.03000000000000025,3.99,0.03000000000000025,0.33000000000000007,4.33,0.0
2025-03-09,0.0,-0.013593813037205305,0.0,-0.010976922075162765,23.37,0.0,0.02589991220368737,0.0,0.03458460365853666,4.32,0.0,3.99,0.0,0.33000000000000007,4.33,0.0
2025-03-10,0.0,-0.0013758729004957893,0.0,-0.00742708646050394,23.37,0.0,-0.005954912803062595,0.0,0.030852477691285518,4.32,0.0,3.99,0.0,0.33000000000000007,4.33,0.0
2025-03-11,-0.026973068524487775,-0.039035502847176606,-0.03813701743990627,-0.05805135235495029,27.86,0.19212665810868623,0.270405836753306,-0.002025969242103298,0.006407875185735712,4.22,-0.10000000000000053,3.89,-0.10000000000000009,0.3299999999999996,4.33,0.0
2025-03-12,-0.007567823658488071,-0.029005736670779325,-0.002778556889910244,-0.03369483204946189,26.92,-0.033740129217516124,0.08242862887012459,0.00830488142474839,0.010075799593270318,4.28,0.0600000000000005,3.94,0.04999999999999982,0.3400000000000003,4.33,0.0
2025-03-13,0.004886873280486537,-0.029617690894596316,0.011305178934156945,-0.029965789448933355,24.23,-0.09992570579494808,0.03679931536157466,-0.00018303285439735806,0.006077907726310006,4.32,0.040000000000000036,4.01,0.06999999999999984,0.3100000000000005,4.33,0.0
2025-03-14,-0.013891022092047178,-0.04309729298811127,-0.01890894171367452,-0.04830810979651379,24.66,0.017746595130004206,0.055198973042361876,-0.006041189931350055,0.0,4.27,-0.05000000000000071,3.94,-0.06999999999999984,0.3299999999999996,4.33,0.0
2025-03-15,0.021265883307494793,-0.022747911684170452,0.024923174870016274,-0.024588926394595978,21.77,-0.11719383617193835,-0.06846384253316218,0.0011971636430609944,0.0011971636430609944,4.31,0.040000000000000036,4.02,0.07999999999999963,0.29000000000000004,4.33,0.0
2025-03-16,0.0,0.004342281496679812,0.0,0.014085260885340123,21.77,0.0,-0.2185929648241206,0.0,0.0032296761096242133,4.31,0.0,4.02,0.0,0.29000000000000004,4.33,0.0
2025-03-17,0.0,0.012000926047232019,0.0,0.016910805410136565,21.77,0.0,-0.1913075780089154,0.0,-0.005033403495927624,4.31,0.0,4.02,0.0,0.29000000000000004,4.33,0.0
2025-03-18,0.006416099479689574,0.013540978336577636,0.005460642772463942,0.011033873204865152,20.51,-0.05787781350482302,-0.15352868345026827,0.004598969830758026,-0.00027459954233410855,4.31,0.0,4.06,0.040000000000000036,0.25,4.33,0.0
2025-03-19,-0.010653519220738983,0.01686854344455857,-0.016599839291266405,0.013413449235077701,21.7,0.058020477815699634,-0.12003244120032441,0.00045779161325754103,0.0062620867483191844,4.29,-0.019999999999999574,4.04,-0.019999999999999574,0.25,4.33,0.0
2025-03-20,0.010798516740105457,0.006446246989682436,0.013000837637861196,0.001624997970021358,19.9,-0.08294930875576045,-0.08589802480477726,-0.0045758213599341735,0.0004598969830758026,4.25,-0.040000000000000036,3.99,-0.04999999999999982,0.2599999999999998,4.33,0.0
2025-03-21,-0.002184910374623983,0.004247252143133373,-0.0029918942718777375,-0.001371758123974831,19.8,-0.005025125628140614,-0.09049150206706469,-0.002666176335386461,-0.002207505518763808,4.24,-0.009999999999999787,3.95,-0.040000000000000036,0.29000000000000004,4.33,0.0
2025-03-22,0.0008246672635350283,0.0050754219764708175,0.0038805525671055108,0.00250347126362116,19.28,-0.02626262626262621,-0.11437758383095997,-0.0038716814159291957,-0.006070640176600417,4.25,0.009999999999999787,3.94,-0.010000000000000231,0.31000000000000005,4.33,0.0
2025-03-23,0.0,-0.0013321304219117147,0.0,-0.0029411111514902055,19.28,0.0,-0.059970745977571904,0.0,-0.010620765427577394,4.25,0.0,3.94,0.0,0.31000000000000005,4.33,0.0
2025-03-24,0.0,0.009421763739923872,0.0,0.013889288089939278,19.28,0.0,-0.11152073732718881,0.0,-0.011073487691040551,4.25,0.0,3.94,0.0,0.31000000000000005,4.33,0.0
2025-03-25,0.017646041682840563,0.016259962045992227,0.02158907804355259,0.022485060795494283,17.48,-0.09336099585062241,-0.12160804020100491,-0.001110494169905718,-0.0076307805461064415,4.34,0.08999999999999986,4.04,0.10000000000000009,0.2999999999999998,4.33,0.0
2025-03-26,0.0015743198608773046,0.02008868263377872,0.005321489521536771,0.03101087987819673,17.15,-0.018878718535469186,-0.13383838383838398,0.0009264406151565652,-0.004056047197640078,4.31,-0.03000000000000025,3.96,-0.08000000000000007,0.34999999999999964,4.33,0.0
2025-03-27,-0.01115698545004451,0.007876405366683326,-0.018278938654355814,0.00825251835453833,18.33,0.06880466472303204,-0.049273858921161984,-0.002128841169937057,-0.0023135295206366813,4.35,0.040000000000000036,3.98,0.020000000000000018,0.36999999999999966,4.33,0.0
2025-03-28,-0.0033069570393192693,0.0045434013931922035,-0.005943167115111447,0.0022603051437253274,18.69,0.019639934533551617,-0.030601659751037347,0.0017623597068918695,-0.0005552470849526925,4.38,0.03000000000000025,3.97,-0.009999999999999787,0.4099999999999997,4.33,0.0
2025-03-29,-0.019737200328104554,-0.01528347295838084,-0.026124042988854623,-0.02392278615387189,21.65,0.15837346174424805,0.12292531120331929,0.0024074074074074137,0.001850823616509345,4.27,-0.11000000000000032,3.89,-0.08000000000000007,0.37999999999999945,4.33,0.0
2025-03-30,0.0,-0.03235851493783348,0.0,-0.044550069275000825,21.65,0.0,0.23855835240274592,0.0,0.0029646099685010086,4.27,0.0,3.89,0.0,0.37999999999999945,4.33,0.0
2025-03-31,0.0,-0.03387949763271103,0.0,-0.04960757261865856,21.65,0.0,0.26239067055393583,0.0,0.0020362828582005665,4.27,0.0,3.89,0.0,0.37999999999999945,4.33,0.0
2025-04-01,0.0055384935154294546,-0.017567662196701694,-0.00015299718900085857,-0.032060065301032004,22.28,0.029099307159353494,0.21549372613202422,-0.00277110659523383,0.0013913366107038971,4.23,-0.03999999999999915,3.89,0.0,0.3400000000000003,4.33,0.0
2025-04-02,0.003781284246727745,-0.010580839617024274,0.008194123490218308,-0.018294204343535125,21.77,-0.02289048473967692,0.16479400749063666,0.00037050759540591116,0.0,4.17,-0.0600000000000005,3.87,-0.020000000000000018,0.2999999999999998,4.33,0.0
2025-04-03,0.006728125160880394,0.016131691077130528,0.007478743513466002,0.01557874428205408,21.51,-0.011943040881947531,-0.006466512702078431,0.006296296296296244,0.0038795492333272286,4.2,0.03000000000000025,3.91,0.040000000000000036,0.29000000000000004,4.33,0.0
2025-04-04,-0.04839560075260485,-0.03304461255630753,-0.05414727363906646,-0.03941207588660589,30.02,0.39562993956299386,0.38660508083140877,0.01693043798306948,0.02087566968409371,4.06,-0.14000000000000057,3.71,-0.20000000000000018,0.34999999999999964,4.33,0.0
2025-04-05,-0.05974961641947041,-0.09081982605080863,-0.06067441694724174,-0.09769518810874733,45.31,0.5093271152564958,1.0928406466512706,-0.0034382917119073486,0.017365601330131097,4.01,-0.04999999999999982,3.68,-0.029999999999999805,0.3299999999999996,4.33,0.0
2025-04-06,0.0,-0.09582757914056872,0.0,-0.09755711688439683,45.31,0.0,1.0336624775583485,0.0,0.020192663949611056,4.01,0.0,3.68,0.0,0.3299999999999996,4.33,0.0
2025-04-07,0.0,-0.09923363281478836,0.0,-0.10489174446734517,45.31,0.0,1.0813045475424898,0.0,0.01981481481481473,4.01,0.0,3.68,0.0,0.3299999999999996,4.33,0.0
2025-04-08,-0.0023314571311449095,-0.10733966146884932,0.0018956528736557843,-0.10985211763179847,46.98,0.0368572059148089,1.1841004184100417,-0.00926094062102778,0.004048582995951344,4.15,0.14000000000000057,3.73,0.04999999999999982,0.4200000000000004,4.33,0.0
2025-04-09,-0.015700528421156545,-0.0766697797840089,-0.019521900465156783,-0.0772659636270967,52.33,0.11387824606215413,0.7431712191872084,0.0,-0.01266739051755339,4.26,0.10999999999999943,3.71,-0.020000000000000018,0.5499999999999998,4.33,0.0
2025-04-10,0.09515390034057347,0.07544618925992497,0.12022304919721005,0.10043626456370669,33.62,-0.357538696732276,-0.25800044140366374,0.011730205278592587,0.0023606319230071726,4.34,0.08000000000000007,3.91,0.20000000000000018,0.4299999999999997,4.33,0.0
2025-04-11,-0.034607561069471604,0.03822761958818166,-0.041864063105574,0.05436753134034955,40.72,0.21118381915526485,-0.10130214080776878,0.013768115942028869,0.01616124931904861,4.4,0.0600000000000005,3.84,-0.07000000000000028,0.5600000000000005,4.33,0.0
2025-04-12,0.018092083408471682,0.05701132027874989,0.018888362516129575,0.07428280749754279,37.56,-0.07760314341846752,-0.17104391966453325,0.011883488205861381,0.02823678954058484,4.48,0.08000000000000007,3.96,0.1200000000000001,0.5200000000000005,4.33,0.0
2025-04-13,0.0,0.05948145587436415,0.0,0.07225019333726501,37.56,0.0,-0.20051085568326943,0.0,0.03784824046920843,4.48,0.0,3.96,0.0,0.5200000000000005,4.33,0.0
2025-04-14,0.0,0.07638120964844841,0.0,0.09359933061835868,37.56,0.0,-0.28224727689661755,0.0,0.03784824046920843,4.48,0.0,3.96,0.0,0.5200000000000005,4.33,0.0
2025-04-15,0.007944646639420183,-0.00933313786215606,0.00566986177137041,-0.018231334871763316,30.89,-0.1775825346112886,-0.08120166567519327,0.002913907284768147,0.028804347826086873,4.38,-0.10000000000000053,3.84,-0.1200000000000001,0.54,4.33,0.0
2025-04-16,-0.0017277195396940837,0.02440751321646517,0.001820066162943057,0.026530277366946464,30.12,-0.024927160893493006,-0.2603143418467583,-0.005986969536890263,0.008756254467476854,4.35,-0.03000000000000025,3.84,0.0,0.5099999999999998,4.33,0.0
2025-04-17,-0.022408428964001637,-0.01634423197398638,-0.030408019445328116,-0.023135839657999813,32.64,0.08366533864541825,-0.1309904153354633,0.008148804251550068,0.005033112582781385,4.29,-0.05999999999999961,3.77,-0.06999999999999984,0.52,4.33,0.0
2025-04-18,0.0013268381447011368,-0.01503907997971421,2.4647216179118914e-05,-0.023111762675862235,29.65,-0.09160539215686281,-0.21059637912673068,-0.001581444385872488,0.0034437086092715674,4.34,0.04999999999999982,3.81,0.040000000000000036,0.5299999999999998,4.33,0.0
2025-04-19,0.0,-0.01503907997971421,0.0,-0.023111762675862235,29.65,0.0,-0.21059637912673068,0.002287926786342709,0.005739514348785724,4.34,0.0,3.81,0.0,0.5299999999999998,4.33,0.0
2025-04-20,0.0,-0.022802568271744095,0.0,-0.028619356651035766,29.65,0.0,-0.04014244091939145,0.0,0.0028173974291250126,4.34,0.0,3.81,0.0,0.5299999999999998,4.33,0.0
2025-04-21,0.0,-0.021111323177612773,0.0,-0.030384121702177747,29.65,0.0,-0.015604249667994785,0.0,0.008857395925597977,4.34,0.0,3.81,0.0,0.5299999999999998,4.33,0.0
2025-04-22,-0.023567493895167213,-0.022271926000341224,-0.024635106958066255,-0.02461106692869397,33.82,0.14064080944350765,0.03615196078431371,0.010359964881474948,0.011070110701106861,4.42,0.08000000000000007,3.75,-0.06000000000000005,0.6699999999999999,4.33,0.0
2025-04-23,0.02511728897677501,0.0009578435269843588,0.026286057624815395,0.0010033908256559254,30.57,-0.0960969840331165,0.03102866779089375,-0.0036496350364962904,0.008975712777191225,4.41,-0.009999999999999787,3.76,0.009999999999999787,0.6500000000000004,4.33,0.0
2025-04-24,0.016661119264111734,0.017634921536335613,0.022808089772553775,0.02383436602623812,28.45,-0.06934903500163558,-0.0404721753794266,-0.010116867259724494,-0.0035118525021948788,4.4,-0.009999999999999787,3.81,0.050000000000000266,0.5900000000000003,4.33,0.0
2025-04-25,0.02025908412793509,0.0382512730232647,0.027878497383549083,0.052377329720688204,26.47,-0.06959578207381367,-0.10725126475548064,0.0011453744493392648,-0.00237050043898146,4.32,-0.08000000000000007,3.77,-0.040000000000000036,0.5500000000000003,4.33,0.0
2025-04-26,0.007373144179245283,0.04590644935355037,0.011353984511616177,0.06432600562271307,24.84,-0.06157914620324889,-0.16222596964586844,0.0015840887089675348,-0.000790166812993931,4.29,-0.03000000000000025,3.74,-0.029999999999999805,0.5499999999999998,4.33,0.0
2025-04-27,0.0,0.07115078903493477,0.0,0.0912080322097002,24.84,0.0,-0.26552335895919577,0.0,-0.011035801181786709,4.29,0.0,3.74,0.0,0.5499999999999998,4.33,0.0
2025-04-28,0.0,0.04490559329470312,0.0,0.06325914115518327,24.84,0.0,-0.1874386653581943,0.0,-0.007413221698936101,4.29,0.0,3.74,0.0,0.5499999999999998,4.33,0.0
2025-04-29,0.0006406996295162948,0.02844010074667125,-0.0002711943254002369,0.039267094129114,25.15,0.012479871175523405,-0.1159929701230229,0.0005271944468852041,0.0032599118942731042,4.23,-0.05999999999999961,3.67,-0.07000000000000028,0.5600000000000005,4.33,0.0
2025-04-30,0.0058023965634184105,0.013867491253051645,0.006056428868874697,0.01720324340078272,24.17,-0.0389662027833001,-0.08689081979599533,0.0007903749890225686,0.0029041626331072212,4.19,-0.040000000000000036,3.65,-0.020000000000000018,0.5400000000000005,4.33,0.0
2025-05-01,0.0014799948928487794,0.007936349930590891,0.0013338483853886363,0.0071251548946715815,24.7,0.021928009929664816,-0.005636070853462183,-0.004124254124254101,-0.0028117037167206815,4.17,-0.020000000000000462,3.6,-0.04999999999999982,0.5699999999999998,4.33,0.0
2025-05-02,0.006299088176460632,0.014285429875063649,0.011020887005378288,0.018224567427039817,24.6,-0.004048582995951344,-0.009661835748792202,-0.006167944312274298,-0.008962305597047693,4.25,0.08000000000000007,3.7,0.10000000000000009,0.5499999999999998,4.33,0.0
2025-05-03,0.014726612825518126,0.02922241869539799,0.015965261531603936,0.03448078894391671,22.68,-0.07804878048780495,-0.08695652173913049,0.004521677453675155,-0.004481152798523791,4.33,0.08000000000000007,3.83,0.1299999999999999,0.5,4.33,0.0
2025-05-04,0.0,0.028563418494234716,0.0,0.03476141036655145,22.68,0.0,-0.09821073558648108,0.0,-0.005005708263809638,4.33,0.0,3.83,0.0,0.5,4.33,0.0
2025-05-05,0.0,0.022629715348248425,0.0,0.028532178388790852,22.68,0.0,-0.06164666942490704,0.0,-0.00579150579150578,4.33,0.0,3.83,0.0,0.5,4.33,0.0
2025-05-06,-0.0063815906321273985,0.014602105202673243,-0.006699130112955531,0.020281007326138356,23.64,0.042328042328042326,-0.042914979757084915,-0.0013239187996469948,-0.002995858665961859,4.36,0.03000000000000025,3.83,0.0,0.5300000000000002,4.33,0.0
2025-05-07,-0.007693287885062627,0.0004942774448888354,-0.008844177216077331,0.00023399544441704556,24.76,0.04737732656514382,0.006504065040650486,0.0026513477684491082,0.005851582587108828,4.3,-0.0600000000000005,3.78,-0.050000000000000266,0.52,4.33,0.0
2025-05-08,0.004346422539330819,-0.009740322543773439,0.0038718954856014065,-0.011672116207795846,23.55,-0.048869143780290836,0.03835978835978837,0.000264433671220754,0.0015887025595764381,4.26,-0.040000000000000036,3.78,0.0,0.48,4.33,0.0
2025-05-09,0.005799747126763233,-0.0039970668246971375,0.00984499171279185,-0.001942036382340473,22.48,-0.0454352441613588,-0.008818342151675429,-0.008724004229820226,-0.0071491615180935275,4.37,0.11000000000000032,3.9,0.1200000000000001,0.4700000000000002,4.33,0.0
2025-05-10,-0.0007115188367108338,-0.004705741673070585,-0.00010566414651025369,-0.00204749532523385,21.9,-0.025800711743772298,-0.03439153439153442,0.0018668326073427721,-0.005295675198587868,4.37,0.0,3.88,-0.020000000000000018,0.4900000000000002,4.33,0.0
2025-05-11,0.0,0.0016866122278500484,0.0,0.0046830068599967856,21.9,0.0,-0.07360406091370564,0.0,-0.00397702165267344,4.37,0.0,3.88,0.0,0.4900000000000002,4.33,0.0
2025-05-12,0.0,0.009452621854105114,0.0,0.013647888419884735,21.9,0.0,-0.11550888529886927,0.0,-0.006610841780520071,4.37,0.0,3.88,0.0,0.4900000000000002,4.33,0.0
2025-05-13,0.03255882160670387,0.03780845562642954,0.04021145031889528,0.05034132827863136,18.39,-0.16027397260273968,-0.21910828025477702,-0.01455190771960957,-0.02132534367289385,4.45,0.08000000000000007,3.98,0.10000000000000009,0.4700000000000002,4.33,0.0
2025-05-14,0.007248224304822415,0.03930302934000007,0.01579200839556938,0.056526829472521634,18.22,-0.009244154431756524,-0.1895017793594307,0.006302899333693324,-0.006489465730287192,4.49,0.040000000000000036,4.02,0.03999999999999959,0.47000000000000064,4.33,0.0
2025-05-15,0.001024369112638146,0.04110842751916555,0.0057322256659919635,0.06269536848034396,18.62,0.021953896816685026,-0.1497716894977168,0.0026843235504654395,-0.005678793256432946,4.53,0.040000000000000036,4.05,0.03000000000000025,0.4800000000000004,4.33,0.0
2025-05-16,0.004132315556174104,0.04541061606986685,0.0007791095448659302,0.06352332458521182,17.83,-0.04242749731471551,-0.18584474885844748,-0.001517044440478399,-0.007187222715173025,4.45,-0.08000000000000007,3.96,-0.08999999999999986,0.4900000000000002,4.33,0.0
2025-05-17,0.0070053220166539365,0.05273405407506493,0.004317621727217391,0.0681152159988434,17.24,-0.033090297251822776,-0.21278538812785386,-0.0042899276074716,-0.011446317657497707,4.43,-0.020000000000000462,3.98,0.020000000000000018,0.44999999999999973,4.33,0.0
2025-05-18,0.0,0.019539063582806326,0.0,0.02682508990974264,17.24,0.0,-0.06253398586188152,0.0,0.003151449666846773,4.43,0.0,3.98,0.0,0.44999999999999973,4.33,0.0
2025-05-19,0.0,0.012202393592172012,0.0,0.010861555734820172,17.24,0.0,-0.053787047200878235,0.0,-0.003131710808875976,4.43,0.0,3.98,0.0,0.44999999999999973,4.33,0.0
2025-05-20,0.000876077054501545,0.012052445618048635,0.0008918262791477449,0.005996469850430675,18.14,0.05220417633410679,-0.025778732545649885,0.00852706220267474,0.002677137247902861,4.46,0.03000000000000025,3.97,-0.009999999999999787,0.48999999999999977,4.33,0.0
2025-05-21,-0.0038802065866255786,0.003976724416208999,-0.003715196262423004,0.0014787338850814624,18.09,-0.002756339581036382,0.014582164890633909,0.00160199359202573,0.005809276968451016,4.48,0.020000000000000462,3.97,0.0,0.5100000000000002,4.33,0.0
2025-05-22,-0.016135114115741978,-0.019094116185943255,-0.013432163153443755,-0.016220877975204218,20.87,0.15367606412382528,0.21055684454756407,0.007908299271370378,0.01813122699937164,4.58,0.09999999999999964,4.0,0.029999999999999805,0.5800000000000001,4.33,0.0
2025-05-23,-0.0004448543187653975,-0.019530476404660324,0.0015232187685598753,-0.014722367152418592,20.28,-0.028270244369908992,0.17633410672853844,-0.005465926121837272,0.012566196930257512,4.54,-0.040000000000000036,4.0,0.0,0.54,4.33,0.0
2025-05-24,-0.006708307585916562,-0.02610776754755495,-0.009322452560027283,-0.023907571143096273,22.29,0.09911242603550297,0.29292343387471,0.006116479035546352,0.018759536845884606,4.51,-0.03000000000000025,4.0,0.0,0.5099999999999998,4.33,0.0
2025-05-25,0.0,-0.026960225367227975,0.0,-0.02477730037464354,22.29,0.0,0.22877618522601972,0.0,0.010145959416162365,4.51,0.0,4.0,0.0,0.5099999999999998,4.33,0.0
2025-05-26,0.0,-0.023169922867926074,0.0,-0.021140645760334476,22.29,0.0,0.23217247097844118,0.0,0.008530300337657781,4.51,0.0,4.0,0.0,0.5099999999999998,4.33,0.0
2025-05-27,0.0,-0.00715017768508075,0.0,-0.007813433926175839,20.57,-0.07716464782413635,-0.014374700527072348,0.0,0.0006171206911751437,4.51,0.0,4.0,0.0,0.5099999999999998,4.33,0.0
2025-05-28,0.020459018201495205,0.013613465228577093,0.023873989094290726,0.014328972403513163,18.96,-0.07826932425862909,-0.0650887573964497,-0.0021145374449338394,0.003989008066660693,4.43,-0.08000000000000007,3.92,-0.08000000000000007,0.5099999999999998,4.33,0.0
2025-05-29,-0.005571185873944895,0.014773851334351384,-0.004521132160229979,0.019244919474173505,19.31,0.01845991561181415,-0.13369223867205027,-0.003531696980399124,-0.005638766519823757,4.47,0.040000000000000036,3.96,0.040000000000000036,0.5099999999999998,4.33,0.0
2025-05-30,0.004011174227950942,0.018844286054022108,0.002147463877058886,0.021433711120620202,19.18,-0.006732263076126288,-0.1395244504262001,0.0074428495481126955,0.0017621145374449032,4.43,-0.040000000000000036,3.92,-0.040000000000000036,0.5099999999999998,4.33,0.0
2025-05-31,-8.118846379590039e-05,0.018761567651589983,-0.0010747076266326427,0.020335968521179026,18.57,-0.031803962460896784,-0.16689098250336465,-0.0020228671943711696,-0.0002643171806167022,4.41,-0.019999999999999574,3.89,-0.029999999999999805,0.52,4.33,0.0
2025-06-01,0.0,0.018761567651589983,0.0,0.020335968521179026,18.57,0.0,-0.09722897423432186,0.0,-0.0002643171806167022,4.41,0.0,3.89,0.0,0.52,4.33,0.0
2025-06-02,0.0,-0.0016634186377193494,0.0,-0.003455523444092168,18.57,0.0,-0.020569620253164556,0.0,0.001854140914709479,4.41,0.0,3.89,0.0,0.52,4.33,0.0
2025-06-03,0.00410204188649943,0.008047821619923345,0.00706433956437813,0.008142349929661119,18.36,-0.011308562197092087,-0.04919730709476955,0.007490966775359098,0.012936381357433913,4.46,0.04999999999999982,3.94,0.04999999999999982,0.52,4.33,0.0
2025-06-04,0.005800260784307065,0.009844101235248592,0.007948631451603516,0.013978220319744272,17.69,-0.03649237472766875,-0.0776850886339937,-0.0051609517144857175,0.00026385224274405594,4.46,0.0,3.96,0.020000000000000018,0.5,4.33,0.0
2025-06-05,7.369727504324963e-05,0.010000524384736087,0.0027392859022330462,0.017849687385636637,17.61,-0.004522328999434833,-0.05169628432956386,0.004484304932735439,0.006785934608266597,4.37,-0.08999999999999986,3.87,-0.08999999999999986,0.5,4.33,0.0
2025-06-06,-0.005277340930292529,0.0046704072777836725,-0.00803289948586483,0.009673403155148863,18.48,0.04940374787052826,-0.004846526655896577,0.0014005602240894088,0.008195998942451599,4.4,0.03000000000000025,3.92,0.04999999999999982,0.4800000000000004,4.33,0.0
2025-06-07,0.010280672806559643,0.014999095013439545,0.009948286176123977,0.01971792311415732,16.77,-0.09253246753246758,-0.0969305331179322,-0.003758741258741205,0.004406451044328907,4.51,0.10999999999999943,4.04,0.1200000000000001,0.46999999999999975,4.33,0.0
2025-06-08,0.0,0.010852535571451272,0.0,0.012564821384950076,16.77,0.0,-0.08660130718954251,0.0,-0.0030615815255423673,4.51,0.0,4.04,0.0,0.46999999999999975,4.33,0.0
2025-06-09,0.0,0.005023139269425547,0.0,0.004579786895189786,16.77,0.0,-0.0520067834934993,0.0,0.0021102611448167163,4.51,0.0,4.04,0.0,0.46999999999999975,4.33,0.0
2025-06-10,0.0009199448033119229,0.005873574942093285,0.0016579518504680202,0.003496468083852733,17.16,0.023255813953488413,-0.02555366269165238,0.0024567868737388476,8.753501400549091e-05,4.49,-0.019999999999999574,4.01,-0.03000000000000025,0.4800000000000004,4.33,0.0
2025-06-11,0.005482960032501483,0.01675449968851561,0.006608443852541557,0.01830798382916199,16.95,-0.012237762237762295,-0.08279220779220786,-0.0001750547045951123,-0.0014860139860137789,4.47,-0.020000000000000462,4.01,0.0,0.45999999999999996,4.33,0.0
2025-06-12,-0.002743918089822439,0.003646447879793957,-0.0036970328941131614,0.004549717647307494,17.26,0.01828908554572295,0.0292188431723317,0.005865359362689171,0.008160042116346578,4.41,-0.05999999999999961,3.94,-0.06999999999999984,0.4700000000000002,4.33,0.0
2025-06-13,0.0038224979409655635,0.007482884360271891,0.002402473834443475,0.006963122059352678,18.02,0.044032444959443584,0.07453786523553974,0.007658833768494189,0.015881372290953655,4.36,-0.04999999999999982,3.9,-0.040000000000000036,0.4600000000000004,4.33,0.0
2025-06-14,-0.01129645375054178,-0.00389809944736641,-0.012881662842508468,-0.006008237373855696,20.82,0.1553829078801332,0.24150268336314862,-0.0018137847642080152,0.014038782135649797,4.41,0.04999999999999982,3.96,0.06000000000000005,0.4500000000000002,4.33,0.0
2025-06-15,0.0,-0.004813615989663456,0.0,-0.0076535000896875705,20.82,0.0,0.21328671328671334,0.0,0.011553610503282075,4.41,0.0,3.96,0.0,0.4500000000000002,4.33,0.0
2025-06-16,0.0,-0.010240428163826976,0.0,-0.014168313438386315,20.82,0.0,0.22831858407079664,0.0,0.011730718725378564,4.41,0.0,3.96,0.0,0.4500000000000002,4.33,0.0
2025-06-17,0.009392719053299414,0.0018049762214724652,0.014170839682234426,0.00351176535167963,19.11,-0.08213256484149856,0.10718424101969859,0.002076663493986386,0.007919930374238326,4.46,0.04999999999999982,3.97,0.010000000000000231,0.48999999999999977,4.33,0.0
2025-06-18,-0.008352242873078675,-0.010345295322285564,-0.009959626339653749,-0.008864015128697833,21.6,0.1302982731554161,0.19866814650388465,-0.003972023141352143,-0.0037139402314734227,4.39,-0.07000000000000028,3.94,-0.03000000000000025,0.44999999999999973,4.33,0.0
2025-06-19,-0.00030922389816012696,0.0006525045298870769,2.808590419101087e-05,0.004098277290412122,20.14,-0.06759259259259265,-0.032660902977905804,-0.001213697442566164,-0.003114995240979579,4.38,-0.009999999999999787,3.94,0.0,0.43999999999999995,4.33,0.0
2025-06-20,0.0,0.0006525045298870769,0.0,0.004098277290412122,22.17,0.1007944389275075,0.06484149855907795,0.0,-0.003114995240979579,4.38,0.0,3.94,0.0,0.43999999999999995,4.33,0.0
2025-06-21,-0.002178612810510794,-0.0015275298353514266,-0.004295641420296481,-0.0002149688595648458,20.62,-0.06991429860171405,-0.009606147934678178,-8.67980210050856e-05,-0.0032015228865622802,4.38,0.0,3.9,-0.040000000000000036,0.48,4.33,0.0
2025-06-22,0.0,-0.010818632512916149,0.0,-0.014184798042809699,20.62,0.0,0.07901622187336477,0.0,-0.005267248078749676,4.38,0.0,3.9,0.0,0.48,4.33,0.0
2025-06-23,0.0,-0.002487163029525008,0.0,-0.004267676163078882,20.62,0.0,-0.045370370370370394,0.0,-0.0013003901170351995,4.38,0.0,3.9,0.0,0.48,4.33,0.0
2025-06-24,0.009606490790637912,0.007406949156226528,0.010632380161460286,0.006291065848545774,19.83,-0.038312318137730506,-0.015392254220456869,0.0015624999999999112,0.0014755663570871214,4.34,-0.040000000000000036,3.84,-0.06000000000000005,0.5,4.33,0.0
2025-06-25,0.011121677894565751,0.01861100475348909,0.015290307201620612,0.021677565379616404,17.48,-0.11850731215330301,-0.21154713576905737,0.00606690934304055,0.007551427827445556,4.3,-0.040000000000000036,3.75,-0.08999999999999986,0.5499999999999998,4.33,0.0
2025-06-26,-3.282897091061443e-06,0.020831657685192573,0.002127935713088336,0.02826870319087016,16.76,-0.041189931350114395,-0.18719689621726476,0.001033769813921337,0.00868055555555558,4.29,-0.009999999999999787,3.74,-0.009999999999999787,0.5499999999999998,4.33,0.0
2025-06-27,0.008020143922681022,0.029018874500656988,0.009423169800528264,0.03795825378160678,16.59,-0.010143198090692196,-0.1954413191076625,0.0083476764199657,0.01710069444444451,4.26,-0.03000000000000025,3.7,-0.040000000000000036,0.5599999999999996,4.33,0.0
2025-06-28,0.005219002706390752,0.03438932679160289,0.0038717368555403198,0.041976955007285044,16.32,-0.016274864376130127,-0.20853540252182345,0.000597422548433979,0.017708333333333437,4.29,0.03000000000000025,3.73,0.029999999999999805,0.56,4.33,0.0
2025-06-29,0.0,0.02454702522916352,0.0,0.031014813557445287,16.32,0.0,-0.1770045385779122,0.0,0.016120644825793118,4.29,0.0,3.73,0.0,0.56,4.33,0.0
2025-06-30,0.0,0.013277677284650125,0.0,0.015487694745323743,16.32,0.0,-0.06636155606407323,0.0,0.009993108201240553,4.29,0.0,3.73,0.0,0.56,4.33,0.0
2025-07-01,0.0051643671625301035,0.018513958924256668,0.006426232127166642,0.019843293428198905,16.73,0.025122549019607865,-0.0017899761336516162,0.003923575571477267,0.012908777969019125,4.24,-0.04999999999999982,3.72,-0.009999999999999787,0.52,4.33,0.0
2025-07-02,-0.0011184618731818752,0.009280217292892745,-0.008857088558980264,0.0013743307098539326,16.83,0.005977286312014218,0.01446654611211562,0.0005097706032284322,0.005035418622514332,4.26,0.019999999999999574,3.78,0.05999999999999961,0.48,4.33,0.0
2025-07-03,0.004745071401949907,0.008804371244777842,0.007284855419531944,0.004778958205749362,16.64,-0.01128936423054061,0.019607843137254832,0.0011888586956523284,0.0056294779938586,4.3,0.040000000000000036,3.78,0.0,0.52,4.33,0.0
2025-07-04,0.00833892687501403,0.01721671712778261,0.009940866243939972,0.014767331433998221,16.38,-0.01562500000000011,0.003676470588235281,-0.002714164546225639,0.002900034118048289,4.35,0.04999999999999982,3.88,0.10000000000000009,0.46999999999999975,4.33,0.0
2025-07-05,0.0,0.01721671712778261,0.0,0.014767331433998221,17.48,0.06715506715506714,0.07107843137254899,0.0,0.002900034118048289,4.35,0.0,3.88,0.0,0.46999999999999975,4.33,0.0
2025-07-06,0.0,0.011990426997800174,0.0,0.008287839724926416,17.48,0.0,0.044829647340107526,0.0,-0.0010195412064571974,4.35,0.0,3.88,0.0,0.46999999999999975,4.33,0.0
2025-07-07,0.0,0.013123567080401743,0.0,0.017298139436803917,17.48,0.0,0.03862150920974461,0.0,-0.0015285326086956763,4.35,0.0,3.88,0.0,0.46999999999999975,4.33,0.0
2025-07-08,-0.00786227873904155,0.0004110851684966388,-0.007932839374871326,0.0019291675739083747,17.79,0.017734553775743622,0.06911057692307687,-0.0021262119408061997,-0.0048346055979644476,4.4,0.05000000000000071,3.9,0.020000000000000018,0.5000000000000004,4.33,0.0
2025-07-09,-0.0007158931489344988,-0.008572543336491822,0.0007352691600872596,-0.007203402986928342,16.81,-0.05508712759977519,0.026251526251526158,-0.002215972044660286,-0.004337472359244643,4.42,0.019999999999999574,3.9,0.0,0.52,4.33,0.0
2025-07-10,0.0060621442064277,-0.0025623671239858314,0.00716492858637352,-9.008626853501678e-05,15.94,-0.05175490779298031,-0.08810068649885594,0.0,-0.004337472359244643,4.34,-0.08000000000000007,3.86,-0.040000000000000036,0.48,4.33,0.0
2025-07-11,0.00274617371784025,0.00017676988860304554,-0.0015591576787313821,-0.0016491034885690592,15.78,-0.010037641154328703,-0.09725400457665911,-0.001622960621850189,-0.005953393434257492,4.35,0.009999999999999787,3.86,0.0,0.48999999999999977,4.33,0.0
2025-07-12,-0.0032975291618766445,-0.0031213421771362215,-0.002131475133228089,-0.0037770635987190992,16.4,0.03929024081115329,-0.06178489702517176,0.000684462696783017,-0.005273005613199544,4.43,0.08000000000000007,3.9,0.040000000000000036,0.5299999999999998,4.33,0.0
2025-07-13,0.0,0.004778506512059577,0.0,0.004189006491791769,16.4,0.0,-0.07813378302417096,0.0,-0.00315349867893977,4.43,0.0,3.9,0.0,0.5299999999999998,4.33,0.0
2025-07-14,0.0,0.005498335881982452,0.0,0.003451199770947655,16.4,0.0,-0.024390243902439046,0.0,-0.0009396087810712439,4.43,0.0,3.9,0.0,0.5299999999999998,4.33,0.0
2025-07-15,0.0014074044490595128,0.000846204692125152,0.0032935919159284843,-0.000405862082990871,17.2,0.04878048780487809,0.0790464240903388,-0.0020519835841312783,-0.0029896643034083015,4.43,0.0,3.9,0.0,0.5299999999999998,4.33,0.0
2025-07-16,-0.003956251515499609,-0.005843521015976516,0.0012670838651132055,0.002423644042776729,17.38,0.010465116279069653,0.10139416983523453,-0.004540781357094015,-0.005903490759753716,4.5,0.07000000000000028,3.95,0.050000000000000266,0.5499999999999998,4.33,0.0
2025-07-17,0.003193588478737075,0.0006310156156394964,0.0010216481920803933,0.005591160900064285,17.16,-0.012658227848101222,0.04634146341463419,0.0008606592649971212,-0.005728454172366559,4.46,-0.040000000000000036,3.88,-0.07000000000000028,0.5800000000000001,4.33,0.0
2025-07-18,0.005373820585277134,0.00600822716562166,0.007555449042407458,0.013188853673739898,16.52,-0.037296037296037365,0.007317073170731714,-0.002751741336314506,-0.008464432284541745,4.47,0.009999999999999787,3.91,0.03000000000000025,0.5599999999999996,4.33,0.0
2025-07-19,-9.051412020266714e-05,0.005917169216022922,-0.0006750126185766092,0.012504938412509103,16.41,-0.006658595641646503,0.0006097560975610872,0.004139001465896408,-0.0043604651162789665,4.44,-0.02999999999999936,3.88,-0.03000000000000025,0.5600000000000005,4.33,0.0
2025-07-20,0.0,0.0045034266242964804,0.0,0.00918110767456426,16.41,0.0,-0.04593023255813944,0.0,-0.002313228238519427,4.44,0.0,3.88,0.0,0.5600000000000005,4.33,0.0
2025-07-21,0.0,0.00849327969044289,0.0,0.007904008767471993,16.41,0.0,-0.055811277330264586,0.0,0.0022377140889922043,4.44,0.0,3.88,0.0,0.5600000000000005,4.33,0.0
2025-07-22,0.0013991255862113583,0.006689336973354498,0.004968032301097658,0.011877525594803817,16.65,0.014625228519195455,-0.029720279720279796,0.005152425933877103,0.006535385673746674,4.38,-0.0600000000000005,3.85,-0.029999999999999805,0.5299999999999998,4.33,0.0
2025-07-23,0.0006375285460542557,0.0019468475678696695,-0.005025008563394606,-0.0007568979747454296,16.5,-0.009009009009008917,-0.001210653753026647,0.003759077317385673,0.013106837975338514,4.35,-0.03000000000000025,3.83,-0.020000000000000018,0.5199999999999996,4.33,0.0
2025-07-24,0.007811880905664648,0.009865344088019423,0.00428511098450457,0.004202819192498541,15.37,-0.06848484848484848,-0.06337599024984775,-8.511362669161304e-05,0.008844997853155734,4.4,0.05000000000000071,3.88,0.04999999999999982,0.5200000000000005,4.33,0.0
2025-07-25,0.000698232873244109,0.010570465268811668,0.0024803118501053323,0.006693555344851054,15.39,0.0013012361743658385,-0.06215722120658129,0.0014470548178413534,0.010304851867754428,4.43,0.02999999999999936,3.91,0.03000000000000025,0.5199999999999996,4.33,0.0
2025-07-26,0.003974321701619488,0.014586797399945173,0.0022562582203338177,0.008964915954454922,14.93,-0.029889538661468595,-0.0901889092017063,-0.002974925626859415,0.007299270072992581,4.4,-0.02999999999999936,3.91,0.0,0.4900000000000002,4.33,0.0
2025-07-27,0.0,0.013169246384166389,0.0,0.003977125167061724,14.93,0.0,-0.10330330330330328,0.0,0.0021358393848782686,4.4,0.0,3.91,0.0,0.4900000000000002,4.33,0.0
2025-07-28,0.0,0.01252373360043868,0.0,0.009047597987823064,14.93,0.0,-0.09515151515151521,0.0,-0.001617158907141092,4.4,0.0,3.91,0.0,0.4900000000000002,4.33,0.0
2025-07-29,0.00017687645570885202,0.0048530329883582635,0.0036103084145280295,0.008369595391843898,15.03,0.006697923643670389,-0.022121014964216035,-0.010315430520034141,-0.011831801157643929,4.42,0.019999999999999574,3.91,0.0,0.5099999999999998,4.33,0.0
2025-07-30,-0.0029594179446209568,0.001180195965961195,-0.0020538382198870275,0.003808808494107918,15.98,0.06320691949434476,0.03833658219623137,-0.006460504780773646,-0.019634509137271716,4.34,-0.08000000000000007,3.86,-0.050000000000000266,0.48,4.33,0.0
2025-07-31,-0.001249438851269713,-0.004029026522076817,0.0015921367066666914,0.0031436582195534246,15.48,-0.03128911138923651,0.036838580040187585,-0.0055488122073867885,-0.022165387894288124,4.38,0.040000000000000036,3.94,0.08000000000000007,0.43999999999999995,4.33,0.0
2025-08-01,-0.0036948561190650597,-0.007708995967842913,-0.005452463674872288,-0.002325946137567314,16.72,0.08010335917312661,0.1198928332217013,-0.0034001743679162866,-0.025490196078431393,4.37,-0.009999999999999787,3.94,0.0,0.43000000000000016,4.33,0.0
2025-08-02,-0.01599207494727417,-0.02357778807383104,-0.019588579953932483,-0.021868964109615474,20.38,0.21889952153110048,0.3650368385800402,0.010847694864841273,-0.014919011082694,4.23,-0.13999999999999968,3.69,-0.25,0.5400000000000005,4.33,0.0
2025-08-03,0.0,-0.023750463631711294,0.0,-0.02538761540263057,20.38,0.0,0.355954757152362,0.0,-0.004651563442157003,4.23,0.0,3.69,0.0,0.5400000000000005,4.33,0.0
2025-08-04,0.0,-0.020852757712459424,0.0,-0.023381799616445598,20.38,0.0,0.2753441802252814,0.0,0.001820704005548901,4.23,0.0,3.69,0.0,0.5400000000000005,4.33,0.0
2025-08-05,0.01473707159815385,-0.0051800279746656575,0.018683574576807915,-0.006716523719223599,17.52,-0.14033366045142293,0.13178294573643412,0.0011250540891389882,0.008544027898866657,4.22,-0.010000000000000675,3.69,0.0,0.5299999999999998,4.33,0.0
2025-08-06,-0.004857865951336082,-0.0063413041317856855,-0.00733334167075983,-0.008595011137852548,17.85,0.018835616438356295,0.06758373205741641,0.0010373443983402453,0.013034730119849458,4.22,0.0,3.72,0.03000000000000025,0.49999999999999956,4.33,0.0
2025-08-07,0.007281888623775545,0.017160921511828242,0.012880041149402999,0.02423768775279167,16.77,-0.06050420168067239,-0.17713444553483804,0.005785837651122838,0.007961921246213866,4.22,0.0,3.69,-0.03000000000000025,0.5299999999999998,4.33,0.0
2025-08-08,-0.0007974707882983934,0.016349765389924054,0.0031949333992133955,0.02751005895012626,16.57,-0.011926058437686349,-0.1869479882237487,-0.0005151541169401419,0.007442665512765068,4.23,0.010000000000000675,3.72,0.03000000000000025,0.5100000000000002,4.33,0.0
2025-08-09,0.007799684542586727,0.0242769729448975,0.009480310207173881,0.03725117304996495,15.15,-0.08569704284852142,-0.25662414131501465,0.0016321621853792045,0.009086975335352632,4.27,0.03999999999999915,3.76,0.03999999999999959,0.5099999999999998,4.33,0.0
2025-08-10,0.0,0.009401352935414886,0.0,0.018227051988023435,15.15,0.0,-0.13527397260273966,0.0,0.007952973720608547,4.27,0.0,3.76,0.0,0.5099999999999998,4.33,0.0
2025-08-11,0.0,0.014328826404664818,0.0,0.025749221497782582,15.15,0.0,-0.1512605042016807,0.0,0.006908462867012188,4.27,0.0,3.76,0.0,0.5099999999999998,4.33,0.0
2025-08-12,-0.002504127898332431,0.0044743469722901,-0.0035847288180601566,0.00907525785930452,16.25,0.0726072607260726,-0.03100775193798444,-0.004545454545454408,-0.00343436077959991,4.27,0.0,3.76,0.0,0.5099999999999998,4.33,0.0
2025-08-13,0.011345503612643082,0.016681388012618426,0.013285795713198212,0.01922526874203978,14.73,-0.09353846153846146,-0.11104405552202778,0.005686223830447146,0.0027489047332704963,4.29,0.020000000000000462,3.72,-0.03999999999999959,0.5699999999999998,4.33,0.0
2025-08-14,0.0032300302834731287,0.012071461549898688,0.00041276552904467856,0.010070191057067301,14.49,-0.016293279022403295,-0.0435643564356436,0.0035980467746079547,0.004716981132075526,4.24,-0.04999999999999982,3.67,-0.050000000000000266,0.5700000000000003,4.33,0.0
2025-08-15,0.00030309684562790373,0.012378217217444476,-0.0006960447883856968,0.009367136964678169,14.83,0.02346445824706689,-0.021122112211221178,-0.006060606060605989,-0.0013722126929672784,4.29,0.04999999999999982,3.74,0.07000000000000028,0.5499999999999998,4.33,0.0
2025-08-16,-0.0028970988816641174,0.00944525741652269,-0.005050678822646759,0.0042691477417351464,15.09,0.017532029669588667,-0.003960396039603964,0.005496392992098809,0.00411663807890239,4.33,0.040000000000000036,3.75,0.009999999999999787,0.5800000000000001,4.33,0.0
2025-08-17,0.0,0.011979383222587403,0.0,0.007882131865039721,15.09,0.0,-0.07138461538461538,0.0,0.008701645558714555,4.33,0.0,3.75,0.0,0.5800000000000001,4.33,0.0
2025-08-18,0.0,0.0006267686044780785,0.0,-0.005332813181650464,15.09,0.0,0.024439918533604832,0.0,0.0029983723121733696,4.33,0.0,3.75,0.0,0.5800000000000001,4.33,0.0
2025-08-19,-0.00010077831870769494,-0.0026953969486189777,7.127171942378219e-05,-0.005672345721253413,14.99,-0.0066269052352551094,0.03450655624568677,-0.003501879057055013,-0.0040973111395645745,4.34,0.009999999999999787,3.77,0.020000000000000018,0.5699999999999998,4.33,0.0
2025-08-20,-0.005858136343549147,-0.00883816131615478,-0.013873379843601263,-0.018784060717240814,15.57,0.03869246164109397,0.049898853674983146,-0.0005999828576327415,0.0013740982480245911,4.3,-0.040000000000000036,3.75,-0.020000000000000018,0.5499999999999998,4.33,0.0
2025-08-21,-0.002431617579394141,-0.008375453502434294,-0.005781540720734113,-0.01950483445772555,15.69,0.0077071290944121795,0.03976143141153088,-0.0009433962264150386,-0.005039289374786482,4.29,-0.009999999999999787,3.74,-0.009999999999999787,0.5499999999999998,4.33,0.0
2025-08-22,-0.00400420277120217,-0.0123461192595119,-0.004601805538768988,-0.024016882541254225,16.6,0.05799872530274075,0.10006626905235261,-0.0037771482530688516,-0.00879740348479674,4.33,0.040000000000000036,3.79,0.04999999999999982,0.54,4.33,0.0
2025-08-23,0.01518640789806236,0.00265279543551733,0.015363023483120575,-0.009022830988606234,14.22,-0.1433734939759036,-0.05765407554671964,0.009306333476949424,0.0004270584215919637,4.26,-0.07000000000000028,3.68,-0.10999999999999988,0.5799999999999996,4.33,0.0
2025-08-24,0.0,0.0027538512827272044,0.0,-0.009093454601885154,14.22,0.0,-0.05136757838559036,0.0,0.003942744493014461,4.26,0.0,3.68,0.0,0.5799999999999996,4.33,0.0
2025-08-25,0.0,0.00866273510965665,0.0,0.004847171898633151,14.22,0.0,-0.08670520231213874,0.0,0.00454545454545463,4.26,0.0,3.68,0.0,0.5799999999999996,4.33,0.0
2025-08-26,-0.0042663343080389105,0.006807613770329901,-0.003086204343155985,0.007571322824465154,14.79,0.04008438818565385,-0.0573613766730402,-0.0036711346367284126,0.0018027298480556286,4.28,0.020000000000000462,3.73,0.04999999999999982,0.5500000000000003,4.33,0.0
2025-08-27,0.004133976879546308,0.01503413566670897,0.00425560071033404,0.01653704988812832,14.62,-0.011494252873563204,-0.11927710843373507,-0.001113967437874952,0.004480827229642381,4.26,-0.020000000000000462,3.61,-0.1200000000000001,0.6499999999999999,4.33,0.0
2025-08-28,0.002390990327779008,0.0022406373368424326,0.0017241020195710721,0.0028823582482342402,14.85,0.015731874145006763,0.044303797468354444,-0.003946126790769444,-0.00870827285921627,4.24,-0.019999999999999574,3.59,-0.020000000000000018,0.6500000000000004,4.33,0.0
2025-08-29,0.003156725398833604,0.005404435812466746,0.005838957644218379,0.008738145860179625,14.43,-0.028282828282828243,0.014767932489451407,0.005253638790801762,-0.0035003841885085096,4.22,-0.020000000000000462,3.62,0.03000000000000025,0.5999999999999996,4.33,0.0
2025-08-30,-0.0063981691392923645,-0.0010283118212561781,-0.012151395682907018,-0.003519430490609543,15.36,0.06444906444906451,0.08016877637130793,0.001970527758738738,-0.0015367540339793484,4.23,0.010000000000000675,3.59,-0.03000000000000025,0.6400000000000006,4.33,0.0
2025-08-31,0.0,0.003251896162948853,0.0,-0.00043456731097601953,15.36,0.0,0.03853955375253548,0.0,0.002142245072836335,4.23,0.0,3.59,0.0,0.6400000000000006,4.33,0.0
2025-09-01,0.0,-0.0008784492277997824,0.0,-0.004670293118597124,15.36,0.0,0.050615595075239384,0.0,0.0032598438706357147,4.23,0.0,3.59,0.0,0.6400000000000006,4.33,0.0
2025-09-02,0.0,-0.0032616410034868037,0.0,-0.006383389523399341,16.12,0.04947916666666674,0.08552188552188555,0.0,0.0072345189906122265,4.23,0.0,3.59,0.0,0.6400000000000006,4.33,0.0
2025-09-03,-0.006922322011807647,-0.013276200964031815,-0.007871308735867166,-0.019927057031782325,17.17,0.06513647642679898,0.18988218988219008,-0.003591278324070135,-0.0016278272789581605,4.28,0.04999999999999982,3.66,0.07000000000000028,0.6200000000000001,4.33,0.0
2025-09-04,0.005100116280157385,-0.001857510378839189,0.007908791271704185,-2.4770001990082058e-05,16.35,-0.04775771694816544,0.06445312500000022,0.0019737406676392233,-0.0016246259085078707,4.22,-0.0600000000000005,3.61,-0.050000000000000266,0.6099999999999999,4.33,0.0
2025-09-05,0.00834643764364329,0.006473423670254608,0.00931759516614239,0.009292594367301454,15.3,-0.06422018348623859,-0.003906249999999889,-0.0023980815347720563,-0.004018811457887961,4.17,-0.04999999999999982,3.59,-0.020000000000000018,0.5800000000000001,4.33,0.0
2025-09-06,-0.003165141001033489,0.003287793370545522,0.0008221551127003401,0.010122389433971257,15.18,-0.007843137254902044,-0.01171875,0.00952953296703285,0.005472424112868746,4.1,-0.07000000000000028,3.51,-0.08000000000000007,0.5899999999999999,4.33,0.0
2025-09-07,0.0,0.003287793370545522,0.0,0.010122389433971257,15.18,0.0,-0.058312655086848686,0.0,0.005472424112868746,4.1,0.0,3.51,0.0,0.5899999999999999,4.33,0.0
2025-09-08,0.0,0.010281285753031,0.0,0.01813645581291623,15.18,0.0,-0.11589982527664544,0.0,0.009096370033467638,4.1,0.0,3.51,0.0,0.5899999999999999,4.33,0.0
2025-09-09,0.0021059939828742547,0.007271729117622305,0.004644763922876383,0.01483930703775882,15.11,-0.00461133069828723,-0.07584097859327232,-0.0006803299600305346,0.006423432682425512,4.05,-0.04999999999999982,3.49,-0.019999999999999574,0.5599999999999996,4.33,0.0
2025-09-10,0.0026881596267984698,0.0016194817658348182,0.0032614687972123413,0.008750049189671705,15.04,-0.0046326935804102964,-0.016993464052287632,-0.002382775933963188,0.006438873626373409,4.08,0.03000000000000025,3.54,0.04999999999999982,0.54,4.33,0.0
2025-09-11,0.0029834428900241683,0.007797577721206483,0.00039723487613163577,0.008321762997813398,15.35,0.020611702127659504,0.011198945981554687,-0.00076772157297611,-0.0038268560251721873,4.04,-0.040000000000000036,3.54,0.0,0.5,4.33,0.0
2025-09-12,0.008485863528086224,0.016349610429684525,0.0060081503542877,0.01437991175540465,14.71,-0.04169381107491854,-0.030961791831356944,0.0015366228444595453,-0.00229611361510329,4.01,-0.03000000000000025,3.52,-0.020000000000000018,0.48999999999999977,4.33,0.0
2025-09-13,-0.0004827346462299431,0.015858983260047754,0.004152537286558733,0.018592162161705117,14.76,0.003399048266485405,-0.02766798418972327,-0.0015342652574156235,-0.0038268560251721873,4.06,0.04999999999999982,3.56,0.040000000000000036,0.49999999999999956,4.33,0.0
2025-09-14,0.0,0.013724086433723581,0.0,0.013882915374353377,14.76,0.0,-0.023163467902051593,0.0,-0.0031486681984512765,4.06,0.0,3.56,0.0,0.49999999999999956,4.33,0.0
2025-09-15,0.0,0.011006340008076654,0.0,0.010586917675483809,14.76,0.0,-0.018617021276595702,0.0,-0.00076772157297611,4.06,0.0,3.56,0.0,0.49999999999999956,4.33,0.0
2025-09-16,0.004706657817319604,0.012743338987513786,0.008367441897146,0.01863830632971153,15.69,0.0630081300813008,0.022149837133550454,0.004951340276592164,0.004951340276592164,4.05,-0.009999999999999787,3.54,-0.020000000000000018,0.5099999999999998,4.33,0.0
2025-09-17,-0.00128792734396721,0.0029282865804323155,-0.0008039094780638578,0.01174072295744999,16.36,0.042702358189929956,0.11216859279401747,0.006455997281685333,0.009887487214456314,4.04,-0.009999999999999787,3.51,-0.03000000000000025,0.5300000000000002,4.33,0.0
2025-09-18,-0.0009702183823840915,0.00243913922381922,-0.0020828655880202884,0.0054582003545546876,15.72,-0.03911980440097795,0.0650406504065042,-0.0002532072923699946,0.01118319959023406,4.06,0.019999999999999574,3.52,0.010000000000000231,0.5399999999999996,4.33,0.0
2025-09-19,0.004789139969850087,0.0072399605728179495,0.009544375774293679,0.015054671244083773,15.7,-0.0012722646310433516,0.06368563685636852,-0.005487547488391864,0.005634283763018555,4.11,0.05000000000000071,3.57,0.04999999999999982,0.5400000000000005,4.08,-0.25
2025-09-20,0.004885433567150432,0.01216076448637593,0.007007187519551428,0.02216734966808742,15.45,-0.015923566878980888,0.04674796747967469,-0.002292020373514392,0.003329349496329126,4.14,0.02999999999999936,3.57,0.0,0.5699999999999998,4.08,-0.25
2025-09-21,0.0,0.007419187094121371,0.0,0.013685396014947004,15.45,0.0,-0.015296367112810683,0.0,-0.0016139993204213887,4.14,0.0,3.57,0.0,0.5699999999999998,4.08,-0.25
2025-09-22,0.0,0.008718343030471809,0.0,0.01450096295457115,15.45,0.0,-0.05562347188264061,0.0,-0.008018230925050718,4.14,0.0,3.57,0.0,0.5699999999999998,4.08,-0.25
2025-09-23,0.004410025868950784,0.014150764732173249,0.005474645957058044,0.022184068570890725,16.1,0.04207119741100329,0.024173027989822016,0.001701693184718689,-0.006078514140987812,4.15,0.010000000000000675,3.61,0.040000000000000036,0.5400000000000005,4.09,-0.2400000000000002
2025-09-24,-0.005502147525676904,0.0037635932665456284,-0.00730582321361728,0.005122901800008073,16.64,0.03354037267080745,0.05987261146496814,0.002293383164868601,0.001697792869269854,4.12,-0.03000000000000025,3.53,-0.08000000000000007,0.5900000000000003,4.09,0.009999999999999787
2025-09-25,-0.002846661819580154,-0.003959870115059716,-0.003116333206808486,-0.004981676057052908,16.18,-0.027644230769230838,0.04724919093851132,-0.004915254237288114,-0.0009359312515954121,4.16,0.040000000000000036,3.57,0.040000000000000036,0.5900000000000003,4.09,0.009999999999999787
2025-09-26,-0.005009061505249379,-0.008949096387349975,-0.004336510965544993,-0.009296583929749747,16.74,0.034610630407911014,0.08349514563106797,-0.005876341338783786,-0.0068067727388752,4.18,0.019999999999999574,3.64,0.07000000000000028,0.5399999999999996,4.09,0.009999999999999787
2025-09-27,0.00590183989631643,-0.0031000726251282362,0.004366874872680615,-0.004970306075833819,15.29,-0.08661887694145753,-0.01035598705501617,0.0016276878266083816,-0.0051901642133923565,4.2,0.020000000000000462,3.63,-0.010000000000000231,0.5700000000000003,4.09,0.009999999999999787
2025-09-28,0.0,-0.0074771241830066115,0.0,-0.010388080967421942,15.29,0.0,-0.050310559006211286,0.0,-0.006880149494606247,4.2,0.0,3.63,0.0,0.5700000000000003,4.09,0.0
2025-09-29,0.0,-0.0019859033907573265,0.0,-0.0031049419104912657,15.29,0.0,-0.08112980769230782,0.0,-0.009152542372881323,4.2,0.0,3.63,0.0,0.5700000000000003,4.09,0.0
2025-09-30,0.0026355795716241914,0.003501070357353253,0.004387065706001225,0.004398542742955369,16.12,0.05428384565075217,-0.003708281829418958,0.0032500855285666486,-0.0010219724067449532,4.15,-0.04999999999999982,3.63,0.0,0.5200000000000005,4.09,0.0
2025-10-01,0.0040908483593822265,0.01267881151661232,0.0027889571275043767,0.011586523268343862,16.28,0.00992555831265518,-0.027479091995220917,0.0004262574595055302,0.005311402381564356,4.16,0.009999999999999787,3.6,-0.029999999999999805,0.56,4.09,0.0
2025-10-02,0.0033998857734067744,0.010160001204148283,0.004897489828804558,0.012120952421762476,16.29,0.0006142506142505777,0.06540222367560489,-0.0010225820195995938,0.002651385562777886,4.12,-0.040000000000000036,3.55,-0.050000000000000266,0.5700000000000003,4.09,0.0
2025-10-03,0.0006183692931220897,0.010784653130033073,0.0037055166635349135,0.0158713834764741,16.63,0.020871700429711426,0.08763897972531076,-0.002303164718928552,0.0003421142661648169,4.1,-0.020000000000000462,3.55,0.0,0.5499999999999998,4.09,0.0
2025-10-04,6.552152903416264e-05,0.0108508812860304,-0.004308079939709275,0.011494928347994371,16.65,0.0012026458208056479,0.08894702419882283,0.0043604651162791885,0.004704071159767453,4.13,0.03000000000000025,3.58,0.03000000000000025,0.5499999999999998,4.09,0.0
2025-10-05,0.0,0.008193706548810242,0.0,0.007076816184402812,16.65,0.0,0.03287841191066976,0.0,0.0014492753623189802,4.13,0.0,3.58,0.0,0.5499999999999998,4.09,0.0
2025-10-06,0.0,0.004086142400492765,0.0,0.004275933661237241,16.65,0.0,0.022727272727272485,0.0,0.0010225820195994828,4.13,0.0,3.58,0.0,0.5499999999999998,4.09,0.0
2025-10-07,0.0036466298082578064,0.004333055191321877,0.007788418399129915,0.0071650741143653995,16.37,-0.016816816816816682,0.0049109883364029105,-0.0034051247126926087,-0.0013648383519575535,4.18,0.04999999999999982,3.6,0.020000000000000018,0.5799999999999996,4.09,0.0
2025-10-08,-0.003811414362608012,-0.00011317355015005859,-0.0055379493453586726,-0.002110252137569324,17.24,0.05314599877825277,0.036680697534576145,-0.0028188263432135097,-0.0018809849521204125,4.14,-0.040000000000000036,3.57,-0.03000000000000025,0.5699999999999998,4.09,0.0
2025-10-09,0.005827608238179849,0.005647883569915191,0.01193185409313835,0.014165528905586644,16.3,-0.054524361948955824,-0.02102102102102088,-0.005824910056535848,-0.012003064612241432,4.13,-0.009999999999999787,3.58,0.010000000000000231,0.5499999999999998,4.1,0.009999999999999787
2025-10-10,-0.002755518440207827,0.002876802282382185,-0.0015292429928923656,0.012614623376874912,16.43,0.00797546012269934,-0.013213213213213115,-0.004049629501981844,-0.016004086149655317,4.14,0.009999999999999787,3.6,0.020000000000000018,0.5399999999999996,4.1,0.009999999999999787
2025-10-11,-0.027111658161485086,-0.024312850759180882,-0.034920061932777635,-0.022745941985481855,21.66,0.3183201460742544,0.30090090090090094,0.004671684401764908,-0.011407167787520267,4.05,-0.08999999999999986,3.52,-0.08000000000000007,0.5299999999999998,4.1,0.009999999999999787
2025-10-12,0.0,-0.027857893143904966,0.0,-0.030298383894027614,21.66,0.0,0.3231521075137447,0.0,-0.00802938412915355,4.05,0.0,3.52,0.0,0.5299999999999998,4.1,0.009999999999999787
2025-10-13,0.0,-0.024138480532690743,0.0,-0.024898320184636002,21.66,0.0,0.25638051044083543,0.0,-0.005225286962480702,4.05,0.0,3.52,0.0,0.5299999999999998,4.1,0.009999999999999787
2025-10-14,0.015598602672868944,-0.014658588155860741,0.02181923271439934,-0.015370801643180276,19.03,-0.12142197599261306,0.16748466257668704,0.0,0.0006031363088057073,4.05,0.0,3.52,0.0,0.5299999999999998,4.1,0.0
2025-10-15,-0.0015643032313906735,-0.013481591243498459,-0.0069061928667387695,-0.02067321216120055,20.81,0.09353652128218592,0.26658551430310395,-0.00043055196762242787,0.004239121031231141,4.03,-0.019999999999999574,3.48,-0.040000000000000036,0.5500000000000003,4.1,0.0
2025-10-16,0.004026001195007511,0.018092303560009793,0.0067552723183554875,0.021617348044629336,20.64,-0.008169149447381008,-0.047091412742382266,0.0025844245348034534,0.0021527598381123614,4.05,0.019999999999999574,3.5,0.020000000000000018,0.5499999999999998,4.1,0.0
2025-10-17,-0.0062943520220175575,0.011684072210496277,-0.0035610716514126173,0.017979295467916323,25.31,0.22625968992248047,0.16851338873499522,0.0023199862519334147,0.004477740463274094,3.99,-0.05999999999999961,3.41,-0.08999999999999986,0.5800000000000001,4.11,0.010000000000000675
2025-10-18,0.005270724249404557,0.017016379982632612,0.0065177611119491274,0.024614241332686637,20.78,-0.178980640063216,-0.04062788550323171,0.0007715387912559102,0.005252734004994375,4.02,0.02999999999999936,3.46,0.04999999999999982,0.5599999999999996,4.11,0.010000000000000675
2025-10-19,0.0,0.0013960016349297,0.0,0.0027353259057989465,20.78,0.0,0.09196006305832904,0.0,0.005252734004994375,4.02,0.0,3.46,0.0,0.5599999999999996,4.11,0.010000000000000675
2025-10-20,0.0,0.00296494293613625,0.0,0.00970856801571407,20.78,0.0,-0.0014416146083612302,0.0,0.005685733976567908,4.02,0.0,3.46,0.0,0.5599999999999996,4.11,0.010000000000000675
2025-10-21,0.010672252892777845,0.009604170851408966,0.013017594120384723,0.015989260208782552,18.23,-0.12271414821944182,-0.11676356589147285,-0.001541887956141852,0.001546657501288795,4.0,-0.019999999999999574,3.46,0.0,0.54,4.11,0.010000000000000675
2025-10-22,3.266455138950519e-05,0.016032414803283324,-0.000552483550786742,0.019056877412070516,17.87,-0.01974766867800326,-0.2939549585144211,-0.0034317089910775866,-0.004200600085726647,3.98,-0.020000000000000018,3.45,-0.009999999999999787,0.5299999999999998,4.11,0.0
2025-10-23,-0.005337510300132964,0.005310616280587821,-0.009874983732722442,0.0024599130871001407,18.6,0.04085058757694471,-0.10490856592877762,-0.0003443526170798794,-0.005310947404488564,3.97,-0.009999999999999787,3.45,0.0,0.52,4.11,0.0
2025-10-24,0.005827387527241212,0.011168950826904389,0.008779291772177178,0.011260801154003408,17.3,-0.06989247311827962,-0.16746871992300294,0.0,-0.005310947404488564,4.01,0.03999999999999959,3.48,0.029999999999999805,0.5299999999999998,4.11,0.0
2025-10-25,0.007902422519158847,0.019159635114593065,0.010389115693963724,0.021766906613962744,16.37,-0.05375722543352601,-0.21222329162656395,0.0012056493282810443,-0.004111701216378161,4.02,0.009999999999999787,3.48,0.0,0.5399999999999996,4.11,0.0
2025-10-26,0.0,0.008397759211774547,0.0,0.0086368810811972,16.37,0.0,-0.10202962150301698,0.0,-0.0025737817433080235,4.02,0.0,3.48,0.0,0.5399999999999996,4.11,0.0
2025-10-27,0.0,0.008364821427245595,0.0,0.0091944444112797,16.37,0.0,-0.08393956351426968,0.0,0.0008608815426998095,4.02,0.0,3.48,0.0,0.5399999999999996,4.11,0.0
2025-10-28,0.012290019126314666,0.026235185240469416,0.018273802200159617,0.037885365167410257,15.79,-0.0354306658521687,-0.15107526881720446,0.0008601410631343676,0.0020668274199104886,4.01,-0.009999999999999787,3.48,0.0,0.5299999999999998,4.12,0.009999999999999787
2025-10-29,0.0022879467532392894,0.02262393076142266,0.00738181867471166,0.036447571104918364,16.42,0.03989867004433201,-0.05086705202312136,0.001976624269508287,0.004047537030657855,3.99,-0.019999999999999574,3.47,-0.009999999999999787,0.52,4.12,0.009999999999999787
2025-10-30,-4.353574066628951e-05,0.01456191316152533,0.004139986836925402,0.030037273997797875,16.92,0.030450669914738215,0.03359804520464271,0.00042885324641916966,0.003268536039910508,4.08,0.08999999999999986,3.59,0.11999999999999966,0.4900000000000002,4.12,0.009999999999999787
2025-10-31,-0.009904812214919234,0.004512867931251385,-0.014741279142108321,0.01485320701502002,16.91,-0.0005910165484634966,0.03298717165546727,-0.008573388203017784,-0.005332874591432946,4.11,0.03000000000000025,3.61,0.020000000000000018,0.5000000000000004,3.87,-0.2400000000000002
2025-11-01,0.0026178701149457417,0.0071425521482870735,0.004791953000624405,0.01971633588556898,17.44,0.03134240094618579,0.06536346976175933,-0.001988931165686769,-0.007311199036642124,4.11,0.0,3.6,-0.009999999999999787,0.5100000000000002,3.86,-0.25000000000000044
2025-11-02,0.0,-0.0050849725679111835,0.0,0.0014166461734481661,17.44,0.0,0.10449651678277405,0.0,-0.0081643176349262,4.11,0.0,3.6,0.0,0.5100000000000002,3.86,-0.26000000000000023
2025-11-03,0.0,-0.007356088981249176,0.0,-0.00592146134730831,17.44,0.0,0.062119366626065764,0.0,-0.010120936615490184,4.11,0.0,3.6,0.0,0.5100000000000002,3.86,-0.26000000000000023
2025-11-04,0.0017207099207625642,-0.005604745021834057,0.004439996241027311,-0.005624458027132628,17.17,-0.015481651376146766,0.014775413711583862,-0.0008664760419373474,-0.011402606310013774,4.13,0.019999999999999574,3.6,0.0,0.5299999999999998,3.87,-0.25
2025-11-05,-0.011736770592982726,-0.007444659750173721,-0.020684604823327568,-0.011622778641070197,19.0,0.10658124635993005,0.12359550561797761,-0.0034689098950654307,-0.006312694569353239,4.1,-0.03000000000000025,3.58,-0.020000000000000018,0.5199999999999996,3.87,0.0
2025-11-06,0.0036535209811638936,-0.006419402941434393,0.007246901009211326,-0.00920793576333645,18.01,-0.052105263157894655,0.03268348623853212,-0.0005221477678182262,-0.004852265834849545,4.17,0.07000000000000028,3.63,0.04999999999999982,0.54,3.87,0.010000000000000231
2025-11-07,-0.011178157494750818,-0.017525803339083712,-0.019125270345116574,-0.02815710184765874,19.5,0.08273181565796772,0.11811926605504586,0.0047017849368740094,-0.00017329520838749168,4.11,-0.05999999999999961,3.57,-0.06000000000000005,0.5400000000000005,3.87,0.010000000000000231
2025-11-08,0.0012618446740633171,-0.01628607350662259,-0.00279466327948541,-0.030873075508553782,19.08,-0.021538461538461617,0.09403669724770625,0.0033798422740272116,0.003205961355168485,4.11,0.0,3.55,-0.020000000000000018,0.5600000000000005,3.87,0.010000000000000231
2025-11-09,0.0,-0.017975852200170173,0.0,-0.035156974913120975,19.08,0.0,0.11124053581828752,0.0,0.004075969126701828,4.11,0.0,3.55,0.0,0.5600000000000005,3.87,0.0
2025-11-10,0.0,-0.006313177928243929,0.0,-0.014778048176381953,19.08,0.0,0.004210526315789442,0.0,0.007571142633365113,4.11,0.0,3.55,0.0,0.5600000000000005,3.87,0.0
2025-11-11,0.015400963024610581,0.005317607106229971,0.022024508565707368,-0.0003235749528786025,17.6,-0.07756813417190755,-0.022765130483064944,-0.002850233200898167,0.005224205485415689,4.13,0.019999999999999574,3.58,0.03000000000000025,0.5499999999999998,3.87,0.0
2025-11-12,0.0020753963084874094,0.018792259892385976,-0.0030552395112554143,0.016054490959823475,17.28,-0.018181818181818188,-0.11384615384615382,0.0,0.0005199757344658273,4.13,0.0,3.58,0.0,0.5499999999999998,3.87,0.0
2025-11-13,0.0006295086181336007,0.018148852692902118,-0.000632894289029795,0.018257121662135445,17.51,0.01331018518518512,-0.08228511530398308,0.0040710264183627665,0.0012091898428052694,4.08,-0.04999999999999982,3.56,-0.020000000000000018,0.52,3.87,0.0
2025-11-14,-0.016556900387101336,0.001291463559624173,-0.020529969240512314,-0.002647665724520798,20.0,0.14220445459737285,0.048218029350104885,0.004917184265010421,0.0061323199170841836,4.11,0.03000000000000025,3.58,0.020000000000000018,0.5300000000000002,3.88,0.009999999999999787
2025-11-15,-0.0005016705034071034,0.0007891451670429817,0.0005913546983891127,-0.0020578767356974614,19.83,-0.008500000000000063,0.03930817610062887,-0.0027470169113229526,0.003368457419243409,4.14,0.02999999999999936,3.62,0.040000000000000036,0.5199999999999996,3.88,0.009999999999999787
2025-11-16,0.0,-0.014390194996509398,0.0,-0.02356341271619966,19.83,0.0,0.12670454545454524,0.0,0.0062364660025984175,4.14,0.0,3.62,0.0,0.5199999999999996,3.88,0.009999999999999787
2025-11-17,0.0,-0.016431489452444326,0.0,-0.02057102260599708,19.83,0.0,0.1475694444444442,0.0,0.0062364660025984175,4.14,0.0,3.62,0.0,0.5199999999999996,3.88,0.009999999999999787
2025-11-18,-0.009162309495983845,-0.026056354475019416,-0.008330054414065202,-0.028114618574905936,22.38,0.12859304084720136,0.27812678469446017,-0.0016355341310149152,0.0005175983436851439,4.13,-0.009999999999999787,3.6,-0.020000000000000018,0.5299999999999998,3.88,0.009999999999999787
2025-11-19,-0.008256387122493991,-0.017836019051605256,-0.011968586995441899,-0.019619532469694057,24.69,0.10321715817694388,0.23450000000000015,-0.0016382134850836394,-0.00600909949351891,4.12,-0.009999999999999787,3.58,-0.020000000000000018,0.54,3.88,0.0
2025-11-20,0.0037537855204221593,-0.01365436561030331,0.0056082699740034325,-0.01470395357690113,23.66,-0.041717294451194875,0.19314170448814938,-0.0033681665083340473,-0.006628217267797276,4.13,0.009999999999999787,3.58,0.0,0.5499999999999998,3.88,0.0
2025-11-21,-0.01556722511953934,-0.029009030146522674,-0.023787647338611384,-0.0381418284533418,26.42,0.11665257819103969,0.33232476046394366,-0.0005199306759098299,-0.007144701730222969,4.1,-0.03000000000000025,3.55,-0.03000000000000025,0.5499999999999998,3.88,0.0
2025-11-22,0.00982296337531885,-0.019471021411886613,0.007698805789215779,-0.030736669193833777,23.43,-0.11317183951551857,0.1815431164901664,-0.00242760534073172,-0.009554962554876423,4.06,-0.040000000000000036,3.51,-0.040000000000000036,0.5499999999999998,3.88,0.0
2025-11-23,0.0,-0.010404036922191495,0.0,-0.022594830951067513,23.43,0.0,0.0469168900804291,0.0,-0.007932402138299599,4.06,0.0,3.51,0.0,0.5499999999999998,3.88,0.0
2025-11-24,0.0,-0.002165529247489917,0.0,-0.010754965698217767,23.43,0.0,-0.051032806804374276,0.0,-0.006304516797650761,4.06,0.0,3.51,0.0,0.5499999999999998,3.88,0.0
2025-11-25,0.015467235297948356,0.009478844231394667,0.02616713085256861,0.00946936184788294,20.52,-0.12419974391805377,-0.13271344040574817,0.001042934121327832,-0.001906412478336228,4.04,-0.019999999999999574,3.46,-0.04999999999999982,0.5800000000000001,3.88,0.0
2025-11-26,0.009061731930226413,0.03473441447613923,0.0058097158260583814,0.04007502999453738,18.56,-0.09551656920077978,-0.2975018925056776,0.0030387220003473825,0.0016473036240680639,4.01,-0.03000000000000025,3.43,-0.029999999999999805,0.5799999999999996,3.88,0.0
2025-11-27,0.006906714278112958,0.031746224059100436,0.008736783706046136,0.04114635696920366,17.19,-0.0738146551724137,-0.2663252240717029,0.0032891889552497666,0.007387450026073328,4.0,-0.009999999999999787,3.45,0.020000000000000018,0.5499999999999998,3.88,0.0
2025-11-28,0.0,0.031746224059100436,0.0,0.04114635696920366,17.21,0.0011634671320535084,-0.2654716175842936,0.0,0.007387450026073328,4.0,0.0,3.45,0.0,0.5499999999999998,3.88,0.0
2025-11-29,0.005354775922884247,0.037270993898218974,0.007843660919271578,0.049312755960604804,16.35,-0.049970947123765264,-0.3021766965428937,0.0007764644983174751,0.008169650617069202,4.02,0.019999999999999574,3.47,0.020000000000000018,0.5499999999999994,3.89,0.010000000000000231
2025-11-30,0.0,0.021471651514066936,0.0,0.02255541462218358,16.35,0.0,-0.20321637426900574,0.0,0.007119291543670858,4.02,0.0,3.47,0.0,0.5499999999999994,3.89,0.010000000000000231
2025-12-01,0.0,0.012298474108320079,0.0,0.016648972994232958,16.35,0.0,-0.11907327586206884,0.0,0.004068207392019296,4.02,0.0,3.47,0.0,0.5499999999999994,3.89,0.010000000000000231
2025-12-02,-0.00532333492478565,2.9357324138334917e-06,-0.003618651387916394,0.0041966260568833125,17.24,0.054434250764525904,0.002908667830133549,0.0019827586206897507,0.0027607626606851454,4.09,0.07000000000000028,3.54,0.06999999999999984,0.5499999999999998,3.89,0.010000000000000231
2025-12-03,0.002457200816718297,0.002460143762816447,0.008405132019484896,0.012637031272412669,16.59,-0.037703016241299236,-0.036025566531086683,-0.0023229802976857394,0.00043136916573205397,4.09,0.0,3.51,-0.03000000000000025,0.5800000000000001,3.89,0.010000000000000231
2025-12-04,0.002979777051177468,9.198302256208102e-05,0.0019831068099449567,0.006748603984526813,16.08,-0.03074141048824608,-0.016513761467890076,0.0055191445325974975,0.005172413793103514,4.06,-0.03000000000000025,3.49,-0.019999999999999574,0.5699999999999994,3.89,0.0
2025-12-05,0.0010803361305278258,0.001172418525672736,-0.0009700646787891287,0.005771992723381247,15.78,-0.018656716417910335,-0.034862385321101086,-8.576329331044796e-05,0.005086206896551815,4.11,0.05000000000000071,3.52,0.029999999999999805,0.5900000000000003,3.89,0.0
2025-12-06,0.0019366731222436595,0.003111362239363036,0.0043136304467645825,0.010110521413695839,15.41,-0.02344740177439797,-0.0574923547400612,-0.0020584955828115703,0.0030172413793103647,4.14,0.02999999999999936,3.56,0.040000000000000036,0.5799999999999996,3.89,0.0
2025-12-07,0.0,0.00847983818290432,0.0,0.013779034323290418,15.41,0.0,-0.10614849187935027,0.0,0.001032435687860156,4.14,0.0,3.56,0.0,0.5799999999999996,3.89,0.0
2025-12-08,0.0,0.006007874811293057,0.0,0.005329110427119144,15.41,0.0,-0.07112718505123572,0.0,0.0033632286995515237,4.14,0.0,3.56,0.0,0.5799999999999996,3.89,0.0
2025-12-09,-0.0034772356776897606,-0.000468632294458704,-0.002494935203691373,0.0008361145238677814,16.66,0.08111615833874097,0.03606965174129373,-0.0007735281478297162,-0.002915951972555564,4.17,0.03000000000000025,3.57,0.009999999999999787,0.6000000000000001,3.89,0.0
2025-12-10,-0.0008763589040255981,-0.0024222997409990565,0.0015896706525491133,0.0034004776852201157,16.93,0.016206482593037252,0.07287705956907486,0.001118183382074589,-0.0017154129856763456,4.18,0.009999999999999787,3.61,0.040000000000000036,0.5699999999999998,3.89,0.0
2025-12-11,0.006749496748049477,0.002369585468095181,0.004197721036796276,0.003284673663642934,15.77,-0.06851742468989963,0.02336145360155739,0.0009450983761492004,0.0012892135797164528,4.13,-0.04999999999999982,3.54,-0.06999999999999984,0.5899999999999999,3.89,0.0
2025-12-12,0.0020793764194066977,0.004453889147647994,-0.003482249682267957,-0.0002090140724464451,14.85,-0.05833861762840842,-0.03634003893575599,0.009098712446351964,0.010399656209712171,4.14,0.009999999999999787,3.52,-0.020000000000000018,0.6199999999999997,3.64,-0.25
2025-12-13,-0.010663671931604113,-0.0062572775966464045,-0.019074088204470208,-0.019279115524062918,15.74,0.05993265993265995,0.02141466580142759,-0.002126573664511744,0.008250966910184898,4.19,0.05000000000000071,3.52,0.0,0.6700000000000004,3.64,-0.25
2025-12-14,0.0,-0.0027897425111480523,0.0,-0.016826160500547305,15.74,0.0,-0.055222088835534255,0.0,0.009031481162910637,4.19,0.0,3.52,0.0,0.6700000000000004,3.64,-0.25
2025-12-15,0.0,-0.0019150618886604187,0.0,-0.018386602510685135,15.74,0.0,-0.07028942705256935,0.0,0.00790445914597493,4.19,0.0,3.52,0.0,0.6700000000000004,3.64,-0.25
2025-12-16,-0.0015965058492165562,-0.01018923487079404,-0.005138365176751147,-0.027512720918792533,16.5,0.04828462515883092,0.04629042485732415,0.002131105617594331,0.009098712446351964,4.18,-0.010000000000000675,3.51,-0.010000000000000231,0.6699999999999999,3.64,-0.25
2025-12-17,-0.0023839178699950336,-0.014597884364584757,0.0026201507464318485,-0.02155747648197437,16.48,-0.00121212121212122,0.10976430976430973,0.0011908812521266299,0.0011908812521266299,4.15,-0.02999999999999936,3.48,-0.029999999999999805,0.6700000000000004,3.64,0.0
2025-12-18,-0.011592203827500702,-0.015522723844034525,-0.019310514408580892,-0.02179330413113123,17.62,0.06917475728155353,0.11944091486658204,-0.0018691588785046953,0.0014491518199641895,4.16,0.009999999999999787,3.49,0.010000000000000231,0.6699999999999999,3.64,0.0
2025-12-19,0.007934323499612317,-0.007711562656995796,0.015083003991056332,-0.007039008633263122,16.87,-0.04256526674233829,0.0717916137229988,-0.0016172965611167545,-0.00017048844940747987,4.12,-0.040000000000000036,3.46,-0.03000000000000025,0.6600000000000001,3.64,0.0
2025-12-20,0.008818024549947179,0.001038461144123426,0.013062279345962713,0.005931325215613237,14.91,-0.11618257261410792,-0.05273189326556549,-0.0006820700827011583,-0.0008524422470378434,4.16,0.040000000000000036,3.48,0.020000000000000018,0.6800000000000002,3.64,0.0
2025-12-21,0.0,0.002639180460382251,0.0,0.011126864284329407,14.91,0.0,-0.09636363636363632,0.0,-0.0029772031303164637,4.16,0.0,3.48,0.0,0.6800000000000002,3.64,0.0
2025-12-22,0.0,0.005035101599056402,0.0,0.008484482913658331,14.91,0.0,-0.09526699029126218,0.0,-0.004163126593033195,4.16,0.0,3.48,0.0,0.6800000000000002,3.64,0.0
2025-12-23,0.006436462067451965,0.023367051356630864,0.004557688772035773,0.033029165911015346,14.08,-0.0556673373574782,-0.20090805902383657,0.0024741916218753435,0.0001702417432754011,4.17,0.009999999999999787,3.44,-0.040000000000000036,0.73,3.64,0.0
2025-12-24,0.004550417315428268,0.019931333360886594,0.0049537147951630445,0.022720795927315685,14.0,-0.005681818181818232,-0.1701244813278009,0.002212765957446683,0.0040071617358683476,4.18,0.009999999999999787,3.48,0.040000000000000036,0.6999999999999997,3.64,0.0
2025-12-25,0.0032215161386959235,0.014273172872924178,0.0026700193021447216,0.012229456273095352,13.47,-0.03785714285714281,-0.09657947686116697,0.00033967391304345895,0.005033700196229063,4.15,-0.02999999999999936,3.47,-0.009999999999999787,0.6800000000000002,3.64,0.0
2025-12-26,0.0,0.014273172872924178,0.0,0.012229456273095352,13.47,0.0,-0.09657947686116697,0.0,0.005033700196229063,4.15,0.0,3.47,0.0,0.6800000000000002,3.64,0.0
2025-12-27,-0.0003043832632483312,0.013964445094739819,-0.0004583696306734719,0.01176548103106656,13.6,0.009651076466221209,-0.08786049631120052,-0.0011884550084888534,0.00383926286153069,4.14,-0.010000000000000675,3.46,-0.010000000000000231,0.6799999999999997,3.64,0.0
2025-12-28,0.0,0.007479839325200688,0.0,0.007175090429939912,13.6,0.0,-0.03409090909090917,0.0,0.0013617021276595143,4.14,0.0,3.46,0.0,0.6799999999999997,3.64,0.0
2025-12-29,0.0,0.00291615229985287,0.0,0.002210425815709849,13.6,0.0,-0.02857142857142858,0.0,-0.0008491847826086474,4.14,0.0,3.46,0.0,0.6799999999999997,3.64,0.0
2025-12-30,-0.0034920937266411656,-0.003795414055005386,-0.004633762004087383,-0.005090007658982376,14.2,0.044117647058823595,0.05419450631031908,-0.0008499065102839376,-0.0020373514431238915,4.12,-0.019999999999999574,3.45,-0.009999999999999787,0.6699999999999999,3.64,0.0
2025-12-31,-0.0013756671985912794,-0.005165860026976166,-0.0024681143136526806,-0.007545559251875278,14.33,0.009154929577464888,0.06384558277654051,0.0007655665192243255,-0.0012733446519522795,4.14,0.019999999999999574,3.45,0.0,0.6899999999999995,3.64,0.0
2026-01-01,-0.0073576325649918894,-0.012184809680891862,-0.00835383402140255,-0.015385041328727311,14.95,0.04326587578506613,0.09926470588235281,-0.002464938376540715,-0.0025497195308517018,4.18,0.040000000000000036,3.47,0.020000000000000018,0.7099999999999995,3.64,0.0
2026-01-02,0.0,-0.012184809680891862,0.0,-0.015385041328727311,14.95,0.0,0.09926470588235281,0.0,-0.0025497195308517018,4.18,0.0,3.47,0.0,0.7099999999999995,3.64,0.0
2026-01-03,0.0018946753341611,-0.01031322060508455,-0.0017299112667996663,-0.01708833783919217,14.51,-0.02943143812709026,0.06691176470588234,0.00017041581458765442,-0.002379738228795003,4.19,0.010000000000000675,3.47,0.0,0.7200000000000002,3.64,0.0
2026-01-04,0.0,-0.0068450303660432255,0.0,-0.01251255604186563,14.51,0.0,0.02183098591549304,0.0,-0.001531133038448429,4.19,0.0,3.47,0.0,0.7200000000000002,3.64,0.0
2026-01-05,0.0,-0.005476897555769411,0.0,-0.01006929389660749,14.51,0.0,0.012561060711793415,0.0,-0.002294942626434482,4.19,0.0,3.47,0.0,0.7200000000000002,3.64,0.0
2026-01-06,0.0063541868667500445,0.008260901322036496,0.007742152020715709,0.005998847517906025,14.9,0.026878015161957203,-0.0033444816053510573,-0.001959447946839332,-0.0017893660531697053,4.17,-0.020000000000000462,3.46,-0.010000000000000231,0.71,3.64,0.0
2026-01-07,0.006196709673212952,0.014508801402381089,0.00938494534929668,0.015440091723317284,14.75,-0.010067114093959773,-0.013377926421404673,-0.0022193768672641445,-0.004004771642808436,4.18,0.009999999999999787,3.47,0.010000000000000231,0.7099999999999995,3.64,0.0
2026-01-08,-0.0034399739662078765,0.00910698741847682,0.0005534383969243439,0.01776271444650268,15.38,0.042711864406779654,0.059958649207443315,8.555051758052379e-05,-0.00408928267166464,4.15,-0.02999999999999936,3.47,0.0,0.6800000000000002,3.64,0.0
2026-01-09,7.65793036485718e-05,0.00918426412887996,-0.005722326819703971,0.01193874356953084,15.45,0.004551365409622754,0.06478290833907652,-0.0029940119760479833,-0.00707105128642016,4.19,0.040000000000000036,3.49,0.020000000000000018,0.7000000000000002,3.64,0.0
2026-01-10,0.006475512391894256,0.015719249336951124,0.010160308306314647,0.02222035319130189,14.49,-0.062135922330097015,-0.001378359751895264,-0.0018018018018017834,-0.008860112455273406,4.18,-0.010000000000000675,3.54,0.04999999999999982,0.6399999999999997,3.64,0.0
2026-01-11,0.0,0.00930593084663256,0.0,0.014366969905500904,14.49,0.0,-0.027516778523489993,0.0,-0.006914212548015386,4.18,0.0,3.54,0.0,0.6399999999999997,3.64,0.0
2026-01-12,0.0,0.0030900728888580975,0.0,0.004935703250933843,14.49,0.0,-0.01762711864406774,0.0,-0.0047052784669348036,4.18,0.0,3.54,0.0,0.6399999999999997,3.64,0.0
2026-01-13,0.0015775995222702122,0.008140524467087573,0.0008305435092248459,0.0052140220395338055,15.12,0.04347826086956519,-0.016905071521456483,0.003266288464844447,-0.0015397775876817565,4.19,0.010000000000000675,3.54,0.0,0.6500000000000004,3.64,0.0
2026-01-14,-0.0019391538524380358,0.006108537794049296,-0.0017725532289474266,0.009207240337004263,15.98,0.05687830687830697,0.03430420711974125,-0.0022275531185743658,-0.0007722007722006374,4.18,-0.010000000000000675,3.53,-0.010000000000000231,0.6499999999999999,3.64,0.0
2026-01-15,-0.0053333409920530706,-0.005696009922081746,-0.010722186936110156,-0.011655552649084466,16.75,0.04818523153942422,0.1559696342305037,0.0007727975270477305,0.0018050541516245744,4.15,-0.02999999999999936,3.51,-0.020000000000000018,0.6400000000000006,3.64,0.0
2026-01-16,0.002579909335027164,-0.0031307957762248817,0.0031862165700540235,-0.008506473194014097,15.84,-0.05432835820895521,0.0931677018633541,-0.004290004290004146,-0.0024926938284338673,4.17,0.019999999999999574,3.56,0.050000000000000266,0.6099999999999999,3.64,0.0
2026-01-17,-0.000642237636565457,-0.003771022697910409,-0.000697535687053219,-0.009198075312443432,15.86,0.0012626262626262985,0.09454796411318145,-0.0005170185264973259,-0.0030084235860409203,4.24,0.07000000000000028,3.59,0.029999999999999805,0.6500000000000004,3.64,0.0
2026-01-18,0.0,-0.005340197527113122,0.0,-0.010020296529425377,15.86,0.0,0.048941798941799064,0.0,-0.006254283755997347,4.24,0.0,3.59,0.0,0.6500000000000004,3.64,0.0
2026-01-19,0.0,-0.0034076516354716313,0.0,-0.008262388824467504,15.86,0.0,-0.007509386733416834,0.0,-0.00403572041902811,4.24,0.0,3.59,0.0,0.6500000000000004,3.64,0.0
2026-01-20,0.0,0.0019360147835878472,0.0,0.0024864583832366893,18.84,0.18789407313997475,0.12477611940298505,0.0,-0.00480480480480483,4.24,0.0,3.59,0.0,0.6500000000000004,3.64,0.0
2026-01-21,-0.020626771431165203,-0.021255761778796733,-0.021218398026421448,-0.02190113312362907,20.09,0.06634819532908698,0.2683080808080809,0.012070006035002967,0.011546747091770726,4.3,0.05999999999999961,3.6,0.010000000000000231,0.6999999999999997,3.64,0.0
2026-01-22,0.011587703733783039,-0.009278084613710935,0.013567145584784779,-0.007939125536736924,16.9,-0.1587854654056745,0.06557377049180313,-0.0028963284777236975,0.00913871885507378,4.26,-0.040000000000000036,3.6,0.0,0.6599999999999997,3.64,0.0
2026-01-23,0.005487505126810399,-0.003841493023785225,0.0075718869266989675,-0.00042735277089900325,15.64,-0.0745562130177514,-0.013871374527112179,0.002819307988039199,0.011983791706181579,4.26,0.0,3.61,0.009999999999999787,0.6499999999999999,3.64,0.0
2026-01-24,0.0003269037442048539,-0.003515845078033153,0.003414013837101715,0.0029852020779295163,16.09,0.028772378516624064,0.014501891551071955,0.002811381836769433,0.0148288645572896,4.24,-0.019999999999999574,3.6,-0.009999999999999787,0.6400000000000001,3.64,0.0
2026-01-25,0.0,-0.003515845078033153,0.0,0.0029852020779295163,16.09,0.0,-0.14596602972399153,0.0,0.0148288645572896,4.24,0.0,3.6,0.0,0.6400000000000001,3.64,0.0
2026-01-26,0.0,0.017471302925174292,0.0,0.024728294908228365,16.09,0.0,-0.19910403185664505,0.0,0.0027259562143284732,4.24,0.0,3.6,0.0,0.6400000000000001,3.64,0.0
2026-01-27,0.005006065986948416,0.010851385038731065,0.004207694683987295,0.015265780061895384,16.15,0.003729024238657397,-0.044378698224852076,0.009769773171353302,0.015463477146518523,4.22,-0.020000000000000462,3.56,-0.040000000000000036,0.6599999999999997,3.64,0.0
2026-01-28,0.004081879304713709,0.009438260756362782,0.00880986854616772,0.01651321500018632,16.35,0.012383900928792713,0.045396419437340185,0.007908463738852234,0.0206168001363094,4.24,0.020000000000000462,3.53,-0.03000000000000025,0.7100000000000004,3.64,0.0
2026-01-29,-8.16782735792998e-05,0.009025957218524505,0.0032016512116157525,0.016298080058674946,16.35,0.0,0.01615910503418272,-0.003255425709515869,0.014442273383739712,4.26,0.019999999999999574,3.56,0.03000000000000025,0.6999999999999997,3.64,0.0
2026-01-30,-0.0012926284352460238,0.007721661574322525,-0.005321873634610341,0.01088947010150565,16.88,0.03241590214067269,0.04909881914232428,0.00016749015995309868,0.014612182482371727,4.24,-0.019999999999999574,3.53,-0.03000000000000025,0.7100000000000004,3.64,0.0
2026-01-31,-0.004301902278802894,0.003386541461996906,-0.012822830827953657,-0.002072994559365715,17.44,0.0331753554502372,0.08390304536979509,-0.004856401239219599,0.009684818622037072,4.26,0.019999999999999574,3.52,-0.009999999999999787,0.7399999999999998,3.64,0.0
2026-02-01,0.0,-0.0016114574625587519,0.0,-0.006254372752371284,17.44,0.0,0.07987616099071215,0.0,-8.413259296669029e-05,4.26,0.0,3.52,0.0,0.7399999999999998,3.64,0.0
2026-02-02,0.0,-0.005670191729000185,0.0,-0.014932686295236697,17.44,0.0,0.06666666666666665,0.0,-0.007929883138564353,4.26,0.0,3.52,0.0,0.7399999999999998,3.64,0.0
2026-02-03,0.005391243444688998,-0.0002278580057695212,0.007287772298403494,-0.010920427824994916,16.34,-0.06307339449541294,-0.0006116207951071262,-0.006562894404711694,-0.011221840716857723,4.29,0.03000000000000025,3.57,0.04999999999999982,0.7200000000000002,3.64,0.0
2026-02-04,-0.008403999747722213,-0.007346811096554551,-0.015540466248954443,-0.021081505004964418,18.0,0.10159118727050176,0.06635071090047395,0.0010163462352841268,-0.010382650925228165,4.28,-0.009999999999999787,3.57,0.0,0.7100000000000004,3.64,0.0
2026-02-05,-0.005072414535814085,-0.008114967077530899,-0.017656052302769343,-0.025874291993821186,18.64,0.03555555555555556,0.0688073394495412,-0.0013537524325238914,-0.006899453092132912,4.29,0.009999999999999787,3.57,0.0,0.7200000000000002,3.64,0.0
2026-02-06,-0.01225097054652824,-0.02026652140140628,-0.013761869637671897,-0.039280082998107035,21.77,0.1679184549356223,0.2482798165137614,-8.472422265526358e-05,-0.006983592763988189,4.21,-0.08000000000000007,3.47,-0.09999999999999964,0.7399999999999998,3.64,0.0
2026-02-07,0.01969581077900684,-0.0009698761930700961,0.021470799460174828,-0.018652658322763527,17.76,-0.18419843821773074,0.01834862385321112,0.0008473140145739411,-0.006142196045435311,4.22,0.009999999999999787,3.5,0.029999999999999805,0.7199999999999998,3.64,0.0
2026-02-08,0.0,-0.006327009190933985,0.0,-0.025752750439903327,17.76,0.0,0.0869033047735619,0.0,0.0004234775980349603,4.22,0.0,3.5,0.0,0.7199999999999998,3.64,0.0
2026-02-09,0.0,0.0020945935202036914,0.0,-0.010373493110516607,17.76,0.0,-0.013333333333333197,0.0,-0.0005922666892291817,4.22,0.0,3.5,0.0,0.7199999999999998,3.64,0.0
2026-02-10,0.0046910837672922145,0.01192842364646518,0.007671549069081296,0.01514187320519178,17.36,-0.022522522522522626,-0.06866952789699576,0.007280731459532674,0.008048801152249485,4.22,0.0,3.48,-0.020000000000000018,0.7399999999999998,3.64,0.0
2026-02-11,-0.003303746543341979,0.02109466933396109,-0.005560361783653267,0.023583743165114024,17.79,0.024769585253456183,-0.18282039503904457,0.0,0.00813421453990859,4.16,-0.05999999999999961,3.45,-0.029999999999999805,0.71,3.64,0.0
2026-02-12,-4.897858051433612e-05,0.0013227933009247739,0.0029298414017391305,0.0050044325657796485,17.65,-0.00786958965711082,-0.006193693693693825,-0.0011766683476215345,0.006095496105655185,4.18,0.019999999999999574,3.52,0.06999999999999984,0.6599999999999997,3.64,0.0
2026-02-13,-0.015660947897203292,-0.014358870793243272,-0.020381917412065853,-0.015479484777536245,20.82,0.17960339943342785,0.17229729729729715,-0.0011780545270950737,0.004910260751777917,4.09,-0.08999999999999986,3.47,-0.04999999999999982,0.6199999999999997,3.64,0.0
2026-02-14,0.0004990662631205733,-0.013866970558112035,0.001827637426223161,-0.013680138237031292,20.6,-0.01056676272814594,0.15990990990990994,0.0,0.004910260751777917,4.04,-0.04999999999999982,3.4,-0.07000000000000028,0.6400000000000001,3.64,0.0
2026-02-15,0.0,-0.01847140342463982,0.0,-0.02118913382623333,20.6,0.0,0.18663594470046085,0.0,-0.002353336695242847,4.04,0.0,3.4,0.0,0.6400000000000001,3.64,0.0
2026-02-16,0.0,-0.01521793307509145,0.0,-0.015716159575670408,20.6,0.0,0.15795390668915132,0.0,-0.002353336695242847,4.04,0.0,3.4,0.0,0.6400000000000001,3.64,0.0
2026-02-17,0.0,-0.015169697484826772,0.0,-0.018591530740923234,21.2,0.029126213592232997,0.2011331444759208,0.0,-0.0011780545270950737,4.04,0.0,3.4,0.0,0.6400000000000001,3.64,0.0
2026-02-18,0.0010312792104349988,0.0015308601502175279,-0.001258656039992423,0.0005666810193452054,20.29,-0.042924528301886755,-0.025456292026897254,-0.003285593934288178,-0.003285593934288178,4.05,0.009999999999999787,3.43,0.03000000000000025,0.6199999999999997,3.64,0.0
2026-02-19,0.005566093154976803,0.0066031125615659825,0.007986122356446579,0.006717414535314159,19.62,-0.03302119270576631,-0.04757281553398063,-0.0017749978869072702,-0.005054759898904804,4.09,0.040000000000000036,3.47,0.040000000000000036,0.6199999999999997,3.64,0.0
2026-02-20,-0.0028221370640183485,0.0037623406088498346,-0.004077695092186917,0.0026123278748444445,20.23,0.031090723751274085,-0.017961165048543726,-0.004064352243861258,-0.009098567818028758,4.08,-0.009999999999999787,3.47,0.0,0.6099999999999999,3.64,0.0
2026-02-21,0.00693977898217546,0.0107282294033062,0.008681576330364482,0.011316583329054275,19.09,-0.056351952545724227,-0.07330097087378651,0.0016153715354532139,-0.007497893850042181,4.08,0.0,3.48,0.009999999999999787,0.6000000000000001,3.64,0.0
2026-02-22,0.0,0.0107282294033062,0.0,0.011316583329054275,19.09,0.0,-0.0995283018867924,0.0,-0.007497893850042181,4.08,0.0,3.48,0.0,0.6000000000000001,3.64,0.0
2026-02-23,0.0,0.009686960232171415,0.0,0.01259108721702229,19.09,0.0,-0.05914243469689495,0.0,-0.004226185445017405,4.08,0.0,3.48,0.0,0.6000000000000001,3.64,0.0
2026-02-24,-0.010385685815636703,-0.0063301900364901575,-0.012141071187264707,-0.00762805701624214,21.01,0.10057621791513882,0.0708460754332314,0.0019522960699431824,-0.0005080440304827682,4.03,-0.04999999999999982,3.43,-0.04999999999999982,0.6000000000000001,3.64,0.0
2026-02-25,0.007651639793791798,0.004106740271266229,0.010850323809924678,0.007246745013779643,19.55,-0.06949071870537837,-0.03361344537815125,-0.001270755676041846,0.0022955279714336196,4.04,0.009999999999999787,3.43,0.0,0.6099999999999999,3.64,0.0
2026-02-26,0.008136346945676998,0.005299941674590469,0.01409294295881347,0.012650414070977112,17.93,-0.08286445012787724,-0.06076479832372972,0.0012723725506826877,0.0019522960699431824,4.05,0.009999999999999787,3.45,0.020000000000000018,0.5999999999999996,3.64,0.0
2026-02-27,-0.005365577666988752,-9.407324108379189e-05,-0.011633682129287282,0.0008695610455842218,18.63,0.03904071388733965,-0.024096385542168752,-0.0010166045408335211,0.0009337068160597539,4.02,-0.03000000000000025,3.42,-0.03000000000000025,0.5999999999999996,3.64,0.0
2026-02-28,-0.00433935555214604,-0.004433020575988711,-0.002969118056495801,-0.0021021388403132946,19.86,0.06602254428341392,0.04033525405971705,0.002544097693351288,0.003480179950768214,3.97,-0.04999999999999938,3.38,-0.040000000000000036,0.5900000000000003,3.64,0.0
2026-03-01,0.0,0.006015136558078282,0.0,0.010162313721268523,19.86,0.0,-0.054735840076154285,0.0,0.0015249068112503927,3.97,0.0,3.38,0.0,0.5900000000000003,3.64,0.0
2026-03-02,0.0,-0.0016240763881933962,0.0,-0.0006806250860790231,19.86,0.0,0.015856777493606034,0.0,0.0027992196115020906,3.97,0.0,3.38,0.0,0.5900000000000003,3.64,0.0
2026-03-03,0.0003983206568511921,-0.009287185814259247,0.0013044850889660786,-0.013282777397011558,21.44,0.07955689828801615,0.1957612939208031,-0.011165623413973869,-0.009657743137919228,4.05,0.07999999999999963,3.47,0.0900000000000003,0.5799999999999996,3.64,0.0
2026-03-04,-0.009443997198334109,-0.013349525102549387,-0.010904027592167131,-0.012554340292965094,23.57,0.09934701492537301,0.2651637144390768,-0.0073567151411462195,-0.015943012211668828,4.06,0.009999999999999787,3.51,0.03999999999999959,0.5499999999999998,3.64,0.0
2026-03-05,0.007756031939536001,-0.0013635940734538776,0.015113219698318137,0.005354158086285032,21.15,-0.10267288926601614,0.06495468277945626,0.002930024129610409,-0.015564202334630295,4.09,0.03000000000000025,3.54,0.03000000000000025,0.5499999999999998,3.64,0.0
2026-03-06,-0.005646699177523806,-0.007002593445444627,-0.0029198587054589664,0.002418665995727487,23.75,0.12293144208037843,0.19587109768378652,-0.004554047087128255,-0.020047369311453123,4.13,0.040000000000000036,3.57,0.029999999999999805,0.56,3.64,0.0
2026-03-07,-0.013276804314631963,-0.020186425697206523,-0.015083685679011749,-0.012701502080926241,29.49,0.24168421052631572,0.48489425981873113,0.0018126888217522286,-0.01827102013195725,4.15,0.020000000000000462,3.56,-0.009999999999999787,0.5900000000000003,3.64,0.0
2026-03-08,0.0,-0.020576550289030715,0.0,-0.013987740371149915,29.49,0.0,0.37546641791044766,0.0,-0.007185628742514938,4.15,0.0,3.56,0.0,0.5900000000000003,3.64,0.0
2026-03-09,0.0,-0.011238691259463973,0.0,-0.003117708356931037,29.49,0.0,0.25116673737802286,0.0,0.00017235436056539655,4.15,0.0,3.56,0.0,0.5900000000000003,3.64,0.0
2026-03-10,0.008304129661336201,-0.01070092437586434,0.013157483602855402,-0.005038320405775454,25.5,-0.13530010172939977,0.2056737588652484,-0.0012062726176116367,-0.0039525691699604515,4.12,-0.03000000000000025,3.56,0.0,0.56,3.64,0.0
2026-03-11,-0.0021350826001804712,-0.007207157089087479,-0.0004317656129528835,-0.002555513678632715,24.93,-0.022352941176470575,0.049684210526315775,0.004830917874396157,0.005438066465256686,4.15,0.03000000000000025,3.57,0.009999999999999787,0.5800000000000005,3.64,0.0
2026-03-12,-0.0008375752785526602,0.005308589588754797,0.00034219583138139775,0.013066585615961746,24.23,-0.02807862013638185,-0.17836554764326884,-0.007039835164835195,-0.0034464931931759146,4.21,0.05999999999999961,3.64,0.07000000000000028,0.5699999999999998,3.64,0.0
2026-03-13,-0.015227722187786008,-0.009999970326497576,-0.017281387029286055,-0.0044406101365050965,27.29,0.12628972348328515,-0.07460155985079686,-0.0038042538474841736,-0.007237635705669598,4.27,0.05999999999999961,3.76,0.11999999999999966,0.5099999999999998,3.64,0.0
2026-03-14,-0.006059089233314663,-0.015998468847273628,-0.00623023627208108,-0.01064318035824352,27.19,-0.003664345914254241,-0.07799253984401477,-0.006769658045478022,-0.013958297432362543,4.28,0.010000000000000675,3.73,-0.029999999999999805,0.5500000000000003,3.64,0.0
2026-03-15,0.0,-0.02410244864986566,0.0,-0.023491573961890055,27.19,0.0,0.06627450980392169,0.0,-0.012767425810903954,4.28,0.0,3.73,0.0,0.5500000000000003,3.64,0.0
2026-03-16,0.0,-0.02201436854491945,0.0,-0.023069769081925484,27.19,0.0,0.09065383072603295,0.0,-0.0175137362637362,4.28,0.0,3.73,0.0,0.5500000000000003,3.64,0.0
2026-03-17,0.010130891907499606,-0.01127837303344259,0.011263403515809456,-0.012404160863544567,23.51,-0.13534387642515633,-0.029715229054890546,0.003757427472911523,-0.006830364862528082,4.23,-0.04999999999999982,3.68,-0.04999999999999982,0.5500000000000003,3.64,0.0
2026-03-18,0.002494260662927017,0.006514682388627069,0.005073140342011007,0.010061311883548862,22.37,-0.048490004253509134,-0.1802858189813118,0.0033080874031514718,0.000260371463287834,4.2,-0.03000000000000025,3.68,0.0,0.52,3.64,0.0
2026-03-19,-0.013607619909798752,-0.0011293403837947524,-0.014339143565766821,0.0018194697205540233,25.09,0.12159141707644161,-0.07723427730783383,-0.0010412147505424185,0.006029360363509095,4.26,0.05999999999999961,3.76,0.07999999999999963,0.5,3.64,0.0
2026-03-20,-0.0027488037194136616,-0.0038750397681610593,-0.0028581266230749414,-0.0010438571773692118,24.06,-0.04105221203666809,-0.11511585141596181,0.00017371666811438757,0.006204124432016567,4.25,-0.009999999999999787,3.79,0.03000000000000025,0.45999999999999996,3.64,0.0
2026-03-21,-0.015138144460977054,-0.018954523317335603,-0.018769236075298568,-0.019793500850876833,26.78,0.11305070656691618,-0.015079073188672298,0.002431610942249307,0.008650821391122054,4.39,0.13999999999999968,3.88,0.08999999999999986,0.5099999999999998,3.64,0.0
2026-03-22,0.0,-0.028793709268619017,0.0,-0.030710994048348095,26.78,0.0,0.13908974904296034,0.0,0.0048750761730651515,4.39,0.0,3.88,0.0,0.5099999999999998,3.64,0.0
2026-03-23,0.0,-0.03121012374759724,0.0,-0.03560351277339113,26.78,0.0,0.1971390254805543,0.0,0.0015618221258135723,4.39,0.0,3.88,0.0,0.5099999999999998,3.64,0.0
2026-03-24,0.011453197427795159,-0.006596525125665997,0.01215324198735046,-0.009682666471239165,26.15,-0.023525018670649822,0.04224790753288166,0.003811834011955284,0.006427516720229454,4.34,-0.04999999999999982,3.83,-0.04999999999999982,0.5099999999999998,3.64,0.0
2026-03-25,-0.003742592311198889,-0.007586479355906062,-0.007695363805827471,-0.014486797113397953,26.95,0.030592734225621365,0.12011637572734823,-0.0007767325450936946,0.005471124620060719,4.39,0.04999999999999982,3.9,0.06999999999999984,0.48999999999999977,3.64,0.0
2026-03-26,0.005419157247074091,0.013128450406364234,0.006688067259800423,0.011081610919673635,25.33,-0.0601113172541744,-0.054144884241971725,-0.0006909656244601381,0.0023390799618816516,4.33,-0.05999999999999961,3.84,-0.06000000000000005,0.4900000000000002,3.64,0.0
2026-03-27,-0.01740621065246739,-0.0045062768194169545,-0.02383770544858288,-0.013020254705908174,27.44,0.08330043426766687,0.0246452576549665,-0.002420051858254224,-8.663259118102395e-05,4.42,0.08999999999999986,3.96,0.1200000000000001,0.45999999999999996,3.64,0.0
2026-03-28,-0.016721834878249076,-0.021152758480775913,-0.019257226123384208,-0.03202674684023665,31.05,0.1315597667638484,0.15944734876773703,-0.001906082134812026,-0.001992549597158666,4.44,0.020000000000000462,3.88,-0.08000000000000007,0.5600000000000005,3.64,0.0
2026-03-29,0.0,-0.032236742136453334,0.0,-0.04364950582071958,31.05,0.0,0.18738049713193128,0.0,-0.005782342280141628,4.44,0.0,3.88,0.0,0.5600000000000005,3.64,0.0
2026-03-30,0.0,-0.028601192428127087,0.0,-0.036232967884528455,31.05,0.0,0.15213358070500926,0.0,-0.0050095007773363065,4.44,0.0,3.88,0.0,0.5600000000000005,3.64,0.0
2026-03-31,-0.003945767289228019,-0.03764923618380123,-0.007754799792675016,-0.050060050540123746,30.61,-0.014170692431561993,0.2084484800631663,-0.005729166666666563,-0.010025929127052802,4.35,-0.09000000000000075,3.82,-0.06000000000000005,0.5299999999999998,3.64,0.0
2026-04-01,0.029131172245937753,0.007929401157297455,0.03427861169030444,0.006495105988512995,25.25,-0.1751061744527932,-0.07981049562682219,0.00558756766195212,-0.0020793623288857255,4.3,-0.04999999999999982,3.79,-0.029999999999999805,0.5099999999999998,3.64,0.0
2026-04-02,0.007168546623124161,0.03241872551559544,0.011785920837196429,0.03835338353340312,24.54,-0.028118811881188144,-0.20966183574879227,0.008334780343809634,0.008159722222222276,4.33,0.03000000000000025,3.81,0.020000000000000018,0.52,3.64,0.0
2026-04-03,0.0011208579962647125,0.033575920299582895,0.0010632810421651318,0.0394574450011822,23.87,-0.02730236348818249,-0.23123993558776168,-0.005855002583089353,0.0022569444444446862,4.31,-0.020000000000000462,3.79,-0.020000000000000018,0.5199999999999996,3.64,0.0
2026-04-04,0.0,0.033575920299582895,0.0,0.0394574450011822,23.87,0.0,-0.23123993558776168,-0.0019920318725099584,0.0002604166666668739,4.35,0.040000000000000036,3.84,0.04999999999999982,0.5099999999999998,3.64,0.0
2026-04-05,0.0,0.03767032592863484,0.0,0.04758122768847106,23.87,0.0,-0.2201894805619078,0.0,0.006024096385542244,4.35,0.0,3.84,0.0,0.5099999999999998,3.64,0.0
2026-04-06,0.0,0.008297439542193308,0.0,0.012861733625552318,23.87,0.0,-0.05465346534653459,0.0,0.00043410314290692753,4.35,0.0,3.84,0.0,0.5099999999999998,3.64,0.0
2026-04-07,0.0044267617038020735,0.005552581471319984,0.00609843076862937,0.007168196156617679,24.17,0.012568077084206042,-0.015077424612876866,0.0019092250282044532,-0.005941105562252358,4.34,-0.009999999999999787,3.84,0.0,0.5,3.64,0.0
2026-04-08,0.0007592451711553316,0.005189367872404871,0.00042162402132595034,0.0065226260348596465,25.78,0.06661150186181208,0.08001675743611236,0.002252057167605015,0.0021652520353367954,4.33,-0.009999999999999787,3.81,-0.029999999999999805,0.52,3.64,0.0
2026-04-09,0.025081420917808295,0.030400945510118405,0.028955841927877257,0.03566733609115702,21.04,-0.18386346004654774,-0.11855886049434439,0.009938639702705032,0.01414562179987855,4.29,-0.040000000000000036,3.79,-0.020000000000000018,0.5,3.64,0.0
2026-04-10,0.006170009184983671,0.036758528808131574,0.00718462749922999,0.04310822011409199,19.49,-0.07366920152091261,-0.18349392542940945,0.0017114495978094446,0.01588128091642793,4.29,0.0,3.78,-0.010000000000000231,0.5100000000000002,3.64,0.0
2026-04-11,-0.001138518255854426,0.03557816029617089,0.0013655161910350877,0.044532601277659456,19.23,-0.01334017444843505,-0.19438625890238792,0.0014522467110882342,0.017356591165494928,4.31,0.019999999999999574,3.81,0.03000000000000025,0.49999999999999956,3.64,0.0
2026-04-12,0.0,0.03101410653328962,0.0,0.038201203116545734,19.23,0.0,-0.20438560198593303,0.0,0.015417929839757205,4.31,0.0,3.81,0.0,0.49999999999999956,3.64,0.0
2026-04-13,0.0,0.03023190793202213,0.0,0.037763657030282616,19.23,0.0,-0.2540729247478666,0.0,0.013136288998357948,4.31,0.0,3.81,0.0,0.49999999999999956,3.64,0.0
2026-04-14,0.010173260827151198,0.015248842293975384,0.010645659359604265,0.019296740133886603,19.12,-0.00572022880915235,-0.09125475285171092,-0.0011089311609655539,0.0020537395173712003,4.3,-0.009999999999999787,3.78,-0.03000000000000025,0.52,3.64,0.0
2026-04-15,0.011782917818722538,0.020912397101101154,0.01805409136249536,0.030296917043197036,18.36,-0.03974895397489553,-0.057978450487429445,0.0069171648163961486,0.007261233555441615,4.26,-0.040000000000000036,3.76,-0.020000000000000018,0.5,3.64,0.0
2026-04-16,0.007975738369372598,0.030227860505303683,0.014030647782679484,0.043327968963631,18.17,-0.010348583877995532,-0.055122204888195414,0.0006784835891782137,0.006482982171799101,4.29,0.03000000000000025,3.76,0.0,0.5300000000000002,3.64,0.0
2026-04-17,0.0026100143102256723,0.032916769964015824,0.004900670035543397,0.04844097507837519,17.94,-0.012658227848101333,-0.06708268330733225,-0.0013560471226375936,0.005118143819841325,4.32,0.03000000000000025,3.78,0.020000000000000018,0.5400000000000005,3.64,0.0
2026-04-18,0.012040424468278577,0.04535352631478573,0.01288990999886086,0.06195528488625324,17.48,-0.02564102564102566,-0.0910036401456058,0.0015276245438342606,0.006653586965793767,4.26,-0.0600000000000005,3.71,-0.06999999999999984,0.5499999999999998,3.64,0.0
2026-04-19,0.0,0.034825971793025046,0.0,0.05076915440290075,17.48,0.0,-0.08577405857740583,0.0,0.0077711357813834425,4.26,0.0,3.71,0.0,0.5499999999999998,3.64,0.0
2026-04-20,0.0,0.022774701537737307,0.0,0.03213489667982361,17.48,0.0,-0.04793028322440085,0.0,0.0008481044864725451,4.26,0.0,3.71,0.0,0.5499999999999998,3.64,0.0
2026-04-21,-0.0023743836004749275,0.012272620479997887,-0.0030777098299630268,0.014721090740626108,18.87,0.07951945080091538,0.038525041276829874,-0.001355817303618223,-0.0011865412323076585,4.26,0.0,3.72,0.010000000000000231,0.5399999999999996,3.64,0.0
2026-04-22,-0.006348165882230528,0.0032281062534085248,-0.004169559321167027,0.0055622223066116305,19.5,0.03338632750397452,0.08695652173913038,-0.0028001697072550513,-0.002630908936603449,4.3,0.040000000000000036,3.78,0.05999999999999961,0.52,3.64,0.0
2026-04-23,0.010460064467632257,0.0016615072003320908,0.017288865675936904,0.009929354018362702,18.92,-0.029743589743589705,0.08237986270022901,-0.003233492171545338,-0.007372256588424664,4.3,0.0,3.79,0.010000000000000231,0.5099999999999998,3.64,0.0
2026-04-24,-0.004132868210538154,-0.0024782278004957803,-0.005741116304659011,0.004131232137454255,19.31,0.020613107822409882,0.104691075514874,-0.0008536793580330437,-0.008219642403186067,4.34,0.040000000000000036,3.83,0.040000000000000036,0.5099999999999998,3.64,0.0
2026-04-25,0.007973664959765925,0.0054756766010950475,0.019454780749605494,0.023666385102519616,18.71,-0.03107198342827544,0.0703661327231122,0.0011961722488036397,-0.00703330226252008,4.31,-0.03000000000000025,3.78,-0.050000000000000266,0.5299999999999998,3.64,0.0
2026-04-26,0.0,0.007868743617371443,0.0,0.02682665960645858,18.71,0.0,-0.008479067302596732,0.0,-0.005685193042002656,4.31,0.0,3.78,0.0,0.5299999999999998,3.64,0.0
2026-04-27,0.0,0.014307737389952724,0.0,0.031126000633698414,18.71,0.0,-0.04051282051282046,0.0,-0.0028931245745406065,4.31,0.0,3.78,0.0,0.5299999999999998,3.64,0.0
2026-04-28,0.0012323658633259793,0.00504490116140599,7.361647719883457e-05,0.013676590092462915,18.02,-0.036878674505612,-0.04756871035940813,0.001109404335210895,0.0014512549086562743,4.35,0.040000000000000036,3.78,0.0,0.5699999999999998,3.64,0.0
2026-04-29,-0.004894123288415875,0.004276630465364972,-0.010132324117180125,0.009199622740418967,17.83,-0.010543840177580588,-0.07664422578974628,-0.001363907595260505,0.0009398496240600185,4.36,0.010000000000000675,3.84,0.06000000000000005,0.5200000000000005,3.64,0.0
2026-04-30,-0.0003992267608001754,-0.004065551256929423,0.005844831164737663,-0.004273418188836753,18.81,0.054963544587773416,0.005344735435595771,-0.0017072129748185727,-0.001962792285372883,4.42,0.05999999999999961,3.92,0.08000000000000007,0.5,3.64,0.0
2026-05-01,0.010238300436522074,0.0061311248443842725,0.00975209098175256,0.005436998029935136,16.89,-0.10207336523125987,-0.09727418492784612,0.0029072253099615697,0.0009387267451783643,4.4,-0.019999999999999574,3.88,-0.040000000000000036,0.5200000000000005,3.64,0.0
2026-05-02,0.0029282800273546794,0.009077358522165735,0.009406923763993547,0.014895067219901303,16.99,0.005920663114268754,-0.09192944949225024,0.002216727768778126,0.0031575354155999324,4.39,-0.010000000000000675,3.88,0.0,0.5099999999999998,3.64,0.0
2026-05-03,0.0,0.007835336657415537,0.0,0.01482035972002893,16.99,0.0,-0.05715871254162053,0.0,0.0020458613928906466,4.39,0.0,3.88,0.0,0.5099999999999998,3.64,0.0
2026-05-04,0.0,0.012792065893427518,0.0,0.025208100481667772,16.99,0.0,-0.047111609646662944,0.0,0.0034144259496371454,4.39,0.0,3.88,0.0,0.5099999999999998,3.64,0.0
2026-05-05,-0.004062173241937916,0.00908078111533861,-0.002112567285304179,0.017097516128118606,18.29,0.07651559741024139,-0.027644869750132917,-0.004849000425350969,0.0002565198802906288,4.45,0.0600000000000005,3.95,0.07000000000000028,0.5,3.64,0.0
2026-05-06,0.00811998750130205,0.006964895318497311,0.013136205862760653,0.020506248697732765,17.38,-0.049753963914707544,0.02901124925991705,0.0007693622841511427,-0.0018756927274277135,4.43,-0.020000000000000462,3.93,-0.020000000000000018,0.49999999999999956,3.64,0.0
2026-05-07,0.01458834420226962,0.018671889263248698,0.020849857183957266,0.032075007325779836,17.39,0.0005753739930955959,0.023543260741612837,0.003929273084479323,-0.00017014036580176306,4.36,-0.0699999999999994,3.87,-0.06000000000000005,0.4900000000000002,3.64,0.0
2026-05-08,-0.0038030609141467275,0.01479781801685176,-0.0012315042709281077,0.03080400254634008,17.08,-0.01782633697527325,0.005297233666862855,0.0009359312515953011,0.0007656316461079893,4.41,0.04999999999999982,3.92,0.04999999999999982,0.4900000000000002,3.63,-0.010000000000000231
2026-05-09,0.008425660784695976,0.023348160196511314,0.023492549174746413,0.05502021626568543,17.19,0.0064402810304451386,0.011771630370806418,0.000765045902754169,0.0015312632922162006,4.38,-0.03000000000000025,3.9,-0.020000000000000018,0.48,3.63,-0.010000000000000231
2026-05-10,0.0,0.027522133111134384,0.0,0.05725373592045657,17.19,0.0,-0.06014215418261337,0.0,0.006411352367926115,4.38,0.0,3.9,0.0,0.48,3.63,-0.010000000000000231
2026-05-11,0.0,0.019245869390926318,0.0,0.04354550730928297,17.19,0.0,-0.010932105868814546,0.0,0.005637652686426797,4.38,0.0,3.9,0.0,0.48,3.63,-0.010000000000000231
2026-05-12,0.0018800015677942206,0.006479188390684731,0.0029303926561972116,0.025227655208175603,18.38,0.06922629435718419,0.05692926969522705,0.0005945808205214398,0.0022972857993703855,4.42,0.040000000000000036,3.95,0.050000000000000266,0.46999999999999975,3.63,-0.010000000000000231
2026-05-13,-0.001602624635092642,0.008702336478531691,-0.008726270145351434,0.01753433961339379,17.99,-0.021218715995647508,0.05327868852459017,-0.003989813242784357,-0.0026351581094864462,4.46,0.040000000000000036,4.0,0.04999999999999982,0.45999999999999996,3.63,0.0
2026-05-14,0.0058492411795225685,0.006125209996580505,0.010395392364647149,0.0045134272322309155,17.87,-0.006670372429127158,0.03955788248981973,-0.0018750532685587462,-0.005266287267476466,4.46,0.0,3.98,-0.020000000000000018,0.48,3.63,0.0
2026-05-15,0.007655573093326984,0.013827675082748403,0.0072653126270560975,0.011811531319148694,17.26,-0.034135422495803036,0.004072134962187279,-0.0028178635470925695,-0.00806931113564946,4.47,0.009999999999999787,4.0,0.020000000000000018,0.46999999999999975,3.63,0.0
2026-05-16,-0.01236328926950736,0.0012934302662681585,-0.015385239500613546,-0.003755431419678934,18.43,0.06778679026651213,0.07213496218731819,-0.004367186162013925,-0.012401257113734743,4.59,0.1200000000000001,4.09,0.08999999999999986,0.5,3.63,0.0
2026-05-17,0.0,-0.0005854706158503475,0.0,-0.006666289230869982,18.43,0.0,0.002720348204570122,0.0,-0.012988115449914961,4.59,0.0,4.09,0.0,0.5,3.63,0.0
2026-05-18,0.0,0.0010187867519888538,0.0,0.002078115108309797,18.43,0.0,0.024458032240133543,0.0,-0.009034347566692191,4.59,0.0,4.09,0.0,0.5,3.63,0.0
2026-05-19,-0.0007356414928797461,-0.005534472915337263,-0.00449198632112402,-0.012686715061221876,17.82,-0.03309820944112851,-0.002797985450475715,0.0018921475875117721,-0.0052941678763555045,4.61,0.020000000000000462,4.07,-0.019999999999999574,0.54,3.63,0.0
2026-05-20,-0.006678328526755983,-0.019680746116642056,-0.0060539339188953045,-0.025742132432733933,18.06,0.013468013468013407,0.04634994206257215,-0.004034681088505576,-0.006507963692413132,4.67,0.05999999999999961,4.13,0.05999999999999961,0.54,3.62,-0.009999999999999787
2026-05-21,0.010791978361648358,0.003302962812985033,0.016616213560296078,0.0059227061101725376,17.44,-0.034330011074196976,-0.05371676614215948,0.001551456645406013,-0.0006020469596629274,4.57,-0.09999999999999964,4.04,-0.08999999999999986,0.5300000000000002,3.62,-0.009999999999999787
2026-05-22,0.0017153304802790537,0.005023958966052566,0.0020332654099126657,0.007968013953552289,16.76,-0.03899082568807333,-0.09061313076505684,-0.002667814113597178,-0.003268254923884051,4.57,0.0,4.08,0.040000000000000036,0.4900000000000002,3.62,-0.009999999999999787
