Date,Open,High,Low,Close,Volume
2010-07-12,91.21,91.21,91.21,91.21,0
2010-07-16,91.3,91.3,91.3,91.3,0
2010-07-19,90.52,90.52,90.52,90.52,0
2010-07-20,90.71,90.71,90.71,90.71,0
2010-07-21,92.83,92.83,92.83,92.83,2
2010-07-22,93.03,93.03,93.03,93.03,0
2010-07-23,93.03,93.03,93.03,93.03,0
2010-07-29,93.29,93.29,93.29,93.29,0
2010-07-30,93.41,93.41,93.41,93.41,5000
2010-08-11,93.01,93.01,93.01,93.01,0
2010-08-12,92.33,92.33,92.33,92.33,0
2010-08-13,91.86,91.86,91.86,91.86,0
2010-08-16,91.87,91.87,91.87,91.87,0
2010-08-19,91.49,91.49,91.49,91.49,0
2010-08-20,91.59,91.59,90.7,90.7,398
2010-08-23,91.14,91.14,91.14,91.14,0
2010-08-27,89.48,90.14,89.48,90.14,300
2010-08-30,90.22,90.22,90.22,90.22,0
2010-08-31,89.75,89.75,89.75,89.75,0
2010-09-09,94.62,94.62,94.53,94.53,1
2010-09-10,94.48,94.48,94.48,94.48,0
2010-09-20,94.48,94.48,94.48,94.48,0
2010-09-29,97.83,97.83,97.37,97.66,2
2010-09-30,98.26,98.26,98.26,98.26,1000
2010-10-01,97.46,97.46,97.46,97.46,0
2010-10-04,96.95,96.95,96.95,96.95,0
2010-11-01,72.92,73.06,72.58,73.06,20
2010-11-02,72.54,72.54,72.54,72.54,0
2010-11-03,72.78,72.78,72.44,72.44,10
2010-11-04,72.99,72.99,72.99,72.99,0
2010-11-09,75.26,75.26,75.26,75.26,0
2010-11-10,75.36,75.36,75.36,75.36,0
2010-11-11,75.52,75.52,75.52,75.52,0
2010-11-12,74.9,74.9,74.9,74.9,0
2010-11-15,75.59,75.59,75.59,75.59,330
2010-11-17,74.52,74.61,74.52,74.61,25
2010-11-18,75.26,75.26,75.26,75.26,0
2010-11-19,74.89,74.89,74.89,74.89,0
2010-11-22,74.89,74.89,74.89,74.89,0
2010-11-23,75.18,75.18,75.18,75.18,0
2010-11-25,76.77,76.81,76.77,76.81,370
2010-11-26,76.9,76.9,76.9,76.9,0
2010-11-29,76.99,76.99,76.87,76.87,3000
2010-11-30,77.38,77.64,77.38,77.39,1070
2010-12-01,77.68,77.68,77.68,77.68,2000
2010-12-03,77.86,77.86,77.86,77.86,1000
2010-12-07,78.86,78.86,78.86,78.86,0
2010-12-08,79.09,79.09,79.09,79.09,0
2010-12-09,79.83,79.83,79.66,79.66,12
2010-12-10,79.88,79.88,79.88,79.88,0
2010-12-13,79.52,79.52,79.52,79.52,0
2010-12-14,78.9,79.58,78.9,79.58,1000
2010-12-15,79.74,79.74,79.74,79.74,0
2010-12-16,80.42,80.42,80.42,80.42,0
2010-12-17,79.68,79.68,79.68,79.68,370
2010-12-21,81.29,81.63,81.29,81.63,2009
2010-12-22,81.73,82.13,81.73,82.13,2129
2010-12-23,82.2,82.2,81.96,82.03,3000
2010-12-27,81.58,81.58,81.58,81.58,0
2010-12-28,81.43,82.04,81.43,82.04,2150
2010-12-29,82.07,82.07,81.98,81.98,360
2010-12-30,81.1,81.1,81.1,81.1,0
2011-01-03,81.58,81.58,81.51,81.55,2360
2011-01-04,81.46,81.46,81.46,81.46,1064
2011-01-07,83.9,83.99,83.73,83.73,1678
2011-01-10,83.89,83.89,83.7,83.7,2000
2011-01-11,84.21,84.21,84.21,84.21,0
2011-01-12,84.28,84.28,84.28,84.28,0
2011-01-13,83.62,83.62,82.35,82.35,2032
2011-01-14,82.27,82.61,82.27,82.61,2300
2011-01-17,82.93,82.93,82.93,82.93,0
2011-01-18,82.76,82.76,82.57,82.57,300
2011-01-19,81.62,81.62,81.62,81.62,0
2011-01-20,81.61,81.61,81.13,81.13,2309
2011-01-21,81.05,81.05,81.05,81.05,0
2011-01-24,80.68,80.68,80.68,80.68,0
2011-01-25,80.67,80.67,80.67,80.67,0
2011-01-26,80.99,81.22,80.99,81.07,1050
2011-01-27,80.89,80.89,80.89,80.89,110
2011-01-28,80.68,80.68,80.68,80.68,0
2011-01-31,80.2,80.2,80.2,80.2,0
2011-02-01,80.41,80.88,80.41,80.88,3000
2011-02-03,81.7,81.7,81.65,81.65,250
2011-02-04,82.37,82.37,82.37,82.37,0
2011-02-08,83.11,83.11,82.69,82.73,1197
2011-02-09,82.56,82.56,82.56,82.56,0
2011-02-10,82.67,83.07,82.67,83.07,600
2011-02-11,83.91,83.91,83.91,83.91,0
2011-02-14,84.6,84.6,84.6,84.6,0
2011-02-15,84.28,84.35,84.28,84.35,165
2011-02-16,84.78,84.78,84.47,84.47,235
2011-02-17,84.24,84.3,84.06,84.3,7000
2011-02-18,84.31,84.31,84.31,84.31,0
2011-02-21,83.48,83.48,83.48,83.48,0
2011-02-22,83.55,83.57,83.29,83.29,1150
2011-02-23,82.56,82.56,82.56,82.56,100
2011-02-25,81.83,82.25,81.83,82.08,10000
2011-02-28,82.38,82.38,82.38,82.38,0
2011-03-01,81.95,81.95,81.95,81.95,0
2011-03-03,81.4,81.59,81.4,81.59,551
2011-03-04,81.24,81.24,81.24,81.24,0
2011-03-07,80.49,80.49,80.49,80.49,25
2011-03-09,81.24,81.24,81.24,81.24,0
2011-03-10,80.93,80.93,80.93,80.93,0
2011-03-11,80.44,80.44,80.44,80.44,1000
2011-03-16,78.37,78.37,78.05,78.05,1000
2011-03-17,78.04,78.71,78.04,78.11,2909
2011-03-18,77.8,77.8,77.8,77.8,0
2011-03-21,78.35,78.56,78.35,78.56,406
2011-03-22,78.32,78.32,78.32,78.32,0
2011-03-23,78.6,78.6,78.6,78.6,0
2011-03-24,79.08,79.08,79.08,79.08,1020
2011-03-28,80.11,80.11,80.11,80.11,0
2011-03-29,80.19,80.19,80.19,80.19,0
2011-03-30,80.87,80.87,80.87,80.87,0
2011-03-31,80.24,80.24,80.24,80.24,0
2011-04-01,81,81,81,81,0
2011-04-04,80.56,80.56,80.56,80.56,0
2011-04-05,80.66,80.66,80.61,80.61,1000
2011-04-06,79.86,79.86,79.83,79.83,4000
2011-04-07,79.81,79.81,79.81,79.81,0
2011-04-08,79.41,79.41,79.35,79.35,4000
2011-04-11,79.13,79.13,79.13,79.13,0
2011-04-12,78.2,78.2,77.95,77.95,40
2011-04-13,77.97,78.33,77.97,78.01,8036
2011-04-14,77.72,77.76,77.72,77.74,2300
2011-04-15,78.46,78.46,78.46,78.46,0
2011-04-18,78.84,78.85,78.25,78.53,32927
2011-04-19,78.34,78.34,78.34,78.34,0
2011-04-20,78.78,78.78,78.78,78.78,0
2011-04-21,78.72,78.72,78.72,78.72,0
2011-04-26,79.12,79.23,79.12,79.23,10018
2011-04-27,78.9,78.9,78.9,78.9,0
2011-04-28,78.46,78.8,78.46,78.8,100
2011-04-29,78.89,78.89,78.89,78.89,0
2011-05-02,79.58,79.58,78.91,78.91,200
2011-05-03,78.9,78.9,78.55,78.55,65
2011-05-04,78.28,78.28,77.74,77.74,53
2011-05-05,77.76,77.76,77.76,77.76,4009
2011-05-09,80.69,80.77,80.69,80.77,200
2011-05-10,80.73,80.9,80.73,80.9,4000
2011-05-11,81.2,81.2,81.2,81.2,0
2011-05-12,80.92,80.94,80.92,80.94,300
2011-05-13,81.39,81.39,81.39,81.39,0
2011-05-16,81.1,81.1,81.07,81.07,1000
2011-05-17,80.29,80.29,80.29,80.29,0
2011-05-18,80.37,80.49,80.37,80.49,1000
2011-05-19,81.07,81.07,80.74,80.74,1050
2011-05-20,81.04,81.04,81.04,81.04,0
2011-05-23,81,81,80.68,80.68,210
2011-05-24,80.36,80.36,80.36,80.36,0
2011-05-25,80.31,80.66,80.31,80.53,3250
2011-05-26,80.16,80.45,80.16,80.45,2009
2011-05-27,80.38,80.38,80.38,80.38,0
2011-05-30,80.34,80.34,80.27,80.27,120
2011-05-31,80.14,80.14,80.14,80.14,0
2011-06-02,78.68,78.68,78.17,78.17,5010
2011-06-03,77.73,77.73,77.73,77.73,4600
2011-06-07,76.01,76.01,75.8,75.8,2000
2011-06-08,75.35,75.8,75.35,75.8,4800
2011-06-09,75.65,75.65,75.57,75.57,3009
2011-06-10,76.42,76.42,76.26,76.26,330
2011-06-13,76.28,76.28,76.28,76.28,0
2011-06-14,76.62,76.62,76.62,76.62,0
2011-06-15,77.07,77.07,77.07,77.07,0
2011-06-16,77.24,77.44,77.06,77.44,7000
2011-06-17,77.02,77.02,76.81,76.81,1000
2011-06-20,76.65,76.9,76.59,76.9,3100
2011-06-21,76.99,77.52,76.98,77.52,6027
2011-06-22,77.47,77.47,77.47,77.47,0
2011-06-23,77.11,77.26,77.11,77.26,1000
2011-06-24,77.48,77.48,77.37,77.37,1000
2011-06-27,77.1,77.1,77.1,77.1,0
2011-06-28,77.45,77.46,77.45,77.46,25
2011-06-29,78.02,78.14,78.02,78.04,8018
2011-06-30,77.9,78.37,77.9,78.37,2000
2011-07-01,79.09,79.09,79.09,79.09,0
2011-07-04,79.42,79.42,79.42,79.42,0
2011-07-05,79.67,79.67,79.65,79.65,120
2011-07-06,80.4,80.4,80.4,80.4,0
2011-07-07,81.15,81.15,81.15,81.15,0
2011-07-08,80.93,80.93,80.93,80.93,0
2011-07-11,81.21,81.35,81.21,81.28,130
2011-07-12,81.14,81.4,81.14,81.4,1000
2011-07-13,81.04,81.04,80.96,80.96,1130
2011-07-14,80.2,80.2,80.2,80.2,0
2011-07-15,80.05,80.05,80.05,80.05,0
2011-07-18,79.81,79.81,79.81,79.81,0
2011-07-19,80.14,80.14,80.14,80.14,0
2011-07-20,80.84,80.84,80.6,80.6,50
2011-07-21,80.32,80.66,80.32,80.43,38723
2011-07-22,80.86,80.86,80.56,80.56,2697
2011-07-25,80.5,80.5,80.5,80.5,3900
2011-07-27,79.06,79.06,79.06,79.06,0
2011-07-28,78.46,79.24,78.46,79.24,1000
2011-07-29,78.04,78.3,77.9,77.9,4653
2011-08-01,78.47,78.47,77.67,77.67,6857
2011-08-02,77.28,77.28,77.28,77.28,1000
2011-08-04,76.19,76.19,76.19,76.19,640
2011-08-05,73.03,73.03,72.3,72.3,20170
2011-08-08,71.36,71.36,71.36,71.36,241
2011-08-10,70.43,70.43,68.51,68.72,1500
2011-08-11,69.64,69.64,68.93,69.64,4018
2011-08-12,69.64,69.64,69.64,69.64,4018
2011-08-15,71.54,71.54,71.05,71.05,2289
2011-08-16,71.67,71.67,71.67,71.67,0
2011-08-17,71.67,71.75,71.67,71.67,4018
2011-08-18,70.91,70.91,69,69.08,12412
2011-08-19,68.18,68.18,68.18,68.18,0
2011-08-22,67.67,67.67,67.67,67.67,0
2011-08-23,68.28,68.28,68.28,68.28,510
2011-08-25,70.13,70.13,70.13,70.13,0
2011-08-26,68.35,69.98,68.35,69.97,2419
2011-08-29,70.9,71.28,70.8,71.28,1200
2011-08-30,72.41,72.41,72.41,72.41,0
2011-08-31,72.79,73.46,72.79,73.21,2241
2011-09-01,73.89,73.89,73.89,73.89,65
2011-09-06,71.03,71.03,71.03,71.03,3296
2011-09-12,72.65,72.81,72.25,72.81,185
2011-09-13,73.63,73.63,73.63,73.63,0
2011-09-14,74.2,74.2,73.9,74.2,1000
2011-09-15,74.75,74.75,74.7,74.75,5000
2011-09-16,75.12,75.79,75.12,75.79,350
2011-09-19,75.67,75.67,75.67,75.67,0
2011-09-20,77.02,77.02,77.02,77.02,0
2011-09-21,75.52,75.52,75.52,75.52,0
2011-09-23,72.61,72.61,72.61,72.61,0
2011-09-26,73.21,73.21,73.21,73.21,0
2011-09-28,75.13,75.13,74.47,74.47,265
2011-09-29,73.8,73.8,73.8,73.8,0
2011-09-30,74.17,74.17,74.17,74.17,0
2011-10-03,73.68,73.68,73.68,73.68,0
2011-10-04,71.4,71.5,71,71.11,16900
2011-10-05,73.11,73.63,73.11,73.63,200
2011-10-06,74.45,74.45,74.45,74.45,0
2011-10-07,74.54,74.54,74.54,74.54,0
2011-10-10,75.24,75.24,75.24,75.24,0
2011-10-11,75.9,75.94,75.88,75.94,13000
2011-10-12,75.5,76.14,75.5,76.14,148
2011-10-13,75.62,75.62,75.33,75.33,130
2011-10-14,75.99,75.99,75.82,75.82,130
2011-10-17,76.26,76.26,76.26,76.26,0
2011-10-18,76.28,76.28,76.28,76.28,0
2011-10-19,77.09,77.09,77.09,77.09,0
2011-10-20,76.3,76.3,76.3,76.3,0
2011-10-21,76.63,77.09,76.63,77.09,5000
2011-10-24,77.68,77.85,77.68,77.85,135
2011-10-25,77.9,77.9,77.24,77.24,64
2011-10-26,76.85,76.85,76.85,76.85,0
2011-10-27,77.67,77.67,77.67,77.67,0
2011-10-28,78.33,78.58,78.33,78.58,13865
2011-10-31,78.7,78.7,78.64,78.64,8506
2011-11-01,77.21,77.21,77.21,77.21,0
2011-11-02,77.8,77.8,77.8,77.8,0
2011-11-03,78.73,78.73,78.73,78.73,0
2011-11-04,78.4,78.4,78.4,78.4,0
2011-11-07,78.55,78.55,78.55,78.55,0
2011-11-08,78.96,78.96,78.96,78.96,0
2011-11-09,79.1,79.59,79.1,79.59,5000
2011-11-10,79.27,79.27,78.86,78.86,27
2011-11-11,79.86,79.86,79.63,79.63,4000
2011-11-14,80.17,80.18,79.95,79.95,1062
2011-11-15,79.94,79.94,79.94,79.94,0
2011-11-16,80.5,80.5,80.5,80.5,0
2011-11-17,78.9,79.12,78.87,79.12,10826
2011-11-18,78.23,78.38,78.13,78.13,507
2011-11-21,76.11,76.11,76.11,76.11,0
2011-11-22,76.05,76.05,76.05,76.05,0
2011-11-23,75.75,75.75,75.75,75.75,0
2011-11-24,75.9,75.9,75.67,75.67,1000
2011-11-25,76.52,76.52,76.52,76.52,0
2011-11-28,76.93,77.82,76.93,77.82,30
2011-11-29,78.22,78.22,78.22,78.22,0
2011-11-30,77.72,79.87,77.72,79.87,4009
2011-12-01,79.93,80.21,79.93,80.12,122
2011-12-02,81.3,81.3,81.3,81.3,0
2011-12-05,81.5,81.5,81.5,81.5,0
2011-12-06,81.63,81.63,81.38,81.38,600
2011-12-07,81.17,81.34,81.17,81.34,600
2011-12-08,81.18,81.18,81.18,81.18,0
2011-12-09,80.09,81.31,80.09,81.31,645
2011-12-12,81.03,81.7,81.03,81.03,806
2011-12-13,81.73,82.36,81.73,82.36,1120
2011-12-14,81.01,81.01,81.01,81.01,0
2011-12-15,81.37,81.37,81.37,81.37,0
2011-12-16,81.63,81.63,81.63,81.63,0
2011-12-19,80.98,80.98,80.98,80.98,0
2011-12-20,80.91,82.15,80.91,82.15,326
2011-12-21,82.44,82.44,82.25,82.25,30
2011-12-22,83.24,83.24,83.24,83.24,0
2011-12-23,84.15,84.15,84.15,84.15,0
2011-12-27,84.23,84.23,84.23,84.23,0
2011-12-28,84.16,84.16,84.16,84.16,0
2011-12-29,84.74,84.74,84.74,84.74,0
2011-12-30,85.03,85.03,85.03,85.03,0
2012-01-03,85.88,85.88,85.4,85.55,95000
2012-01-04,85.36,85.69,85.36,85.69,1
2012-01-05,86.62,86.62,86.62,86.62,0
2012-01-06,86.83,87.75,86.83,87.75,86
2012-01-09,87.17,87.17,87.17,87.17,0
2012-01-10,88.18,88.18,88.18,88.18,0
2012-01-11,88.47,88.47,88.47,88.47,0
2012-01-12,88.82,88.82,87.62,87.62,11500
2012-01-13,88.2,88.29,88.12,88.29,2548
2012-01-16,88.66,88.91,88.66,88.91,5957
2012-01-17,88.76,88.87,88.76,88.84,157
2012-01-18,88.28,88.31,88.28,88.31,250
2012-01-19,88.62,88.62,88.62,88.62,0
2012-01-20,88.3,88.49,88.11,88.11,312
2012-01-23,87.83,87.83,87.83,87.83,0
2012-01-24,87.86,87.86,87.86,87.86,0
2012-01-25,88.23,88.23,88.07,88.07,5600
2012-01-26,87.72,88.09,87.64,87.64,19600
2012-01-27,87.14,87.14,86.88,86.88,70
2012-01-30,86.86,86.86,86.85,86.85,50
2012-01-31,86.9,87.09,86.9,87.09,469
2012-02-01,87.66,87.66,87.35,87.51,5590
2012-02-02,87.75,87.8,87.7,87.7,580
2012-02-03,89.13,89.13,89.13,89.13,0
2012-02-06,89.09,89.09,89.09,89.09,0
2012-02-07,88.86,88.86,88.51,88.51,453
2012-02-08,88.41,88.41,88.41,88.41,0
2012-02-09,88.46,88.46,88.46,88.46,0
2012-02-10,88.31,88.58,88.31,88.58,5509
2012-02-13,88.91,88.94,88.86,88.94,1420
2012-02-14,89.24,89.33,89.24,89.33,687
2012-02-15,89.99,90.19,89.99,90.19,1000
2012-02-16,90.05,90.05,90.05,90.05,0
2012-02-17,90.05,90.05,90.05,90.05,0
2012-02-20,90.22,90.22,89.99,89.99,1388
2012-02-21,89.72,89.77,89.72,89.77,60
2012-02-22,89.74,89.74,89.38,89.38,170
2012-02-23,89.15,89.15,89.15,89.15,0
2012-02-24,89.03,89.03,88.55,88.55,9069
2012-02-27,88.37,88.94,88.37,88.94,70
2012-02-28,88.86,88.86,88.86,88.86,0
2012-02-29,89.06,89.46,89.06,89.22,456
2012-03-01,89.47,89.78,89.47,89.78,57
2012-03-02,90.38,90.59,90.28,90.59,3083
2012-03-05,89.68,89.68,89.68,89.68,0
2012-03-06,89.78,89.78,89.43,89.43,425
2012-03-07,89.67,89.67,89.62,89.66,362
2012-03-08,90,90,89.68,89.68,3076
2012-03-09,91.37,91.37,91.37,91.37,0
2012-03-12,91.23,91.25,90.8,90.8,100
2012-03-13,91.6,92.03,91.6,92.03,16
2012-03-14,93.37,93.38,93.24,93.38,296
2012-03-15,93.28,93.5,93.28,93.5,2234
2012-03-16,92.98,93.06,92.98,93.06,64
2012-03-19,92.69,92.94,92.69,92.94,1000
2012-03-20,92.84,92.84,92.39,92.54,5155
2012-03-21,92.64,92.89,92.64,92.89,12
2012-03-22,92.15,92.15,92.15,92.15,0
2012-03-23,91.99,91.99,91.75,91.76,2825
2012-03-26,92.57,92.57,92.42,92.42,2000
2012-03-27,92.96,92.96,92.69,92.69,4272
2012-03-28,92.4,92.4,92.23,92.23,5509
2012-03-29,92,92.15,91.69,91.69,1460
2012-03-30,92.3,92.3,92.17,92.17,250
2012-04-02,92.2,92.89,92.2,92.89,60000
2012-04-03,92.68,92.78,92.58,92.58,4825
2012-04-04,93.02,93.02,92.83,92.83,2064
2012-04-05,92.99,93.55,92.85,93.55,4850
2012-04-10,92.33,92.33,91.6,91.6,2295
2012-04-11,91.16,91.4,91.16,91.4,6000
2012-04-12,91.38,91.65,91.38,91.65,2000
2012-04-13,91.88,91.88,91.88,91.88,0
2012-04-16,91.39,91.39,91.39,91.39,0
2012-04-17,92.22,92.22,92.22,92.22,0
2012-04-18,92.21,92.21,92.21,92.21,0
2012-04-19,92.31,92.33,92.03,92.05,3000
2012-04-20,91.56,91.63,91.56,91.63,547
2012-04-23,90.62,90.62,90.62,90.62,0
2012-04-24,90.87,90.89,90.87,90.89,20
2012-04-25,91.5,91.75,91.5,91.75,2612
2012-04-26,91.94,91.94,91.94,91.94,0
2012-04-27,92.45,92.45,92.45,92.45,0
2012-04-30,92.65,92.69,92.14,92.14,10000
2012-05-02,93.23,93.23,92.92,92.92,6400
2012-05-03,93.2,93.2,92.95,92.95,100
2012-05-04,91.55,91.55,91.55,91.55,0
2012-05-07,91.38,91.59,91.38,91.59,40
2012-05-08,90.88,90.88,90.88,90.88,0
2012-05-09,91.58,91.6,91.58,91.6,1000
2012-05-10,91.82,91.82,91.82,91.82,0
2012-05-11,91.61,92.31,91.6,92.31,9342
2012-05-14,91.48,91.55,91.48,91.55,1000
2012-05-15,91.67,91.75,91.67,91.75,1000
2012-05-16,91.7,91.7,91.67,91.67,351
2012-05-17,91.4,91.4,90.67,90.67,1000
2012-05-18,89.96,89.96,89.62,89.62,600
2012-05-21,89.59,89.59,89.59,89.59,0
2012-05-22,91.14,91.14,91.14,91.14,0
2012-05-23,90.7,90.7,90.51,90.51,2000
2012-05-24,91.89,91.98,91.75,91.75,1149
2012-05-25,92.39,92.42,92.33,92.33,11865
2012-05-28,92.34,92.34,92.34,92.34,3950
2012-05-29,92.56,93.06,92.56,93.06,48
2012-05-30,92.94,92.94,92.94,92.94,0
2012-05-31,92.58,92.58,92.45,92.45,1000
2012-06-01,90.9,90.9,90.9,90.9,0
2012-06-04,89.78,89.78,89.17,89.17,90
2012-06-05,89.6,90.11,89.6,90.11,327
2012-06-06,90.71,91.49,90.71,91.49,20
2012-06-07,92.22,92.22,92.09,92.09,2000
2012-06-08,92.31,92.31,92.31,92.31,0
2012-06-11,92.7,92.7,92.31,92.7,0
2012-06-12,92.56,92.56,92.31,92.56,0
2012-06-13,92.11,92.31,92.11,92.11,0
2012-06-14,92.15,92.15,92.15,92.15,0
2012-06-15,92.68,92.68,92.68,92.68,0
2012-06-18,93.06,93.58,93.06,93.58,160
2012-06-19,93.71,93.71,93.71,93.71,0
2012-06-20,93.79,93.79,93.47,93.52,340
2012-06-21,93.51,93.55,93.51,93.55,10088
2012-06-22,92.95,92.95,92.95,92.95,0
2012-06-25,92.03,92.03,92.03,92.03,0
2012-06-26,92.47,92.47,92.39,92.39,2000
2012-06-27,93.63,93.63,93.63,93.63,0
2012-06-28,93.34,93.34,93,93,2000
2012-06-29,93.8,93.8,93.8,93.8,0
2012-07-02,94.48,95.21,94.48,94.76,30388
2012-07-03,95.03,95.49,95.03,95.49,260
2012-07-04,95.64,96.15,95.64,96.15,358
2012-07-05,96.39,97.08,96.39,97.08,600
2012-07-06,96.26,96.26,96.26,96.26,0
2012-07-09,96.14,96.14,96.14,96.14,0
2012-07-10,96.68,96.68,96.68,96.68,0
2012-07-11,96.17,96.17,96.17,96.17,0
2012-07-12,95.93,95.93,95.68,95.68,205
2012-07-13,96.27,96.98,96.27,96.98,950
2012-07-16,96.86,96.88,96.86,96.88,10
2012-07-17,96.95,97.07,96.95,97.05,14834
2012-07-18,97.07,98.13,97.07,98.13,315
2012-07-19,98.57,98.57,98.57,98.57,0
2012-07-20,98.52,98.52,98.52,98.52,0
2012-07-23,97.68,97.68,97.33,97.33,141
2012-07-24,97.41,97.41,97.41,97.41,0
2012-07-25,96.93,96.94,96.6,96.6,1880
2012-07-26,96.68,96.68,96.68,96.68,0
2012-07-27,97.5,97.57,97.17,97.57,14437
2012-07-30,99.04,99.04,99.04,99.04,0
2012-07-31,99.41,99.41,98.74,98.74,1000
2012-08-01,98.5,98.66,98.48,98.58,40350
2012-08-02,98.4,98.4,98.21,98.38,2000
2012-08-03,98.81,98.81,98.81,98.81,0
2012-08-06,99.07,99.07,98.74,98.74,500
2012-08-07,99.19,99.19,99.19,99.19,0
2012-08-08,99.59,99.59,99.59,99.59,0
2012-08-09,100.33,100.33,100.33,100.33,0
2012-08-10,99.96,99.96,99.96,99.96,0
2012-08-13,99.54,99.54,99.54,99.54,0
2012-08-14,100.15,100.37,100.15,100.37,12500
2012-08-15,99.98,100.42,99.98,100.42,2216
2012-08-16,100.31,100.31,100.31,100.31,0
2012-08-17,100.74,101.1,100.74,101.1,21
2012-08-20,100.65,100.65,100.65,100.65,0
2012-08-21,100.09,100.09,100.09,100.09,0
2012-08-22,99.3,99.3,99.3,99.3,0
2012-08-23,98.33,98.33,98.33,98.33,0
2012-08-24,98.72,98.72,98.69,98.69,50
2012-08-27,99.26,99.39,99.26,99.39,503
2012-08-28,98.98,98.98,98.64,98.64,15130
2012-08-29,98.78,98.78,98.71,98.71,70
2012-08-30,98.45,98.45,98.45,98.45,0
2012-08-31,98.53,98.53,98.53,98.53,0
2012-09-03,98.41,98.41,98.37,98.37,100
2012-09-04,97.93,97.93,97.93,97.93,0
2012-09-05,98.13,98.13,98.13,98.13,0
2012-09-06,98.49,99.51,98.3,99.51,29053
2012-09-07,98.75,98.75,98.75,98.75,0
2012-09-10,98.64,98.92,98.64,98.79,2132
2012-09-11,98.6,98.6,98.27,98.27,150
2012-09-12,98,98,97.99,97.99,110
2012-09-13,97.9,98.18,97.9,98.09,125
2012-09-14,98.3,98.3,98.3,98.3,0
2012-09-17,98.25,98.28,98.02,98.12,1915
2012-09-18,98.33,98.33,98.33,98.33,0
2012-09-19,98.52,98.52,98.52,98.52,0
2012-09-20,99,99,99,99,0
2012-09-21,99.19,99.19,99.19,99.19,0
2012-09-24,99.25,99.25,99.25,99.25,0
2012-09-25,99.52,99.52,99.28,99.28,3095
2012-09-26,98.39,98.39,98.03,98.16,6434
2012-09-27,98.58,98.58,98.51,98.51,100
2012-09-28,98.39,98.39,98.39,98.39,0
2012-10-01,98.63,99.23,98.45,99.18,8367
2012-10-02,98.58,98.58,98.08,98.08,330
2012-10-03,98.6,99.01,98.6,99.01,500
2012-10-04,98.9,98.9,98.76,98.76,420
2012-10-05,99.02,99.02,99.02,99.02,0
2012-10-08,98.71,98.71,98.71,98.71,0
2012-10-09,98.73,98.73,98.73,98.73,0
2012-10-10,98.19,98.19,98.19,98.19,0
2012-10-11,98.11,98.11,98.1,98.1,1715
2012-10-12,97.47,97.47,97.12,97.12,600
2012-10-15,97.46,97.56,97.46,97.56,55
2012-10-16,98.19,98.19,98.19,98.19,0
2012-10-17,98.07,98.07,97.95,97.95,770
2012-10-18,98.27,98.27,98.27,98.27,0
2012-10-19,97.59,97.59,97.58,97.58,20
2012-10-22,96.72,96.87,96.36,96.36,1320
2012-10-23,96.35,96.39,95.87,95.87,20096
2012-10-24,96.11,96.11,96.11,96.11,60
2012-10-25,96.11,96.11,95.84,95.84,1000
2012-10-26,96.54,96.54,95.96,95.96,1590
2012-10-29,96,96.21,96,96.21,25
2012-10-30,96.12,96.23,96.12,96.23,1025
2012-10-31,96.12,96.12,95.62,95.62,169
2012-11-01,95.97,97.16,95.97,97.16,1473
2012-11-02,97.84,97.84,97.84,97.84,0
2012-11-05,97.25,97.35,97.23,97.35,1072
2012-11-06,97.94,97.99,97.94,97.99,103
2012-11-07,96.12,96.12,96.12,96.12,0
2012-11-08,96.58,96.58,96.18,96.18,21
2012-11-09,96.04,96.04,96.04,96.04,0
2012-11-12,95.68,95.68,95.68,95.68,0
2012-11-13,95.52,96.17,95.52,96.17,1395
2012-11-14,95.63,95.63,94.72,94.72,109
2012-11-15,93.83,93.83,93.34,93.34,107
2012-11-16,93.46,93.46,93.46,93.46,0
2012-11-19,94.94,95.14,94.94,95.14,50
2012-11-20,95.5,95.59,95.5,95.59,530
2012-11-21,95.56,95.56,95.56,95.56,0
2012-11-22,95.78,95.78,95.57,95.57,30
2012-11-23,95.33,95.6,95.33,95.6,28550
2012-11-26,95.34,95.34,95.34,95.34,0
2012-11-27,95.89,95.89,95.89,95.89,400
2012-11-28,95.58,95.6,95.5,95.6,6046
2012-11-29,96.53,96.53,96.43,96.43,730
2012-11-30,96.33,96.4,95.92,95.92,550
2012-12-03,95.73,95.73,95.73,95.73,0
2012-12-04,95.12,95.12,94.98,94.98,732
2012-12-05,95.13,95.13,95.13,95.13,0
2012-12-06,95.68,96.29,95.68,96.29,500
2012-12-07,96.61,96.61,96.61,96.61,0
2012-12-10,96.85,97.19,96.85,97.13,10950
2012-12-11,97.53,97.53,97.53,97.53,0
2012-12-12,97.38,97.48,97.03,97.03,6833
2012-12-13,96.65,96.65,96.35,96.35,52
2012-12-14,95.24,95.24,95.24,95.24,0
2012-12-17,95.66,95.66,95.66,95.66,0
2012-12-18,96.5,96.5,96.39,96.39,5300
2012-12-19,96.41,96.41,96.41,96.41,0
2012-12-20,95.95,96.05,95.95,96.05,150
2012-12-21,95.7,95.95,95.61,95.61,210
2012-12-27,94.82,94.82,94.04,94.28,18338
2012-12-28,94.76,94.76,94.43,94.43,1
2013-01-02,96.66,97.34,96.39,97.34,347025
2013-01-03,97.95,98.83,97.95,98.83,4668
2013-01-04,99.21,99.21,99.21,99.21,115
2013-01-07,99.38,99.38,98.61,98.61,125
2013-01-08,98.38,98.38,98.38,98.38,0
2013-01-09,99.17,99.17,99.17,99.17,0
2013-01-10,99.19,99.19,97.95,97.95,202
2013-01-11,98,98,97.31,97.31,410
2013-01-14,97.29,97.29,97.24,97.24,123
2013-01-15,97.15,97.38,97.05,97.38,859
2013-01-16,97.9,97.9,97.9,97.9,0
2013-01-17,98.08,98.08,98.08,98.08,0
2013-01-18,98.35,98.35,98.35,98.35,0
2013-01-21,98.7,98.97,98.59,98.97,7761
2013-01-22,98.37,98.75,98.37,98.75,275
2013-01-23,99.15,99.26,99.15,99.26,75
2013-01-24,99.14,99.34,99.07,99.34,1020
2013-01-25,98.86,98.86,98.6,98.6,50
2013-01-28,99.02,99.02,98.74,98.74,159
2013-01-29,98.81,98.89,98.81,98.89,77
2013-01-30,98.26,98.26,98.26,98.26,0
2013-01-31,97.63,97.63,97.63,97.63,0
2013-02-01,97.67,97.67,97.67,97.67,0
2013-02-04,98.32,98.57,98.12,98.12,953
2013-02-05,98.33,98.47,98.33,98.47,30
2013-02-06,99.11,99.11,98.85,98.87,1310
2013-02-07,99.21,99.21,99.21,99.21,0
2013-02-08,100.46,100.46,100.39,100.39,9
2013-02-11,100.37,100.37,100.16,100.16,47
2013-02-12,99.99,100,99.99,100,45
2013-02-13,100.17,100.17,100,100.15,33257
2013-02-14,100.67,101.11,100.67,101.06,34535
2013-02-15,100.98,100.98,100.98,100.98,0
2013-02-18,101.15,101.15,100.94,100.99,10124
2013-02-19,101.2,101.23,101.2,101.23,1060
2013-02-20,101.25,101.42,101.25,101.25,1242
2013-02-21,101.22,101.22,100.85,100.85,160
2013-02-22,101.12,101.68,101.12,101.64,2250
2013-02-25,101.83,102.01,101.63,101.85,10168
2013-02-26,101.08,101.08,101.03,101.03,375
2013-02-27,102.1,102.1,102.1,102.1,0
2013-02-28,102.48,103.01,102.41,103.01,68
2013-03-01,103.46,103.46,103.46,103.46,0
2013-03-04,103.13,103.58,103.13,103.58,40
2013-03-05,103.99,105.05,103.99,105.05,105
2013-03-06,105.41,105.41,105.22,105.22,240
2013-03-07,105.1,105.1,104.7,104.7,95
2013-03-08,105.81,105.81,105.81,105.81,0
2013-03-11,105.9,105.93,105.9,105.93,90
2013-03-12,106.19,106.19,105.72,105.72,145
2013-03-13,105.6,106.59,105.6,106.59,235
2013-03-14,106.77,106.77,106.77,106.77,0
2013-03-15,106.14,106.24,105.86,106.24,1150
2013-03-18,106.05,106.53,106.05,106.53,5
2013-03-19,106.67,107.06,106.49,106.49,5125
2013-03-20,106.8,106.8,106.77,106.77,110
2013-03-21,106.95,106.95,106.79,106.79,652
2013-03-22,106.36,106.36,106.35,106.35,41
2013-03-25,106.92,107.46,106.92,107.15,295
2013-03-26,107.37,107.74,107.37,107.74,158
2013-03-27,108.27,108.48,108.27,108.48,900
2013-03-28,108.55,108.55,108.26,108.5,1903
2013-04-02,108.35,108.9,108.35,108.9,8500
2013-04-03,107.92,107.92,107.92,107.92,0
2013-04-04,107.92,107.92,107.66,107.66,1978
2013-04-05,107.18,107.18,105.39,105.47,7260
2013-04-08,106.3,106.3,106.04,106.04,11503
2013-04-09,106.16,106.16,106.16,106.16,0
2013-04-10,107.71,107.71,107.71,107.71,0
2013-04-11,107.97,108.08,107.97,108.08,75
2013-04-12,108.08,108.08,107.51,107.51,21193
2013-04-15,107.5,107.5,107.2,107.2,380
2013-04-16,105.88,105.98,105.88,105.98,212
2013-04-17,105.68,105.68,105.57,105.57,110
2013-04-18,105.96,105.96,105.19,105.19,80
2013-04-19,105.24,105.57,105.24,105.57,598
2013-04-22,106.27,106.27,105.88,105.88,70
2013-04-23,107.15,107.82,107.15,107.82,315
2013-04-24,108.3,108.3,108.03,108.03,90
2013-04-25,108.6,108.6,108.6,108.6,0
2013-04-26,107.99,108,107.79,107.86,593
2013-04-29,107.65,107.93,107.65,107.93,55
2013-04-30,107.52,107.52,107.52,107.52,0
2013-05-02,107.08,108.72,107.08,108.72,1049
2013-05-03,109.62,109.64,109.56,109.56,3600
2013-05-06,109.48,109.83,109.41,109.83,220
2013-05-07,109.99,110.21,109.99,110.21,35
2013-05-08,110.15,110.15,109.64,110.03,275
2013-05-09,110.66,110.66,110.66,110.66,0
2013-05-10,111.47,111.95,111.34,111.95,10049
2013-05-13,112.02,112.02,112.02,112.02,0
2013-05-14,111.83,112.99,111.83,112.99,237
2013-05-15,114.59,114.59,114.59,114.59,0
2013-05-16,114.5,114.6,114.09,114.6,122
2013-05-17,114.91,115.32,114.91,115.19,325
2013-05-20,115.56,115.56,115.56,115.56,0
2013-05-21,115.32,115.32,115.11,115.11,125
2013-05-22,116.1,116.1,116.1,116.1,0
2013-05-23,113.75,113.78,113.26,113.78,1119
2013-05-24,113.76,113.76,112.98,113.17,429
2013-05-27,113.41,113.94,113.41,113.94,260
2013-05-28,115.39,115.39,115.39,115.39,0
2013-05-29,114.37,114.37,113.1,113.1,950
2013-05-30,113.18,113.18,113.18,113.18,0
2013-05-31,112.94,113.78,112.94,113.78,610
2013-06-03,111.36,111.9,110.58,110.58,605
2013-06-04,111.99,111.99,111.74,111.74,2500
2013-06-05,111.03,111.03,110.17,110.17,620
2013-06-06,109.73,109.73,108.81,108.81,85
2013-06-07,109.27,110.69,109.27,110.69,190
2013-06-10,110.98,111.09,110.7,110.86,9333
2013-06-11,110.08,110.08,110.08,110.08,0
2013-06-12,109.95,109.95,108.76,108.76,90
2013-06-13,107.63,108.17,107.63,108.17,180
2013-06-14,109.36,109.36,109.08,109.08,74
2013-06-17,109.61,109.95,109.52,109.95,225
2013-06-18,109.59,109.79,109.33,109.79,2660
2013-06-19,110.1,110.21,109.79,109.84,1010
2013-06-20,109.39,109.39,108.28,108.28,445
2013-06-21,108.23,108.23,107.31,107.31,536
2013-06-24,107.72,107.72,106.35,106.35,100
2013-06-25,107.59,108.14,107.59,108.14,350
2013-06-26,108.81,109.63,108.8,109.63,1635
2013-06-27,110.03,110.64,110.03,110.64,600
2013-06-28,110,110.55,110,110.55,45
2013-07-01,110.48,110.99,110.48,110.99,79
2013-07-02,111.06,111.06,111.06,111.06,0
2013-07-03,110.45,110.46,110.45,110.46,90
2013-07-04,112.6,112.67,112.42,112.42,388
2013-07-05,113.02,113.02,112.39,112.39,1379
2013-07-08,113.71,113.71,113.71,113.71,0
2013-07-09,115.29,115.29,115.29,115.29,0
2013-07-10,114.65,114.65,114.65,114.65,0
2013-07-11,114.23,114.39,114.2,114.2,1870
2013-07-12,114.29,114.57,114.29,114.43,210
2013-07-15,114.7,115.07,114.7,115.07,406
2013-07-16,114.63,114.63,113.69,113.69,440
2013-07-17,113.89,114.43,113.86,114.43,70
2013-07-18,115.3,115.44,115.3,115.44,36
2013-07-19,114.48,114.72,114.48,114.72,520
2013-07-22,114.78,114.78,114.78,114.78,0
2013-07-23,114.31,114.31,114.31,114.31,0
2013-07-24,114.35,114.35,114.04,114.04,90
2013-07-25,113.63,113.63,113.38,113.38,103
2013-07-26,112.96,112.96,112.96,112.96,0
2013-07-29,113.36,113.36,113.36,113.36,0
2013-07-30,113.69,113.76,113.69,113.76,120
2013-07-31,113.96,114,113.96,113.96,250
2013-08-01,114.17,114.96,114.17,114.96,10520
2013-08-02,115.27,115.45,114.53,114.53,11875
2013-08-05,114.95,115,114.88,114.99,392
2013-08-06,113.84,113.84,113.84,113.84,0
2013-08-07,113.06,113.06,113.06,113.06,0
2013-08-08,113.4,113.4,112.89,112.89,23
2013-08-09,113.37,113.37,112.95,113.06,1793
2013-08-12,112.82,113.5,112.82,113.5,200
2013-08-13,113.67,113.92,113.67,113.92,390
2013-08-14,113.9,113.9,113.9,113.9,0
2013-08-15,112.31,112.31,112.31,112.31,0
2013-08-16,111.42,111.42,111.42,111.42,0
2013-08-19,110.78,110.78,110.78,110.78,115
2013-08-20,110.24,110.24,109.95,110.23,15800
2013-08-21,110.1,110.12,110.1,110.12,50
2013-08-22,109.95,110.55,109.95,110.55,600
2013-08-23,110.92,110.92,110.7,110.7,80
2013-08-26,111.49,111.49,111.49,111.49,0
2013-08-27,110.45,110.45,109.55,109.55,2675
2013-08-28,109.21,109.7,109.21,109.69,802
2013-08-29,110.36,111.17,110.36,111.17,140
2013-08-30,110.52,110.52,110.52,110.52,0
2013-09-02,111.73,111.73,111.73,111.73,0
2013-09-03,111.56,111.56,111.56,111.56,0
2013-09-04,111.43,111.64,111.43,111.64,36
2013-09-05,112.95,112.95,112.95,112.95,0
2013-09-06,112.81,112.81,112.7,112.78,191
2013-09-09,112.37,112.4,112.21,112.21,1230
2013-09-10,113.44,113.44,113.44,113.44,0
2013-09-11,113.5,113.5,113.25,113.25,56
2013-09-12,113.62,113.64,113.3,113.3,820
2013-09-13,113.55,113.72,113.55,113.72,1808
2013-09-16,114.17,114.17,113.97,114.15,120
2013-09-17,113.72,114.06,113.72,114.06,132
2013-09-18,114.36,114.36,114.12,114.12,2337
2013-09-19,114.42,114.42,113.94,113.94,665
2013-09-20,113.88,113.88,113.71,113.71,201
2013-09-23,113.25,113.25,112.76,112.76,87
2013-09-24,112.6,113.04,112.6,113.04,180
2013-09-25,112.52,112.64,112.48,112.48,72
2013-09-26,112.55,112.55,112.55,112.55,16
2013-09-27,112.7,112.7,111.76,111.76,578
2013-09-30,111.41,111.41,111.3,111.3,54
2013-10-01,111.69,112.06,111.42,112.06,140
2013-10-02,111.79,111.79,111.07,111.17,5265
2013-10-03,111.2,111.2,110.21,110.21,368
2013-10-04,110.39,110.88,110.39,110.88,600
2013-10-07,110.42,111.02,110.39,111.02,316
2013-10-08,110.6,110.61,109.76,109.76,1131
2013-10-09,110.04,110.04,109.32,109.32,2416
2013-10-10,110.19,111.38,110.19,111.38,1826
2013-10-11,111.76,112.07,111.76,112.07,385
2013-10-14,111.8,111.95,111.8,111.95,50
2013-10-15,112.89,113.54,112.89,113.54,203
2013-10-16,112.92,114.24,112.52,114.15,2378
2013-10-17,112.91,113.13,112.91,113.13,250
2013-10-18,113.56,113.89,113.56,113.89,760
2013-10-21,114.23,114.3,114.18,114.24,281
2013-10-22,114.31,114.33,113.92,113.92,4102
2013-10-23,113.72,113.89,113.58,113.58,260
2013-10-24,113.87,113.87,113.7,113.71,1631
2013-10-25,113.89,114.08,113.89,114.08,510
2013-10-28,114.49,114.49,114.49,114.49,0
2013-10-29,114.71,115.38,114.7,115.38,297
2013-10-30,115.13,115.13,115.13,115.13,0
2013-10-31,116.32,116.32,116.32,116.32,0
2013-11-01,116.57,116.72,116.49,116.72,415
2013-11-04,117.05,117.43,116.88,116.88,833
2013-11-05,117.51,117.51,117.28,117.31,1221
2013-11-06,117.59,117.59,117.2,117.2,300
2013-11-07,117.32,118.28,117.31,117.93,452
2013-11-08,118.31,118.31,118.31,118.31,67
2013-11-11,118.53,118.69,118.43,118.43,197
2013-11-12,118.65,118.65,118.18,118.18,41
2013-11-13,118.11,118.11,117.9,117.9,267
2013-11-14,119.06,119.06,119.06,119.06,20
2013-11-15,119.5,119.83,119.38,119.38,1443
2013-11-18,119.32,119.49,119.32,119.38,310
2013-11-19,119,119,118.83,118.83,850
2013-11-20,119.61,119.61,119.61,119.61,0
2013-11-21,119.13,119.41,119.13,119.41,1784
2013-11-22,119.12,119.3,119.12,119.3,420
2013-11-25,119.76,120.21,119.76,120.15,815
2013-11-26,119.46,119.84,119.43,119.43,477
2013-11-27,119.06,119.58,119.06,119.58,43
2013-11-28,119.31,119.61,119.31,119.34,2468
2013-11-29,119.41,119.56,119.41,119.56,1442
2013-12-02,119.18,119.67,119.18,119.67,1920
2013-12-03,118.63,118.86,118.38,118.38,1087
2013-12-04,118.69,119.1,118.43,118.87,1453
2013-12-05,118.05,118.47,117.35,117.35,3526
2013-12-06,117.69,118.42,117.69,118.2,522
2013-12-09,118.48,118.54,118.32,118.54,1588
2013-12-10,118.31,118.31,117.61,117.71,590
2013-12-11,117.74,117.74,116.61,116.61,476
2013-12-12,116.14,116.32,116.12,116.13,299
2013-12-13,116.18,116.18,116.11,116.13,505
2013-12-16,115.78,116.77,115.78,116.77,3601
2013-12-17,116.4,116.75,116.1,116.1,271
2013-12-18,116.46,116.66,116.22,116.22,2757
2013-12-19,118.17,118.94,118.17,118.9,2266
2013-12-20,119.29,119.61,119.1,119.61,910
2013-12-23,119.91,120,119.61,119.61,88
2013-12-27,120.11,120.15,119.31,120.09,999
2013-12-30,120.54,120.54,120.35,120.35,10227
2014-01-02,121.5,121.52,120.13,120.82,1045
2014-01-03,120.86,121.31,120.71,121.05,458
2014-01-06,121.16,121.28,120.3,120.3,3110
2014-01-07,121.7,121.7,121.44,121.44,10
2014-01-08,121.52,121.68,121.36,121.68,446
2014-01-09,121.3,122.29,121.3,121.31,6667
2014-01-10,121.83,122.12,120.66,120.66,4595
2014-01-13,121.07,121.42,121.04,121.32,4509
2014-01-14,119.67,120.53,119.67,120.53,1380
2014-01-15,121.69,122.2,121.53,122.2,2587
2014-01-16,121.91,121.97,121.66,121.85,686
2014-01-17,121.95,122.33,121.95,122.33,1509
2014-01-20,122.14,122.14,121.96,122.11,1150
2014-01-21,122.63,122.9,121.82,121.82,20847
2014-01-22,122.53,122.53,122.19,122.2,1611
2014-01-23,121.6,121.6,120.21,120.21,79
2014-01-24,120.27,120.27,118.52,118.52,3436
2014-01-27,117.42,118.05,117.35,117.35,1618
2014-01-28,117.75,118.1,117.47,117.73,2282
2014-01-29,118.57,118.57,116.99,117.6,3307
2014-01-30,117.5,118.97,117.5,118.97,1400
2014-01-31,118.61,118.99,117.9,118.99,5942
2014-02-03,118.99,119.09,116.97,116.97,972
2014-02-04,116.28,116.9,115.95,116.9,1212
2014-02-05,116.2,116.48,116.03,116.2,1738
2014-02-06,117.06,117.06,116.08,117.04,756
2014-02-07,117.85,118.02,117.15,118.02,505
2014-02-10,118.57,118.62,118.19,118.39,1053
2014-02-11,118.76,119.33,118.76,119.33,1305
2014-02-12,120.12,120.83,120.12,120.48,2130
2014-02-13,119.53,120.15,119.53,120.15,124
2014-02-14,120.01,120.81,120.01,120.72,164
2014-02-17,121,121.04,120.88,121.02,835
2014-02-18,120.96,120.96,120.44,120.6,215
2014-02-19,120.28,120.75,120.24,120.75,2424
2014-02-20,120,120.73,120,120.73,1958
2014-02-21,121.12,121.12,120.99,121.11,173
2014-02-24,120.28,121.67,120.28,121.67,313
2014-02-25,120.88,121.38,120.88,121.38,355
2014-02-26,121.6,122.08,121.6,122.08,1990
2014-02-27,122.03,122.03,121.32,121.54,1129
2014-02-28,121.96,121.96,121.04,121.85,342
2014-03-03,120.56,121.01,120.23,120.58,522
2014-03-04,121.68,122.74,121.68,122.74,971
2014-03-05,123.05,123.21,122.95,122.95,39
2014-03-06,123.3,123.46,122.46,122.47,567
2014-03-07,122.22,122.56,121.95,121.95,26743
2014-03-10,122.08,122.08,121.45,121.73,1177
2014-03-11,122.19,122.25,121.76,121.76,7361
2014-03-12,121.48,121.48,120.9,120.9,2955
2014-03-13,121.07,121.16,120.28,120.28,443
2014-03-14,120.22,120.22,119.62,119.62,1774
2014-03-17,120.24,120.47,120.03,120.47,2637
2014-03-18,120.45,121.37,120.45,121.25,2346
2014-03-19,121.37,121.53,121.3,121.31,666
2014-03-20,121.46,122.39,121.46,122.39,5
2014-03-21,122.99,123.06,122.66,122.92,47370
2014-03-24,122.33,122.54,121.07,121.07,1048
2014-03-25,121.03,121.8,121.03,121.8,1893
2014-03-26,122.63,122.63,122.37,122.37,2288
2014-03-27,121.67,121.67,120.76,121.42,1447
2014-03-28,122.09,122.45,122.09,122.35,265
2014-03-31,122.23,122.36,122.03,122.36,92
2014-04-01,122.77,122.97,122.59,122.96,18230
2014-04-02,123.57,123.86,123.43,123.86,2958
2014-04-03,123.91,124.3,123.91,124.3,596
2014-04-04,124.78,124.78,124.3,124.3,275
2014-04-07,122.4,122.45,121.91,121.91,8021
2014-04-08,121.18,121.18,120.46,121.04,132
2014-04-09,121.34,121.4,121.32,121.32,2724
2014-04-10,121.91,121.91,120.72,120.72,344
2014-04-11,119.4,119.4,118.43,119.02,9090
2014-04-14,118.59,119.79,118.44,119.79,112
2014-04-15,119.83,120.49,119.67,119.67,178
2014-04-16,120.91,121.2,120.91,121.2,1638
2014-04-17,121.08,121.7,120.99,121.63,4729
2014-04-22,122.63,123.2,122.01,123.2,178
2014-04-23,122.58,122.75,122.52,122.75,1734
2014-04-24,123.25,123.26,122.93,122.93,634
2014-04-25,122.47,122.58,121.58,121.82,544
2014-04-28,121.89,121.98,121.88,121.88,87
2014-04-29,122.27,122.76,122.27,122.76,8583
2014-04-30,122.5,122.75,122.22,122.31,10987
2014-05-02,122.88,123.52,122.68,122.68,736
2014-05-05,121.96,122.45,121.96,122.45,80
2014-05-06,122.59,122.59,121.69,121.71,1347
2014-05-07,121.57,121.57,120.75,121.48,64
2014-05-08,121.93,123.1,121.86,123.1,220
2014-05-09,122.61,123.09,122.54,122.96,104051
2014-05-12,123.83,124.45,123.83,124.45,6
2014-05-13,125.2,125.2,125.2,125.2,20
2014-05-14,125.12,125.13,124.84,124.9,883
2014-05-15,124.58,124.89,123.11,123.11,550
2014-05-16,123.23,123.6,123.23,123.6,605
2014-05-19,123.69,124.28,123.32,124.21,606
2014-05-20,124.41,124.47,124.23,124.23,21230
2014-05-21,123.62,124.74,123.62,124.67,239
2014-05-22,125.2,125.6,124.81,125.6,2976
2014-05-23,125.86,126.05,125.8,126,39692
2014-05-26,126.26,126.39,126.26,126.37,908
2014-05-27,126.31,126.85,126.31,126.85,17272
2014-05-28,127.01,127.32,127.01,127.27,26954
2014-05-29,127.42,127.42,127.16,127.3,5366
2014-05-30,127.57,127.64,127.4,127.5,423
2014-06-02,127.96,128.13,127.65,127.99,39736
2014-06-03,127.96,127.96,127.5,127.66,3994
2014-06-04,127.91,128.12,127.43,128.12,5428
2014-06-05,128.27,129.14,127.81,128.66,3064
2014-06-06,128.73,129.36,128.73,129.31,3623
2014-06-09,129.14,130.21,129.14,130.21,2058
2014-06-10,129.64,130.32,129.64,130.29,2523
2014-06-11,130.49,130.49,129.86,130.12,4291
2014-06-12,130.17,130.39,129.52,129.56,31709
2014-06-13,128.9,129.45,128.9,129.44,12739
2014-06-16,129.15,129.54,128.93,128.93,2492
2014-06-17,129.31,129.69,129.31,129.69,1603
2014-06-18,129.84,129.88,129.53,129.61,7381
2014-06-19,130.19,130.23,130.05,130.07,633
2014-06-20,130.45,131.12,130.43,130.92,352
2014-06-23,130.93,131.01,130.57,130.57,1302
2014-06-24,130.26,131.2,130.25,131.17,22671
2014-06-25,129.9,130.15,129.13,129.89,18281
2014-06-26,130.11,130.37,129.79,130.06,1759
2014-06-27,130.09,130.09,129.97,130.01,3345
2014-06-30,130.15,130.15,129.87,129.87,231
2014-07-01,129.94,130.78,129.92,130.78,5090
2014-07-02,130.77,131.12,130.77,131.11,5513
2014-07-03,131.11,132.04,131.03,132.04,2732
2014-07-04,132.22,132.3,132.16,132.16,979
2014-07-07,132.24,132.24,131.69,131.69,1066
2014-07-08,131.72,131.88,130.67,130.67,10123
2014-07-09,131.01,131.35,130.88,130.88,3558
2014-07-10,130.29,130.86,130.01,130.86,2168
2014-07-11,130.9,131.1,130.73,130.91,1134
2014-07-14,131.39,131.7,131.23,131.7,4442
2014-07-15,131.68,132,131.68,131.73,5180
2014-07-16,132.2,132.86,132.15,132.5,3011
2014-07-17,132.49,132.81,132.04,132.34,8905
2014-07-18,131.44,132.41,131.44,132.41,2016
2014-07-21,132.42,132.53,131.95,132.21,5551
2014-07-22,132.8,133.75,132.8,133.64,6836
2014-07-23,133.56,133.95,133.56,133.95,2252
2014-07-24,133.96,134.1,133.95,134.1,2626
2014-07-25,133.84,134.01,133.52,133.52,1138
2014-07-28,133.33,133.67,132.8,133.4,5301
2014-07-29,133.5,133.97,133.26,133.51,3863
2014-07-30,133.5,134.07,133.45,133.48,7202
2014-07-31,133.16,133.16,131.73,131.73,13748
2014-08-01,131.15,131.15,129.79,130.009,19748
2014-08-04,130.54,130.61,129.88,130.3,79587
2014-08-05,131.29,131.29,130.8,131.179,31390
2014-08-06,130.48,130.89,129.83,130.889,10507
2014-08-07,130.38,131.13,130.36,130.479,18020
2014-08-08,128.68,129.89,128.56,129.809,3615
2014-08-11,130.99,131.9,130.89,131.83,14026
2014-08-12,131.79,132.2,131.2,131.309,6177
2014-08-13,132.03,132.41,131.51,132.41,3136
2014-08-14,132.36,132.6,132.04,132.479,10909
2014-08-15,132.9,133.27,131.91,132.22,90751
2014-08-18,133.26,134.04,133.25,134.039,6629
2014-08-19,134.39,135.03,134.3,135.029,10268
2014-08-20,135.12,135.65,134.99,135.649,77539
2014-08-21,136.1,136.36,135.9,136.21,4169
2014-08-22,136.29,136.6,136.13,136.6,10420
2014-08-25,137.62,137.78,137.4,137.759,4467
2014-08-26,137.46,138.01,137.35,138.009,27282
2014-08-27,138.07,138.07,137.59,137.699,19623
2014-08-28,137.38,137.72,137.32,137.669,5780
2014-08-29,138.32,138.45,137.56,138.449,5336
2014-09-01,138.63,138.64,138.29,138.589,4550
2014-09-02,139,139.3,138.6,138.669,25356
2014-09-03,138.69,139.15,138.6,138.6,16710
2014-09-04,138.43,140.97,138.21,140.699,53940
2014-09-05,140.46,140.46,139.63,140.02,11529
2014-09-08,140.9,140.92,140.62,140.899,49387
2014-09-09,141.24,141.47,140.5,140.539,11388
2014-09-10,139.82,140.14,139.53,140.139,8133
2014-09-11,140.46,140.46,139.55,140.199,60503
2014-09-12,140.65,140.67,139.8,139.82,4369
2014-09-15,139.08,139.79,139,139.259,69520
2014-09-16,139.43,140.03,139.07,140.029,5867
2014-09-17,140.43,140.7,140.26,140.419,34121
2014-09-18,141.47,142.02,141.39,141.729,12164
2014-09-19,142.34,142.86,142.34,142.539,17133
2014-09-22,141.55,142.14,141.55,141.61,14486
2014-09-23,141.12,141.12,140.2,140.82,61598
2014-09-24,140.18,141.77,140.18,141.77,66044
2014-09-25,142.44,143.06,140.7,141.19,9389
2014-09-26,140.619,141.54,140.34,141.089,39559
2014-09-29,141.94,141.94,140.62,141.619,188881
2014-09-30,142.11,143.6,142.11,143.1,5950
2014-10-01,142.09,142.529,140.94,141.46,101325
2014-10-02,140.52,140.59,139.02,139.02,5403
2014-10-06,143.37,143.5,142.45,142.479,10007
2014-10-07,141.28,141.62,140.479,140.479,20460
2014-10-08,139.58,139.71,138.34,138.97,10834
2014-10-09,140.92,140.92,139.76,140.25,23295
2014-10-10,138.72,139.48,137.88,138.35,72745
2014-10-13,137.63,137.63,135.9,136.5,44347
2014-10-14,134.91,136.05,134.59,135.99,42352
2014-10-15,135.5,135.619,130.48,131.839,151139
2014-10-16,132.44,132.78,129.92,132.52,49927
2014-10-17,132.86,135.31,132.52,135.309,33256
2014-10-20,135.28,135.36,134.11,134.889,14699
2014-10-21,134.53,138.25,134.36,138.25,30582
2014-10-22,138.95,140.27,138.95,140.27,44037
2014-10-23,139.46,141.06,139.269,140.789,39874
2014-10-24,140.15,140.7,139.73,140.669,28102
2014-10-27,141.42,141.428,140.09,140.389,10612
2014-10-28,141.14,141.72,140.6,140.979,36928
2014-10-29,142.03,142.28,141.57,141.57,28223
2014-10-30,143.91,143.91,142.3,143.559,17437
2014-10-31,145.32,148.09,145.32,146.419,22417
2014-11-03,146.89,147.35,146.77,147.24,26381
2014-11-04,146.7,147.03,145.18,145.429,17954
2014-11-05,146.84,147.79,146.6,147.389,46321
2014-11-06,147.15,149.12,147.019,148.729,17429
2014-11-07,149.65,149.77,148.45,149.25,22248
2014-11-10,148.19,149.41,148.05,149.41,24542
2014-11-11,149.94,150,149.33,149.33,9214
2014-11-12,148.82,149.2,148.45,149.199,137639
2014-11-13,149.62,149.69,148.979,148.979,32616
2014-11-14,149.49,149.8,149,149.039,6383
2014-11-17,148.04,149.39,148.04,149.02,12846
2014-11-18,149.16,149.419,148.5,149.169,41566
2014-11-19,149.07,149.25,148.61,148.61,8942
2014-11-20,148.7,149.52,148.08,149.52,15547
2014-11-21,149.61,152.33,149.61,151.91,27487
2014-11-24,151.97,152.46,151.589,151.589,38006
2014-11-25,152,152.36,151,151.25,12773
2014-11-26,151.64,151.81,150.8,150.949,28163
2014-11-27,151.44,151.78,151.35,151.77,9690
2014-11-28,152.01,152.17,151.36,152.169,28830
2014-12-01,151.16,151.16,149.89,150.24,43853
2014-12-02,150.74,151.969,150.62,151.869,11345
2014-12-03,152.54,153.66,152.46,153.5,14511
2014-12-04,153.75,154.44,151.5,151.57,15088
2014-12-05,152.9,154.18,152.9,153.99,41712
2014-12-08,154.26,154.409,153.9,153.91,13780
2014-12-09,151.8,151.97,149.29,150.259,17917
2014-12-10,151.79,151.93,150.08,150.08,27647
2014-12-11,148.68,151.49,148.67,151.309,59641
2014-12-12,149.42,149.43,147.5,147.699,26071
2014-12-15,147.28,148.29,145.669,145.669,88498
2014-12-16,146.63,147.54,143.36,147.32,50751
2014-12-17,145.01,146.48,144.84,146.46,33339
2014-12-18,149.86,152.279,149.86,151.46,79546
2014-12-19,154.1,154.45,153.23,154.449,136178
2014-12-22,154.47,154.7,154.2,154.419,64594
2014-12-23,155.1,156.59,154.94,156.339,34790
2014-12-29,156.64,157.19,155.85,157.19,22475
2014-12-30,156.6,156.91,156.4,156.91,70086
2015-01-02,157,157.71,155.79,156.179,53212
2015-01-05,156.48,157.53,155.27,155.449,37010
2015-01-06,155.13,155.879,153.71,153.71,10329
2015-01-07,155.21,156.7,154.34,156.05,50206
2015-01-08,157.68,159.66,157.68,159.41,18226
2015-01-09,159.5,160.299,157.54,157.929,46788
2015-01-12,157.78,159.27,156.39,157.529,17238
2015-01-13,156.66,159.87,156.66,159.02,16348
2015-01-14,156.04,157.47,154.1,154.889,47170
2015-01-15,157.51,158.96,155.88,158.07,21731
2015-01-16,156.54,159.62,155.86,158.949,52447
2015-01-19,159.51,159.51,158.09,158.57,48381
2015-01-20,160,160.41,158.57,159.1,33048
2015-01-21,160.23,160.76,158.25,160.61,17544
2015-01-22,161.01,164.29,160.04,163.949,29797
2015-01-23,166.15,169.53,166.1,167.16,29688
2015-01-26,166.6,166.78,165.85,166.16,55275
2015-01-27,167.39,167.39,161.89,163.229,80842
2015-01-28,164.98,165.13,163.17,163.71,148344
2015-01-29,163.18,163.18,160.29,161.58,184063
2015-01-30,162.87,163.34,161.91,162.46,101737
2015-02-02,161.7,161.93,159.6,161.929,113902
2015-02-03,163.19,163.92,161.839,161.839,69358
2015-02-04,163.22,164.33,162.88,164.33,42766
2015-02-05,163.93,164.97,163.47,164.97,48758
2015-02-06,164.81,167.17,164.53,166.91,124616
2015-02-09,165.47,166.38,164.91,166.029,10721
2015-02-10,165.64,166.95,165.49,166.399,38447
2015-02-11,166.66,167.72,166.66,167.449,10647
2015-02-12,167.28,168.23,166.93,167.149,10160
2015-02-13,167.23,168.21,167.23,167.91,19498
2015-02-16,167.87,168.56,167.74,168.559,4138
2015-02-17,168.45,168.56,167.74,168.389,6730
2015-02-18,168.91,169.12,168.49,169.08,8517
2015-02-19,167.99,169.05,167.51,168.889,23338
2015-02-20,169.07,170,168.85,169,28678
2015-02-23,170.41,170.77,169.97,170.46,24674
2015-02-24,170.81,171.11,170.5,171.059,37252
2015-02-25,170.48,170.85,170.19,170.669,18263
2015-02-26,170.51,172.74,170.38,172.74,18880
2015-02-27,172.65,173.06,171.8,172.41,8464
2015-03-02,172.83,173.32,171.67,173.32,24431
2015-03-03,173.11,173.61,172.009,172.009,15815
2015-03-04,173.47,173.63,172.38,173.63,35562
2015-03-05,173.9,175,173.16,174.779,42458
2015-03-06,174.75,177.22,174.75,175.71,43581
2015-03-09,174.51,175.539,173.85,175.44,82404
2015-03-10,176.15,176.63,174.9,175.559,13620
2015-03-11,175.86,178,175.86,177.21,33240
2015-03-12,176.5,178.09,176.299,178.089,44605
2015-03-13,178.83,179.5,178,178.61,65263
2015-03-16,178.71,179.96,178.61,179.529,60624
2015-03-17,179.65,179.98,178.33,179.179,14240
2015-03-18,179.38,179.58,178.02,178.199,32333
2015-03-19,180.36,180.85,179.5,179.979,21410
2015-03-20,180.06,180.18,178.4,180.179,80652
2015-03-23,179.33,179.33,176.6,177.19,45223
2015-03-24,176.01,177.3,175.73,176.589,27339
2015-03-25,175.36,175.43,173.16,173.169,41605
2015-03-26,170.7,173.17,169.78,173,79482
2015-03-27,174.76,174.89,172.68,173.279,250579
2015-03-30,175.48,176.6,175.06,176.6,82707
2015-03-31,176.91,177.99,176.49,177.559,49809
2015-04-01,175.27,176.73,175.12,175.3,67067
2015-04-02,174.45,174.9,173.72,174.71,9156
2015-04-07,175,176.56,174.72,176.559,9987
2015-04-08,176.69,176.78,175.21,176.61,10295
2015-04-09,177.29,178.78,177.15,178.619,33888
2015-04-10,180.45,181.88,180.45,181.88,20694
2015-04-13,181.73,183.08,181.68,182.529,9359
2015-04-14,182.74,182.79,178.93,180.05,9093
2015-04-15,181.62,182.5,180.21,182.009,11984
2015-04-16,182.08,182.08,179.19,180.119,42576
2015-04-17,179.53,179.53,177,177.279,29178
2015-04-20,178.09,179.56,178.09,179.559,15535
2015-04-21,181.18,181.73,179.279,179.279,18933
2015-04-22,179.49,180.13,177.71,179.88,26327
2015-04-23,181.14,181.14,179.01,179.229,14625
2015-04-24,178.75,179.68,178.15,179.089,11658
2015-04-27,179.66,180.03,178.789,178.789,21187
2015-04-28,178.25,178.25,175.5,176.77,23507
2015-04-29,177.04,177.08,173.33,173.479,103960
2015-04-30,173.89,173.89,171.26,172.33,18786
2015-05-04,173.89,174.48,173.25,174.24,3748
2015-05-05,174.96,175.59,172.059,172.059,23252
2015-05-06,170.91,171.84,167.93,168.929,12589
2015-05-07,168,170.05,166.45,170.05,13126
2015-05-08,171.95,173.25,170.89,173.179,6938
2015-05-11,173.38,174.42,173.38,174.21,5067
2015-05-12,172.69,172.69,170,171.69,4069
2015-05-13,172.2,172.67,169.78,170.139,10146
2015-05-14,169.33,171.13,169.13,171.13,981
2015-05-15,171.22,172.38,170.49,170.49,5280
2015-05-18,170.4,172.37,170.4,172.369,21764
2015-05-19,175.11,175.91,174.72,175.809,12599
2015-05-20,176.9,176.9,175.5,176.279,23466
2015-05-21,175.62,176.32,174.63,176.32,8596
2015-05-22,175.97,177.82,174.96,177.289,16855
2015-05-26,179.66,179.71,177.65,178.11,32396
2015-05-27,177.79,179.36,177.2,178.949,28403
2015-05-28,178.96,179.52,178.13,178.69,9473
2015-05-29,178.34,178.34,174.82,176.72,44225
2015-06-01,177.64,178.4,176.75,177.759,21003
2015-06-02,177.43,177.43,173.19,174.399,16007
2015-06-03,174.58,175.48,172.88,173.139,56689
2015-06-04,172.99,173.14,170.46,171.55,20493
2015-06-05,171.53,174.36,171.4,173.449,24200
2015-06-08,172.53,173.1,171.229,171.229,8121
2015-06-09,169.83,170.44,169.17,170.1,37126
2015-06-10,169.53,171.38,168.82,171.38,36039
2015-06-11,171.64,173.49,171.64,172.839,24936
2015-06-12,172.8,173.77,170.92,171.24,15321
2015-06-15,171.37,171.38,169.84,170.309,6227
2015-06-16,169.08,171.35,168.85,171.35,7687
2015-06-17,171.13,172.19,171.13,171.74,7623
2015-06-18,170.41,171.33,169.38,171.33,5699
2015-06-19,173.14,173.19,171.94,172.149,21290
2015-06-22,171.73,172.87,171.64,172.179,19550
2015-06-23,173.9,175.77,173.73,174.669,26157
2015-06-24,174.75,175.04,174.09,174.559,25102
2015-06-25,173.66,174.61,173.34,173.85,12275
2015-06-26,172.82,173.86,172.61,173.86,17417
2015-06-29,172.88,173.48,171.21,171.21,26529
2015-06-30,170.31,171.37,169.63,170.66,19223
2015-07-01,171.73,173.33,171.7,172.649,24162
2015-07-02,173.22,173.71,172.46,172.46,18306
2015-07-03,172.46,172.79,172.07,172.32,6004
2015-07-06,171.95,172.87,171.54,172.539,46715
2015-07-07,174.1,175.37,172.02,172.02,15958
2015-07-08,173.18,173.23,170.95,171.47,50360
2015-07-09,171.36,172.81,171.36,172.389,10070
2015-07-10,172.09,172.09,170.71,171.66,39674
2015-07-13,171.81,175.28,171.81,175.279,26294
2015-07-14,176.25,176.59,175,176.47,14746
2015-07-15,176.9,177.73,176.25,177.729,4348
2015-07-16,178.25,180.05,178.25,179.58,2923
2015-07-17,179.99,180.42,179.58,180.27,8717
2015-07-20,180.88,181.19,180.36,180.83,6093
2015-07-21,181.53,181.53,178.66,178.779,12144
2015-07-22,177.8,179.33,177.8,178.61,33600
2015-07-23,178.88,178.88,177.21,177.25,7671
2015-07-24,176.94,177.77,175.85,175.9,20757
2015-07-27,174.53,174.53,171.4,171.52,16273
2015-07-28,173.57,174.21,172.75,173.74,12670
2015-07-29,175.24,176.03,174.69,176.03,8659
2015-07-30,177.4,177.64,176.78,177.64,20297
2015-07-31,177.79,178.08,175.35,176.42,13866
2015-08-03,176.71,177.34,176.09,177.07,60434
2015-08-04,176.52,176.84,175.85,176.38,7930
2015-08-05,177.5,179.4,177.5,179.08,7305
2015-08-06,177.41,178.19,176.01,176.01,10853
2015-08-07,175.92,176.82,174.43,174.43,16605
2015-08-10,175.56,176.77,174.93,176.41,9096
2015-08-11,176.32,176.32,173.69,173.76,5431
2015-08-12,172.4,172.4,169.37,169.79,12059
2015-08-13,173.78,174.04,172.5,172.57,22466
2015-08-14,172.74,173,171.67,173,5642
2015-08-17,174.55,175,172.9,174.72,7066
2015-08-18,175.11,175.82,174.68,175.79,6231
2015-08-19,174.7,175.19,172.86,172.96,5821
2015-08-20,172.2,172.24,169,169.41,11377
2015-08-21,166.11,166.69,162.5,162.5,35566
2015-08-24,155.5,156.55,136,152.24,101237
2015-08-25,152.61,157.52,152.24,157.25,41197
2015-08-26,151.87,156.47,151.45,153.16,94059
2015-08-27,158.99,162.26,158.75,162.26,32701
2015-08-28,162.8,164.27,160.35,164.27,22750
2015-08-31,162.91,163.09,162,163.05,9846
2015-09-01,159.53,159.53,156.87,158.77,10015
2015-09-02,158.67,159.96,157.47,158.46,7509
2015-09-03,160.21,164.5,160.21,163.68,28837
2015-09-04,161.22,161.22,159,159.76,11500
2015-09-07,161.5,161.5,160,160.3,13573
2015-09-08,161.09,162.54,160.79,161.27,18092
2015-09-09,164.91,165.14,163.12,163.48,8186
2015-09-10,161.08,162.41,159.34,159.87,8864
2015-09-11,160.01,160.01,158.62,158.73,9125
2015-09-14,159.74,161.19,159.41,159.41,4209
2015-09-15,160,161.64,159.4,161.64,17027
2015-09-16,162.31,163.22,162.16,162.74,1774
2015-09-17,163.36,163.39,162.48,163.39,2427
2015-09-18,161.48,161.48,158.58,160.17,13125
2015-09-21,160.58,163.54,159.88,162.93,2345
2015-09-22,162.8,162.8,160.45,160.5,7267
2015-09-23,160.74,162.25,160.6,160.7,14469
2015-09-24,159.69,160.67,156.47,156.89,20067
2015-09-25,161,162.77,160.39,160.96,14560
2015-09-28,160.64,160.64,156.33,156.33,5687
2015-09-29,153.85,156.52,153.85,154.91,24054
2015-09-30,156.91,158.85,156.25,158.57,2909
2015-10-01,160.91,161,157.68,158.02,8050
2015-10-02,160.08,160.47,155.08,157.55,20919
2015-10-05,161.03,163.3,160.62,163.01,8865
2015-10-06,163.76,164.28,162.71,162.78,9288
2015-10-07,163.52,164.92,162.5,162.93,9867
2015-10-08,163.59,164.08,162.47,163.71,8295
2015-10-09,165.41,165.41,164,164.18,4355
2015-10-12,164.52,164.57,163.66,164.57,10093
2015-10-13,164.25,164.57,163.01,164.2,36930
2015-10-14,162.45,162.96,161.3,161.46,27358
2015-10-15,161.79,163.34,161.7,162.76,3475
2015-10-16,164.76,165.57,164.68,165.4,14040
2015-10-19,165.62,166.37,165.33,166.17,9163
2015-10-20,166.32,166.32,165,165.8,10737
2015-10-21,165.8,166.43,165.54,166.2,2934
2015-10-22,165.3,169.68,165,169.68,3995
2015-10-23,171.33,174.5,171.33,173.67,25026
2015-10-26,173.64,174.51,172.99,173.54,48781
2015-10-27,172.89,173.73,172.66,172.85,11473
2015-10-28,173.68,174.32,172.9,174.01,6021
2015-10-29,177.47,177.47,175.61,176.47,13860
2015-10-30,176.86,176.86,174.5,175.49,39466
2015-11-02,173.97,176.03,173.6,176.03,10170
2015-11-03,176.55,178.09,176.41,178.06,7168
2015-11-04,178.84,180.09,178.75,179.18,9006
2015-11-05,179.5,179.83,178.3,178.59,10874
2015-11-06,178.95,181.5,178.59,180.33,6832
2015-11-09,180.62,180.8,178.02,178.53,16883
2015-11-10,178.64,180.55,178.64,179.82,14079
2015-11-11,179.77,180.9,179.4,179.42,7136
2015-11-12,179.4,180.4,177.23,177.34,4633
2015-11-13,176.3,176.65,174.92,175.68,14393
2015-11-16,174.38,176,173.96,175.66,4833
2015-11-17,178.73,179.9,178.08,179.9,4208
2015-11-18,178.68,180.43,177.82,180.43,4148
2015-11-19,181.7,181.8,179.79,179.79,30150
2015-11-20,181.24,182.4,180.69,182.4,5281
2015-11-23,182.34,183.16,181.93,183.12,5232
2015-11-24,181.95,181.95,179.39,181.65,24540
2015-11-25,181.63,183.6,181.12,182.83,9709
2015-11-26,183.1,183.69,183.07,183.53,9249
2015-11-27,182.62,183.58,182.47,183.54,3218
2015-11-30,182.8,184.1,182.68,182.97,7908
2015-12-01,183.73,183.73,182.48,182.83,26988
2015-12-02,183.94,184.82,183.54,184.03,10857
2015-12-03,183.29,185.25,176.43,176.43,23727
2015-12-04,176.13,177.12,173.93,176.98,6834
2015-12-07,178.57,180.18,176.98,177.21,25866
2015-12-08,177.21,177.56,175.02,175.91,24696
2015-12-09,175.73,176.1,173.46,174.59,6740
2015-12-10,173.31,176.02,173.31,174.48,16525
2015-12-11,174.11,174.11,170.38,170.81,39266
2015-12-14,172.34,172.34,167.63,167.87,24283
2015-12-15,170.29,174.16,170.29,173.87,6558
2015-12-16,174.68,175.16,173.69,174.02,40870
2015-12-17,177.13,178.25,175.98,176.21,25386
2015-12-18,173.5,174.78,172.74,173.35,18298
2015-12-21,171.83,173.23,170.61,170.61,13901
2015-12-22,172.8,172.97,171.2,171.76,13038
2015-12-23,173.98,175.94,173.93,175.94,7949
2015-12-28,173.94,174.39,173.13,173.13,17457
2015-12-29,174.67,176.94,174.64,176.94,15227
2015-12-30,176.73,176.89,176.33,176.56,8438
2016-01-04,171.89,172.35,170.76,172.05,26066
2016-01-05,173.64,175.13,172.61,174.65,20437
2016-01-06,173.53,173.53,171.39,172.91,34685
2016-01-07,169.38,169.48,166.14,168.57,42556
2016-01-08,167.92,168.93,164.92,164.92,31352
2016-01-11,164.17,165.67,163.74,163.87,66214
2016-01-12,163.49,166.86,163.49,164.92,4484
2016-01-13,167.61,167.94,165.44,166.27,9271
2016-01-14,162.99,164.17,160.28,163.07,29278
2016-01-15,163.31,163.35,158.82,159.5,64789
2016-01-18,161.31,161.31,160.03,160.64,25306
2016-01-19,163.77,163.85,160.64,161.85,41623
2016-01-20,157.55,158.19,155.79,156.71,31518
2016-01-21,158,163.29,157.6,161.22,13160
2016-01-22,161.81,164.03,161.51,163.1,19540
2016-01-25,163.8,163.9,162.32,162.76,18573
2016-01-26,159.54,162.93,159.34,162.93,4492
2016-01-27,162.14,163.02,161.47,163.02,5045
2016-01-28,162.28,162.73,159.6,160.08,42310
2016-01-29,162.62,165,161.98,165,6621
2016-02-01,165.8,165.8,163.7,165.72,18629
2016-02-02,165.01,165.01,163.01,163.62,17191
2016-02-03,162.59,163.27,157.8,158.76,27996
2016-02-04,160.94,161.32,157.62,159.13,19662
2016-02-05,158.47,160.4,157,157.5,29548
2016-02-08,157.49,157.8,152.89,153.1,22947
2016-02-09,154.22,155.23,151.1,152.09,62156
2016-02-10,153.14,156.96,152.9,154.48,30510
2016-02-11,152.19,152.19,148.5,148.67,43177
2016-02-12,151.7,154.27,151.66,154.27,35523
2016-02-15,156.36,158,156.3,157.76,39218
2016-02-16,158.21,158.21,156.8,157.42,25376
2016-02-17,157.4,161.11,157.4,160.95,19220
2016-02-18,161.6,162.56,160.84,161.28,16970
2016-02-19,160.93,161.6,159.9,160.63,35294
2016-02-22,162.74,164.63,162.74,164.25,25347
2016-02-23,163.21,164.36,162.74,162.74,11191
2016-02-24,163.38,163.38,159.89,160.28,40421
2016-02-25,163.25,164.3,162.79,163.34,16805
2016-02-26,165.52,167.39,165.52,166.59,60176
2016-02-29,164.34,168,164.3,168,16132
2016-03-01,166.21,168.67,166,168.67,9091
2016-03-02,169.89,170.52,169.48,170.27,53965
2016-03-03,170.29,170.55,168.55,168.66,43668
2016-03-04,169.75,170.98,168.65,169.66,24433
2016-03-07,169.46,169.96,169.2,169.7,8880
2016-03-08,168.09,168.92,167.02,167.84,46412
2016-03-09,168.8,169.64,167.75,168.52,88966
2016-03-10,169.41,173.2,164.92,164.92,21765
2016-03-11,168.1,169.35,167.95,168.45,22133
2016-03-14,169.19,169.69,169,169.69,18016
2016-03-15,169,169.33,168.59,168.93,26328
2016-03-16,169.93,170.37,169.08,169.9,22891
2016-03-17,168.62,168.62,165.94,168.18,20966
2016-03-18,168.77,169.61,168.56,169.61,41546
2016-03-21,169.46,170.25,169.31,170.01,22135
2016-03-22,169.82,170.87,169.73,170.87,12398
2016-03-23,171.26,171.43,170.29,170.92,16048
2016-03-24,169.95,170,169.21,169.29,7298
2016-03-29,170.57,170.57,168.98,169.78,61766
2016-03-30,170.13,170.95,170.03,170.28,22933
2016-03-31,169.77,169.77,168.95,169.32,46066
2016-04-01,168.46,169.53,167.59,169.51,14715
2016-04-04,170.24,170.82,169.45,169.79,9350
2016-04-05,168.97,169,168.01,168.01,24721
2016-04-06,168.75,169.13,167.63,168.73,63546
2016-04-07,168.64,169.73,167.73,168.06,29653
2016-04-08,168.89,169.28,167.86,167.86,109389
2016-04-11,167.41,168.87,167.2,167.66,62408
2016-04-12,167.48,168.79,166.69,168.76,15016
2016-04-13,170.09,172.33,169.95,172.33,52609
2016-04-14,172.55,173.2,172.25,173.2,14199
2016-04-15,172.91,172.95,171.59,172.26,39176
2016-04-18,171.01,172.57,171.01,172.36,13414
2016-04-19,172.99,173.59,172.36,172.6,15661
2016-04-20,172.59,173.74,172.2,173.74,6212
2016-04-21,174.38,174.44,172.64,173.66,16679
2016-04-22,173.32,174,172.92,173.45,35333
2016-04-25,173.97,173.97,172.28,172.55,8125
2016-04-26,173.56,173.79,172.4,172.63,11712
2016-04-27,172.65,172.87,171.91,172.65,10354
2016-04-28,171.33,173.32,170.92,173.32,32002
2016-04-29,170.39,170.9,167.73,167.73,34065
2016-05-02,168.88,168.88,167.61,168.32,23153
2016-05-03,167.19,167.4,166.57,166.99,52592
2016-05-04,167.23,167.91,166.22,166.73,57897
2016-05-05,167.77,168.7,167.77,168.63,11604
2016-05-06,167.42,167.91,166.2,167.45,21424
2016-05-09,168.85,169.52,168.49,168.64,18415
2016-05-10,169.93,170.54,169.75,170.54,22790
2016-05-11,170.58,170.7,169.85,169.95,20381
2016-05-12,169.2,170.6,168.77,169.02,44248
2016-05-13,169.27,171.27,169.22,171.1,15953
2016-05-17,171.08,171.22,169.74,170.12,10681
2016-05-18,169.89,170.46,169.19,170.46,16594
2016-05-19,170.32,170.89,169.35,169.35,4779
2016-05-20,170.91,171.96,170.5,171.96,22773
2016-05-23,170.96,171.95,170.96,171.36,26831
2016-05-24,170.88,174.07,170.82,174.07,7728
2016-05-25,174.76,176.1,174.76,175.45,15536
2016-05-26,175.32,175.46,174.57,175.12,20489
2016-05-27,175.16,176.48,175.16,176.48,5025
2016-05-30,177.3,177.3,176.72,176.98,2994
2016-05-31,177,177,176.27,176.45,3625
2016-06-01,176.41,176.41,174.91,175.54,11236
2016-06-02,175.44,175.95,175.07,175.93,9463
2016-06-03,176.81,177.16,172.3,172.91,47557
2016-06-06,173.52,174.06,173.3,173.93,34443
2016-06-07,174.14,174.8,174.02,174.8,13847
2016-06-08,173.95,174.26,173.68,173.99,4961
2016-06-09,173.91,174.83,173.74,174.49,43236
2016-06-10,174.92,174.92,174.11,174.64,18982
2016-06-13,174.07,174.25,173.54,173.54,22588
2016-06-14,172.92,174,172.66,173,33057
2016-06-15,173.33,173.87,173.33,173.47,21027
2016-06-16,171.35,173.41,171.35,173.41,29487
2016-06-17,173.2,173.41,171.91,171.91,8486
2016-06-20,173.03,173.78,172.83,173.78,26243
2016-06-21,172.64,174,172.64,173.73,5850
2016-06-22,174.05,174.38,173.13,174.14,10322
2016-06-23,173.38,173.98,173.03,173.65,23115
2016-06-24,171.95,175.4,171.16,173.33,52778
2016-06-27,172,172.5,170.11,170.25,44954
2016-06-28,170.63,171.94,170.25,171.39,5189
2016-06-29,173.18,174.62,172.62,174.31,33701
2016-06-30,174.83,176.15,174.64,176.12,27975
2016-07-01,177.27,177.73,176.21,177.07,14523
2016-07-04,177.94,178.26,177.14,177.14,4113
2016-07-05,176.9,176.9,175.65,176.52,12335
2016-07-06,176.65,177.27,175.89,176.88,28180
2016-07-07,177.96,178.68,177.67,178.23,26194
2016-07-08,177.95,180.58,177.91,180.45,8531
2016-07-11,181.6,182,181,181.93,11951
2016-07-12,181.08,182.63,180.84,182.63,7722
2016-07-13,182.74,182.97,181.5,181.5,35048
2016-07-14,182.82,183.4,182.48,182.96,7110
2016-07-15,182.12,183.61,181.92,183.34,5555
2016-07-18,183.88,184.17,183.34,183.47,8638
2016-07-19,183.47,184.53,183.09,184.36,4242
2016-07-20,185.26,185.59,184.8,185.59,6535
2016-07-21,185.15,185.59,184.24,185.27,8581
2016-07-22,184.42,185.6,184.27,185.6,18855
2016-07-25,185.93,186.27,185.07,185.17,35810
2016-07-26,185.1,185.55,184.58,185.01,5004
2016-07-27,185.72,185.75,184.81,185.02,9009
2016-07-28,183.72,183.72,182.86,183.01,10412
2016-07-29,183.36,183.5,181.86,182.84,13439
2016-08-01,183.43,183.55,182.56,182.82,5732
2016-08-02,182.5,182.5,180.02,180.14,34311
2016-08-03,180.66,181.69,180.22,181.37,7446
2016-08-04,182.45,183.12,181.99,182.72,6245
2016-08-05,182.83,185.28,182.49,185.08,17625
2016-08-08,184.94,185.32,184.87,185.1,19791
2016-08-09,184.96,185.19,184.59,184.89,10602
2016-08-10,183.89,184.14,183,183,47531
2016-08-11,183.52,184.11,183.4,184.11,6645
2016-08-12,184.41,184.43,182.86,183.81,10654
2016-08-15,184.01,184.17,183.93,184.12,12695
2016-08-16,182.88,182.89,181.5,181.9,9117
2016-08-17,182.23,182.23,181.05,181.05,8335
2016-08-18,181.38,181.51,180.91,181.35,14792
2016-08-19,181.21,181.38,180.76,181.24,3947
2016-08-22,181.8,182.05,181,181.02,4419
2016-08-23,181.28,182.08,180.99,181.97,2276
2016-08-24,181.94,182.88,181.94,182.48,9618
2016-08-25,181.6,181.66,180.95,181.66,4787
2016-08-26,181.33,182.57,180.99,182.57,6302
2016-08-29,182.37,183.6,182.3,183.58,9458
2016-08-30,183.58,183.96,183.42,183.52,8911
2016-08-31,183.79,183.96,182.95,182.95,20419
2016-09-01,183.79,184.1,181.44,181.76,15937
2016-09-02,182.47,184.07,181.76,183.81,12565
2016-09-05,183.89,184.08,183.71,183.88,10029
2016-09-06,184.15,184.15,182.11,182.66,8142
2016-09-07,182.96,183.08,182.66,182.76,8194
2016-09-08,182.76,183.07,181.29,182.36,7165
2016-09-09,181.77,181.81,180.86,180.96,5672
2016-09-12,176.32,179.24,176.32,179.24,17839
2016-09-13,180.29,180.29,178.03,178.03,29433
2016-09-14,179.02,179.15,178.21,178.21,13861
2016-09-15,177.87,179.67,177.64,179.67,10015
2016-09-16,179.5,180.58,179.08,180.24,17338
2016-09-19,181.32,181.63,180.8,181.27,6558
2016-09-20,180.41,181.16,180.24,180.84,11542
2016-09-21,181.74,181.84,181.23,181.27,7097
2016-09-22,181.31,182.48,181.2,182.37,19192
2016-09-23,182.86,182.86,182.12,182.3,12115
2016-09-26,181.37,181.37,179.66,179.66,7154
2016-09-27,180.95,181.26,179.94,181.26,10232
2016-09-28,182.28,182.28,181.24,181.32,38527
2016-09-29,182.3,182.55,181.45,181.63,13281
2016-09-30,180.53,182.13,180.53,181.97,27244
2016-10-04,182.4,182.93,181.97,182.6,31201
2016-10-05,180.48,182.09,180.38,181.73,19399
2016-10-06,181.98,182.11,181.48,181.78,13795
2016-10-07,182.99,183.26,181.53,181.85,35085
2016-10-10,182.08,183.36,181.9,183.25,11702
2016-10-11,183.22,184.08,182.48,182.48,11380
2016-10-12,182.65,183.29,182.39,183.29,16427
2016-10-13,181.88,182.34,180.7,181.55,17073
2016-10-14,182.6,183.9,182.6,183.41,19076
2016-10-17,182.58,183.08,182.26,182.62,10654
2016-10-18,182.98,184.05,182.98,183.74,5428
2016-10-19,183.67,184.77,183.04,184.51,16604
2016-10-20,184.55,185.01,183,184.5,20979
2016-10-21,185.07,185.47,184.72,185.47,7211
2016-10-24,186.11,186.57,186.02,186.41,9492
2016-10-25,186.67,186.81,185.66,185.85,12398
2016-10-26,185.05,185.36,183.79,185.26,12055
2016-10-27,185.01,185.68,184.11,184.59,20747
2016-10-28,183.43,184.65,183.37,184.48,10020
2016-10-31,183.62,183.9,183.26,183.46,12247
2016-11-01,183.19,183.19,180.34,180.42,13581
2016-11-02,179.15,179.63,178.51,178.53,20596
2016-11-03,177.67,179.34,177.59,178.05,12464
2016-11-04,177.67,178.1,177.23,177.97,11361
2016-11-07,180.35,181.75,180.05,181.74,25042
2016-11-08,182.04,182.78,181.5,182.78,9477
2016-11-09,177.08,186.01,176.82,186.01,107591
2016-11-10,187.84,189.46,186.44,187.45,71158
2016-11-11,188.23,188.3,187.06,187.92,12521
2016-11-14,190.57,191.32,189.48,190.51,33038
2016-11-15,190.11,191.19,189.44,191.09,46425
2016-11-16,192.39,192.57,191.58,192.56,36683
2016-11-17,191.9,193.56,191.61,193.56,38139
2016-11-18,194.85,195.03,194,194.66,29762
2016-11-21,194.41,195.36,193.89,195.36,13146
2016-11-22,196.18,196.34,195.28,195.28,12430
2016-11-23,195.97,197.41,195.64,196.6,13775
2016-11-24,197.7,197.91,196.85,197.44,9962
2016-11-25,196.97,197.1,196.32,197.06,21056
2016-11-28,195.68,197.47,195.27,196.84,252612
2016-11-29,196.27,197.05,195.96,196.71,22832
2016-11-30,196.33,197.88,195.78,197.57,49972
2016-12-01,195.61,196.38,195.38,195.46,26941
2016-12-02,194.01,194.94,193.76,194.58,241044
2016-12-05,195.88,195.98,194.04,194.62,39831
2016-12-06,193.62,194.62,193.07,194.17,16693
2016-12-07,195.29,195.29,194.31,194.79,19724
2016-12-08,196.63,200,194.79,199.76,37977
2016-12-09,200.16,202.25,199.95,202,33799
2016-12-12,202.42,202.45,201.09,201.69,37556
2016-12-13,200.83,202.22,200.82,201.61,47385
2016-12-14,201.83,202.47,201.21,201.21,33025
2016-12-15,203.78,206.65,203.26,206.39,119227
2016-12-16,205.03,206.04,204.29,204.91,70752
2016-12-19,204.64,205.42,204.53,204.99,17446
2016-12-20,206.41,207.48,206.41,206.66,37715
2016-12-21,206.47,206.66,205.42,205.86,19133
2016-12-22,204.94,205.32,203.77,204.53,36430
2016-12-23,205.32,205.32,204.43,204.73,21676
2016-12-27,205.04,205.9,204.79,205.47,15633
2016-12-28,205.34,206.95,205.31,206,83654
2016-12-29,203.81,204.14,202.99,203.06,39586
2016-12-30,203.06,203.06,201.72,202.74,10025
2017-01-02,201,204.47,201,204.1,47844
2017-01-03,203.94,207,203.9,204.55,50818
2017-01-04,205.39,205.47,204.55,204.92,201758
2017-01-05,203.23,204.8,201.91,202.22,98741
2017-01-06,202.85,204.01,202.22,204.01,14821
2017-01-09,204.88,205.01,203.67,203.67,46229
2017-01-10,202.98,203.74,202.38,203.74,23103
2017-01-11,203.55,205.8,203.22,203.87,31413
2017-01-12,201.99,202.31,200.26,200.7,32039
2017-01-13,202.21,203.41,201.59,203.16,18705
2017-01-16,202.71,203.37,202.71,202.97,13249
2017-01-17,201.71,201.71,200,200.65,15829
2017-01-18,201.45,201.85,200.7,201.17,39461
2017-01-19,202.24,203.08,201.38,202.06,26635
2017-01-20,201.22,202.46,201.21,201.73,21499
2017-01-23,199.61,200.92,199.35,199.5,43122
2017-01-24,199.79,200.27,199.41,200.27,25340
2017-01-25,201.7,202.64,201.15,202.22,55864
2017-01-26,203.27,204.21,202.9,204.13,38368
2017-01-27,204.06,204.19,202.78,203.21,50264
2017-01-30,202.76,203.82,201.07,201.28,52474
2017-01-31,201.16,201.79,199.01,199.01,41612
2017-02-01,200.65,201.69,200.26,200.58,30989
2017-02-02,199.28,200.2,198.88,200.09,17205
2017-02-03,200.92,202,200.92,201.69,22111
2017-02-06,202.29,202.91,202.19,202.61,22693
2017-02-07,203.31,204.19,203.31,203.46,13272
2017-02-08,204.21,204.4,202.52,203.1,10519
2017-02-09,203.74,205.27,203.16,205.25,21337
2017-02-10,205.97,206.62,205.52,205.99,23112
2017-02-13,206.59,208.22,206.33,208.07,19346
2017-02-14,208.05,208.74,207.63,208.71,31282
2017-02-15,209.89,210.49,209.61,209.85,21339
2017-02-16,210.02,210.02,207.84,208.3,8208
2017-02-17,208.88,209.19,208.17,209.11,16084
2017-02-20,210.56,210.56,210.03,210.36,10000
2017-02-21,211.1,213.01,210.93,212.23,24658
2017-02-22,213.51,213.58,212.5,212.58,8559
2017-02-23,212.28,212.97,211.35,211.79,12511
2017-02-24,211.5,211.92,210.22,211.49,22871
2017-02-27,212.44,212.79,211.47,211.47,17068
2017-02-28,212.33,212.56,211.43,211.63,10893
2017-03-01,213.7,215.31,213.52,215.13,31183
2017-03-02,215.5,216.5,215.23,215.23,37122
2017-03-03,214.53,214.59,213.69,213.92,24704
2017-03-06,212.49,213.24,211.72,212.55,15697
2017-03-07,212.72,213.37,212.54,212.68,16213
2017-03-08,212.53,213.53,212.5,213.32,28968
2017-03-09,213.01,213.07,211.67,212.51,44487
2017-03-10,212.63,212.77,210.96,211.1,18900
2017-03-13,210.73,211.46,210.73,211.17,12819
2017-03-14,211.88,211.96,210.65,210.91,19689
2017-03-15,211.74,212.29,211.74,212.28,17286
2017-03-16,211.86,212.06,210.44,210.81,20450
2017-03-17,210.15,210.98,209.94,210.58,17643
2017-03-20,209.61,210.23,209.59,210.15,15533
2017-03-21,209.53,209.57,206.81,206.9,39614
2017-03-22,205.79,206.59,205.1,206.46,52711
2017-03-23,206.72,207.87,206.46,207.87,8878
2017-03-24,206.96,207.38,206.17,206.71,24216
2017-03-27,203.54,204.2,202.63,204.2,26103
2017-03-28,205.33,205.74,204.48,205.74,71793
2017-03-29,207.55,208.62,207.36,208.42,18082
2017-03-30,208.79,209.95,208.5,209.95,29123
2017-03-31,210.24,210.89,209.81,210.51,10099
2017-04-03,210.72,210.89,209.6,209.65,33639
2017-04-04,210.05,210.5,209.61,210.19,7950
2017-04-05,209.81,212.08,209.62,211.52,32659
2017-04-06,209.31,210.76,209.2,210.76,18387
2017-04-07,209.94,211.1,209.94,211.1,17872
2017-04-10,211.88,212.33,211.31,211.31,19873
2017-04-11,211.41,211.64,209.41,209.71,31389
2017-04-12,210.77,211.25,209.95,209.95,33276
2017-04-13,209.36,210.39,208.85,210.08,11891
2017-04-18,209.69,209.75,207.85,207.85,5894
2017-04-19,208.03,208.95,207.75,208.73,10195
2017-04-20,207.26,207.56,206.9,207.38,52136
2017-04-21,209.13,209.79,208.84,209.13,14310
2017-04-24,208.44,208.58,207.54,207.62,26047
2017-04-25,207.77,208.38,207.48,207.61,23587
2017-04-26,207.9,209.81,207.84,209.81,10470
2017-04-27,208.1,209.5,207.97,208.88,82310
2017-04-28,208.74,208.88,207.89,208.12,11516
2017-05-02,208.58,208.7,208.1,208.37,8344
2017-05-03,207.99,208.13,207.75,207.83,16598
2017-05-04,208.92,208.92,207.63,207.85,39742
2017-05-05,206.85,207.85,206.78,207.01,25872
2017-05-08,207.88,208.75,207.88,208.71,23391
2017-05-09,209.2,210.09,208.99,209.75,5003
2017-05-10,209.17,210,208.91,210,15149
2017-05-11,209.72,210.05,208.65,209.2,14981
2017-05-12,209.43,209.43,208.14,208.46,9949
2017-05-15,208.54,208.54,207.69,208.35,13595
2017-05-16,207.54,207.54,205.96,206.33,8644
2017-05-17,204.4,205.03,202.5,202.82,34492
2017-05-18,202.38,202.82,200.85,202.58,38228
2017-05-19,202.45,202.84,201.76,202.81,19165
2017-05-22,203.15,203.37,201.95,202.8,34491
2017-05-23,202.8,203.6,202.65,203.31,25986
2017-05-24,204.36,204.71,204.2,204.71,15756
2017-05-25,204.6,205.36,204.02,205.03,1495
2017-05-26,205.14,206,204.86,205.9,27398
2017-05-29,206.16,206.25,205.85,206.05,9108
2017-05-30,206.41,206.5,205.21,205.55,27633
2017-05-31,205.69,205.82,204.05,204.12,7725
2017-06-01,204.63,205.55,204.63,205.55,39247
2017-06-02,206.92,207.23,205.35,205.83,6812
2017-06-06,205.69,206.23,205.44,205.85,21064
2017-06-07,205.71,207,205.35,206.06,12292
2017-06-08,206.35,207.2,206.07,206.88,18848
2017-06-09,207.56,208.53,207.4,208.33,5637
2017-06-12,206.55,206.7,205.93,206.63,15481
2017-06-13,207.3,207.54,206.78,207.27,20237
2017-06-14,207.39,208.05,206.1,206.1,11367
2017-06-15,206.93,207.77,206.82,207.77,8492
2017-06-16,208.53,208.59,206.85,206.92,21253
2017-06-19,207.97,209.31,207.79,209.23,9147
2017-06-20,209.79,209.89,209.34,209.6,9371
2017-06-21,208.76,209.02,208.19,208.61,37814
2017-06-22,207.92,208.8,207.57,208.7,48029
2017-06-23,208.04,208.41,207.58,207.8,28526
2017-06-26,208.13,208.73,207.71,207.71,21340
2017-06-27,207.71,207.78,205.67,206.05,30484
2017-06-28,203.51,205.17,202.77,204.87,34554
2017-06-29,204.45,204.87,202.4,202.4,22995
2017-06-30,202.38,203.33,202.29,202.82,33983
2017-07-03,203.39,204.78,203.36,204.71,8903
2017-07-04,203.79,204.81,203.79,204.36,4089
2017-07-05,204.1,204.93,203.99,204.75,12136
2017-07-06,204.43,204.43,202.35,202.48,17820
2017-07-07,201.89,203.1,201.55,203.1,10801
2017-07-10,203.4,203.69,203.1,203.5,8399
2017-07-11,203.61,203.75,202,202.13,4779
2017-07-12,202.26,204.64,202.18,204.32,5412
2017-07-13,203.9,205.2,203.9,205.2,8157
2017-07-14,204.48,204.85,204,204.38,9290
2017-07-17,205.1,205.41,204.59,204.96,6141
2017-07-18,203.87,204.02,202.3,202.79,5073
2017-07-19,204,204.67,203.78,204.67,4633
2017-07-20,205.18,206.06,202.68,202.68,4579
2017-07-21,202.68,203.17,201.96,202.49,15079
2017-07-24,202.52,202.82,202.25,202.44,8447
2017-07-25,202.44,203.31,202.27,203.28,34685
2017-07-26,203.37,203.82,203.28,203.55,23157
2017-07-27,202.19,203.35,201.99,203.35,11558
2017-07-28,201.51,201.78,200.61,200.65,29850
2017-07-31,201.43,201.8,200.11,200.36,34967
2017-08-01,200.38,200.55,199.71,200.29,12800
2017-08-02,200.02,200.25,198.79,199.06,18005
2017-08-03,199.4,199.89,198.88,198.88,10919
2017-08-04,198.93,201.4,198.88,201.4,2856
2017-08-07,201.18,201.18,200.5,200.79,11559
2017-08-08,200.67,202.45,200.3,202.44,3851
2017-08-09,200.82,201.58,200.5,200.94,14509
2017-08-10,201.31,201.5,199.7,199.77,21962
2017-08-11,198.27,198.48,197.25,198.03,26760
2017-08-14,198.02,200.2,197.97,200.2,13891
2017-08-15,201.28,202.08,200.76,201.18,5940
2017-08-16,201.32,202.24,201,202.06,30157
2017-08-17,200.61,202.01,199.93,200.03,16261
2017-08-18,197.68,198.35,197.2,198.23,10730
2017-08-21,197.55,197.7,195.97,196.46,17669
2017-08-22,197.84,199,197.62,199,6351
2017-08-23,198.79,198.95,197.93,198.34,50692
2017-08-24,198.27,198.72,197.52,197.52,8873
2017-08-25,198.37,198.94,196.96,196.96,20868
2017-08-28,195.59,196.5,195.34,195.34,13715
2017-08-29,193.44,194.41,192.28,194.02,16518
2017-08-30,196.16,197.12,195.97,196.96,8028
2017-08-31,198.02,199.35,197.83,198.78,43069
2017-09-01,199.26,199.81,198.77,199.6,10623
2017-09-04,198.3,198.58,197.87,198.29,8390
2017-09-05,198.58,199.2,197.81,198,11450
2017-09-06,197.56,198.03,197.02,197.35,34088
2017-09-07,197.62,197.62,195.91,196.07,8046
2017-09-08,195.31,196.5,195,196.15,3536
2017-09-11,197.39,198.65,197.22,198.65,4939
2017-09-12,199.21,200.18,199.02,199.55,26995
2017-09-13,199.44,200.95,199.08,200.95,4119
2017-09-14,201.01,201.52,200.48,201.31,19756
2017-09-15,200.39,200.51,199.53,200.09,10889
2017-09-18,201.06,201.37,200.48,200.97,9081
2017-09-19,199.86,200.79,199.85,200.53,29147
2017-09-20,200.11,200.35,199.88,200.26,9796
2017-09-21,201.92,202,200.96,200.97,6015
2017-09-22,200.01,200.17,199.44,200.02,4496
2017-09-25,201.11,201.96,200.88,201.51,7212
2017-09-26,202,203.54,202,203.22,14058
2017-09-27,203.78,204.89,203.72,203.89,4158
2017-09-28,204.49,204.63,203.33,203.89,6214
2017-09-29,203.84,204.01,203.2,204.01,8186
2017-10-02,205.34,206.25,205.34,206.14,17879
2017-10-04,206.73,206.84,206,206.84,60211
2017-10-05,206.79,208.35,206.67,208.35,12399
2017-10-06,209.16,209.36,207.85,208.15,49243
2017-10-09,208.61,208.63,208.04,208.16,19927
2017-10-10,207.55,207.73,206.84,206.93,25103
2017-10-11,206.92,206.92,206.16,206.57,7643
2017-10-12,206.44,206.89,206.16,206.8,48286
2017-10-13,206.81,207.52,206.18,207.01,22961
2017-10-16,207.91,207.93,207.45,207.57,32374
2017-10-17,208.65,208.98,208.27,208.49,12882
2017-10-18,208.95,209.22,208.54,208.69,7781
2017-10-19,207.77,207.77,206.3,206.96,19127
2017-10-20,208.49,209.36,208.38,209.36,8484
2017-10-23,210.13,210.79,209.97,210.28,9584
2017-10-24,209.57,209.74,209.17,209.52,23082
2017-10-25,209.18,209.45,207.02,207.43,9492
2017-10-26,207.61,210.27,207.52,210.27,14193
2017-10-27,211.82,213.6,211.69,213.6,12919
2017-10-30,212.67,213.18,212.01,212.01,16833
2017-11-01,212.62,213.76,212.59,213.02,40889
2017-11-02,212.26,212.51,210.71,212.12,16883
2017-11-03,212.58,213.71,212.12,213.71,23763
2017-11-06,213.47,214.52,213.4,214.39,8173
2017-11-07,214.77,215.2,214.43,214.86,24498
2017-11-08,214.27,214.48,213.82,214.2,20887
2017-11-09,214.31,214.35,212.79,212.79,11366
2017-11-10,213.24,213.24,211.89,212.34,23973
2017-11-13,213.09,213.09,211.79,212.62,13040
2017-11-14,212.02,212.18,209.67,210.18,28257
2017-11-15,208.82,209.29,207.83,209.29,20359
2017-11-16,209.77,210.84,209.57,210.83,22886
2017-11-17,210.56,210.76,209.99,210.16,16627
2017-11-20,210.13,211.24,209.39,211.24,14921
2017-11-21,211.22,212.95,211.05,212.66,28457
2017-11-22,212.29,212.8,211.54,211.55,29617
2017-11-23,210.24,210.8,210.24,210.69,7711
2017-11-24,210.85,210.92,209.41,209.41,23071
2017-11-27,209.44,210.04,209.14,209.61,6866
2017-11-28,210.31,211.35,209.92,211.35,15827
2017-11-29,212.62,213.9,212.53,212.89,5345
2017-11-30,212.9,213.94,212.53,213.15,19954
2017-12-01,213.21,214.84,210.72,210.86,59525
2017-12-04,215.8,216.38,215.12,215.25,11421
2017-12-05,214.25,215.26,213.54,215.24,19273
2017-12-06,213.18,214.79,213.13,214.61,8621
2017-12-07,214.62,215.055,214.1,215.055,11794
2017-12-08,216.21,216.9,216.14,216.38,15690
2017-12-11,216.78,216.78,216.14,216.395,12837
2017-12-12,217.4,218.97,217.09,218.97,9114
2017-12-13,217.9,218.61,217.9,218.265,7754
2017-12-14,217.19,217.96,216.29,217.595,9324
2017-12-15,216.81,218.68,216.43,218.68,26797
2017-12-18,219.52,219.52,218.86,219.38,15095
2017-12-19,219.54,219.83,218.44,218.79,22225
2017-12-20,218.52,218.62,216.83,217.21,23710
2017-12-21,217.16,218.14,216.96,217.9,42447
2017-12-22,218.27,218.27,217.72,217.72,20989
2017-12-27,217.55,217.57,216.64,217.17,9488
2017-12-28,216.45,216.79,216.13,216.17,17606
2017-12-29,216.34,216.52,215.91,216.27,2248
2018-01-02,214.3,215.36,213.31,214.79,77381
2018-01-03,215.67,217,215.63,216.64,14242
2018-01-04,217.14,217.43,216.57,217.17,27247
2018-01-05,217.68,218.7,217.58,218.7,37313
2018-01-08,220.32,220.59,219.89,220.48,53510
2018-01-09,221.37,222.59,221.31,222.56,28439
2018-01-10,221.38,221.53,219.47,220.94,24732
2018-01-11,222.16,222.16,220.12,220.44,17771
2018-01-12,221.34,221.34,219.68,220.72,18491
2018-01-15,220.2,220.2,218.9,219.38,21085
2018-01-16,219.87,221.34,219.87,220.23,14322
2018-01-17,219.4,220.23,218.87,219.71,12253
2018-01-18,221,221.1,219.71,220.07,8707
2018-01-19,219.42,220.75,219.27,220.73,12042
2018-01-22,220.77,221.77,220.2,221.41,30534
2018-01-23,223.14,223.53,221.9,222.66,42335
2018-01-24,222.11,222.2,220.59,220.59,26169
2018-02-22,211.57,213.26,211.2,213.26,15145
2018-02-23,213.61,213.78,212.67,213.78,17592
2018-02-26,215.47,216.96,215.47,216.5,23650
2018-02-27,217.65,219.36,217.2,218.2,25154
2018-02-28,217.17,218.52,216.64,216.77,63430
2018-03-01,215.2,215.96,213.86,214.38,60754
2018-03-02,210.8,211.14,207.6,208.54,60376
2018-03-05,209.6,211.72,209.32,211.72,45348
2018-03-06,213.29,213.3,211.17,211.21,20146
2018-03-07,210.28,211.85,209.27,211.56,44246
2018-03-08,211.94,213.99,211.84,213.79,21310
2018-03-09,214.49,216.93,214.49,216.86,39165
2018-03-12,218.9,219.34,217.83,218.12,23653
2018-03-13,218.42,219.12,215.89,216.38,34166
2018-03-14,216.09,216.87,214.72,214.97,72944
2018-03-15,215.25,216.04,214.77,215.94,15363
2018-03-16,215.71,217.39,215.46,216.61,19584
2018-03-19,216.19,216.19,212.26,212.26,49551
2018-03-20,212.65,214.3,212.45,214.1,15575
2018-03-21,214.06,215,213.14,214.83,40492
2018-03-22,210.8,211.67,209,210.5,77247
2018-03-23,207.07,207.95,205.16,205.79,89223
2018-03-26,204.73,205.17,202.05,202.86,37858
2018-03-27,207.38,208.5,206.6,207.39,58322
2018-03-28,203.75,205.05,202.58,203.99,53692
2018-03-29,204.98,207.51,204.6,206.64,19434
2018-04-03,202.94,205,202.65,204.28,46928
2018-04-04,205.1,205.1,201.37,204.76,110504
2018-04-05,209.66,211.18,208.72,211.18,32598
2018-04-06,208.64,209.31,206.97,207.37,32902
2018-04-09,206.68,207.36,205.26,207.36,19692
2018-04-10,208.15,208.36,206.45,208.36,28595
2018-04-11,206.4,207.16,204.91,206.71,29743
2018-04-12,206.7,209.68,206.62,209.16,12587
2018-04-13,209.1,210.29,208.04,208.87,9939
2018-04-16,208.94,209.17,208.17,208.85,9958
2018-04-17,209.83,212,209.59,211.88,11182
2018-04-18,212,212.36,211.22,212.08,8192
2018-04-19,211.44,211.71,210.41,210.9,10369
2018-04-20,210.72,212.05,210.25,210.71,13465
2018-04-23,210.48,212.08,210.2,212.08,13962
2018-04-24,212.1,212.91,210.9,211.1,11817
2018-04-25,208.34,209.01,207.18,208.66,15203
2018-04-26,209.63,212.68,209.63,212.21,23535
2018-04-27,213.66,214.25,212.52,213.28,17401
2018-04-30,213.62,214.77,213.56,214.21,15799
2018-05-02,213.75,214.36,213.42,213.94,23843
2018-05-03,212.53,213.03,209.95,210.38,36448
2018-05-04,212.54,215.19,211.94,215.19,17229
2018-05-07,216.49,217.75,216.39,217.18,28406
2018-05-08,216.84,218.01,216.6,217.75,42416
2018-05-09,218.6,219.24,218.03,218.48,10685
2018-05-10,220.4,221.02,219.26,220.95,2331
2018-05-11,221.18,221.32,219.78,221.09,12199
2018-05-14,221.6,221.64,220.61,221.23,19447
2018-05-15,220.96,222.11,220.95,221.08,40610
2018-05-16,221.76,223.24,221.57,223,30187
2018-05-17,222.92,224.2,222.52,223.79,34573
2018-05-18,223.2,224,222.97,223.53,33318
2018-05-22,225.15,225.33,224.08,224.91,28404
2018-05-23,224.28,224.91,223.4,224.7,94597
2018-05-24,225.62,225.76,223.72,224.37,66944
2018-05-25,226.02,226.54,225.49,226.21,109322
2018-05-28,225.97,227.03,225.9,226.75,26553
2018-05-29,226.62,226.87,225.83,226.27,63099
2018-05-30,225.95,226.53,225,225.99,52541
2018-05-31,225.88,226.23,224.66,225.54,45369
2018-06-01,225.18,227.06,224.86,226.75,44687
2018-06-04,227.27,227.47,226.24,227.47,40763
2018-06-05,227.08,228.81,226.91,227.63,39511
2018-06-06,227.77,227.77,226,227.36,65717
2018-06-07,227.77,228.05,226.95,227.1,17369
2018-06-08,227.81,228.27,226.8,228.03,49856
2018-06-11,228.12,228.73,228.03,228.56,21368
2018-06-12,229.33,229.34,228.04,228.97,41892
2018-06-13,230,230.11,229.38,229.7,82171
2018-06-14,227.3,232.16,227.18,231.75,50719
2018-06-15,233.33,233.51,230.55,230.78,45359
2018-06-18,231.82,232.19,230.34,231.325,41911
2018-06-19,229.48,231.13,228.91,230.67,52168
2018-06-20,232.15,232.57,231.57,231.61,48858
2018-06-21,233,233.02,228.93,230.34,28517
2018-06-22,229.41,230.27,229.41,230.11,53729
2018-06-25,228.52,228.52,224.65,224.65,35060
2018-06-26,225.99,226.82,225.2,225.99,24776
2018-06-27,226,229.29,225.16,228.59,73924
2018-06-28,227.66,227.88,225.51,226.86,69196
2018-06-29,227.41,228.15,226.66,227.62,33983
2018-07-02,225.07,227,224.88,226.34,35522
2018-07-03,227.17,227.93,226.83,227.3,45223
2018-07-04,225.87,226.8,225.87,226.69,17637
2018-07-05,225.28,226.5,225.23,226.01,29548
2018-07-06,226.94,227.65,225.6,227.65,33339
2018-07-09,228.57,229.61,228.14,229.55,18414
2018-07-10,230.22,231.54,230.16,230.91,21187
2018-07-11,229.27,230.48,229.04,230.04,38532
2018-07-12,231.09,232.2,230.81,231.6,7627
2018-07-13,233.55,233.95,232.87,233.21,18878
2018-07-16,232.57,232.97,231.49,231.92,12360
2018-07-17,231.05,232.81,230.79,232.72,63916
2018-07-18,234.45,234.87,233.95,234.55,35670
2018-07-19,234.63,235.18,234.28,234.92,17855
2018-07-20,233.54,233.7,231.7,232.86,16453
2018-07-23,231.67,232.47,231.18,232.47,14515
2018-07-24,234.03,234.74,233.38,234.35,24367
2018-07-25,233.92,234.99,233.54,234.99,35799
2018-07-26,234.65,236.76,234.48,236.5,44469
2018-07-27,236.95,237.59,235.86,235.99,13551
2018-07-30,234.15,234.2,232.71,232.72,10087
2018-07-31,232.49,233.77,232.26,233.68,18062
2018-08-01,234.34,234.82,233.71,234.39,53304
2018-08-02,233.86,235.31,233.35,235.31,17283
2018-08-03,236.82,237.68,236.66,237.06,18986
2018-08-06,238.82,239.35,238.2,238.98,15082
2018-08-07,239.54,239.81,238.98,239.53,20743
2018-08-08,239,239.72,238.75,239.36,31841
2018-08-09,239.16,240.2,239.15,240.13,16540
2018-08-10,240.71,241.81,240.39,241.79,18768
2018-08-13,241.03,241.79,240.85,241.16,31485
2018-08-14,241.15,242.84,241.15,242.84,52566
2018-08-15,243.11,243.43,240.79,241.6,22354
2018-08-16,241.7,242.79,241.21,242.79,48857
2018-08-17,242.87,242.97,241.36,242.1,25182
2018-08-20,243.2,243.5,242.31,242.54,27356
2018-08-21,241.32,242,241.04,241.88,30140
2018-08-22,239.93,240.32,238.78,240.23,30691
2018-08-23,240.32,241.13,239.8,239.92,25202
2018-08-24,240.32,240.88,239.53,240.43,24872
2018-08-27,241.56,241.59,240.87,241.05,32876
2018-08-28,241.21,241.23,240.36,240.36,30641
2018-08-29,241.78,242.1,241.05,242.1,21479
2018-08-30,241.76,242.89,241.53,242.51,38391
2018-08-31,241.6,242.91,241.14,242.8,21709
2018-09-03,243.46,243.94,243.01,243.47,23177
2018-09-04,244.52,244.7,243.06,243.6,44299
2018-09-05,242.99,243.15,241.1,241.11,34965
2018-09-06,241.37,242,239.95,240.6,39822
2018-09-07,240.5,242.18,240.1,242.18,38272
2018-09-10,242.59,242.67,241.29,241.58,45839
2018-09-11,241.3,242.2,240.7,242.15,24730
2018-09-12,242.76,243.16,241.27,241.82,16694
2018-09-13,241.66,242.59,241.28,241.63,33651
2018-09-14,241.97,242.74,241.59,242.56,20724
2018-09-17,242.72,242.78,241,241.28,50621
2018-09-18,240.8,242.1,240.22,242.1,19746
2018-09-19,242.26,242.8,241.34,242.45,18675
2018-09-20,242.37,242.65,241.41,242.65,16785
2018-09-21,242.49,243.95,242.46,243.35,14558
2018-09-24,242.34,242.34,240.58,241.22,24780
2018-09-25,242.01,242.37,240.98,241.71,22471
2018-09-26,241.75,242.39,241.5,242.19,17921
2018-09-27,241.94,243.85,241.45,243.82,22640
2018-09-28,244,244.91,243.82,244.57,15658
2018-10-01,246.11,246.84,245.35,246.84,20524
2018-10-02,246.27,246.99,246.21,246.47,22945
2018-10-04,247.16,247.28,245.01,245.52,25943
2018-10-05,245.81,246.02,244.27,244.27,27009
2018-10-08,244.32,245.29,243.94,243.94,62511
2018-10-09,244.82,245.5,244.34,245.07,26131
2018-10-10,244.18,244.4,239.68,239.68,28588
2018-10-11,234.1,235.09,231.5,232.26,59084
2018-10-12,233.05,234.12,232.26,232.61,26376
2018-10-15,232.02,232.92,231.04,232.88,59663
2018-10-16,231.85,234.66,231.66,234.59,28250
2018-10-17,237.57,237.61,235.02,236.05,23437
2018-10-18,237.66,237.83,235.22,235.22,28146
2018-10-19,236.32,237.22,235.7,235.87,35218
2018-10-22,234.39,235.75,233.62,234.73,32487
2018-10-23,231.25,231.86,228.93,229.93,41631
2018-10-24,231.67,234.83,231.15,231.15,45774
2018-10-25,227.92,231.83,227.71,231.5,24746
2018-10-26,228.87,229.08,225.15,227.78,34169
2018-10-29,227.76,231.9,227.76,228.94,24477
2018-10-30,227.85,229.07,225.7,228.01,65471
2018-10-31,231.68,235.1,231.5,233.99,42438
2018-11-01,232.68,233.69,231.73,233.5,25599
2018-11-02,235.43,235.5,232.2,232.44,62289
2018-11-05,232.66,233.96,232.42,233.13,151434
2018-11-06,233.95,234.88,233.1,234.38,25175
2018-11-07,235.38,237.43,235.35,237.33,82157
2018-11-08,239.88,240.13,239.1,239.98,24397
2018-11-09,240.75,240.75,238.63,239.37,21955
2018-11-12,241.35,241.35,237.42,237.42,29397
2018-11-13,238.09,238.57,235.59,237.23,11613
2018-11-14,235.09,237.11,233.83,233.83,21466
2018-11-15,233.33,233.71,230.5,232.97,45276
2018-11-16,234.52,234.6,232.19,233.2,29919
2018-11-19,234.32,234.67,230.44,230.44,18899
2018-11-20,228.48,228.99,225.66,227.44,18713
2018-11-21,227.22,228.52,226.81,228.31,45986
2018-11-22,226.88,226.88,224.92,225.2,36034
2018-11-23,225.92,227.62,225.64,227.62,31440
2018-11-26,227.87,229.81,227.82,228.8,26551
2018-11-27,230.31,231.26,228.8,231.02,24706
2018-11-28,232.53,233.33,232.23,232.92,10083
2018-11-29,234.69,235,233.58,234.54,59724
2018-11-30,234.96,236.76,234.3,236.15,33079
2018-12-03,241.54,241.93,238.98,239.18,111423
2018-12-04,238.53,238.91,237.23,237.95,28530
2018-12-05,233.36,234.4,233.23,233.23,36813
2018-12-06,230.85,230.88,225.17,226.32,24062
2018-12-07,229.43,232,227.62,227.74,23330
2018-12-10,224.88,226.19,221.8,222.81,45500
2018-12-11,226.57,230.45,225.95,228.68,49078
2018-12-12,228.33,230.07,228.29,229.77,41445
2018-12-13,229.14,229.55,227.48,228.4,35648
2018-12-14,226.03,228,225.84,226.78,44113
2018-12-17,224.83,224.95,221.26,223.3,44708
2018-12-18,219.97,221.08,219.54,220.26,24640
2018-12-19,218.65,219.84,217.91,219.2,45694
2018-12-20,213.13,214.78,211.96,212.43,99819
2018-12-21,211.49,214.75,210.67,212.2,61965
2018-12-27,210.95,211.26,206.59,208.71,24033
2018-12-28,212.15,214.88,212.15,214,19830
2019-01-02,211.46,216.18,209.6,215.53,36754
2019-01-03,213.11,214.34,210,212.16,47441
2019-01-04,212.31,216.25,211.7,215.64,45262
2019-01-07,216.99,217.81,215.2,217.81,42329
2019-01-08,218.49,220.61,217.8,218.12,25952
2019-01-09,219.75,220.69,218.13,219.32,29605
2019-01-10,217.31,219.96,216.94,219.96,28690
2019-01-11,220.01,220.7,219.18,220.7,15920
2019-01-14,219.39,220.58,219.27,220.2,41327
2019-01-15,221.34,223.26,220.84,223.25,29873
2019-01-16,224.25,225.2,223.78,225.01,19152
2019-01-17,223.4,225.26,223.19,225.23,12106
2019-01-18,226.94,229.9,226.52,229.74,36284
2019-01-21,229.1,229.42,228.77,229.16,27571
2019-01-22,228.61,229.06,227.72,228.05,18148
2019-01-23,226.56,228.42,225.72,226.06,11470
2019-01-24,226.88,228.3,226.68,227.55,19606
2019-01-25,228.79,229.36,228.57,228.73,15632
2019-01-28,227.77,227.82,224.93,225.32,25541
2019-01-29,225.34,227.07,225.26,225.83,16069
2019-01-30,226.29,227.91,226.06,227.91,19318
2019-01-31,228.79,230.71,228.22,230.63,28915
2019-02-01,231.59,232.08,230.25,231.19,31504
2019-02-04,231.48,232.35,231.05,232.35,23448
2019-02-05,233.05,234.96,233.05,234.54,17798
2019-02-06,234.66,235.35,234.25,234.91,12555
2019-02-07,234.97,235.39,231.87,231.87,14559
2019-02-08,232.76,233.48,231.99,232.16,10533
2019-02-11,234.08,235.72,234.08,235.1,10414
2019-02-12,236.55,237.42,236.48,237.29,20838
2019-02-13,238.31,239.64,237.76,238.7,21524
2019-02-14,239.81,240.21,236.81,237.94,16483
2019-02-15,237.37,241.22,237.24,240.6,15028
2019-02-18,240.75,241,240,240.56,7468
2019-02-19,240.68,240.82,239.78,240.04,13603
2019-02-20,240.06,240.57,239.56,240.02,12077
2019-02-21,241.28,241.47,239.36,240,28721
2019-02-22,239.97,241.44,239.88,241.44,14957
2019-02-25,241.98,243.17,241.67,242.69,22781
2019-02-26,241.06,241.77,240.4,241.45,34374
2019-02-27,239.91,240.31,239.28,240.28,14342
2019-02-28,239.74,240.67,239.41,240.4,14835
2019-03-01,241.25,241.9,240.63,240.63,32214
2019-03-04,243.22,244,242,242.07,47065
2019-03-05,241.84,242.51,241,242.51,24172
2019-03-06,241.94,242.15,240.63,240.9,8109
2019-03-07,239.7,241.66,239.5,240.98,16557
2019-03-08,239.66,240.11,237.75,238.45,43088
2019-03-11,240,242.68,239.65,242.42,6924
2019-03-12,243.05,243.6,242.31,242.8,10680
2019-03-13,242.76,244.55,242.61,244.2,14946
2019-03-14,243.93,244.61,243.46,244.26,19694
2019-03-15,243.82,245.22,243.47,245.22,24225
2019-03-18,244.64,245.3,244.2,244.8,11623
2019-03-19,245.45,246.69,245.3,246.18,25085
2019-03-20,245.08,245.55,243.39,243.39,45793
2019-03-21,242.39,246.37,242.16,245.91,35782
2019-03-22,246.19,247.34,243.99,244.35,105537
2019-03-25,242.77,243.61,241.78,242.52,59848
2019-03-26,243.7,246.12,243.53,244.91,46327
2019-03-27,246.31,246.31,243.26,244.18,26552
2019-03-28,244.71,246.51,244.7,245.37,22723
2019-03-29,246.92,247.59,244.21,247.39,72626
2019-04-01,249.27,250.3,249.09,250.26,22287
2019-04-02,250.99,251.68,250.88,251.32,19761
2019-04-03,251.75,252.22,250.82,252.02,46489
2019-04-04,251.15,252.26,250.99,251.62,10486
2019-04-05,252.31,253.28,251.8,253,20976
2019-04-08,252.73,252.81,251.04,252.05,32815
2019-04-09,252.21,252.24,250.49,251.14,12067
2019-04-10,251.3,252.16,251,251.66,40443
2019-04-11,251.81,252.54,251.33,252.1,35696
2019-04-12,251.68,252.79,251.57,252.04,19656
2019-04-15,252.45,252.8,251.89,252.26,18280
2019-04-16,252.84,253.85,252.78,253.23,22873
2019-04-17,252.96,253.92,252.32,252.32,22585
2019-04-18,251.58,254.14,251.56,253.51,12924
2019-04-23,254.23,256.85,253.73,256.85,14039
2019-04-24,257.19,257.8,256.75,257.74,20497
2019-04-25,258.11,259.12,256.78,258.58,13678
2019-04-26,257.69,258.7,257.09,258.16,33191
2019-04-29,258.96,259.55,258.74,259.14,14712
2019-04-30,258.23,258.27,256.57,257.25,34659
2019-05-02,257.03,257.7,255.83,256.07,89486
2019-05-03,257.25,258.41,257.19,258.06,15023
2019-05-06,253.86,256.63,253.82,256.38,45917
2019-05-07,256.65,256.79,253.42,254.07,72907
2019-05-08,253.7,254.21,251.8,253.11,90293
2019-05-09,251.64,252.14,247.97,248.94,47982
2019-05-10,251.41,251.61,247.25,247.79,44166
2019-05-13,249.96,249.97,245.8,246.29,64141
2019-05-14,246.8,249.92,246.44,249.92,43254
2019-05-15,249.72,250.59,246.73,250.34,46167
2019-05-16,250.01,254.33,249.44,254.33,45679
2019-05-17,252.57,254.47,251.11,253.85,47804
2019-05-20,252.84,252.98,249.78,250.46,76988
2019-05-21,251.87,253,251.17,252.52,32418
2019-05-22,252.44,252.58,250.9,252.11,45574
2019-05-23,250.89,250.91,248.5,248.55,67273
2019-05-24,249.11,249.96,247.82,248.33,16943
2019-05-27,249.15,249.4,248.67,248.8,75576
2019-05-28,249.58,249.83,248.3,248.94,34966
2019-05-29,246.12,246.59,245.5,245.7,37149
2019-05-30,246.72,247.69,246.31,246.35,7351
2019-05-31,244.39,244.5,242.78,244.44,37226
2019-06-03,241.55,242.95,240.85,242.16,63894
2019-06-04,240.24,244.37,240.07,244.37,28283
2019-06-05,245.56,246.93,245,246.39,36243
2019-06-06,248,248.8,246.4,247.31,37119
2019-06-07,249.26,250.71,247.79,249.93,25910
2019-06-11,252.08,253.37,251.71,251.71,26284
2019-06-12,250.26,251.43,250.1,250.77,32656
2019-06-13,251.09,252.84,250.9,252.25,20150
2019-06-14,252.2,253.55,252,253.55,16150
2019-06-17,254.44,254.59,253.2,253.83,12105
2019-06-18,253.51,258.26,253.12,257.46,25893
2019-06-19,257.3,257.46,256.27,256.45,19241
2019-06-20,257.61,258.21,257,257.23,24872
2019-06-21,257.68,258.11,256.54,257.73,22614
2019-06-24,255.99,256.14,255.16,255.39,30198
2019-06-25,254.4,255.1,253.77,254.1,21095
2019-06-26,253.42,254.61,252.98,253.04,7763
2019-06-27,254.08,254.11,252.51,253.2,26201
2019-06-28,253.84,254.43,253.61,254.15,15393
2019-07-01,259.23,259.24,258.04,258.47,33236
2019-07-02,258.86,259.28,258.05,258.51,15170
2019-07-03,259.99,261.4,259.98,261.4,21707
2019-07-04,261.79,262.39,261.68,262.2,11318
2019-07-05,262.28,262.48,261.28,261.96,38019
2019-07-08,261.94,262.26,261.41,261.64,12586
2019-07-09,260.68,261.88,260.5,261.59,9558
2019-07-10,261.46,263.55,261,262.1,16914
2019-07-11,262.51,263.17,262.37,262.9,17679
2019-07-12,262.98,264,262.95,263.58,8158
2019-07-15,263.94,264.42,263.62,263.95,27343
2019-07-16,264.21,265.33,264.17,264.91,26196
2019-07-17,264.77,264.84,262.96,263.19,9748
2019-07-18,261.11,262.5,261.07,261.51,9552
2019-07-19,263.05,264.1,263.05,263.58,30481
2019-07-22,261.88,262.75,261.81,262.18,21302
2019-07-23,263.74,265,263.65,264.64,17691
2019-07-24,265.76,266.46,265.29,266.19,10921
2019-07-25,267.81,268.65,265,265.93,35321
2019-07-26,266.63,268.16,266.63,268.16,17052
2019-07-29,267.95,268.66,267.34,267.64,11424
2019-07-30,267.74,267.95,265.86,266.79,33889
2019-07-31,266.64,267.44,266.64,267.23,17628
2019-08-01,266.12,268.77,266.03,268.69,41675
2019-08-02,262.25,262.85,259.13,259.48,68551
2019-08-05,257.76,257.99,252.3,253.06,73696
2019-08-06,250.29,253.9,249.68,251.24,74341
2019-08-07,253.1,255.01,248.24,251.32,59479
2019-08-08,254.86,257.35,253.71,257.35,42869
2019-08-09,258.46,258.86,255.63,255.89,35382
2019-08-12,258.38,259.1,254.38,254.53,49210
2019-08-13,253.82,259.6,252.65,257.74,33484
2019-08-14,258.56,258.56,253.28,254.09,70288
2019-08-15,253.74,254.2,249.86,253.45,53614
2019-08-16,254.73,257.38,254.7,257.16,30061
2019-08-19,259.92,260.69,259.05,260.69,24056
2019-08-20,261.01,261.43,259.26,260.05,25472
2019-08-21,259.5,260.72,259.39,260.72,31368
2019-08-22,260.78,262.06,259.44,260.14,38729
2019-08-23,261.99,262.16,255.19,255.19,76374
2019-08-26,254.26,256.82,253.45,255.48,39266
2019-08-27,255.81,258.68,255.44,256.65,24323
2019-08-28,255.89,257.37,254.55,257.37,52829
2019-08-29,257.17,261.39,257.12,261.39,23869
2019-08-30,262,263.83,262,262.92,43493
2019-09-02,262.52,263.82,262.35,262.86,17181
2019-09-03,262.52,263.61,260.62,262.08,31900
2019-09-04,263.68,264.38,262.08,262.95,15752
2019-09-05,265.35,266.95,264.49,266.91,45848
2019-09-06,266.89,267.88,266.16,267.13,16050
2019-09-09,268.12,268.19,266.67,266.99,17671
2019-09-10,266.36,266.83,265,265.13,20210
2019-09-11,266.91,269.11,266.75,269.11,35194
2019-09-12,270.15,272.48,267.98,269.77,35732
2019-09-13,268.93,269.68,268.64,269.24,31101
2019-09-16,267.66,270,267.11,269.71,33370
2019-09-17,269.23,269.54,268.34,268.5,17807
2019-09-18,268.63,269.15,268.06,268.06,8607
2019-09-19,268.18,270.67,268.06,270.67,35299
2019-09-20,269.34,271,269.02,270.76,21750
2019-09-23,269.71,269.97,268.8,269.56,14733
2019-09-24,270.26,270.77,268.88,268.88,10588
2019-09-25,267.43,268.88,265.97,268.66,31881
2019-09-26,269.44,271.02,268.36,268.8,27120
2019-09-27,270.45,271.2,269.01,269.83,28456
2019-10-01,272.16,272.16,268,268.23,29125
2019-10-02,266.47,267.48,260.53,260.53,43641
2019-10-04,262.47,264.97,261.39,264.97,48695
2019-10-07,265.1,266.07,264.65,266.07,28929
2019-10-08,265.59,265.69,261.74,262.19,49732
2019-10-09,261.46,264.52,261.39,262.88,70299
2019-10-10,262.48,265.27,261.56,264.91,38179
2019-10-11,265.55,268.46,265.55,268.46,24153
2019-10-14,267.23,267.28,265.24,267.01,24591
2019-10-15,267.72,269.42,267.36,268.89,12685
2019-10-16,268.54,269,267.68,267.89,31935
2019-10-17,267.48,268,266.89,266.89,15170
2019-10-18,266.95,267.03,265.76,265.92,7147
2019-10-21,265.71,267.06,265.53,266.97,12873
2019-10-22,267.51,268.34,267.11,267.76,8258
2019-10-23,266.62,267.52,266.11,267.52,12292
2019-10-24,267.78,268.97,267.33,268.97,9945
2019-10-25,268.44,270.37,267.86,270.37,7337
2019-10-28,270.53,271.86,270.3,271.32,17088
2019-10-29,271.69,271.83,270.9,271.64,20949
2019-10-30,270.71,271.38,270,270.57,11799
2019-10-31,270.85,271.1,268.97,269.17,33509
2019-11-01,270.33,272.24,270.04,271.6,9936
2019-11-04,272.86,274.26,272.63,274.14,17238
2019-11-05,274.32,276,274.32,275.65,98371
2019-11-06,275.03,275.46,274.45,275.35,80431
2019-11-07,276.71,278,276.31,277.86,41447
2019-11-08,276.66,277.65,276.6,277.49,50051
2019-11-11,276.97,277.4,276.5,276.84,110811
2019-11-12,278.02,279.6,277.6,279.19,241728
2019-11-13,278.39,278.96,277.02,278.63,25945
2019-11-14,278.63,279.34,278.13,278.45,6221
2019-11-15,279.78,279.85,278.87,279.81,13246
2019-11-18,280.4,280.44,278.94,279.39,54992
2019-11-19,280.15,280.86,278.87,279.41,46215
2019-11-20,278.8,279.62,278.5,279.41,15099
2019-11-21,278.05,281.65,277.56,277.86,49026
2019-11-22,278.88,279.57,278.82,279.26,18648
2019-11-25,280.71,282.17,280.62,282.16,13137
2019-11-26,282.36,282.86,281.94,282.79,24626
2019-11-27,283.9,284.19,283.6,284.05,11276
2019-11-28,283.58,284.21,283.34,284.19,20742
2019-11-29,283.59,284.61,283.43,283.45,9497
2019-12-02,284.07,284.66,278.43,278.68,23202
2019-12-03,279.48,279.67,275.02,275.64,33159
2019-12-04,276.59,279.26,276.37,279.15,17931
2019-12-05,279.48,279.74,277.8,278.04,14523
2019-12-06,279.22,283.14,279.22,283.14,15296
2019-12-09,282.36,282.54,281.75,282.18,16265
2019-12-10,281.24,281.78,279.45,280.91,14246
2019-12-11,281.18,281.59,280.68,280.81,12260
2019-12-12,280.65,283.59,279.78,282.57,27906
2019-12-13,282.87,283.68,281.26,282.4,28397
2019-12-16,283.73,285.25,283.61,285.04,17439
2019-12-17,284.88,285.01,283.96,284.58,25747
2019-12-18,284.89,285.71,284.69,285.71,10931
2019-12-19,285.3,286.1,285.02,286.05,14879
2019-12-20,286.62,289.41,286.39,289.41,11694
2019-12-23,289.11,290,288.83,289.12,9767
2019-12-27,289.91,290.39,288.19,288.69,16551
2019-12-30,287.78,288.51,287.2,287.81,26710
2020-01-02,287.52,289.19,287.01,287.68,25891
2020-01-03,287.59,288.73,286.43,288.06,16339
2020-01-06,287.06,287.57,285.3,287.44,14761
2020-01-07,288.76,289.72,288.1,289.39,40033
2020-01-08,288.43,290.76,288.09,290.76,20675
2020-01-09,292.6,293.4,292.3,293.13,27426
2020-01-10,295,295,293.09,293.09,15576
2020-01-13,292.64,293.33,292.25,292.63,14725
2020-01-14,293.19,294.44,292.56,293.74,12647
2020-01-15,293.76,294.15,292.47,293.99,16800
2020-01-16,294.49,295.44,294.2,295.26,24023
2020-01-17,296.69,298.26,296.65,297.91,17296
2020-01-20,297.79,298.37,297.69,298.29,119569
2020-01-21,297.11,298.27,296.5,298.27,149403
2020-01-22,299.18,299.69,298.42,298.8,19509
2020-01-23,297.81,298.62,296.84,298.17,17746
2020-01-24,299.96,300.76,298.84,299.11,9699
2020-01-27,294.11,294.69,291.98,293.21,29871
2020-01-28,294.47,296.36,293,296.15,123227
2020-01-29,296.83,297.92,295.85,297.19,26711
2020-01-30,293.28,294.87,292.5,293.75,26095
2020-01-31,296.32,296.38,290.69,290.95,27788
2020-02-03,291.7,294.3,290.7,292.55,21303
2020-02-04,294.56,297.9,294.56,297.9,20511
2020-02-05,300.32,301.11,299.61,300.45,90611
2020-02-06,303.28,303.56,301.79,303.07,64781
2020-02-07,303.14,303.79,301.84,303.42,65463
2020-02-10,302.68,304.7,301.89,304.7,18411
2020-02-11,306.69,307.8,306.22,306.81,16827
2020-02-12,307.21,308.55,306.87,308.55,52859
2020-02-13,307.86,310.3,306.55,310.3,12865
2020-02-14,310.85,311.15,309.45,310.41,42449
2020-02-17,311.4,311.66,311,311.56,15175
2020-02-18,309.56,311.34,309.01,309.54,63299
2020-02-19,311.58,312.96,311.1,312.96,17734
2020-02-20,312.71,312.77,309.28,309.28,25214
2020-02-21,309,310.04,305.65,307.08,34831
2020-02-24,301.72,301.72,297.09,297.56,66304
2020-02-25,298.78,298.97,290.91,292.12,48983
2020-02-26,288.61,291.72,282.76,289.75,136356
2020-02-27,281.58,283,272.4,277.18,65847
2020-02-28,264.59,267.93,259.46,264.5,134844
2020-03-02,271.25,272.78,260.56,269.56,99661
2020-03-03,275.49,281,270.21,271.98,173500
2020-03-04,271.5,275.88,270.65,274.24,66717
2020-03-05,276.54,276.54,270.28,273.33,135906
2020-03-06,265.61,265.95,255.68,260.2,85890
2020-03-09,240.27,248.66,233.84,242.96,104770
2020-03-10,246.61,253.37,239.52,243.01,76189
2020-03-11,246.95,250.21,243.48,245.35,71867
2020-03-12,232.52,233.93,220.35,225.64,127557
2020-03-13,230.66,239.3,224.1,228.61,117019
2020-03-16,228.45,229.76,211.74,225.7,58328
2020-03-17,224,232.26,213.67,227.44,232098
2020-03-18,218.64,224.26,212.51,218.34,36596
2020-03-19,219.1,228,214,223.35,90291
2020-03-20,230.27,233.8,219.35,221.45,40822
2020-03-23,207.37,221.45,203.44,207.23,75087
2020-03-24,215.5,225.26,213.46,224.95,79119
2020-03-25,228.24,231.42,221.43,230.84,80387
2020-03-26,223.1,235.74,220.4,235.1,63092
2020-03-27,233.49,234.5,228.3,229.87,76047
2020-03-30,229.78,235.93,226.07,235.51,25990
2020-03-31,238.83,240.62,235.56,239.62,70519
2020-04-01,228.1,230.25,226.5,228.79,135281
2020-04-02,228.4,232.26,224.1,230.83,25452
2020-04-03,230.8,235,230.1,230.6,36208
2020-04-06,238.86,241.8,238.14,240.76,52056
2020-04-07,248.64,252.52,246.39,249.91,119845
2020-04-08,244.91,249.78,242.7,249.78,34602
2020-04-09,253.99,256.86,249.1,255.18,46479
2020-04-14,256.87,258.92,255,257.14,45720
2020-04-15,258.5,258.57,253,253.86,47244
2020-04-16,257.64,258.33,253.73,257.56,35517
2020-04-17,264.53,266.4,259.87,260.67,64568
2020-04-20,263.38,263.46,259.3,263.3,48470
2020-04-21,259.56,260.25,251.22,251.31,48901
2020-04-22,254.44,257.56,253.78,257.44,25148
2020-04-23,259.07,262.55,257.93,261.33,16203
2020-04-24,258.61,260.95,258.08,258.8,24402
2020-04-27,262.84,265.08,262.69,265.08,30020
2020-04-28,265.39,268.6,264,265.74,31123
2020-04-29,266.89,270.42,265.92,269.97,36373
2020-04-30,271.36,272.12,265.87,265.96,32236
2020-05-04,257.11,258.56,255.32,258.11,65386
2020-05-05,262.16,266.61,261.86,266.61,57556
2020-05-06,266.54,268.21,264.39,265.34,16978
2020-05-07,265.38,268.2,265.34,268,55729
2020-05-08,269.2,269.6,267.69,268.84,13508
2020-05-11,271.1,272.1,267.79,270.18,28042
2020-05-12,269.1,271.25,268.63,269.38,371923
2020-05-13,264.43,265.54,261.5,261.83,58317
2020-05-14,260.39,261.46,256.4,260.13,37502
2020-05-15,265.13,265.48,259.89,261.77,27602
2020-05-18,267.44,271.97,267.15,271.71,48450
2020-05-19,271.54,271.69,268.2,270.85,26361
2020-05-20,268.62,272,268.17,271.16,61415
2020-05-21,269.03,271.12,268.79,269.37,18354
2020-05-22,267.55,270.82,266.83,269.91,20629
2020-05-25,273.12,275,272.73,275,20245
2020-05-26,276.12,276.57,273.92,274.16,30008
2020-05-27,275.38,277.14,270.46,272.71,50759
2020-05-28,276.57,277.55,275.5,276.37,37813
2020-05-29,273.08,273.25,270.62,271.24,41786
2020-06-02,274.65,275.97,273.24,274.2,75758
2020-06-03,275.98,278.12,275.76,277.92,36401
2020-06-04,277.87,278.39,275,275.53,29011
2020-06-05,276.16,284.11,276.01,284.11,43208
2020-06-08,282.59,285.05,282.35,284.57,107522
2020-06-09,286.46,286.57,281.9,282.91,21786
2020-06-10,284.16,284.63,280.79,281.43,27425
2020-06-11,276.72,276.93,271.15,271.15,41884
2020-06-12,268.76,273.4,267.81,270.57,64497
2020-06-15,262.92,268.84,262.2,268.18,50888
2020-06-16,273.92,280.7,273.52,277.95,117440
2020-06-17,278.27,281,277.91,279.24,67669
2020-06-18,277.15,278.6,275.58,278,24326
2020-06-19,279.26,281.48,279.04,280.46,20863
2020-06-22,276.12,277.43,274.83,276.06,26526
2020-06-23,277.68,279.47,277.05,278.57,59871
2020-06-24,277.05,277.75,271.53,271.53,47884
2020-06-25,270.61,273.28,269.33,271.75,77338
2020-06-26,275.05,275.75,269.9,270.76,68006
2020-06-29,268.99,271.05,267,270.95,30725
2020-06-30,273.27,274.61,271.85,274.05,27833
2020-07-01,276.55,278.41,275.32,276.5,39873
2020-07-02,277.88,281.61,277.5,280.27,20454
2020-07-03,280.5,280.53,278,278.55,17300
2020-07-06,281.57,282.41,280.21,282.01,22673
2020-07-07,281.04,282.54,279.87,281.87,58690
2020-07-08,279.77,280.59,277.92,278.47,22110
2020-07-09,279.75,281.08,276.5,277.61,17994
2020-07-10,278.2,280.37,277.9,280.23,54168
2020-07-13,283.5,285.24,282.89,285.07,16784
2020-07-14,280.42,280.53,275.8,278.7,37864
2020-07-15,282.62,284.35,281.57,282.95,30814
2020-07-16,282.2,282.58,280.79,281.27,18879
2020-07-17,282.76,283.25,281.15,282.53,8684
2020-07-20,280.59,283.98,280.22,283.68,18865
2020-07-21,286.21,287.45,285,285.74,50093
2020-07-22,283.51,283.87,281.28,282.45,22143
2020-07-23,284.22,284.97,282.66,283.03,14861
2020-07-24,277.75,279.71,276.85,277.56,16308
2020-07-27,276.28,277.07,274.74,274.74,15685
2020-07-28,277.06,277.69,275.25,276.92,13594
2020-07-29,275.55,276.54,275.11,276.49,13001
2020-07-30,276.87,276.87,272.64,275.17,21825
2020-07-31,275.18,277.28,273.69,275.22,11955
2020-08-03,279.1,282.29,278,281.77,41519
2020-08-04,281.44,282.11,279.29,281.47,18557
2020-08-05,281.82,282.35,280.23,280.66,22802
2020-08-06,281.02,282.85,280.24,281.61,10958
2020-08-07,283.14,285.54,282.66,284.95,15127
2020-08-10,285.99,286.78,284.57,285.94,15323
2020-08-11,288.04,288.64,286.59,287.67,20016
2020-08-12,286.88,287.6,285.92,287.57,27081
2020-08-13,286.45,287.3,285.7,287.02,11907
2020-08-14,287.05,287.37,285.16,286.54,14963
2020-08-17,286.04,286.67,285.5,286.29,14293
2020-08-18,285.38,286.29,283.84,285.2,15722
2020-08-19,285.33,286.8,285.12,286.8,6992
2020-08-20,284.85,286.37,284.54,286.23,10318
2020-08-21,286.72,289.58,286.61,288.71,18872
2020-08-24,290.45,291.14,290,291.06,11102
2020-08-25,293.38,293.52,290.96,291.76,9957
2020-08-26,292.74,294.1,292.71,293.78,14153
2020-08-27,295.39,298.13,294.09,297.51,18061
2020-08-28,296.32,296.32,294.22,294.91,8730
2020-08-31,297.27,297.99,293.78,294.28,17253
2020-09-01,294.52,295.63,293,295.23,17318
2020-09-02,298.99,301.59,298.9,301.01,18337
2020-09-03,304.87,305.98,293.84,294.85,23320
2020-09-04,291.91,295.93,285.59,287.63,33942
2020-09-07,289.2,292.26,288.79,292.08,28585
2020-09-08,292.65,293.01,285,286.1,73712
2020-09-09,285.08,289.6,285.08,289.43,55344
2020-09-10,289.09,289.4,286.52,288.04,19112
2020-09-11,285.79,286.32,283.44,284.54,22699
2020-09-14,287,287.9,285.21,287.9,18892
2020-09-15,286.89,289.99,286.63,289.99,21125
2020-09-16,289.48,290.51,289.14,290.42,19154
2020-09-17,284.98,287.11,283.56,285.96,25482
2020-09-18,284.91,286.26,282.68,282.68,53827
2020-09-21,280.77,280.78,276.81,276.9,31361
2020-09-22,280.57,282.8,280,281.35,18756
2020-09-23,284.95,286.09,283.76,283.76,17668
2020-09-24,278.62,280.9,277.57,280.28,26954
2020-09-25,280.55,282.84,278.39,282.72,20871
2020-09-28,287.17,289.26,286.95,289.04,15514
2020-09-29,289.06,289.06,286.06,286.24,11535
2020-09-30,284.32,289.75,284.18,289.26,30745
2020-10-01,290.02,290.87,288.59,289.68,40698
2020-10-02,286.3,288.68,284.64,287.83,30034
2020-10-05,289.33,290.05,288,289.65,25802
2020-10-06,290.57,291.4,289.65,290.61,29471
2020-10-07,289.07,291.3,288.8,291.11,15862
2020-10-08,294.14,295.15,292.91,293.72,16953
2020-10-09,295.56,295.78,294.48,295.14,19703
2020-10-12,296.46,300.69,296.46,300.69,39033
2020-10-13,301.09,302.35,300.51,302.21,19920
2020-10-14,301.81,302.78,300.12,300.4,45407
2020-10-15,297.52,298.36,296,297.88,23952
2020-10-16,299.75,301.81,299,300.7,16840
2020-10-19,300.72,301.04,296,296.87,24717
2020-10-20,294.58,295.1,289.73,292.95,69180
2020-10-21,293.45,293.86,291.16,292.25,25360
2020-10-22,290.65,293.1,290.08,292.22,12622
2020-10-23,294.24,295,293.34,293.46,18162
2020-10-26,291.25,292.77,288.36,288.36,27634
2020-10-27,290.23,291.19,288.41,288.95,23505
2020-10-28,287.68,287.82,281.64,282.55,43655
2020-10-29,283.6,285.22,280.5,285.08,43480
2020-10-30,280.82,284.59,279.5,281.99,42942
2020-11-02,283.81,288.01,283.58,286.53,41157
2020-11-03,287.13,291.02,286.83,290.76,33200
2020-11-04,289.74,298.48,288.86,298.16,51099
2020-11-05,298.51,300.53,297.23,299.73,48641
2020-11-06,297.61,298.56,294.47,297.25,43352
2020-11-09,301.02,311.25,300.82,307.96,50256
2020-11-10,303.14,304.06,299.58,301.46,48635
2020-11-11,303.11,306.49,302.95,305.91,23601
2020-11-12,303.75,304.5,303,303.47,27910
2020-11-13,302.9,304.31,302.43,303.44,25604
2020-11-16,307.1,309.75,306.54,308.39,40941
2020-11-17,307.56,307.68,304.7,306.71,28777
2020-11-18,305.28,307.95,305.14,307.08,34213
2020-11-19,303.61,303.86,302.19,302.91,21603
2020-11-20,302.87,304.53,302.67,304.19,20709
2020-11-23,303.32,304.84,302.15,303.26,23226
2020-11-24,306.34,307.74,305.49,307.73,30388
2020-11-25,308.32,308.5,306.2,306.97,22855
2020-11-26,307.25,307.79,307,307.18,12067
2020-11-27,306.76,307.76,306.73,306.73,19969
2020-11-30,304.41,305.72,302.62,303.94,23334
2020-12-01,307.68,308.93,306.93,307.3,36189
2020-12-02,305.03,306.11,304.29,305.4,19611
2020-12-03,304.88,305.4,304.05,305.15,18501
2020-12-04,305.02,306.72,304.49,306.72,17766
2020-12-07,307.03,307.33,306.15,307.03,34550
2020-12-08,306.7,308.04,305.3,308.04,25490
2020-12-09,308.37,309.15,308.2,308.48,34458
2020-12-10,306.42,306.99,303.5,305.93,21920
2020-12-11,304.76,304.8,302.09,303.4,21798
2020-12-14,305.72,307.4,305.4,305.43,20999
2020-12-15,304.12,305.3,303.65,304.33,30178
2020-12-16,307.04,307.04,304.91,306.84,22247
2020-12-17,306.97,307.22,305.7,305.99,17324
2020-12-18,306,307,304.8,305.08,15293
2020-12-21,305.96,306.23,299.5,302.43,34834
2020-12-22,304.25,306.11,304.24,305.2,16700
2020-12-23,305.66,306.62,305.52,306.33,11023
2020-12-28,307.54,308.87,307.08,308.33,13492
2020-12-29,309.44,309.82,307.38,308.13,15224
2020-12-30,307.93,308.64,307.19,307.39,12602
2021-01-04,310.36,310.72,303.51,304.35,37667
2021-01-05,304.39,306.4,303.29,305.07,37432
2021-01-06,304.34,310.32,302.75,309.77,15946
2021-01-07,309.63,313.67,309,312.8,30247
2021-01-08,315.47,315.48,313.82,314.01,20672
2021-01-11,315.53,316.84,314.7,316.31,18669
2021-01-12,316.22,316.84,315.15,315.75,19301
2021-01-13,315.11,316.45,313.82,316.2,27716
2021-01-14,317.24,318.68,316.56,317.25,17690
2021-01-15,315.23,315.74,313.26,315.2,24370
2021-01-18,314.69,315.75,314.4,315.55,11965
2021-01-19,316.59,317,314.75,315.2,17212
2021-01-20,316.06,320.47,315.94,320.2,24552
2021-01-21,321.8,321.89,319.69,320.25,13300
2021-01-22,318.63,318.76,316.73,318.36,19346
2021-01-25,319.98,321.5,316.34,318.31,24043
2021-01-26,319.8,321.28,319.49,319.94,30006
2021-01-27,319.28,320.56,315.39,316.07,22301
2021-01-28,312.03,318.21,309.71,317.6,24895
2021-01-29,311.94,314.3,310.56,310.56,26691
2021-02-01,311.47,314.3,311.1,314.3,36508
2021-02-02,317.3,322.21,317.24,322.17,40567
2021-02-03,322.93,323.2,320.9,321.74,42949
2021-02-04,322.19,325.33,322.12,325.22,34417
2021-02-05,327.29,328.42,325.64,326.45,28152
2021-02-08,327.16,327.91,326.87,327.02,41862
2021-02-09,327.29,327.67,325.99,326.69,22903
2021-02-10,326.99,327.53,323.7,325.23,36298
2021-02-11,326.36,326.96,325.91,326.38,11977
2021-02-12,325.96,327.5,325.36,327.02,13463
2021-02-15,329.07,329.73,328.54,329.58,18858
2021-02-16,329.66,329.87,328.19,328.68,26119
2021-02-17,328.9,329.79,327.59,327.95,26124
2021-02-18,328.96,329.04,325.25,326.3,36498
2021-02-19,326.39,327.88,325.77,327.26,16468
2021-02-22,323.44,323.89,322.43,323.53,30129
2021-02-23,323.57,323.58,317.43,320.97,46318
2021-02-24,322.18,325.14,321.78,325.14,28588
2021-02-25,325.95,325.97,321.32,321.61,22123
2021-02-26,318.33,321.28,316.39,321.12,46343
2021-03-01,322.93,327.03,322.84,326.97,44400
2021-03-02,326.99,327.9,324.75,324.75,28341
2021-03-03,325.87,326.65,322,323.69,33141
2021-03-04,320.48,322.3,318.47,321.52,32811
2021-03-05,317.94,323.13,317,318.12,57029
2021-03-08,324.34,330.61,323.75,329.77,33069
2021-03-09,327.76,331.3,327.49,331.01,36297
2021-03-10,329.33,332.18,329.09,331.73,42748
2021-03-11,332.57,334.38,331.7,334.36,21128
2021-03-12,332.41,333.46,331.8,332.36,14820
2021-03-15,334.52,335.83,333.24,334.2,22130
2021-03-16,336.99,338.53,336.1,337.52,24923
2021-03-17,337.34,337.46,334.64,335.35,13571
2021-03-18,335.58,336.57,334.16,335.93,24562
2021-03-19,333.15,334.37,331.25,333.4,34732
2021-03-22,332.25,334.49,332,334.36,32088
2021-03-23,334.3,336.63,333.76,336.18,17377
2021-03-24,334.86,337.1,334.72,336.46,20866
2021-03-25,333.75,334.75,330.77,334.52,30049
2021-03-26,337.38,338.19,336.32,338.06,17003
2021-03-29,339.81,341.09,339.08,340.21,26392
2021-03-30,342.43,342.63,340.56,341.95,30715
2021-03-31,341.69,343.51,340.8,343.51,20662
2021-04-01,344.01,345.41,343.6,344.69,30889
2021-04-06,348.98,349.49,348.08,348.84,44086
2021-04-07,347.44,348.11,346.46,347.01,35540
2021-04-08,349.2,349.52,347.25,348.17,25389
2021-04-09,349,349.78,348.87,349.58,23092
2021-04-12,350.83,351.35,349.95,350.31,28684
2021-04-13,351.6,352.07,349.74,350.76,28157
2021-04-14,350.71,351.55,350.3,350.52,18632
2021-04-15,350.03,352.42,350.01,352.33,23507
2021-04-16,352.44,353.81,352.07,353.19,22689
2021-04-19,353.1,353.41,350,350.68,23088
2021-04-20,349.96,350.31,346.87,346.87,33114
2021-04-21,348.29,349.98,347.83,349.74,20298
2021-04-22,350.58,352.09,349.95,352.09,20772
2021-04-23,348.52,350.78,347.13,350.65,17860
2021-04-26,350.02,351.97,349.35,351.44,18877
2021-04-27,351.98,352.24,349.92,350.91,23928
2021-04-28,352.27,352.29,350.79,350.95,18206
2021-04-29,351.89,352.57,350.29,350.58,20566
2021-04-30,351.48,352.5,350.6,352.3,27017
2021-05-03,353.34,353.97,352,352.69,30537
2021-05-04,352.78,353.75,348.27,349.46,29505
2021-05-05,352.34,353.7,351.45,353.06,25365
2021-05-06,352.13,352.4,348.6,350.95,21520
2021-05-07,353.18,354.42,351.82,353.24,22705
2021-05-10,352.99,353.4,351.68,352.55,26298
2021-05-11,348.53,348.53,342.78,345.55,38137
2021-05-12,346.35,346.69,343.8,343.8,37912
2021-05-13,340.37,346.5,338.95,345.12,22516
2021-05-14,346.26,347.88,345.2,347.88,17693
2021-05-17,348.26,348.66,346.21,346.32,23622
2021-05-18,347.84,347.84,344.9,345.55,20044
2021-05-19,340.14,340.7,336.9,338.86,44482
2021-05-20,342.2,345.29,340.29,345.29,32992
2021-05-21,345.51,348.59,345.21,347.1,36064
2021-05-25,348.74,348.99,347.19,347.19,33143
2021-05-26,348.18,348.69,347,348.52,13892
2021-05-27,348.09,350.52,347.72,349.89,28364
2021-05-28,350.71,352.11,350.33,350.5,12094
2021-05-31,350.13,350.3,348,348.16,22457
2021-06-01,349.3,351.05,348,349.06,38047
2021-06-02,349.11,350.48,348.45,350.18,16807
2021-06-03,350.13,351.47,347.03,351.2,20038
2021-06-04,351.19,352.32,350.68,351.91,23688
2021-06-07,352.65,353.11,350.89,350.89,26765
2021-06-08,352.16,352.97,350.57,351.16,24253
2021-06-09,352.08,352.65,351.42,352.26,14045
2021-06-10,352.06,354.34,351.1,353.31,11675
2021-06-11,352.92,355.75,352.81,355.54,16221
2021-06-14,356.65,356.98,354.47,354.74,20713
2021-06-15,356.69,357.13,354.96,354.96,23084
2021-06-16,355.64,356.18,355,355.65,19957
2021-06-17,356.49,360.1,356.34,359.91,25211
2021-06-18,360.45,360.6,357.21,357.68,21730
2021-06-21,355.52,359.47,355.45,359.32,70523
2021-06-22,360.51,361.68,359.67,361.47,30483
2021-06-23,362.27,362.36,360.34,360.79,24728
2021-06-24,361.66,363.48,361.5,363,23847
2021-06-25,362.77,363.68,362.21,363.68,10468
2021-06-28,364.29,365.32,363.8,364,19744
2021-06-29,365.23,367.15,365.04,366.19,16752
2021-06-30,366.54,368.18,365.32,368,28113
2021-07-01,368.85,369.87,367.55,369.08,40010
2021-07-02,370.75,371.97,370.69,371.6,20108
2021-07-05,372,372.83,371.43,372.69,31535
2021-07-06,371.42,373.61,370.9,371.65,22491
2021-07-07,373.2,374.77,372.93,374.44,42164
2021-07-08,373.14,373.73,367.38,369.86,30283
2021-07-09,371.64,373.67,370.83,373.67,17707
2021-07-12,373.79,375,371.97,374.77,18447
2021-07-13,375.02,377.49,374.9,377.45,17967
2021-07-14,375.8,377.57,375.5,375.61,14357
2021-07-15,375.1,375.48,374.25,375.38,17999
2021-07-16,374.99,376.51,373.61,374,16183
2021-07-19,371.42,371.92,364.44,367.23,38236
2021-07-20,369.23,372.92,367.79,372.38,630589
2021-07-21,373.82,375.27,373.2,374.43,647914
2021-07-22,375.98,376.41,374,376.11,17115
2021-07-23,378.12,380.5,377.85,380.5,14594
2021-07-26,379.57,380.09,378,380.09,12840
2021-07-27,380.18,380.67,376.44,376.44,17206
2021-07-28,378.37,379.81,378.07,378.81,11635
2021-07-29,377.67,378.51,376.8,378.15,15192
2021-07-30,374.45,377.26,373.96,376.59,21945
2021-08-02,378.24,378.92,376.71,377.39,26389
2021-08-03,376.3,377.11,374.3,376.56,16277
2021-08-04,378.15,379.07,376.32,378.18,16863
2021-08-05,378.14,379.7,377.94,379.33,22348
2021-08-06,380.45,383.3,380.16,382.94,13927
2021-08-09,382.71,383.54,382.21,383.34,17252
2021-08-10,383.67,385.62,383.6,384.72,33963
2021-08-11,384.92,385.38,384.15,384.52,26469
2021-08-12,384.84,385.43,384.37,385.37,14565
2021-08-13,386.56,386.63,384.6,384.8,12729
2021-08-16,384.09,385,382.81,384.13,20025
2021-08-17,385.39,386.69,384.66,386.18,15360
2021-08-18,386.23,386.59,385.01,385.92,11441
2021-08-19,379.89,383.27,378.63,382.6,25639
2021-08-20,382.66,386.43,380.92,386.09,22339
2021-08-23,386.9,388.68,385.87,388.58,20970
2021-08-24,389.02,389.34,387.83,388.48,17595
2021-08-25,388.98,389.18,388.2,388.97,14121
2021-08-26,388.12,388.98,386.79,387.28,16002
2021-08-27,387.25,388.75,387,388.54,20577
2021-08-30,388.79,391.14,388.69,391.14,21187
2021-08-31,390.61,390.74,388.35,390.51,18608
2021-09-01,391.09,391.57,388.6,388.95,32936
2021-09-02,388.76,389.8,388.65,389.66,23453
2021-09-03,389.08,389.61,386.89,388.46,27403
2021-09-06,389.2,390.2,389.08,390,20758
2021-09-07,389.26,389.51,387.63,388.17,24623
2021-09-08,388.35,389.31,386.79,387.83,22732
2021-09-09,387.07,390.27,386.03,388.59,15839
2021-09-10,387.47,388.9,385.1,385.68,22532
2021-09-13,386.88,387.75,383.75,384.35,19985
2021-09-14,384.99,386.4,383,383.83,21882
2021-09-15,383.74,384,382.08,383.7,21554
2021-09-16,386.51,388,384.48,385.2,12539
2021-09-17,387.41,387.45,384.5,384.92,14613
2021-09-20,381.33,381.76,377.78,377.94,47792
2021-09-21,380.67,382.31,377.46,380.11,33708
2021-09-22,380.1,381.86,378.9,381.86,20180
2021-09-23,383.34,386.1,382.66,386.02,24226
2021-09-24,384.91,387.19,383.98,385.94,15574
2021-09-27,389.13,389.53,386.2,386.96,41354
2021-09-28,385.98,386.44,379.77,380.28,26010
2021-09-29,381.51,384.13,381.26,383.14,22541
2021-09-30,385.6,385.78,382.13,382.94,26322
2021-10-01,375.45,380.16,375.27,379.93,35910
2021-10-04,380.32,381.11,375.3,375.38,35716
2021-10-05,378.03,383.27,377.47,382.74,28061
2021-10-06,379.95,381.69,377.86,380.24,33961
2021-10-07,386.43,390.15,385.88,389.58,23282
2021-10-08,388.58,388.94,386.78,387.1,19437
2021-10-11,384.93,388.4,384.56,388.08,26023
2021-10-12,381.46,385.8,381.35,384.75,32399
2021-10-13,382.75,384.51,381.35,381.94,25695
2021-10-14,385.11,389.07,384.45,388.94,19079
2021-10-15,390.4,392.85,390.06,392.3,26586
2021-10-18,392.32,393.55,390.19,393.1,33130
2021-10-19,392.92,395.24,392.69,395.02,32698
2021-10-20,395.16,397.09,395.13,396.56,19573
2021-10-21,395.62,397.21,395.5,396.22,17319
2021-10-22,397.77,399.13,397,397.01,21672
2021-10-25,397.96,400,397.27,399.93,27016
2021-10-26,402.38,404,401.75,403.21,24083
2021-10-27,402.05,402.33,400.61,401.8,22499
2021-10-28,400.29,401.8,399.15,400.23,20052
2021-10-29,399.2,405.41,398.81,405.04,28159
2021-11-01,406.44,407.49,404.32,405.19,30157
2021-11-02,404.84,407.52,404.72,407.52,25411
2021-11-03,407.27,407.5,406.6,406.95,16824
2021-11-04,411.32,413.25,410.74,412.22,1059469
2021-11-05,412.53,417.27,412.47,414.97,30311
2021-11-08,413.61,415,413.14,413.6,31045
2021-11-09,412.43,414.35,410.65,411.97,27512
2021-11-10,412.67,414.41,411,413.96,22448
2021-11-11,413.92,414.97,413.36,414.19,16803
2021-11-12,414.34,416.9,414.11,416.77,24692
2021-11-15,417.15,418.99,417.07,418.38,26614
2021-11-16,419.74,423.4,419.18,423.4,25012
2021-11-17,424.02,424.12,422,422.92,22271
2021-11-18,422.77,423.71,419.77,421.77,1301007
2021-11-19,424.41,425.81,423.23,424.32,25480
2021-11-22,426.37,430.08,425.54,428.32,33767
2021-11-23,423.55,425.83,421,422.5,59500
2021-11-24,425.21,427.56,423.92,427.05,53922
2021-11-25,428.76,429.26,427.5,428.18,17242
2021-11-26,418.49,419.92,413.59,414.24,56278
2021-11-29,419.8,421.31,417.8,420.32,49261
2021-11-30,414.94,417.82,412.17,415.02,50584
2021-12-01,414.26,419,414.13,418.41,42375
2021-12-02,408.45,412.24,405.35,410.65,41405
2021-12-03,413.75,416.08,408.32,409.72,58365
2021-12-06,412.9,415.38,409.31,414.53,42758
2021-12-07,418.44,425.83,418.08,425.56,53021
2021-12-08,424.61,426.23,420.69,421.4,41319
2021-12-09,423.15,424.21,421.85,424.2,71715
2021-12-10,422.43,425.53,421.5,422.18,28030
2021-12-13,426.63,428.49,422.18,422.63,23550
2021-12-14,424.19,424.68,417.64,418.09,37774
2021-12-15,420.59,420.87,418.23,418.23,19057
2021-12-16,426.99,429.32,423.58,424.74,29012
2021-12-17,421.06,422.6,415.39,420.35,35504
2021-12-20,413.27,414.34,409.5,409.69,34525
2021-12-21,415.52,417.77,414.47,417.15,32383
2021-12-22,420.58,422.15,418.37,422.15,18636
2021-12-23,423.57,427.02,423.31,426.82,24856
2021-12-27,425.94,430.23,425.72,429.75,19477
2021-12-28,431.72,434.29,431.5,432.4,33991
2021-12-29,433.17,434.41,429.34,430.59,25553
2021-12-30,432.57,433.67,431.93,432.63,14043
2022-01-03,430.79,432.59,429.32,431.08,48778
2022-01-04,434.47,436,431.95,433.35,49340
2022-01-05,432.74,433.22,430.67,431.42,31424
2022-01-06,425.4,426.32,421.68,424.68,36182
2022-01-07,424.2,425.44,419.8,421.35,26523
2022-01-10,422.46,423.05,413.28,415.51,40928
2022-01-11,421.04,423.26,417.8,420.89,56711
2022-01-12,424.2,425.64,420.81,422.37,40122
2022-01-13,419.94,422.58,419.66,420.82,24750
2022-01-14,415.42,416.67,412,414.62,31983
2022-01-17,416.44,418.8,416.12,417.99,27629
2022-01-18,415.39,415.46,412.13,413.16,267197
2022-01-19,409.56,415.46,409.43,410.72,43797
2022-01-20,409.19,414.1,407.96,414.08,33345
2022-01-21,403.57,404.61,397.79,403.74,89788
2022-01-24,398.88,400,386.1,387.01,130458
2022-01-25,393.03,397.3,388.63,391.2,60933
2022-01-26,395.87,402.44,395.79,400.31,57550
2022-01-27,393.17,405.83,392.75,403.89,56958
2022-01-28,399.09,399.72,392.37,399.21,33660
2022-01-31,405.02,408,402.79,407,45831
2022-02-01,409.21,410.79,406.85,410.04,59748
2022-02-02,413.51,414.92,411.1,411.7,47556
2022-02-03,411.47,412,404,404.3,21610
2022-02-04,403.91,404.48,397.03,400.02,27268
2022-02-07,402.4,403.79,400,401.73,30230
2022-02-08,401.96,403.69,399.9,403.69,32045
2022-02-09,406.07,409.69,405.38,408.71,34908
2022-02-10,409.96,410.46,405.45,405.5,30518
2022-02-11,402.9,406,401.18,402.08,48416
2022-02-14,398.1,399.54,394.29,398.54,58911
2022-02-15,397.9,403.18,397.8,401.92,44696
2022-02-16,400.83,402.89,398.78,399.47,17065
2022-02-17,401.46,401.87,396.61,397.82,26147
2022-02-18,396.02,396.74,392,392.98,30671
2022-02-21,393.83,394.3,388.37,388.59,34158
2022-02-22,386.75,393.36,385.6,389.72,39318
2022-02-23,390.66,392.18,386.42,387.21,32157
2022-02-24,376.46,385.59,375.37,383.76,95831
2022-02-25,388.53,396.35,387.22,396.35,63558
2022-02-28,395.5,399.22,393.5,399.22,37838
2022-03-01,400.25,401.76,396,397.46,68254
2022-03-02,396.47,404.25,395.8,402.9,24646
2022-03-03,404.56,408.09,402.59,403.85,29826
2022-03-04,403.94,406.53,400.67,401.86,24045
2022-03-07,401.25,405.9,399.28,401.12,53196
2022-03-08,393.37,397.12,390.92,391.83,42320
2022-03-09,394.12,396.56,392.33,394.3,50836
2022-03-10,395.34,397.15,389.36,391.36,38335
2022-03-11,396.95,402.24,395.98,397.36,32238
2022-03-14,395.84,396.75,390.39,390.76,36042
2022-03-15,386.64,396.77,385.1,396.77,43319
2022-03-16,401.43,403.87,400.18,402.7,45816
2022-03-17,404.19,404.65,401.22,403.34,40905
2022-03-18,406.13,410.36,405.29,409.99,25743
2022-03-21,412.42,415.99,412,412.74,31145
2022-03-22,416.21,418.93,414.71,418.35,47785
2022-03-23,419.06,419.43,417,417.38,29909
2022-03-24,417.42,419.12,416.26,417.65,28573
2022-03-25,420.25,422.71,418.66,420.95,30232
2022-03-28,423.7,425.38,422.75,422.95,70214
2022-03-29,426.45,428.24,422.59,425.13,42929
2022-03-30,425.66,425.99,422.36,423.02,21854
2022-03-31,422.84,425.49,422.5,423.48,31120
2022-04-01,421.22,422.97,419.82,419.92,45019
2022-04-04,422.26,425.54,420.85,425.22,34735
2022-04-05,427.41,428.64,426,427.61,47009
2022-04-06,425.87,426.35,418.57,419.25,61212
2022-04-07,420.23,423.1,418.5,418.8,25496
2022-04-08,425.46,426.4,422.54,424.32,24090
2022-04-11,420.94,421.27,416.7,417.7,37293
2022-04-12,414.91,421.25,413.64,420,32929
2022-04-13,418.45,418.83,415.54,417.82,44719
2022-04-14,417.83,422.37,416.94,420.45,16619
2022-04-19,418.42,422.71,415.09,422.3,43990
2022-04-20,420.93,424.35,420.42,422.35,27913
2022-04-21,421.07,424.86,420.22,422.42,45506
2022-04-22,416.39,417.16,411.29,411.7,41725
2022-04-25,405.18,406.76,402.45,404.49,48020
2022-04-26,410.21,411.69,404.88,404.88,79044
2022-04-27,404.89,410.68,403.34,409.63,48781
2022-04-28,411.79,415.26,408.99,411.12,23643
2022-04-29,414.92,415.3,408.84,410.92,45645
2022-05-02,403.81,405.32,399.85,402.1,53949
2022-05-03,405.56,407.87,402.58,407.68,30824
2022-05-04,407.44,408.32,402.8,402.94,26727
2022-05-05,414.65,415.2,404.49,405.64,36981
2022-05-06,404.27,404.3,394,399.55,47731
2022-05-09,399.11,399.79,389.64,390.56,38232
2022-05-10,391.36,395.05,386.14,386.86,51808
2022-05-11,390.02,393.93,385.31,391.19,41185
2022-05-12,382.61,390.33,382.01,386.59,84786
2022-05-13,390.35,397.97,390,396.16,19725
2022-05-16,394.09,396,392.4,393.54,28172
2022-05-17,395.49,399.88,392.87,395.49,29753
2022-05-18,397.3,397.86,387.94,388.62,21347
2022-05-19,383.45,384.06,376.77,379.07,69800
2022-05-20,380.38,383.31,375.42,376.69,23303
2022-05-23,381.8,382.33,376.32,381.26,25211
2022-05-24,375.92,377.46,370.52,371.43,57393
2022-05-25,380.74,381.94,377.08,379.68,28766
2022-05-26,381.53,387.76,381.22,386.89,14692
2022-05-27,387.63,395.27,386.7,395.23,60701
2022-05-30,400.18,401.39,397.15,398.23,30971
2022-05-31,396.33,398.08,393.24,394.52,29876
2022-06-01,396.38,398.86,393.4,394.05,38932
2022-06-02,394.99,395.9,390.72,393.69,23221
2022-06-03,398.52,398.52,392.48,393.4,19065
2022-06-06,395.49,399.62,395.33,397.51,12213
2022-06-07,393.52,396.83,392.39,395.47,32943
2022-06-08,397.84,398.69,394.84,397.36,16471
2022-06-09,394.06,397.4,391.16,394.18,16617
2022-06-10,388.55,390.54,380.86,381.03,52538
2022-06-13,375.58,376.12,369.3,371.99,58033
2022-06-14,373.51,373.81,367.87,369.26,38377
2022-06-15,368.23,373.68,366.76,371.85,67509
2022-06-16,370.41,370.8,357.74,359.23,61881
2022-06-17,360.48,363.17,357.17,360.26,90312
2022-06-20,360.28,361.9,359.18,361.9,20390
2022-06-21,362.94,367.4,362.1,366.32,72189
2022-06-22,363.39,368.37,360.58,367.07,58688
2022-06-23,364.43,370.92,363.97,368.31,28931
2022-06-24,372.04,378.26,371.94,377.91,32476
2022-06-27,380.48,382.83,377.42,379.25,25284
2022-06-28,380.47,384.54,377.84,377.84,25797
2022-06-29,372.74,376.43,371.65,374.95,27885
2022-06-30,370.93,373.4,368.63,371.19,28050
2022-07-01,368.1,376.02,367.82,373.7,28202
2022-07-04,375.1,375.78,373.52,375.67,9863
2022-07-05,377.82,380.29,374.8,376.31,41214
2022-07-06,383.49,388.4,382.44,385.55,29985
2022-07-07,388.39,393.21,387.27,393.12,33810
2022-07-08,393.28,396.75,392.03,395,40021
2022-07-11,392.16,396,392.05,393.66,30942
2022-07-12,392.96,395.94,391.63,394.08,13552
2022-07-13,392.06,394,384.57,387.13,28361
2022-07-14,388.66,388.69,383,384.62,36120
2022-07-15,388.05,393.47,387,393,37103
2022-07-18,394.66,396.47,391.63,393.44,29745
2022-07-19,388.4,392.5,384.87,392.5,64898
2022-07-20,395.84,399.62,394.84,399.55,32290
2022-07-21,398.9,400.19,394.9,400.19,21922
2022-07-22,401.29,404.51,399.4,399.4,24086
2022-07-25,399.44,400.47,396.61,399.48,24250
2022-07-26,398.3,401.51,397.23,398.64,18214
2022-07-27,400.75,404,399.33,403.19,9934
2022-07-28,404.24,409.63,403.14,409.28,31234
2022-07-29,411.23,416.6,411.23,413.1,46608
2022-08-01,413.79,415.07,410.92,413.76,99493
2022-08-02,411.45,415.36,409.84,414.23,68986
2022-08-03,414.13,419.74,413.32,419.67,36779
2022-08-04,419.44,421.01,416.46,417.22,28757
2022-08-05,417.7,419.47,415.41,416.79,43730
2022-08-08,420.29,422.07,418.56,419.35,30363
2022-08-09,418.06,418.38,413.6,415.24,42829
2022-08-10,414.45,418.78,414.25,417.8,30539
2022-08-11,421.19,423.16,419.46,421.08,25990
2022-08-12,420.78,426.12,420.47,426,16995
2022-08-15,428.91,431.88,427.71,431.48,24980
2022-08-16,434.56,436.29,432.13,435.07,23666
2022-08-17,435.55,435.92,431.2,431.64,19290
2022-08-18,431.6,435.18,431.09,435.18,19606
2022-08-19,435.1,435.88,433.05,433.23,22510
2022-08-22,432.26,432.6,428.42,430.84,29859
2022-08-23,428.75,430.49,425.27,426.53,30207
2022-08-24,426.63,429.08,424.78,428.25,22482
2022-08-25,430,431.25,428.19,429.76,16686
2022-08-26,433.38,433.68,422.2,424,22672
2022-08-29,417.99,418.32,413.33,415.3,40114
2022-08-30,416.59,418.18,408.62,410.06,24672
2022-08-31,412.02,413,406.82,407.73,30007
2022-09-01,404.49,406.67,402.31,406.6,41816
2022-09-02,409.37,413.2,407.85,412.16,34405
2022-09-05,409.82,410,406.79,408.46,28419
2022-09-06,407.91,410.94,404.98,408.64,26257
2022-09-07,405.87,408.64,405.34,408.05,30234
2022-09-08,410.92,414.52,407.5,414.46,23261
2022-09-09,411.19,417,410.47,416.49,24393
2022-09-12,413.4,418.99,412.17,418.17,25289
2022-09-13,418.89,422,409.65,410.29,32507
2022-09-14,407.92,408.2,404.67,406.61,25532
2022-09-15,408.79,408.99,402.7,404.06,27390
2022-09-16,399.22,400.62,395.49,396.22,22777
2022-09-19,397.91,400.41,395.61,397.87,16366
2022-09-20,401.62,402.59,396.97,398.26,37092
2022-09-21,399.97,404.66,399.56,404.22,15996
2022-09-22,395.28,397.91,393.5,394.4,27116
2022-09-23,393.95,395,390.69,391.44,35905
2022-09-26,392.07,396.35,390.01,393.96,35958
2022-09-27,394.67,397.44,393,393,51277
2022-09-28,391.74,394.89,388.85,394.11,46576
2022-09-29,393.36,393.36,383.31,383.84,46951
2022-09-30,384.37,387.89,382,385.46,38088
2022-10-03,378.12,384.66,376,383.7,100974
2022-10-04,388.18,392.29,387.24,391.27,83802
2022-10-05,389.55,392.68,389.5,391.23,36059
2022-10-06,393.86,398,391.3,395.96,32653
2022-10-07,393.24,395.14,386.54,387.17,70495
2022-10-10,384.66,388.27,383.3,384.56,36267
2022-10-11,380.74,383.22,379.49,382.58,31885
2022-10-12,382.58,384.82,380.17,381.93,29483
2022-10-13,380.28,384.21,372.9,382.09,51417
2022-10-14,389.54,392.49,382.9,383.56,107522
2022-10-17,383.62,388.7,382.08,386.39,38674
2022-10-18,390.47,394.51,387.72,387.72,50855
2022-10-19,391.17,393.17,389.5,390.08,30354
2022-10-20,388.73,392,387.07,390.49,29826
2022-10-21,386.28,390.55,384.3,389.05,39161
2022-10-24,394.07,397.64,391.14,394.19,37515
2022-10-25,397.52,398.2,394.65,397.85,23509
2022-10-26,395.57,398.23,393.66,397.66,37825
2022-10-27,393.94,397.91,392.8,395.96,22113
2022-10-28,390.9,401.61,390.73,400.75,29377
2022-10-31,404.08,406.52,402.55,404.46,41383
2022-11-01,405.14,406.75,401.29,403.12,45975
2022-11-02,403.49,403.5,399.86,400.29,70661
2022-11-03,396.74,397.54,391.73,395.31,66477
2022-11-04,393.71,395.53,387.09,388.38,34399
2022-11-07,390.2,392.67,389,390.94,43993
2022-11-08,391.81,394.86,391.68,394.86,49078
2022-11-09,392.54,393.2,389.56,390.1,52958
2022-11-10,387.44,400,387.28,398,55758
2022-11-11,401.24,401.75,395.31,395.77,83356
2022-11-14,398.21,399.99,396.9,398.11,26478
2022-11-15,395.49,400.01,394.26,399.72,37814
2022-11-16,397.65,397.87,393.13,394.25,33015
2022-11-17,395.34,395.53,390.5,392.26,19656
2022-11-18,392.76,397.25,392.66,395.26,16626
2022-11-21,397.43,399.27,396.95,397.53,17965
2022-11-22,397.37,400.1,396.43,399.69,26698
2022-11-23,400.49,402.31,399.78,400.98,16223
2022-11-24,400.38,402.11,399.95,400.68,15609
2022-11-25,400.6,401.74,399.8,400.2,18982
2022-11-28,398.7,398.76,393.37,397.11,23710
2022-11-29,396.45,397.25,393.62,393.87,17838
2022-11-30,395.65,396.44,392.98,396.38,27695
2022-12-01,404.94,405.06,399.25,401,36804
2022-12-02,399.95,400.94,395.7,398.72,22889
2022-12-05,397.69,398.23,394.85,395.52,42304
2022-12-06,394.24,395.22,387.82,389.1,28505
2022-12-07,390.02,390.04,384.3,387.21,32242
2022-12-08,387.19,389.5,386.75,387.86,33061
2022-12-09,388.94,391,386.45,389.25,26115
2022-12-12,386.27,388.6,385.17,387.8,22416
2022-12-13,391.46,403.78,390.91,393.84,32314
2022-12-14,391.53,393.29,389.39,392.72,15881
2022-12-15,386.41,386.77,377.59,378.58,61332
2022-12-16,378.15,378.17,373.76,375.33,38790
2022-12-19,375.55,376.98,373.04,373.04,35181
2022-12-20,369.32,372.87,368.69,371.2,32046
2022-12-21,373.49,379,372.81,378.62,16688
2022-12-22,377.75,378.49,371,372.24,15963
2022-12-23,372.71,374.18,370.2,373.06,24359
2022-12-27,376.47,376.8,371.2,372.58,14831
2022-12-28,373.53,373.65,370.31,370.51,27537
2022-12-29,369.28,373.39,368.4,373.22,24101
2022-12-30,372.34,372.34,370.56,370.73,14713
2023-01-02,375.8,379.98,374.97,379.36,22416
2023-01-03,376.41,381.11,373.63,373.63,31736
2023-01-04,374.75,377.11,372.99,377.11,23408
2023-01-05,374.66,376.82,373.24,374.61,32516
2023-01-06,374.88,378.63,374.5,377.57,31513
2023-01-09,377.47,380.48,377.15,380.01,35514
2023-01-10,374.89,376.86,373.6,375.29,28113
2023-01-11,377.68,379.3,377.3,379.07,48203
2023-01-12,381.87,383.47,378.47,379.64,35412
2023-01-13,379.71,380.7,377.34,380.16,22689
2023-01-16,382.09,382.88,380.59,382.26,28209
2023-01-17,380.97,384.36,380.16,382.84,24088
2023-01-18,382.02,383.06,379.01,379.01,29862
2023-01-19,375.75,375.84,372.63,372.97,19673
2023-01-20,373.65,376.11,372.15,375.79,25578
2023-01-23,377.09,383.97,376.36,383.34,26540
2023-01-24,382.24,382.85,380.5,381.99,18008
2023-01-25,380.96,381.27,375.17,377.91,27654
2023-01-26,382.03,384.8,382,383.77,39285
2023-01-27,385.28,388.26,384.6,387.76,17689
2023-01-30,385.31,386.13,382.64,385.49,39169
2023-01-31,384.64,386,382.08,385.49,44822
2023-02-01,387.23,387.46,384.24,385.56,33804
2023-02-02,389.12,396.67,388.79,396.67,50861
2023-02-03,394.01,399.53,392.4,399.53,55982
2023-02-06,395.58,397.87,394.05,397.87,45399
2023-02-07,397.66,398.67,396.87,398.67,28801
2023-02-08,400.8,401.3,397.62,397.76,21148
2023-02-09,399.87,400.23,397.27,397.58,16030
2023-02-10,393.32,396.33,392.46,395.84,20008
2023-02-13,396,399.16,395.91,398.7,14206
2023-02-14,399.34,400.89,396.41,396.58,27607
2023-02-15,397.92,401,397.64,400.67,17072
2023-02-16,402.31,402.44,397.57,399.8,17568
2023-02-17,396.3,397.3,393.8,393.93,18583
2023-02-20,394.96,395.85,394.34,394.63,10088
2023-02-21,394.16,394.58,389.89,390.27,21515
2023-02-22,389.78,390.74,388.1,390.17,20642
2023-02-23,391.61,393.67,389.93,390.16,18888
2023-02-24,392.2,392.31,387.45,388.87,20033
2023-02-27,391.37,393.06,390.4,390.4,25804
2023-02-28,388.65,390.69,387.48,389.13,25337
2023-03-01,387.88,388.1,383,384.13,42910
2023-03-02,382.7,386.17,382.6,385.68,12891
2023-03-03,388.85,393.07,388.38,392.95,17534
2023-03-06,394.6,395.98,393.77,395.47,36931
2023-03-07,393.64,395,392.5,393.07,17709
2023-03-08,392.58,393.57,391.3,391.48,24811
2023-03-09,392.01,393.82,390.82,391.91,17208
2023-03-10,382.21,384.8,377.12,382.76,65116
2023-03-13,378.83,379.12,369.23,374.48,74448
2023-03-14,375.46,380.91,374,380.03,50412
2023-03-15,378.7,381.68,374.93,379.28,50344
2023-03-16,381.72,385.88,378.34,384.43,28044
2023-03-17,386.1,387.19,380.76,381.82,19673
2023-03-20,379.38,383.11,377.44,380.86,35368
2023-03-21,383.26,385.04,382.81,383.82,49970
2023-03-22,384.86,386.42,384.4,384.55,12392
2023-03-23,377.85,381.81,376.86,380.18,39811
2023-03-24,379.61,381.36,377.68,380.35,21722
2023-03-27,385.11,385.7,382.8,383.35,28516
2023-03-28,383.35,383.65,379.61,380.5,20793
2023-03-29,383.85,384.76,382.6,383.99,14708
2023-03-30,386.52,387.06,384.53,385.5,29059
2023-03-31,386.34,390.37,386.17,390.24,14847
2023-04-03,393.75,393.75,391.14,391.64,88177
2023-04-04,392.85,394.3,388.15,388.89,15763
2023-04-05,389.13,389.42,387.6,388.56,24711
2023-04-06,389.14,389.9,387.5,388.69,14398
2023-04-11,392.66,392.76,390.5,391.14,12921
2023-04-12,390.61,392.5,387.72,388.69,18045
2023-04-13,387.97,388.07,384.99,387.09,68396
2023-04-14,389.05,392.4,388.46,390.66,21671
2023-04-17,392.06,394.08,391.57,393.26,18723
2023-04-18,394.22,395.67,392.5,393.34,26669
2023-04-19,392.73,393.72,391.6,392.86,27908
2023-04-20,392.44,392.81,390.38,391.35,21574
2023-04-21,391.64,392.04,389.8,390.49,10444
2023-04-24,389.78,390.5,388.54,388.88,17742
2023-04-25,388.11,389.46,387.13,388.38,39436
2023-04-26,386.24,386.34,381.5,383.77,16743
2023-04-27,383.29,386.52,382.83,386.51,26493
2023-04-28,389.31,392.5,389.02,390.89,23538
2023-05-02,394.13,395,387.23,387.53,34702
2023-05-03,389.01,389.43,386.83,387.54,19286
2023-05-04,384.58,385.77,381.49,383.57,23495
2023-05-05,383.94,389.69,383.48,388.88,30511
2023-05-08,388.89,390.5,388.87,389.79,20722
2023-05-09,390.61,391.63,390.06,391.63,9163
2023-05-10,390.97,393.14,389.7,391.29,30359
2023-05-11,394.73,395.31,391.48,393.2,18911
2023-05-12,393.91,396,393.5,394.03,14990
2023-05-15,395.83,396.55,392.91,394.78,23536
2023-05-16,394.52,395.14,393.87,394.81,15944
2023-05-17,394.18,397,394.18,396.47,17451
2023-05-18,399.36,404.22,399.35,403.56,10540
2023-05-19,405.15,406.21,402.82,402.82,34111
2023-05-22,403,404.76,401.88,404.37,15285
2023-05-23,403.63,404.87,402.69,403.76,18694
2023-05-24,399.81,400.32,396.99,397.93,17370
2023-05-25,401.36,403.63,400.59,401.59,20701
2023-05-26,402.65,408.52,401.17,407.5,20156
2023-05-29,409.34,409.89,409.06,409.82,10973
2023-05-30,410.38,411.46,407.8,408.38,22101
2023-05-31,408.24,410,406.08,406.91,23126
2023-06-01,408.11,409.23,404.72,407.62,30794
2023-06-02,409.07,415.56,408.86,414.99,24447
2023-06-05,416.55,418.38,415.52,417.21,151345
2023-06-06,414.92,417.65,414.71,416.62,19863
2023-06-07,417.36,417.83,415.67,416.36,16852
2023-06-08,414.63,415.19,412.2,413.92,17312
2023-06-09,414.42,418.13,413.77,416.47,22000
2023-06-12,417.82,417.92,415.94,417.59,18622
2023-06-13,419.66,421.7,418.39,421.53,28886
2023-06-14,421.73,422.62,419.76,421.18,27198
2023-06-15,420.71,420.91,416.61,419.96,29368
2023-06-16,420.67,422.9,420.44,421.86,33215
2023-06-19,420.12,421.14,419.41,419.71,11708
2023-06-20,419.23,420.2,417.3,418.17,23454
2023-06-21,418.17,418.99,414.63,415.69,18657
2023-06-22,413.19,415.28,411.62,415.27,31254
2023-06-23,416.16,418.86,415.21,416.14,25972
2023-06-26,415.77,416.43,414.3,414.68,13600
2023-06-27,413.85,414.16,411.92,414.14,25767
2023-06-28,416.12,418.6,415.12,418.2,17324
2023-06-29,418.4,420.44,417.65,420.26,32633
2023-06-30,421.8,424.49,421.76,423.88,32104
2023-07-04,425.35,426.12,425.25,425.94,17107
2023-07-05,425.21,426.93,423.61,426.5,22897
2023-07-06,425.01,425.55,420.4,420.98,17102
2023-07-07,421.56,422.7,419.44,420.15,14841
2023-07-10,417.07,419.25,416.55,417.92,13685
2023-07-11,417.81,419.8,417.16,418.96,11373
2023-07-12,419.93,421.69,419.72,419.72,16854
2023-07-13,419.19,419.9,418.45,418.5,11787
2023-07-14,418.84,420.29,417.9,419.12,19892
2023-07-17,417.6,419.42,416.95,419.1,16091
2023-07-18,418.51,421.34,417.8,421.34,19634
2023-07-19,423.51,426.5,422.7,425.75,26310
2023-07-20,423.51,426.01,423.36,426.01,12959
2023-07-21,425.06,427.09,425.06,426.72,10011
2023-07-24,424.69,429.22,424.5,428.54,19833
2023-07-25,429.3,431.4,428.5,430.83,16718
2023-07-26,430.8,430.92,428.79,429.09,14541
2023-07-27,430.56,436.76,429.74,435.25,26982
2023-07-28,432.53,434.09,431.65,433.54,24336
2023-07-31,433.34,434.38,432.42,433.51,21255
2023-08-01,435.62,435.9,434.2,434.95,41345
2023-08-02,431.9,433.1,429.89,431.41,24728
2023-08-03,430.11,430.69,427.48,429,29023
2023-08-04,430.13,431.1,426.3,427.66,29338
2023-08-07,426.76,427.53,425.87,426.29,39318
2023-08-08,427.29,428.49,425.32,425.77,23995
2023-08-09,428.87,429.12,424.5,424.94,16638
2023-08-10,425.49,427.96,423.9,426.38,16895
2023-08-11,424.63,425.39,422.74,424.25,23275
2023-08-14,425.58,429.01,425.25,427.94,27642
2023-08-15,428.97,429,423.86,425.74,30520
2023-08-16,424.35,425.5,423.7,425.1,16869
2023-08-17,423.38,423.98,421.79,422.2,17799
2023-08-18,419.71,419.99,416.85,418.7,63295
2023-08-21,419.31,421.32,418.5,418.88,18297
2023-08-22,420.9,424.78,420.54,423.42,21578
2023-08-23,423.26,426.11,423.25,425.75,25552
2023-08-24,429.82,430.27,424.71,424.77,16054
2023-08-25,423.75,425.47,422.1,424.87,27156
2023-08-28,425.73,428.92,425.5,427.27,14849
2023-08-29,428.81,431.21,427.58,431.06,19881
2023-08-30,432.08,432.68,429,431.17,16466
2023-08-31,432.83,436.41,432.74,435.42,17748
2023-09-01,434.39,437.45,434.29,436.64,30762
2023-09-04,437.47,437.79,436.63,436.75,16998
2023-09-05,436.88,440.12,436.52,439.24,24986
2023-09-06,437.01,437.09,434.63,434.95,17755
2023-09-07,434.22,434.9,432.7,434.36,17338
2023-09-08,434.86,435.88,433.19,435.88,23685
2023-09-11,435.47,436.92,434.4,434.89,17906
2023-09-12,436.44,436.82,434.87,435.6,20413
2023-09-13,434.08,435.54,433.21,435.54,22131
2023-09-14,435.61,440.91,435.34,440.38,12228
2023-09-15,442.73,442.98,436.87,437.14,21801
2023-09-18,436.87,437,435.01,436.05,20623
2023-09-19,435.57,436.41,432.16,432.89,19176
2023-09-20,434.87,435.67,433.85,434.07,11298
2023-09-21,431.49,431.59,426.7,427.31,33394
2023-09-22,425.31,427.21,424.83,426.97,22032
2023-09-25,425.14,427.43,423.15,427.13,38421
2023-09-26,426.38,426.5,423,423.49,33086
2023-09-27,423.89,426.32,423.89,424.54,22833
2023-09-28,425.82,425.93,422.8,425.47,33327
2023-09-29,425.39,428.29,425.1,426.27,18634
2023-10-02,425.82,427.73,424.28,427.33,39036
2023-10-03,428.08,428.54,422.2,422.38,24835
2023-10-04,420.38,422.34,419.47,421.47,30801
2023-10-05,423.27,423.92,419.87,420.45,30192
2023-10-06,421.99,423.03,419.5,422.71,34189
2023-10-09,424.26,426.53,423.56,426.53,35067
2023-10-10,429.56,431.91,428,431.68,34537
2023-10-11,429.98,431.52,428.93,429.15,29382
2023-10-12,432.01,434.13,431.91,433.47,19561
2023-10-13,432.41,434.8,430.69,431.86,21834
2023-10-16,431.11,434.52,429.57,433.97,29628
2023-10-17,433.38,433.66,429.94,432.68,18239
2023-10-18,431.14,432.28,430.17,431.01,12060
2023-10-19,427.59,428.4,425.12,426.13,19066
2023-10-20,421.62,422.59,417.9,418.19,22815
2023-10-23,418.07,418.52,413.63,416.58,44602
2023-10-24,414.56,420.39,414.29,418.92,22553
2023-10-25,417.82,419.48,415.61,416.09,19480
2023-10-26,412.39,414.67,411.95,412.99,27872
2023-10-27,411.66,412.5,408.83,409.31,29531
2023-10-30,410.51,410.96,407.19,409.2,26150
2023-10-31,409.54,413.18,409.2,413.18,35243
2023-11-01,414.56,418.88,413.86,418.17,23252
2023-11-02,419.59,423.98,418.96,423.98,38882
2023-11-03,424.51,425.84,423.38,425.58,20042
2023-11-06,425.16,425.74,424.46,425.04,23430
2023-11-07,425.86,429.22,425.72,429.12,21310
2023-11-08,428.58,430.08,427.34,427.67,20591
2023-11-09,428.47,430.28,426.89,428.49,15886
2023-11-10,427.57,429.46,425.43,429.13,24705
2023-11-13,430.77,433.3,430.61,431.89,23409
2023-11-14,431.81,435.1,430.5,434.07,26674
2023-11-15,433.94,436.36,433.8,435.17,30151
2023-11-16,434.89,434.95,432.42,433.26,18284
2023-11-17,436.27,437.45,433,433.55,20757
2023-11-20,432.58,434.07,432.19,434.04,17489
2023-11-21,434.54,435.09,433.25,434.28,16224
2023-11-22,435.36,439.66,435.36,438.83,22186
2023-11-23,437.56,438.55,437,438.09,11403
2023-11-24,437.6,438.26,435.5,436.51,25675
2023-11-27,435.32,436.57,434.8,436.28,16524
2023-11-28,435.19,435.35,433.05,435.05,20416
2023-11-29,434.92,437.6,434.54,435.5,31088
2023-11-30,436.02,438.29,435.78,436.81,24946
2023-12-01,439.2,441.7,438.62,441.24,49774
2023-12-04,441.8,442.41,440.51,440.87,28679
2023-12-05,441.57,443.93,440.28,443.59,28429
2023-12-06,444.91,445.79,443.74,443.74,28593
2023-12-07,442.5,445.34,441.92,444.78,18859
2023-12-08,445.03,448.1,444.43,447.37,25763
2023-12-11,448.35,450.08,447.3,448.94,33143
2023-12-12,449.78,450.1,448.34,449.75,25617
2023-12-13,451.88,452.4,450.97,451.97,22368
2023-12-14,454.85,454.97,449.56,449.86,47394
2023-12-15,451.36,454.06,450.97,453.45,46049
2023-12-18,453.46,455.26,453.09,454.84,26105
2023-12-19,454.9,455.19,453.67,454.66,28560
2023-12-20,455.75,456.9,454.78,456.34,23666
2023-12-21,452.85,453.37,450.8,451.66,30201
2023-12-22,452.27,453.99,451.19,453.23,17804
2023-12-27,453.58,453.91,449.48,450.57,20040
2023-12-28,452.12,453.33,450.9,452.95,21136
2023-12-29,454.03,454.99,453.06,454.04,17269
2024-01-02,454.88,455.04,453,454.19,65691
2024-01-03,453.95,454.75,452.46,453.03,39616
2024-01-04,452.22,452.47,450.44,452.04,20749
2024-01-05,450.01,451.19,448.94,450.54,64245
2024-01-08,450.24,451.72,449.04,451.37,48065
2024-01-09,455.27,456.16,453.48,456.15,33174
2024-01-10,456.46,457.54,455.48,456.16,36246
2024-01-11,458.5,459.17,454.37,454.67,27444
2024-01-12,456.28,458.89,456,457.29,27452
2024-01-15,458.04,458.58,457.3,458.06,39147
2024-01-16,457.29,460.93,456.99,460.46,19100
2024-01-17,457.69,458.58,456.78,458.51,38310
2024-01-18,457.05,460.37,456.78,460.09,22278
2024-01-19,462.1,463.72,461.79,462.87,21492
2024-01-22,467.22,469.71,466.98,468.03,38767
2024-01-23,467.06,470.18,466.63,469.3,30032
2024-01-24,471.02,471.9,469.39,471.06,29892
2024-01-25,469.67,473.92,469.1,473.83,23014
2024-01-26,472.78,473.92,471.67,473.31,22353
2024-01-29,473.66,475.87,473.41,475.15,25427
2024-01-30,477.2,478.03,475.73,476.97,29137
2024-01-31,476.46,476.73,471.43,472.53,27809
2024-02-01,472.84,473.36,469.86,470.58,40941
2024-02-02,475.62,481.21,474.39,481.21,43635
2024-02-05,481.7,483.84,481.23,482.5,32642
2024-02-06,483.09,484.5,482.19,483.03,23236
2024-02-07,482.67,486.9,482.54,486.01,21226
2024-02-08,486.41,487.77,485.96,486.68,18819
2024-02-09,487.12,488.72,486.87,487.58,22228
2024-02-12,488.56,491.7,488.5,491.7,50424
2024-02-13,489.28,489.49,484.62,486.66,22902
2024-02-14,486.98,488.8,486.1,486.94,25147
2024-02-15,490.38,490.73,487.76,488.82,22191
2024-02-16,491.2,492.12,488.42,490.18,20458
2024-02-19,487.91,489.29,487.35,488.62,16881
2024-02-20,487.19,487.27,482.2,482.9,16806
2024-02-21,483.03,483.51,481.82,482.52,21913
2024-02-22,487.21,492.26,486.67,492.26,24520
2024-02-23,493.53,496.12,493.17,494.27,23346
2024-02-26,493.27,493.63,491.9,492.2,21354
2024-02-27,490.91,492.11,489.91,490.64,22184
2024-02-28,492.43,492.92,490.8,492.07,22678
2024-02-29,491.18,494.33,489.55,493.42,23808
2024-03-01,496.15,497,494.12,496.25,40348
2024-03-04,496.99,497.88,496.32,496.5,27212
2024-03-05,496.17,496.24,491.36,492.29,30171
2024-03-06,492.29,493.92,491.8,493.56,27944
2024-03-07,491.46,496.09,490.65,494.83,21171
2024-03-08,496.17,498,494.4,495.25,24653
2024-03-11,491.62,492.22,490.02,492.08,28577
2024-03-12,494.4,498.19,492.41,496.58,19373
2024-03-13,498.11,498.19,496.12,496.49,13896
2024-03-14,497.96,498.55,495.37,497.46,16663
2024-03-15,497.88,498.9,493.5,493.72,22321
2024-03-18,495.64,499.69,494.93,499.16,21972
2024-03-19,498.67,499.86,496.69,499.84,18887
2024-03-20,501.06,502.78,500.98,501.5,13090
2024-03-21,505.64,509.52,504.72,509.1,23838
2024-03-22,509.48,510.66,508.24,509.06,18315
2024-03-25,508.72,509.22,506.24,507.22,26659
2024-03-26,507.38,508.46,506.4,507.92,35315
2024-03-27,507.72,509.46,506.82,507.5,36097
2024-03-28,511.3,512.24,510.72,511.5,19101
2024-04-02,513.68,514.12,506.12,507.76,44010
2024-04-03,508.3,508.62,506.44,507.8,20550
2024-04-04,507.34,508.7,506.54,508.06,24110
2024-04-05,501.02,505.62,500.3,504.86,41146
2024-04-08,504.88,506.58,504.1,504.96,25192
2024-04-09,504.7,505.2,500.1,501.84,23564
2024-04-10,505.58,506.6,500.72,504.96,31506
2024-04-11,505.84,507.1,503.54,506.64,24144
2024-04-12,512.28,512.8,508.6,509.64,30984
2024-04-15,508.82,511.2,507.18,508.12,28100
2024-04-16,501.06,502.16,498.56,500.66,35850
2024-04-17,499.74,502.2,497.24,497.24,21271
2024-04-18,496.75,499,495.2,498.08,24740
2024-04-19,492.61,495.07,492.04,492.59,43456
2024-04-22,492.72,494.8,491.48,492.44,30117
2024-04-23,495.77,498.7,493.71,497.96,30351
2024-04-24,500.58,501,497.83,498.69,88591
2024-04-25,495.2,495.47,490.9,492.02,19831
2024-04-26,499.24,503.26,497.78,502.22,21762
2024-04-29,502.22,504.26,501.4,501.68,22420
2024-04-30,502.56,502.98,500.08,500.58,30262
2024-05-02,495.23,497.65,493.95,495.12,42811
2024-05-03,498.05,501.36,497.25,499.97,21177
2024-05-06,502.28,503.92,501.88,503.82,30242
2024-05-07,506.66,507.6,506.08,507.38,24405
2024-05-08,508.42,508.86,505.9,507.8,25088
2024-05-09,507.96,508.8,506.86,508.6,10709
2024-05-10,510.42,511.44,509.84,509.92,18193
2024-05-13,511.02,511.16,509.1,509.42,17910
2024-05-14,509.72,510.46,507.8,508.82,20272
2024-05-15,510.48,512.92,509.58,512.66,23216
2024-05-16,514.68,516.12,514.46,515.5,19228
2024-05-17,513.84,515.32,512.8,513.22,19757
2024-05-20,514.26,516.44,514.16,516.44,10995
2024-05-21,515.2,516,514.3,515.7,27867
2024-05-22,516.24,517.62,516.1,517.06,19374
2024-05-23,519.4,520.54,515.78,517.58,39433
2024-05-24,513.8,515.7,512.84,514.66,21274
2024-05-27,514.9,515.54,514.06,515.54,17436
2024-05-28,515.18,516,513.82,514.16,14257
2024-05-29,513.62,514.48,511.6,514.08,17135
2024-05-30,511.52,512.1,509.5,510.2,15372
2024-05-31,509.44,509.66,505.58,506.28,20404
2024-06-03,514.34,514.9,510,510.46,37964
2024-06-04,510.38,512.06,508.82,509.74,20725
2024-06-05,513.22,516.96,513.12,516.82,25923
2024-06-06,518.76,520,518,518.54,17593
2024-06-07,518.94,523.52,517.7,522.7,21533
2024-06-10,523.6,525.24,522.46,525.1,26402
2024-06-11,525.06,526.42,523.8,525.7,20916
2024-06-12,528.06,529.8,526.82,528.58,25418
2024-06-13,530.5,531.56,529.1,531.2,38383
2024-06-14,533.96,535.78,531.82,534.28,35269
2024-06-17,535.96,536.2,533.56,535.2,31973
2024-06-18,538.16,539.3,536.84,537.82,36327
2024-06-19,539.6,539.94,538.52,539.18,20546
2024-06-20,541.24,542.66,539.94,540.82,22413
2024-06-21,539.46,540.8,538.38,539.66,18909
2024-06-24,538.94,539.46,536.24,538.96,21890
2024-06-25,536.12,538.96,535.52,538.14,23880
2024-06-26,540.2,541.28,538.64,539.34,15947
2024-06-27,539.8,540.66,538.74,539.06,19508
2024-06-28,542.2,544.58,540.96,541.5,21426
2024-07-01,537.14,537.88,534.76,537.56,52516
2024-07-02,536.94,538.9,535.78,538.9,16921
2024-07-03,540.38,540.84,537.9,539.5,20307
2024-07-04,541.1,541.58,539.78,539.78,16679
2024-07-05,540.6,541.24,539.08,540.8,28650
2024-07-08,542,543.42,541.46,542.66,28538
2024-07-09,543.82,545.12,543.7,544.74,23005
2024-07-10,543.98,545.58,543.98,545.58,25889
2024-07-11,548.58,548.72,543,543.06,38381
2024-07-12,543.2,545.36,540.7,545.14,24526
2024-07-15,545.88,547.92,544.74,546.92,28066
2024-07-16,546.06,549.16,544.58,547.78,29510
2024-07-17,546.12,546.12,540.26,541.08,32030
2024-07-18,541.78,543.34,537.76,537.8,30365
2024-07-19,537.2,538.86,534.56,534.56,28920
2024-07-22,535.42,539.46,535.02,536.78,27383
2024-07-23,538.58,543.04,538.02,542.66,24346
2024-07-24,537.02,538.34,530.84,531.52,24085
2024-07-25,529.96,530.98,525.2,529.9,33344
2024-07-26,527.94,531.08,527.5,529.76,23859
2024-07-29,533.44,536.34,531.3,531.3,21065
2024-07-30,533.52,536,530.56,530.76,24213
2024-07-31,534.8,539.32,534.32,539.04,23573
2024-08-01,541.3,543.96,535.84,535.84,40409
2024-08-02,527.18,528.06,512.56,514.1,55322
2024-08-06,506.44,510.16,502,507.44,74921
2024-08-07,509.22,515.56,507.8,513.2,117173
2024-08-08,502.38,513.44,499.72,512.5,41326
2024-08-09,513.88,517.32,512.4,514.78,39318
2024-08-12,516.96,518.82,514.5,515.88,34254
2024-08-13,518.28,521.02,516.86,520.98,56125
2024-08-14,522.06,522.3,517.98,522.26,37348
2024-08-15,523.82,532.02,522.72,531.58,39535
2024-08-16,534.46,534.56,529.9,532.1,95716
2024-08-19,531.08,533,530.2,532.58,21593
2024-08-20,535.16,535.96,531.66,532.3,25037
2024-08-21,532.28,535.04,531.5,532.4,24047
2024-08-22,532.84,536.28,531.9,533.14,14919
2024-08-23,531.12,534.64,528.78,531.48,19561
2024-08-26,532.06,535.2,530.88,531.34,16655
2024-08-27,531.92,532.94,529.72,531.62,11935
2024-08-28,533.34,535.14,530.5,531.04,17821
2024-08-29,531.06,538.48,531,537.5,14635
2024-08-30,534.92,537.5,534.56,534.98,22356
2024-09-02,538.42,539.98,537.34,539.48,28385
2024-09-03,539.68,540.26,532,533.9,20910
2024-09-04,526.14,529.44,525.6,527.56,26711
2024-09-05,526,528.78,522.16,523.72,28354
2024-09-06,521.44,526.52,515.8,517.12,28503
2024-09-09,519.7,523.84,519.6,522.74,37979
2024-09-10,522.86,526.92,522.7,525.4,17197
2024-09-11,524.78,527.68,519.34,521.84,21729
2024-09-12,534.36,535,530.3,532.82,24238
2024-09-13,534.76,536.92,533.72,536.92,14247
2024-09-16,535.04,535.86,532.64,533.84,44103
2024-09-17,536,539.2,535.62,538.14,19496
2024-09-18,537,537,534.82,535.52,16021
2024-09-19,539.34,544.14,538.7,542.06,31642
2024-09-20,540.34,541.38,538.5,539.72,23766
2024-09-23,541.04,544.54,541,543.44,20737
2024-09-24,545,545.26,540.5,542.84,26264
2024-09-25,540.56,543.48,540.3,543.38,20299
2024-09-26,546.6,548.52,542.58,542.66,23609
2024-09-27,545.38,546,543.5,544.86,21187
2024-09-30,542.98,544.5,540.16,544.2,29754
2024-10-01,547.34,550.14,543,545.68,67825
2024-10-02,544.82,547.88,543.04,547.72,24061
2024-10-03,546.62,548.58,544.54,547.54,25064
2024-10-04,546.7,555.28,546.4,551,34426
2024-10-07,554,554,551.5,553.06,47021
2024-10-08,548.46,554.2,548.1,553.84,33752
2024-10-09,553.98,558.84,553.42,558.84,32300
2024-10-10,560.18,561,557.9,560.2,28545
2024-10-11,559.28,562.7,557.7,561.74,31243
2024-10-14,563.08,568.3,562.82,567.08,26260
2024-10-15,569.92,570.26,566.12,567.14,45617
2024-10-16,566.12,567.38,564.4,566.82,29553
2024-10-17,570.6,575.58,570.3,572.38,34874
2024-10-18,571,572.08,569.72,571.14,29304
2024-10-21,571.72,572.54,569.5,569.82,29447
2024-10-22,571.32,572.14,569.4,571.68,22767
2024-10-23,573.78,574.54,570.02,570.34,30994
2024-10-24,570.78,572.18,568.78,568.98,21910
2024-10-25,568.96,572.88,568.42,571.68,33049
2024-10-28,572.12,572.48,569.9,570.1,29186
2024-10-29,570.56,572.2,569.5,571.26,21989
2024-10-30,572,572.1,568.04,569.42,22450
2024-10-31,562.92,563.74,557.86,558.66,75976
2024-11-01,557.42,562.68,556.4,561.74,50575
2024-11-04,557.48,557.96,554.52,556.38,50010
2024-11-05,556.56,560,555.32,559.4,51303
2024-11-06,581.04,586.72,579.58,582.46,100503
2024-11-07,584.58,585.58,582.48,585.46,53671
2024-11-08,588.06,591.94,585.24,591.94,34928
2024-11-11,595.42,599.12,595.22,597.6,70160
2024-11-12,597.54,599.24,596.96,597.96,45345
2024-11-13,596.28,600.66,593.98,600.66,275926
2024-11-14,600.94,604.76,597.88,599.08,173107
2024-11-15,594.06,594.66,590.18,590.18,44608
2024-11-18,590.22,591.78,587.98,591.78,265018
2024-11-19,591.3,592.26,584.28,591.42,48939
2024-11-20,594.08,595.32,589.76,591.74,219633
2024-11-21,594.22,600.18,592.32,599.36,34346
2024-11-22,601.14,609,600.84,606.76,45431
2024-11-25,607.46,607.9,603.46,605.14,49825
2024-11-26,605.2,608.24,602.82,607.64,157224
2024-11-27,607.04,607.18,600.8,601.3,35915
2024-11-28,604.36,604.72,603.02,604.06,160635
2024-11-29,603.1,606.04,602.64,605.88,70434
2024-12-02,608.1,612.14,606.58,611,183252
2024-12-03,610.46,610.62,607.96,609.34,74033
2024-12-04,611.06,614.26,609.8,611.36,281049
2024-12-05,611.64,612.92,609.18,610.34,113794
2024-12-06,608.64,612.8,606.74,610.74,197853
2024-12-09,611.46,611.78,606,608.02,114010
2024-12-10,608.46,612.06,608.06,611.1,44408
2024-12-12,613.22,615.6,611.5,613.5,33266
2024-12-13,614.7,615.08,609.66,611.44,31454
2024-12-16,610.78,614.24,610.08,613.18,52944
2024-12-17,611.94,613.16,609.28,611.6,34593
2024-12-18,612.34,614.7,610.64,613.74,32532
2024-12-19,600.48,605.24,599.26,603.76,93786
2024-12-20,598.02,606.42,591.64,606.42,85596
2024-12-23,606.52,607.18,602.62,604.8,48164
2024-12-27,612.62,613.24,605,607.08,55294
2024-12-30,605.88,607.3,600.14,600.78,42396
2025-01-02,605.68,611,604.82,610.76,92989
2025-01-03,607.08,610.42,605.4,610.42,47886
2025-01-06,611.04,614.5,608.4,613.68,51279
2025-01-07,608.26,612.24,606.76,607.56,67173
2025-01-08,607.84,609.98,605.64,608.38,58274
2025-01-09,607.48,608.94,606.48,608.88,23568
2025-01-10,608.18,609.52,601.44,602.92,42980
2025-01-13,602.52,604.58,599.02,602.6,49463
2025-01-14,606.16,607.58,600.2,601.28,31702
2025-01-15,601.26,612.26,601.18,611.78,45365
2025-01-16,615.72,616.08,611.92,612.7,28298
2025-01-17,613.56,619.74,612.96,618.68,49178
2025-01-20,617.72,618.14,612.66,614.56,120992
2025-01-21,614.98,618.44,613.76,614.38,71623
2025-01-22,618.34,621,616.4,620.92,197186
2025-01-23,620.24,622.94,618.82,621.28,119967
2025-01-24,620.02,620.44,616.76,617.64,43251
2025-01-27,608.96,609.18,597.62,604.94,171375
2025-01-28,612.58,616.3,609.74,614.06,63436
2025-01-29,618.86,619.98,615.28,615.92,49679
2025-01-30,617.72,619.48,613.36,615.5,62603
2025-01-31,621.5,625.6,621.42,623.82,64623
2025-02-03,616.84,618.62,612.92,617.86,150028
2025-02-04,616.3,617.62,613.34,617.48,49877
2025-02-05,612.96,614.66,611.06,614.66,56087
2025-02-06,620.54,623.12,620.54,621.58,33678
2025-02-07,621.22,623.7,619,620.2,38234
2025-02-10,622.14,624.9,621.3,624.04,32191
2025-02-11,622.86,623.3,620.7,622.16,29065
2025-02-12,621.04,622.16,616.08,617.42,47456
2025-02-13,617.14,620.44,615.28,619.56,26795
2025-02-14,621,621.24,617.74,618.24,33008
2025-02-17,620.36,621.54,619.88,620.66,252417
2025-02-18,622.44,624.18,620.42,621.06,248484
2025-02-19,623.22,625.3,621.96,625.12,33035
2025-02-20,623.68,624.64,617.34,618.16,56215
2025-02-21,618.88,621.84,616.8,618.42,56768
2025-02-24,611.5,613.78,607,610.36,64751
2025-02-25,606.78,607.84,597.84,598.56,59591
2025-02-26,604.94,608.599,603.9,606.64,42459
2025-02-27,606.6,610.76,603.28,608.3,28828
2025-02-28,600.12,602.94,596.5,601.12,56370
2025-03-03,609.06,609.48,599.86,601,77255
2025-03-04,592.56,593.24,578.72,580.42,136938
2025-03-05,579.18,579.42,566.82,567.38,93478
2025-03-06,572.22,572.76,563.58,568.46,126033
2025-03-07,564.68,566.12,556.5,556.94,88391
2025-03-10,562.88,563.1,552.32,553.88,140976
2025-03-11,549.02,550.4,540.06,542.34,119847
2025-03-12,544.9,552,540.2,547.16,92271
2025-03-13,544.46,549.42,541.22,542.52,39048
2025-03-14,544.479,550.5,542.28,549,91607
2025-03-17,547.88,552.919,546.94,549.719,51453
2025-03-18,550.5,552.44,544.4,546.32,77167
2025-03-19,547.26,553.94,547.1,552.92,35341
2025-03-20,556.8,561.14,552,556.2,60248
2025-03-21,554.82,555.42,549.96,554.52,55966
2025-03-24,560.96,567.72,560.54,567.14,60891
2025-03-25,567.56,568.86,566.2,567.34,42584
2025-03-26,569,570.76,564.2,565,39847
2025-03-27,563.74,565,558.96,562.28,32412
2025-03-28,558.98,561.84,548.58,549.04,41597
2025-03-31,543.14,547.02,539.88,547.02,64711
2025-04-01,552.16,554.96,546.82,553.82,56113
2025-04-02,554.02,554.5,547.22,553.66,39238
2025-04-03,531.9,535,518.3,523.3,117521
2025-04-04,516.68,519.4,496.11,501.08,185003
2025-04-07,467.71,509.86,465,487.44,349547
2025-04-08,497.37,513.9,497.21,505,137741
2025-04-09,479.79,486.89,467.75,479.34,0
2025-04-10,525.32,525.94,498.35,498.35,119862
2025-04-11,499.65,499.78,485.33,492.63,106697
2025-04-14,505.08,514.24,504.6,506.46,97423
2025-04-15,508.6,513.62,504.92,510.5,54759
2025-04-16,498.97,505.92,496.41,502,73981
2025-04-17,498.12,500.28,491.77,494.92,28265
2025-04-22,482.57,489.1,480.14,488.08,56922
2025-04-23,501.78,513.6,501,504.72,64393
2025-04-24,502.02,511.34,498.36,510.38,48028
2025-04-25,517.54,517.74,510.5,512.68,33712
2025-04-28,517.5,519.82,513.12,513.46,37220
2025-04-29,516.5,518.8,512.8,516.3,25039
2025-04-30,518.86,520.48,508.28,517.7,48038
2025-05-02,529.3,533.44,526.98,532.36,58213
2025-05-05,530.82,532.48,527.88,531.94,48522
2025-05-06,529.54,529.7,523.38,528.42,32913
2025-05-07,527.46,528.9,524.48,526.14,31009
2025-05-08,535.6,537.38,530.8,536.88,30248
2025-05-09,536.78,539.46,532.5,535.48,35165
2025-05-12,554.64,561.64,553.78,556.52,84888
2025-05-13,557.78,563.78,556.9,561.46,57791
2025-05-14,560.5,561.48,555.9,560.48,42965
2025-05-15,557.54,562,555.5,562,53017
2025-05-16,561.54,566.2,561.24,566.18,33963
2025-05-19,559.84,562.94,555,562.2,48214
2025-05-20,562.02,564.76,561.22,562.54,32368
2025-05-21,556.02,557.52,552.1,556.74,30991
2025-05-22,550.9,553.28,547.52,552.159,27471
2025-05-23,549.9,550.56,540.3,544.859,44547
2025-05-26,548.039,550.58,548.039,549.52,21836
2025-05-27,550.179,554.539,548.64,554.479,17857
2025-05-28,556.979,559.64,554.739,556.739,36747
2025-05-29,564.239,566.52,553.14,553.659,25416
2025-05-30,554.12,555.919,550.62,553.32,23678
2025-06-02,549.28,551.719,546,549.76,47471
2025-06-03,551.919,558.4,550.159,558.4,18136
2025-06-04,559.14,560.44,556.3,557.8,21766
2025-06-05,557.52,559.3,552.34,558.159,34331
2025-06-06,556.3,563.1,555.62,560.14,37030
2025-06-09,559.58,562.34,559,560.34,26839
2025-06-10,561.34,562.38,559.62,560.979,25917
2025-06-11,562.539,564.979,560.919,561.359,31494
2025-06-12,556.7,557.039,549.1,555.56,33952
2025-06-13,550.64,556.679,549.88,553.919,36978
2025-06-16,553.34,556.5,552.08,555.94,33821
2025-06-17,553.94,557,552.02,555.84,29768
2025-06-18,554.739,557.679,554.4,555.6,28281
2025-06-19,554.64,554.78,549.7,550.84,19791
2025-06-20,552.32,557.32,551.28,553.419,18352
2025-06-23,552.28,556.6,552.239,552.76,32280
2025-06-24,558.859,559.56,556.14,558.02,31992
2025-06-25,560,561.479,558.679,558.679,23589
2025-06-26,557.12,559.179,555.38,558.359,40163
2025-06-27,560.34,562.679,558.679,562.479,24840
2025-06-30,562.9,564.239,560.8,561.64,27916
2025-07-01,561.5,561.58,557.76,561,45150
2025-07-02,563.219,563.859,560.32,562.5,40201
2025-07-03,563.479,569.8,562.859,569.179,28845
2025-07-04,566.56,566.56,564.2,565.059,17839
2025-07-07,567.12,570.28,566.7,567.179,34851
2025-07-08,565.94,569,565.56,567.08,22264
2025-07-09,566.4,571.34,566,568.8,18773
2025-07-10,567.859,573.539,567.5,573.539,20580
2025-07-11,571.859,571.96,568.28,570.659,26365
2025-07-14,569.28,571.479,568.02,571.26,20473
2025-07-15,574.6,576.32,573.419,576.14,28412
2025-07-16,571.239,576.8,566.159,566.159,35291
2025-07-17,577,578.94,575.979,578.719,20640
2025-07-18,579.56,579.58,575.9,576.479,20056
2025-07-21,578.059,579,576.34,577.14,29931
2025-07-22,575.44,576.52,572.08,572.34,22739
2025-07-23,574.96,577,574.44,575.84,34639
2025-07-24,577.02,578.9,576,577.659,21025
2025-07-25,578.659,580.88,577.979,580.08,19904
2025-07-28,584.28,586.9,583.88,586.9,28870
2025-07-29,591.179,593.159,589.28,589.44,33211
2025-07-30,588.84,593.96,588.179,592.76,24201
2025-07-31,598.32,600.739,594,595.82,36317
2025-08-01,590.02,590.14,572.78,576.039,78770
2025-08-04,577.1,582.62,577.1,582.2,29404
2025-08-05,586.219,587.159,579.78,579.78,34167
2025-08-06,582.84,583.739,577.919,581.38,19548
2025-08-07,581.38,585.739,581.2,581.239,24172
2025-08-08,581.78,584.9,581.5,583.179,16189
2025-08-11,586.179,588.26,584.859,587.58,19965
2025-08-12,586.6,589,584.78,587,23631
2025-08-13,588.56,590.94,587.4,587.679,28227
2025-08-14,589.719,592.419,588.159,591.239,30556
2025-08-15,593.14,593.159,587.78,588.28,25645
2025-08-18,588.679,590.38,587.52,589.059,25309
2025-08-19,589.039,590.6,587.4,588.26,22309
2025-08-20,587.219,587.679,580.6,584.26,28152
2025-08-21,587.46,587.58,583.679,587.059,21391
2025-08-22,586.159,591,585.94,590.3,27078
2025-08-25,588.739,590.82,588.32,590.78,25920
2025-08-26,590.8,591.5,588.919,589.94,25034
2025-08-27,594.679,596.979,594.359,595.979,30427
2025-08-28,594.979,596.179,591.679,593.419,32112
2025-08-29,594.8,595,588.32,589.2,24144
2025-09-01,588.56,590.64,588.4,590.64,41856
2025-09-02,589.539,590.859,583.659,583.659,45868
2025-09-03,590.159,591.6,588.26,588.7,24751
2025-09-04,591.419,594.38,591.32,593.84,23383
2025-09-05,596.46,596.6,586.32,588.719,34642
2025-09-08,591.479,592.34,589.859,591.739,31478
2025-09-09,590.96,592.679,590.38,592.12,24394
2025-09-10,596.78,598.12,595.14,595.6,23520
2025-09-11,597.84,599.64,595.96,599.46,33702
2025-09-12,599.02,601.2,598.7,600.539,36055
2025-09-15,600.88,601.7,598.8,600.7,42176
2025-09-16,600.32,601.28,595.539,596.1,34681
2025-09-17,596.08,596.78,594.8,595.219,36635
2025-09-18,600.44,604.1,599,602.96,42976
2025-09-19,601.94,605.62,601.34,603.96,46051
2025-09-22,605.359,606.38,602.179,605.78,43604
2025-09-23,606.76,607.44,605.719,606.239,39252
2025-09-24,604.419,607.659,603.76,605.3,63717
2025-09-25,603.8,605.719,601.12,605.159,61450
2025-09-26,605.239,608.02,603.5,605.08,42704
2025-09-29,607.8,609.6,606.1,606.56,34403
2025-09-30,605.84,607.76,604.219,605.76,42801
2025-10-01,602.6,609.919,601.82,609.919,77014
2025-10-02,611.539,613.34,610.9,612.359,41037
2025-10-03,614.28,614.58,611.62,613.919,40435
2025-10-06,615.62,618.38,613.7,615.28,53819
2025-10-07,615.96,619.039,614.88,614.94,34306
2025-10-08,618.34,621.3,617.239,621.159,36549
2025-10-09,621.94,623.239,620.94,622.46,31108
2025-10-10,622.719,625.08,609.56,609.56,49699
2025-10-13,611.479,614.8,610.239,614.62,62371
2025-10-14,610.219,611.76,605.08,611.46,47853
2025-10-15,613.32,618.479,612.38,614.5,36108
2025-10-16,613.979,615.58,611.78,612.4,27843
2025-10-17,599.219,610.76,596.659,605.84,70257
2025-10-20,613.8,618.039,612.28,617.4,36907
2025-10-21,618.44,621.859,618.28,620.88,28894
2025-10-22,621,622.78,616.859,616.88,29071
2025-10-23,619.34,620.02,616.38,619.62,25384
2025-10-24,622.419,625.859,621.4,625.679,40859
2025-10-27,630.2,630.6,628.56,630.26,39077
2025-10-28,630.56,634.08,629.94,631.5,40693
2025-10-29,635.659,636.12,632.5,633.44,40103
2025-10-30,634.64,635.979,631.96,634.52,75490
2025-10-31,635.9,637.5,633.26,634.5,42619
2025-11-03,635.039,639.359,633.5,635.4,54937
2025-11-04,629.679,635.08,628.179,632.979,56566
2025-11-05,629.179,634.08,628.14,634.08,55762
2025-11-06,629.88,632.419,623.159,623.32,48694
2025-11-07,625.56,625.8,613.62,614.14,72745
2025-11-10,626.52,630.219,625.9,627.479,66632
2025-11-11,631.539,631.76,627.8,628.76,34475
2025-11-12,634.239,635.76,630.179,631.64,28902
2025-11-13,631.96,632.4,622.14,622.5,36366
2025-11-14,618.56,623.159,611.6,622.419,62600
2025-11-17,624.34,625.28,617.52,620.479,43733
2025-11-18,612.82,615.5,607.2,612.9,63560
2025-11-19,611.84,619.5,611.44,614.76,46358
2025-11-20,625.179,629.039,619.96,619.96,34573
2025-11-21,608,612.08,604.82,612.08,52224
2025-11-24,616.26,622.159,613.08,621.479,26684
2025-11-25,622.739,622.8,616.239,622.179,31979
2025-11-26,627.88,629.88,626.28,629.78,38186
2025-11-27,629.219,630.359,628.739,629.02,24198
2025-11-28,630.28,632.979,630.28,631.4,20940
2025-12-01,627.46,629.08,624.46,628.82,49839
2025-12-02,627.44,632,627.08,628.719,40592
2025-12-03,629.38,629.58,624.82,628.5,28281
2025-12-04,629.1,630.919,627.159,628.919,38256
2025-12-05,631.1,633.7,629.4,632.28,32057
2025-12-08,631.979,632.659,630.159,630.8,35962
2025-12-09,630.96,632.08,629,631.52,35653
2025-12-10,629.76,630.62,627.919,629.859,34330
2025-12-11,625.44,628.28,623.62,625.859,40226
2025-12-12,629.979,630.739,621.02,621.9,26757
2025-12-15,624.84,626.28,619.58,621.8,28790
2025-12-16,618.239,620.82,615.94,617.7,33898
2025-12-17,622.479,624.2,614.58,614.94,32452
2025-12-18,615.2,622.88,614.979,622.14,33025
2025-12-19,621.219,624.78,619,624.479,37047
2025-12-22,626.239,626.58,624.26,626.359,28949
2025-12-23,625.419,627.7,623.8,627.44,34857
2025-12-29,629.5,630.28,626.919,628.7,41479
2025-12-30,628.479,629.239,627.88,629.219,28996
2026-01-02,628.32,630.5,623.159,624.739,81580
2026-01-05,629.62,633.64,629.38,632.159,69363
2026-01-06,630.96,635.64,629.62,634.239,46654
2026-01-07,636.8,637.7,635.52,637.4,64844
2026-01-08,634.38,636.5,633.6,635.979,28757
2026-01-09,637.02,641.46,636.479,640.58,32346
2026-01-12,635.78,640,633.6,639.64,42282
2026-01-13,640.7,642.7,639.219,641.32,31775
2026-01-14,639.659,640.2,633.62,635.1,31458
2026-01-15,639.02,644.539,639.02,643.82,42114
2026-01-16,643.5,643.6,639.96,642.46,55274
2026-01-19,633.82,635.32,631.159,632.1,42032
2026-01-20,627.44,627.84,622.039,627.12,66283
2026-01-21,623.919,629.659,619.739,627.8,55142
2026-01-22,632.9,634.96,630.26,631.84,50978
2026-01-23,632.38,632.6,629.4,630.679,46825
2026-01-26,625.719,628.179,622.7,627.219,41802
2026-01-27,629.88,630.34,624.3,625.12,27027
2026-01-28,626.539,628.52,625.1,626.979,35813
2026-01-29,626.08,628.179,617.219,620.479,72970
2026-01-30,620.419,627.8,619.719,626.26,67712
2026-02-02,621.82,634,621.56,633.659,55735
2026-02-03,634.82,636.1,628.94,629.359,46977
2026-02-04,627.94,630,625.1,626.64,43972
2026-02-05,626,627.359,616.58,620.479,59853
2026-02-06,616.719,626.179,616.6,626.179,48142
2026-02-09,627.26,628.08,621.32,627.96,55873
2026-02-10,626.859,629.56,625.7,627.78,28438
2026-02-11,625.859,631.979,623.88,626.9,52401
2026-02-12,629.059,629.4,619.78,620.739,33502
2026-02-13,617.859,620.6,614.26,619.359,64160
2026-02-16,619.46,621.059,617.64,618.28,40844
2026-02-17,618.739,621.179,615.4,619.9,35781
2026-02-18,622.38,626.659,621.239,626.58,42339
2026-02-19,626.4,627.5,623.219,625.76,26860
2026-02-20,628.1,629,623.219,627.44,59370
2026-02-23,623.76,628.8,620.5,622.02,51348
2026-02-24,623.659,627.179,621,625.46,30066
2026-02-25,627.179,631.239,627.08,630.039,50630
2026-02-26,630.84,632.479,624.46,627.88,39653
2026-02-27,626.359,627.58,620.479,624.02,34676
2026-03-02,620.46,631.359,619.479,629.62,95888
2026-03-03,627.239,628.64,622.82,627.5,54096
2026-03-04,628.12,634.059,627.679,633.44,47182
2026-03-05,633.62,635.34,631,632.34,40844
2026-03-06,632.039,632.4,622.5,624.719,29975
2026-03-09,616.32,622.739,615.88,622.4,80650
2026-03-10,627.6,629.179,623.979,628.8,45659
2026-03-11,627.659,630.6,626.179,628.039,26584
2026-03-12,627.14,627.8,623.14,624.7,23882
2026-03-13,622.979,629.219,622.94,624.6,36606
2026-03-16,626.26,627.9,623.7,625.359,37771
2026-03-17,623.88,628.659,622.1,626.179,24544
2026-03-18,628.8,629.44,621.8,622.359,28355
2026-03-19,619.52,620.62,613.08,613.34,32992
2026-03-20,614,614.64,608.5,608.52,47418
2026-03-23,601.539,621.859,600.8,610.159,83111
2026-03-24,610.32,611.359,605.7,609.3,27566
2026-03-25,612.739,615.14,609.979,613.26,22458
2026-03-26,611.02,611.679,607.12,607.2,32346
2026-03-27,605.979,606.039,597.08,597.919,37809
2026-03-30,595.8,601.26,595.6,600.44,32628
2026-03-31,598.5,601.34,597.419,600.12,57041
2026-04-01,609.859,610.479,606.38,610.3,100827
2026-04-02,604.739,614,602.659,611.58,28166
2026-04-07,613.38,615.34,606.96,608.659,45933
2026-04-08,623.7,625.3,619.46,621.659,46528
2026-04-09,623.3,624.239,621.419,624.239,22482
2026-04-10,626.8,627.7,625,625.719,15470
2026-04-13,623.12,626.56,621.94,625.659,29888
2026-04-14,628.1,632.8,627.64,632.8,33521
2026-04-15,635.02,637.1,634.539,636.979,37751
2026-04-16,640.739,642.5,639.9,642.179,33213
2026-04-17,643.1,649.4,642.4,649.4,32901
2026-04-20,647.78,649.9,646.4,647.4,33146
2026-04-21,649.979,652.679,647.82,648.46,24830
2026-04-22,649.94,653.539,648.96,652.96,29157
2026-04-23,652.9,655.82,651.7,655.76,29190
2026-04-24,655.14,656.4,653.12,655.719,25717
2026-04-27,655.62,656.039,654.14,655.14,29718
2026-04-28,658.419,658.659,653.38,653.38,25813
2026-04-29,656.859,657.239,654.84,655.38,15424
2026-04-30,656.179,660,654.9,656.58,22634
2026-05-04,663.359,664.82,660.4,661.44,69435
2026-05-05,664.159,666.539,663.62,666,32709
2026-05-06,667.219,671.9,666.28,671.46,38095
2026-05-07,674.1,674.5,672,673.659,28824
2026-05-08,673.64,675.08,672.4,674.76,16232
2026-05-11,675.08,677.239,673.679,677.059,20157
2026-05-12,675.56,677.14,672.979,673.5,40594
2026-05-13,679.94,682.239,677.26,680.659,32624
2026-05-14,684.62,691.6,684.4,691.2,22500
2026-05-15,689.179,689.38,684.479,687.7,39362
2026-05-18,681.82,685.919,680.56,682,31412
2026-05-19,683.179,684.9,679.88,680.94,29324
